/* Auto-generated — do not edit. Regenerate with ./build.sh --regen */
#pragma once
#include <stddef.h>

static const int sc_builds_version = 2;

static const unsigned char sc_builds_json[] = {0x5b, 0x5d}; /* [] */
static const size_t sc_builds_json_len = 2;
static const unsigned char sc_builds_accessibility_json[] = {
  0x5b, 0x0a, 0x20, 0x20, 0x7b, 0x0a, 0x20, 0x20, 0x20, 0x20, 0x22, 0x69,
  0x64, 0x22, 0x3a, 0x20, 0x22, 0x65, 0x6c, 0x65, 0x6d, 0x65, 0x6e, 0x74,
  0x61, 0x6c, 0x69, 0x73, 0x74, 0x2d, 0x63, 0x6f, 0x6e, 0x64, 0x69, 0x74,
  0x69, 0x6f, 0x6e, 0x2d, 0x74, 0x65, 0x6d, 0x70, 0x65, 0x73, 0x74, 0x22,
  0x2c, 0x0a, 0x20, 0x20, 0x20, 0x20, 0x22, 0x6e, 0x61, 0x6d, 0x65, 0x22,
  0x3a, 0x20, 0x22, 0x43, 0x6f, 0x6e, 0x64, 0x69, 0x74, 0x69, 0x6f, 0x6e,
  0x20, 0x54, 0x65, 0x6d, 0x70, 0x65, 0x73, 0x74, 0x22, 0x2c, 0x0a, 0x20,
  0x20, 0x20, 0x20, 0x22, 0x70, 0x72, 0x6f, 0x66, 0x65, 0x73, 0x73, 0x69,
  0x6f, 0x6e, 0x22, 0x3a, 0x20, 0x22, 0x45, 0x6c, 0x65, 0x6d, 0x65, 0x6e,
  0x74, 0x61, 0x6c, 0x69, 0x73, 0x74, 0x22, 0x2c, 0x0a, 0x20, 0x20, 0x20,
  0x20, 0x22, 0x65, 0x6c, 0x69, 0x74, 0x65, 0x5f, 0x73, 0x70, 0x65, 0x63,
  0x22, 0x3a, 0x20, 0x22, 0x54, 0x65, 0x6d, 0x70, 0x65, 0x73, 0x74, 0x22,
  0x2c, 0x0a, 0x20, 0x20, 0x20, 0x20, 0x22, 0x62, 0x75, 0x69, 0x6c, 0x64,
  0x5f, 0x74, 0x79, 0x70, 0x65, 0x22, 0x3a, 0x20, 0x22, 0x43, 0x6f, 0x6e,
  0x64, 0x69, 0x22, 0x2c, 0x0a, 0x20, 0x20, 0x20, 0x20, 0x22, 0x70, 0x61,
  0x74, 0x63, 0x68, 0x5f, 0x76, 0x65, 0x72, 0x73, 0x69, 0x6f, 0x6e, 0x22,
  0x3a, 0x20, 0x22, 0x22, 0x2c, 0x0a, 0x20, 0x20, 0x20, 0x20, 0x22, 0x62,
  0x65, 0x6e, 0x63, 0x68, 0x6d, 0x61, 0x72, 0x6b, 0x5f, 0x64, 0x70, 0x73,
  0x22, 0x3a, 0x20, 0x30, 0x2e, 0x30, 0x2c, 0x0a, 0x20, 0x20, 0x20, 0x20,
  0x22, 0x6e, 0x6f, 0x74, 0x65, 0x73, 0x22, 0x3a, 0x20, 0x22, 0x47, 0x75,
  0x69, 0x6c, 0x64, 0x20, 0x57, 0x61, 0x72, 0x73, 0x20, 0x32, 0x20, 0x43,
  0x6f, 0x6e, 0x64, 0x69, 0x74, 0x69, 0x6f, 0x6e, 0x20, 0x54, 0x65, 0x6d,
  0x70, 0x65, 0x73, 0x74, 0x20, 0x2d, 0x20, 0x53, 0x63, 0x65, 0x70, 0x74,
  0x65, 0x72, 0x20, 0x26, 0x20, 0x57, 0x61, 0x72, 0x68, 0x6f, 0x72, 0x6e,
  0x20, 0x4d, 0x65, 0x74, 0x61, 0x20, 0x62, 0x75, 0x69, 0x6c, 0x64, 0x20,
  0x66, 0x6f, 0x72, 0x20, 0x61, 0x63, 0x63, 0x65, 0x73, 0x73, 0x69, 0x62,
  0x75, 0x69, 0x6c, 0x64, 0x73, 0x3a, 0x20, 0x63, 0x6f, 0x6d, 0x70, 0x6c,
  0x65, 0x74, 0x65, 0x20, 0x67, 0x75, 0x69, 0x64, 0x65, 0x20, 0x77, 0x69,
  0x74, 0x68, 0x20, 0x67, 0x65, 0x61, 0x72, 0x2c, 0x20, 0x72, 0x75, 0x6e,
  0x65, 0x73, 0x2c, 0x20, 0x72, 0x65, 0x6c, 0x69, 0x63, 0x73, 0x2c, 0x20,
  0x74, 0x72, 0x61, 0x69, 0x74, 0x73, 0x2c, 0x20, 0x61, 0x6e, 0x64, 0x20,
  0x72, 0x6f, 0x74, 0x61, 0x74, 0x69, 0x6f, 0x6e, 0x20, 0x74, 0x69, 0x70,
  0x73, 0x2e, 0x22, 0x2c, 0x0a, 0x20, 0x20, 0x20, 0x20, 0x22, 0x73, 0x6f,
  0x75, 0x72, 0x63, 0x65, 0x5f, 0x75, 0x72, 0x6c, 0x22, 0x3a, 0x20, 0x22,
  0x68, 0x74, 0x74, 0x70, 0x73, 0x3a, 0x2f, 0x2f, 0x73, 0x6e, 0x6f, 0x77,
  0x63, 0x72, 0x6f, 0x77, 0x73, 0x2e, 0x63, 0x6f, 0x6d, 0x2f, 0x62, 0x75,
  0x69, 0x6c, 0x64, 0x73, 0x2f, 0x61, 0x63, 0x63, 0x65, 0x73, 0x73, 0x69,
  0x62, 0x75, 0x69, 0x6c, 0x64, 0x73, 0x2f, 0x65, 0x6c, 0x65, 0x6d, 0x65,
  0x6e, 0x74, 0x61, 0x6c, 0x69, 0x73, 0x74, 0x2f, 0x63, 0x6f, 0x6e, 0x64,
  0x69, 0x74, 0x69, 0x6f, 0x6e, 0x2d, 0x74, 0x65, 0x6d, 0x70, 0x65, 0x73,
  0x74, 0x22, 0x2c, 0x0a, 0x20, 0x20, 0x20, 0x20, 0x22, 0x63, 0x68, 0x61,
  0x74, 0x5f, 0x63, 0x6f, 0x64, 0x65, 0x22, 0x3a, 0x20, 0x22, 0x5b, 0x26,
  0x44, 0x51, 0x59, 0x66, 0x46, 0x52, 0x6f, 0x6d, 0x4d, 0x42, 0x66, 0x48,
  0x45, 0x67, 0x41, 0x41, 0x63, 0x67, 0x41, 0x41, 0x41, 0x4c, 0x34, 0x42,
  0x41, 0x41, 0x44, 0x4c, 0x41, 0x41, 0x41, 0x41, 0x4a, 0x67, 0x41, 0x41,
  0x41, 0x41, 0x41, 0x41, 0x41, 0x41, 0x41, 0x41, 0x41, 0x41, 0x41, 0x41,
  0x41, 0x41, 0x41, 0x41, 0x41, 0x41, 0x41, 0x41, 0x41, 0x41, 0x41, 0x3d,
  0x5d, 0x22, 0x2c, 0x0a, 0x20, 0x20, 0x20, 0x20, 0x22, 0x69, 0x73, 0x5f,
  0x6c, 0x65, 0x67, 0x61, 0x63, 0x79, 0x22, 0x3a, 0x20, 0x66, 0x61, 0x6c,
  0x73, 0x65, 0x2c, 0x0a, 0x20, 0x20, 0x20, 0x20, 0x22, 0x61, 0x63, 0x63,
  0x65, 0x73, 0x73, 0x69, 0x62, 0x69, 0x6c, 0x69, 0x74, 0x79, 0x22, 0x3a,
  0x20, 0x74, 0x72, 0x75, 0x65, 0x2c, 0x0a, 0x20, 0x20, 0x20, 0x20, 0x22,
  0x74, 0x72, 0x61, 0x69, 0x74, 0x73, 0x22, 0x3a, 0x20, 0x7b, 0x0a, 0x20,
  0x20, 0x20, 0x20, 0x20, 0x20, 0x22, 0x6c, 0x69, 0x6e, 0x65, 0x31, 0x22,
  0x3a, 0x20, 0x7b, 0x0a, 0x20, 0x20, 0x20, 0x20, 0x20, 0x20, 0x20, 0x20,
  0x22, 0x73, 0x70, 0x65, 0x63, 0x5f, 0x69, 0x64, 0x22, 0x3a, 0x20, 0x33,
  0x31, 0x2c, 0x0a, 0x20, 0x20, 0x20, 0x20, 0x20, 0x20, 0x20, 0x20, 0x22,
  0x74, 0x72, 0x61, 0x69, 0x74, 0x73, 0x22, 0x3a, 0x20, 0x5b, 0x0a, 0x20,
  0x20, 0x20, 0x20, 0x20, 0x20, 0x20, 0x20, 0x20, 0x20, 0x32, 0x39, 0x36,
  0x2c, 0x0a, 0x20, 0x20, 0x20, 0x20, 0x20, 0x20, 0x20, 0x20, 0x20, 0x20,
  0x33, 0x32, 0x35, 0x2c, 0x0a, 0x20, 0x20, 0x20, 0x20, 0x20, 0x20, 0x20,
  0x20, 0x20, 0x20, 0x31, 0x35, 0x31, 0x30, 0x0a, 0x20, 0x20, 0x20, 0x20,
  0x20, 0x20, 0x20, 0x20, 0x5d, 0x0a, 0x20, 0x20, 0x20, 0x20, 0x20, 0x20,
  0x7d, 0x2c, 0x0a, 0x20, 0x20, 0x20, 0x20, 0x20, 0x20, 0x22, 0x6c, 0x69,
  0x6e, 0x65, 0x32, 0x22, 0x3a, 0x20, 0x7b, 0x0a, 0x20, 0x20, 0x20, 0x20,
  0x20, 0x20, 0x20, 0x20, 0x22, 0x73, 0x70, 0x65, 0x63, 0x5f, 0x69, 0x64,
  0x22, 0x3a, 0x20, 0x32, 0x36, 0x2c, 0x0a, 0x20, 0x20, 0x20, 0x20, 0x20,
  0x20, 0x20, 0x20, 0x22, 0x74, 0x72, 0x61, 0x69, 0x74, 0x73, 0x22, 0x3a,
  0x20, 0x5b, 0x0a, 0x20, 0x20, 0x20, 0x20, 0x20, 0x20, 0x20, 0x20, 0x20,
  0x20, 0x31, 0x35, 0x30, 0x37, 0x2c, 0x0a, 0x20, 0x20, 0x20, 0x20, 0x20,
  0x20, 0x20, 0x20, 0x20, 0x20, 0x32, 0x37, 0x35, 0x2c, 0x0a, 0x20, 0x20,
  0x20, 0x20, 0x20, 0x20, 0x20, 0x20, 0x20, 0x20, 0x32, 0x38, 0x37, 0x0a,
  0x20, 0x20, 0x20, 0x20, 0x20, 0x20, 0x20, 0x20, 0x5d, 0x0a, 0x20, 0x20,
  0x20, 0x20, 0x20, 0x20, 0x7d, 0x2c, 0x0a, 0x20, 0x20, 0x20, 0x20, 0x20,
  0x20, 0x22, 0x6c, 0x69, 0x6e, 0x65, 0x33, 0x22, 0x3a, 0x20, 0x7b, 0x0a,
  0x20, 0x20, 0x20, 0x20, 0x20, 0x20, 0x20, 0x20, 0x22, 0x73, 0x70, 0x65,
  0x63, 0x5f, 0x69, 0x64, 0x22, 0x3a, 0x20, 0x34, 0x38, 0x2c, 0x0a, 0x20,
  0x20, 0x20, 0x20, 0x20, 0x20, 0x20, 0x20, 0x22, 0x74, 0x72, 0x61, 0x69,
  0x74, 0x73, 0x22, 0x3a, 0x20, 0x5b, 0x0a, 0x20, 0x20, 0x20, 0x20, 0x20,
  0x20, 0x20, 0x20, 0x20, 0x20, 0x31, 0x38, 0x38, 0x36, 0x2c, 0x0a, 0x20,
  0x20, 0x20, 0x20, 0x20, 0x20, 0x20, 0x20, 0x20, 0x20, 0x31, 0x38, 0x39,
  0x31, 0x2c, 0x0a, 0x20, 0x20, 0x20, 0x20, 0x20, 0x20, 0x20, 0x20, 0x20,
  0x20, 0x31, 0x38, 0x33, 0x39, 0x0a, 0x20, 0x20, 0x20, 0x20, 0x20, 0x20,
  0x20, 0x20, 0x5d, 0x0a, 0x20, 0x20, 0x20, 0x20, 0x20, 0x20, 0x7d, 0x0a,
  0x20, 0x20, 0x20, 0x20, 0x7d, 0x2c, 0x0a, 0x20, 0x20, 0x20, 0x20, 0x22,
  0x73, 0x6b, 0x69, 0x6c, 0x6c, 0x73, 0x22, 0x3a, 0x20, 0x7b, 0x0a, 0x20,
  0x20, 0x20, 0x20, 0x20, 0x20, 0x22, 0x68, 0x65, 0x61, 0x6c, 0x22, 0x3a,
  0x20, 0x32, 0x39, 0x35, 0x33, 0x35, 0x2c, 0x0a, 0x20, 0x20, 0x20, 0x20,
  0x20, 0x20, 0x22, 0x75, 0x74, 0x69, 0x6c, 0x69, 0x74, 0x69, 0x65, 0x73,
  0x22, 0x3a, 0x20, 0x5b, 0x0a, 0x20, 0x20, 0x20, 0x20, 0x20, 0x20, 0x20,
  0x20, 0x35, 0x35, 0x30, 0x32, 0x2c, 0x0a, 0x20, 0x20, 0x20, 0x20, 0x20,
  0x20, 0x20, 0x20, 0x35, 0x37, 0x33, 0x34, 0x2c, 0x0a, 0x20, 0x20, 0x20,
  0x20, 0x20, 0x20, 0x20, 0x20, 0x35, 0x35, 0x34, 0x32, 0x0a, 0x20, 0x20,
  0x20, 0x20, 0x20, 0x20, 0x5d, 0x2c, 0x0a, 0x20, 0x20, 0x20, 0x20, 0x20,
  0x20, 0x22, 0x65, 0x6c, 0x69, 0x74, 0x65, 0x22, 0x3a, 0x20, 0x35, 0x36,
  0x36, 0x36, 0x0a, 0x20, 0x20, 0x20, 0x20, 0x7d, 0x2c, 0x0a, 0x20, 0x20,
  0x20, 0x20, 0x22, 0x6c, 0x65, 0x67, 0x65, 0x6e, 0x64, 0x73, 0x22, 0x3a,
  0x20, 0x5b, 0x0a, 0x20, 0x20, 0x20, 0x20, 0x20, 0x20, 0x30, 0x2c, 0x0a,
  0x20, 0x20, 0x20, 0x20, 0x20, 0x20, 0x30, 0x0a, 0x20, 0x20, 0x20, 0x20,
  0x5d, 0x2c, 0x0a, 0x20, 0x20, 0x20, 0x20, 0x22, 0x70, 0x65, 0x74, 0x73,
  0x22, 0x3a, 0x20, 0x5b, 0x0a, 0x20, 0x20, 0x20, 0x20, 0x20, 0x20, 0x30,
  0x2c, 0x0a, 0x20, 0x20, 0x20, 0x20, 0x20, 0x20, 0x30, 0x0a, 0x20, 0x20,
  0x20, 0x20, 0x5d, 0x2c, 0x0a, 0x20, 0x20, 0x20, 0x20, 0x22, 0x67, 0x65,
  0x61, 0x72, 0x22, 0x3a, 0x20, 0x7b, 0x0a, 0x20, 0x20, 0x20, 0x20, 0x20,
  0x20, 0x22, 0x72, 0x65, 0x6c, 0x69, 0x63, 0x5f, 0x69, 0x64, 0x22, 0x3a,
  0x20, 0x31, 0x30, 0x30, 0x31, 0x35, 0x33, 0x2c, 0x0a, 0x20, 0x20, 0x20,
  0x20, 0x20, 0x20, 0x22, 0x66, 0x6f, 0x6f, 0x64, 0x5f, 0x69, 0x64, 0x22,
  0x3a, 0x20, 0x39, 0x31, 0x38, 0x37, 0x36, 0x2c, 0x0a, 0x20, 0x20, 0x20,
  0x20, 0x20, 0x20, 0x22, 0x75, 0x74, 0x69, 0x6c, 0x69, 0x74, 0x79, 0x5f,
  0x69, 0x64, 0x22, 0x3a, 0x20, 0x39, 0x34, 0x37, 0x36, 0x2c, 0x0a, 0x20,
  0x20, 0x20, 0x20, 0x20, 0x20, 0x22, 0x69, 0x74, 0x65, 0x6d, 0x73, 0x22,
  0x3a, 0x20, 0x5b, 0x0a, 0x20, 0x20, 0x20, 0x20, 0x20, 0x20, 0x20, 0x20,
  0x7b, 0x0a, 0x20, 0x20, 0x20, 0x20, 0x20, 0x20, 0x20, 0x20, 0x20, 0x20,
  0x22, 0x73, 0x6c, 0x6f, 0x74, 0x22, 0x3a, 0x20, 0x22, 0x48, 0x65, 0x6c,
  0x6d, 0x22, 0x2c, 0x0a, 0x20, 0x20, 0x20, 0x20, 0x20, 0x20, 0x20, 0x20,
  0x20, 0x20, 0x22, 0x69, 0x74, 0x65, 0x6d, 0x5f, 0x69, 0x64, 0x22, 0x3a,
  0x20, 0x37, 0x35, 0x37, 0x37, 0x30, 0x2c, 0x0a, 0x20, 0x20, 0x20, 0x20,
  0x20, 0x20, 0x20, 0x20, 0x20, 0x20, 0x22, 0x73, 0x74, 0x61, 0x74, 0x5f,
  0x69, 0x64, 0x22, 0x3a, 0x20, 0x31, 0x32, 0x36, 0x38, 0x2c, 0x0a, 0x20,
  0x20, 0x20, 0x20, 0x20, 0x20, 0x20, 0x20, 0x20, 0x20, 0x22, 0x75, 0x70,
  0x67, 0x72, 0x61, 0x64, 0x65, 0x5f, 0x69, 0x64, 0x22, 0x3a, 0x20, 0x36,
  0x37, 0x33, 0x33, 0x39, 0x2c, 0x0a, 0x20, 0x20, 0x20, 0x20, 0x20, 0x20,
  0x20, 0x20, 0x20, 0x20, 0x22, 0x69, 0x6e, 0x66, 0x75, 0x73, 0x69, 0x6f,
  0x6e, 0x73, 0x22, 0x3a, 0x20, 0x5b, 0x5d, 0x0a, 0x20, 0x20, 0x20, 0x20,
  0x20, 0x20, 0x20, 0x20, 0x7d, 0x2c, 0x0a, 0x20, 0x20, 0x20, 0x20, 0x20,
  0x20, 0x20, 0x20, 0x7b, 0x0a, 0x20, 0x20, 0x20, 0x20, 0x20, 0x20, 0x20,
  0x20, 0x20, 0x20, 0x22, 0x73, 0x6c, 0x6f, 0x74, 0x22, 0x3a, 0x20, 0x22,
  0x53, 0x68, 0x6f, 0x75, 0x6c, 0x64, 0x65, 0x72, 0x73, 0x22, 0x2c, 0x0a,
  0x20, 0x20, 0x20, 0x20, 0x20, 0x20, 0x20, 0x20, 0x20, 0x20, 0x22, 0x69,
  0x74, 0x65, 0x6d, 0x5f, 0x69, 0x64, 0x22, 0x3a, 0x20, 0x37, 0x33, 0x32,
  0x32, 0x35, 0x2c, 0x0a, 0x20, 0x20, 0x20, 0x20, 0x20, 0x20, 0x20, 0x20,
  0x20, 0x20, 0x22, 0x73, 0x74, 0x61, 0x74, 0x5f, 0x69, 0x64, 0x22, 0x3a,
  0x20, 0x31, 0x32, 0x36, 0x38, 0x2c, 0x0a, 0x20, 0x20, 0x20, 0x20, 0x20,
  0x20, 0x20, 0x20, 0x20, 0x20, 0x22, 0x75, 0x70, 0x67, 0x72, 0x61, 0x64,
  0x65, 0x5f, 0x69, 0x64, 0x22, 0x3a, 0x20, 0x36, 0x37, 0x33, 0x33, 0x39,
  0x2c, 0x0a, 0x20, 0x20, 0x20, 0x20, 0x20, 0x20, 0x20, 0x20, 0x20, 0x20,
  0x22, 0x69, 0x6e, 0x66, 0x75, 0x73, 0x69, 0x6f, 0x6e, 0x73, 0x22, 0x3a,
  0x20, 0x5b, 0x5d, 0x0a, 0x20, 0x20, 0x20, 0x20, 0x20, 0x20, 0x20, 0x20,
  0x7d, 0x2c, 0x0a, 0x20, 0x20, 0x20, 0x20, 0x20, 0x20, 0x20, 0x20, 0x7b,
  0x0a, 0x20, 0x20, 0x20, 0x20, 0x20, 0x20, 0x20, 0x20, 0x20, 0x20, 0x22,
  0x73, 0x6c, 0x6f, 0x74, 0x22, 0x3a, 0x20, 0x22, 0x43, 0x68, 0x65, 0x73,
  0x74, 0x22, 0x2c, 0x0a, 0x20, 0x20, 0x20, 0x20, 0x20, 0x20, 0x20, 0x20,
  0x20, 0x20, 0x22, 0x69, 0x74, 0x65, 0x6d, 0x5f, 0x69, 0x64, 0x22, 0x3a,
  0x20, 0x37, 0x31, 0x34, 0x33, 0x36, 0x2c, 0x0a, 0x20, 0x20, 0x20, 0x20,
  0x20, 0x20, 0x20, 0x20, 0x20, 0x20, 0x22, 0x73, 0x74, 0x61, 0x74, 0x5f,
  0x69, 0x64, 0x22, 0x3a, 0x20, 0x31, 0x32, 0x36, 0x38, 0x2c, 0x0a, 0x20,
  0x20, 0x20, 0x20, 0x20, 0x20, 0x20, 0x20, 0x20, 0x20, 0x22, 0x75, 0x70,
  0x67, 0x72, 0x61, 0x64, 0x65, 0x5f, 0x69, 0x64, 0x22, 0x3a, 0x20, 0x36,
  0x37, 0x33, 0x33, 0x39, 0x2c, 0x0a, 0x20, 0x20, 0x20, 0x20, 0x20, 0x20,
  0x20, 0x20, 0x20, 0x20, 0x22, 0x69, 0x6e, 0x66, 0x75, 0x73, 0x69, 0x6f,
  0x6e, 0x73, 0x22, 0x3a, 0x20, 0x5b, 0x5d, 0x0a, 0x20, 0x20, 0x20, 0x20,
  0x20, 0x20, 0x20, 0x20, 0x7d, 0x2c, 0x0a, 0x20, 0x20, 0x20, 0x20, 0x20,
  0x20, 0x20, 0x20, 0x7b, 0x0a, 0x20, 0x20, 0x20, 0x20, 0x20, 0x20, 0x20,
  0x20, 0x20, 0x20, 0x22, 0x73, 0x6c, 0x6f, 0x74, 0x22, 0x3a, 0x20, 0x22,
  0x47, 0x6c, 0x6f, 0x76, 0x65, 0x73, 0x22, 0x2c, 0x0a, 0x20, 0x20, 0x20,
  0x20, 0x20, 0x20, 0x20, 0x20, 0x20, 0x20, 0x22, 0x69, 0x74, 0x65, 0x6d,
  0x5f, 0x69, 0x64, 0x22, 0x3a, 0x20, 0x37, 0x33, 0x38, 0x35, 0x32, 0x2c,
  0x0a, 0x20, 0x20, 0x20, 0x20, 0x20, 0x20, 0x20, 0x20, 0x20, 0x20, 0x22,
  0x73, 0x74, 0x61, 0x74, 0x5f, 0x69, 0x64, 0x22, 0x3a, 0x20, 0x31, 0x32,
  0x36, 0x38, 0x2c, 0x0a, 0x20, 0x20, 0x20, 0x20, 0x20, 0x20, 0x20, 0x20,
  0x20, 0x20, 0x22, 0x75, 0x70, 0x67, 0x72, 0x61, 0x64, 0x65, 0x5f, 0x69,
  0x64, 0x22, 0x3a, 0x20, 0x36, 0x37, 0x33, 0x33, 0x39, 0x2c, 0x0a, 0x20,
  0x20, 0x20, 0x20, 0x20, 0x20, 0x20, 0x20, 0x20, 0x20, 0x22, 0x69, 0x6e,
  0x66, 0x75, 0x73, 0x69, 0x6f, 0x6e, 0x73, 0x22, 0x3a, 0x20, 0x5b, 0x5d,
  0x0a, 0x20, 0x20, 0x20, 0x20, 0x20, 0x20, 0x20, 0x20, 0x7d, 0x2c, 0x0a,
  0x20, 0x20, 0x20, 0x20, 0x20, 0x20, 0x20, 0x20, 0x7b, 0x0a, 0x20, 0x20,
  0x20, 0x20, 0x20, 0x20, 0x20, 0x20, 0x20, 0x20, 0x22, 0x73, 0x6c, 0x6f,
  0x74, 0x22, 0x3a, 0x20, 0x22, 0x4c, 0x65, 0x67, 0x67, 0x69, 0x6e, 0x67,
  0x73, 0x22, 0x2c, 0x0a, 0x20, 0x20, 0x20, 0x20, 0x20, 0x20, 0x20, 0x20,
  0x20, 0x20, 0x22, 0x69, 0x74, 0x65, 0x6d, 0x5f, 0x69, 0x64, 0x22, 0x3a,
  0x20, 0x37, 0x35, 0x33, 0x37, 0x38, 0x2c, 0x0a, 0x20, 0x20, 0x20, 0x20,
  0x20, 0x20, 0x20, 0x20, 0x20, 0x20, 0x22, 0x73, 0x74, 0x61, 0x74, 0x5f,
  0x69, 0x64, 0x22, 0x3a, 0x20, 0x31, 0x32, 0x36, 0x38, 0x2c, 0x0a, 0x20,
  0x20, 0x20, 0x20, 0x20, 0x20, 0x20, 0x20, 0x20, 0x20, 0x22, 0x75, 0x70,
  0x67, 0x72, 0x61, 0x64, 0x65, 0x5f, 0x69, 0x64, 0x22, 0x3a, 0x20, 0x36,
  0x37, 0x33, 0x33, 0x39, 0x2c, 0x0a, 0x20, 0x20, 0x20, 0x20, 0x20, 0x20,
  0x20, 0x20, 0x20, 0x20, 0x22, 0x69, 0x6e, 0x66, 0x75, 0x73, 0x69, 0x6f,
  0x6e, 0x73, 0x22, 0x3a, 0x20, 0x5b, 0x5d, 0x0a, 0x20, 0x20, 0x20, 0x20,
  0x20, 0x20, 0x20, 0x20, 0x7d, 0x2c, 0x0a, 0x20, 0x20, 0x20, 0x20, 0x20,
  0x20, 0x20, 0x20, 0x7b, 0x0a, 0x20, 0x20, 0x20, 0x20, 0x20, 0x20, 0x20,
  0x20, 0x20, 0x20, 0x22, 0x73, 0x6c, 0x6f, 0x74, 0x22, 0x3a, 0x20, 0x22,
  0x42, 0x6f, 0x6f, 0x74, 0x73, 0x22, 0x2c, 0x0a, 0x20, 0x20, 0x20, 0x20,
  0x20, 0x20, 0x20, 0x20, 0x20, 0x20, 0x22, 0x69, 0x74, 0x65, 0x6d, 0x5f,
  0x69, 0x64, 0x22, 0x3a, 0x20, 0x37, 0x34, 0x32, 0x36, 0x34, 0x2c, 0x0a,
  0x20, 0x20, 0x20, 0x20, 0x20, 0x20, 0x20, 0x20, 0x20, 0x20, 0x22, 0x73,
  0x74, 0x61, 0x74, 0x5f, 0x69, 0x64, 0x22, 0x3a, 0x20, 0x31, 0x32, 0x36,
  0x38, 0x2c, 0x0a, 0x20, 0x20, 0x20, 0x20, 0x20, 0x20, 0x20, 0x20, 0x20,
  0x20, 0x22, 0x75, 0x70, 0x67, 0x72, 0x61, 0x64, 0x65, 0x5f, 0x69, 0x64,
  0x22, 0x3a, 0x20, 0x36, 0x37, 0x33, 0x33, 0x39, 0x2c, 0x0a, 0x20, 0x20,
  0x20, 0x20, 0x20, 0x20, 0x20, 0x20, 0x20, 0x20, 0x22, 0x69, 0x6e, 0x66,
  0x75, 0x73, 0x69, 0x6f, 0x6e, 0x73, 0x22, 0x3a, 0x20, 0x5b, 0x5d, 0x0a,
  0x20, 0x20, 0x20, 0x20, 0x20, 0x20, 0x20, 0x20, 0x7d, 0x2c, 0x0a, 0x20,
  0x20, 0x20, 0x20, 0x20, 0x20, 0x20, 0x20, 0x7b, 0x0a, 0x20, 0x20, 0x20,
  0x20, 0x20, 0x20, 0x20, 0x20, 0x20, 0x20, 0x22, 0x73, 0x6c, 0x6f, 0x74,
  0x22, 0x3a, 0x20, 0x22, 0x42, 0x61, 0x63, 0x6b, 0x49, 0x74, 0x65, 0x6d,
  0x22, 0x2c, 0x0a, 0x20, 0x20, 0x20, 0x20, 0x20, 0x20, 0x20, 0x20, 0x20,
  0x20, 0x22, 0x69, 0x74, 0x65, 0x6d, 0x5f, 0x69, 0x64, 0x22, 0x3a, 0x20,
  0x37, 0x39, 0x38, 0x33, 0x37, 0x2c, 0x0a, 0x20, 0x20, 0x20, 0x20, 0x20,
  0x20, 0x20, 0x20, 0x20, 0x20, 0x22, 0x73, 0x74, 0x61, 0x74, 0x5f, 0x69,
  0x64, 0x22, 0x3a, 0x20, 0x31, 0x32, 0x36, 0x38, 0x2c, 0x0a, 0x20, 0x20,
  0x20, 0x20, 0x20, 0x20, 0x20, 0x20, 0x20, 0x20, 0x22, 0x75, 0x70, 0x67,
  0x72, 0x61, 0x64, 0x65, 0x5f, 0x69, 0x64, 0x22, 0x3a, 0x20, 0x30, 0x2c,
  0x0a, 0x20, 0x20, 0x20, 0x20, 0x20, 0x20, 0x20, 0x20, 0x20, 0x20, 0x22,
  0x69, 0x6e, 0x66, 0x75, 0x73, 0x69, 0x6f, 0x6e, 0x73, 0x22, 0x3a, 0x20,
  0x5b, 0x5d, 0x0a, 0x20, 0x20, 0x20, 0x20, 0x20, 0x20, 0x20, 0x20, 0x7d,
  0x2c, 0x0a, 0x20, 0x20, 0x20, 0x20, 0x20, 0x20, 0x20, 0x20, 0x7b, 0x0a,
  0x20, 0x20, 0x20, 0x20, 0x20, 0x20, 0x20, 0x20, 0x20, 0x20, 0x22, 0x73,
  0x6c, 0x6f, 0x74, 0x22, 0x3a, 0x20, 0x22, 0x41, 0x63, 0x63, 0x65, 0x73,
  0x73, 0x6f, 0x72, 0x79, 0x31, 0x22, 0x2c, 0x0a, 0x20, 0x20, 0x20, 0x20,
  0x20, 0x20, 0x20, 0x20, 0x20, 0x20, 0x22, 0x69, 0x74, 0x65, 0x6d, 0x5f,
  0x69, 0x64, 0x22, 0x3a, 0x20, 0x37, 0x39, 0x37, 0x34, 0x35, 0x2c, 0x0a,
  0x20, 0x20, 0x20, 0x20, 0x20, 0x20, 0x20, 0x20, 0x20, 0x20, 0x22, 0x73,
  0x74, 0x61, 0x74, 0x5f, 0x69, 0x64, 0x22, 0x3a, 0x20, 0x31, 0x32, 0x36,
  0x38, 0x2c, 0x0a, 0x20, 0x20, 0x20, 0x20, 0x20, 0x20, 0x20, 0x20, 0x20,
  0x20, 0x22, 0x75, 0x70, 0x67, 0x72, 0x61, 0x64, 0x65, 0x5f, 0x69, 0x64,
  0x22, 0x3a, 0x20, 0x30, 0x2c, 0x0a, 0x20, 0x20, 0x20, 0x20, 0x20, 0x20,
  0x20, 0x20, 0x20, 0x20, 0x22, 0x69, 0x6e, 0x66, 0x75, 0x73, 0x69, 0x6f,
  0x6e, 0x73, 0x22, 0x3a, 0x20, 0x5b, 0x5d, 0x0a, 0x20, 0x20, 0x20, 0x20,
  0x20, 0x20, 0x20, 0x20, 0x7d, 0x2c, 0x0a, 0x20, 0x20, 0x20, 0x20, 0x20,
  0x20, 0x20, 0x20, 0x7b, 0x0a, 0x20, 0x20, 0x20, 0x20, 0x20, 0x20, 0x20,
  0x20, 0x20, 0x20, 0x22, 0x73, 0x6c, 0x6f, 0x74, 0x22, 0x3a, 0x20, 0x22,
  0x41, 0x63, 0x63, 0x65, 0x73, 0x73, 0x6f, 0x72, 0x79, 0x32, 0x22, 0x2c,
  0x0a, 0x20, 0x20, 0x20, 0x20, 0x20, 0x20, 0x20, 0x20, 0x20, 0x20, 0x22,
  0x69, 0x74, 0x65, 0x6d, 0x5f, 0x69, 0x64, 0x22, 0x3a, 0x20, 0x37, 0x39,
  0x34, 0x34, 0x34, 0x2c, 0x0a, 0x20, 0x20, 0x20, 0x20, 0x20, 0x20, 0x20,
  0x20, 0x20, 0x20, 0x22, 0x73, 0x74, 0x61, 0x74, 0x5f, 0x69, 0x64, 0x22,
  0x3a, 0x20, 0x31, 0x32, 0x36, 0x38, 0x2c, 0x0a, 0x20, 0x20, 0x20, 0x20,
  0x20, 0x20, 0x20, 0x20, 0x20, 0x20, 0x22, 0x75, 0x70, 0x67, 0x72, 0x61,
  0x64, 0x65, 0x5f, 0x69, 0x64, 0x22, 0x3a, 0x20, 0x30, 0x2c, 0x0a, 0x20,
  0x20, 0x20, 0x20, 0x20, 0x20, 0x20, 0x20, 0x20, 0x20, 0x22, 0x69, 0x6e,
  0x66, 0x75, 0x73, 0x69, 0x6f, 0x6e, 0x73, 0x22, 0x3a, 0x20, 0x5b, 0x5d,
  0x0a, 0x20, 0x20, 0x20, 0x20, 0x20, 0x20, 0x20, 0x20, 0x7d, 0x2c, 0x0a,
  0x20, 0x20, 0x20, 0x20, 0x20, 0x20, 0x20, 0x20, 0x7b, 0x0a, 0x20, 0x20,
  0x20, 0x20, 0x20, 0x20, 0x20, 0x20, 0x20, 0x20, 0x22, 0x73, 0x6c, 0x6f,
  0x74, 0x22, 0x3a, 0x20, 0x22, 0x41, 0x6d, 0x75, 0x6c, 0x65, 0x74, 0x22,
  0x2c, 0x0a, 0x20, 0x20, 0x20, 0x20, 0x20, 0x20, 0x20, 0x20, 0x20, 0x20,
  0x22, 0x69, 0x74, 0x65, 0x6d, 0x5f, 0x69, 0x64, 0x22, 0x3a, 0x20, 0x38,
  0x31, 0x31, 0x36, 0x39, 0x2c, 0x0a, 0x20, 0x20, 0x20, 0x20, 0x20, 0x20,
  0x20, 0x20, 0x20, 0x20, 0x22, 0x73, 0x74, 0x61, 0x74, 0x5f, 0x69, 0x64,
  0x22, 0x3a, 0x20, 0x31, 0x32, 0x36, 0x38, 0x2c, 0x0a, 0x20, 0x20, 0x20,
  0x20, 0x20, 0x20, 0x20, 0x20, 0x20, 0x20, 0x22, 0x75, 0x70, 0x67, 0x72,
  0x61, 0x64, 0x65, 0x5f, 0x69, 0x64, 0x22, 0x3a, 0x20, 0x30, 0x2c, 0x0a,
  0x20, 0x20, 0x20, 0x20, 0x20, 0x20, 0x20, 0x20, 0x20, 0x20, 0x22, 0x69,
  0x6e, 0x66, 0x75, 0x73, 0x69, 0x6f, 0x6e, 0x73, 0x22, 0x3a, 0x20, 0x5b,
  0x5d, 0x0a, 0x20, 0x20, 0x20, 0x20, 0x20, 0x20, 0x20, 0x20, 0x7d, 0x2c,
  0x0a, 0x20, 0x20, 0x20, 0x20, 0x20, 0x20, 0x20, 0x20, 0x7b, 0x0a, 0x20,
  0x20, 0x20, 0x20, 0x20, 0x20, 0x20, 0x20, 0x20, 0x20, 0x22, 0x73, 0x6c,
  0x6f, 0x74, 0x22, 0x3a, 0x20, 0x22, 0x52, 0x69, 0x6e, 0x67, 0x31, 0x22,
  0x2c, 0x0a, 0x20, 0x20, 0x20, 0x20, 0x20, 0x20, 0x20, 0x20, 0x20, 0x20,
  0x22, 0x69, 0x74, 0x65, 0x6d, 0x5f, 0x69, 0x64, 0x22, 0x3a, 0x20, 0x37,
  0x39, 0x37, 0x31, 0x30, 0x2c, 0x0a, 0x20, 0x20, 0x20, 0x20, 0x20, 0x20,
  0x20, 0x20, 0x20, 0x20, 0x22, 0x73, 0x74, 0x61, 0x74, 0x5f, 0x69, 0x64,
  0x22, 0x3a, 0x20, 0x31, 0x32, 0x36, 0x38, 0x2c, 0x0a, 0x20, 0x20, 0x20,
  0x20, 0x20, 0x20, 0x20, 0x20, 0x20, 0x20, 0x22, 0x75, 0x70, 0x67, 0x72,
  0x61, 0x64, 0x65, 0x5f, 0x69, 0x64, 0x22, 0x3a, 0x20, 0x30, 0x2c, 0x0a,
  0x20, 0x20, 0x20, 0x20, 0x20, 0x20, 0x20, 0x20, 0x20, 0x20, 0x22, 0x69,
  0x6e, 0x66, 0x75, 0x73, 0x69, 0x6f, 0x6e, 0x73, 0x22, 0x3a, 0x20, 0x5b,
  0x5d, 0x0a, 0x20, 0x20, 0x20, 0x20, 0x20, 0x20, 0x20, 0x20, 0x7d, 0x2c,
  0x0a, 0x20, 0x20, 0x20, 0x20, 0x20, 0x20, 0x20, 0x20, 0x7b, 0x0a, 0x20,
  0x20, 0x20, 0x20, 0x20, 0x20, 0x20, 0x20, 0x20, 0x20, 0x22, 0x73, 0x6c,
  0x6f, 0x74, 0x22, 0x3a, 0x20, 0x22, 0x52, 0x69, 0x6e, 0x67, 0x32, 0x22,
  0x2c, 0x0a, 0x20, 0x20, 0x20, 0x20, 0x20, 0x20, 0x20, 0x20, 0x20, 0x20,
  0x22, 0x69, 0x74, 0x65, 0x6d, 0x5f, 0x69, 0x64, 0x22, 0x3a, 0x20, 0x38,
  0x31, 0x31, 0x36, 0x37, 0x2c, 0x0a, 0x20, 0x20, 0x20, 0x20, 0x20, 0x20,
  0x20, 0x20, 0x20, 0x20, 0x22, 0x73, 0x74, 0x61, 0x74, 0x5f, 0x69, 0x64,
  0x22, 0x3a, 0x20, 0x31, 0x32, 0x36, 0x38, 0x2c, 0x0a, 0x20, 0x20, 0x20,
  0x20, 0x20, 0x20, 0x20, 0x20, 0x20, 0x20, 0x22, 0x75, 0x70, 0x67, 0x72,
  0x61, 0x64, 0x65, 0x5f, 0x69, 0x64, 0x22, 0x3a, 0x20, 0x30, 0x2c, 0x0a,
  0x20, 0x20, 0x20, 0x20, 0x20, 0x20, 0x20, 0x20, 0x20, 0x20, 0x22, 0x69,
  0x6e, 0x66, 0x75, 0x73, 0x69, 0x6f, 0x6e, 0x73, 0x22, 0x3a, 0x20, 0x5b,
  0x5d, 0x0a, 0x20, 0x20, 0x20, 0x20, 0x20, 0x20, 0x20, 0x20, 0x7d, 0x2c,
  0x0a, 0x20, 0x20, 0x20, 0x20, 0x20, 0x20, 0x20, 0x20, 0x7b, 0x0a, 0x20,
  0x20, 0x20, 0x20, 0x20, 0x20, 0x20, 0x20, 0x20, 0x20, 0x22, 0x73, 0x6c,
  0x6f, 0x74, 0x22, 0x3a, 0x20, 0x22, 0x57, 0x65, 0x61, 0x70, 0x6f, 0x6e,
  0x41, 0x31, 0x22, 0x2c, 0x0a, 0x20, 0x20, 0x20, 0x20, 0x20, 0x20, 0x20,
  0x20, 0x20, 0x20, 0x22, 0x69, 0x74, 0x65, 0x6d, 0x5f, 0x69, 0x64, 0x22,
  0x3a, 0x20, 0x37, 0x36, 0x36, 0x38, 0x38, 0x2c, 0x0a, 0x20, 0x20, 0x20,
  0x20, 0x20, 0x20, 0x20, 0x20, 0x20, 0x20, 0x22, 0x73, 0x74, 0x61, 0x74,
  0x5f, 0x69, 0x64, 0x22, 0x3a, 0x20, 0x31, 0x32, 0x36, 0x38, 0x2c, 0x0a,
  0x20, 0x20, 0x20, 0x20, 0x20, 0x20, 0x20, 0x20, 0x20, 0x20, 0x22, 0x75,
  0x70, 0x67, 0x72, 0x61, 0x64, 0x65, 0x5f, 0x69, 0x64, 0x22, 0x3a, 0x20,
  0x32, 0x34, 0x35, 0x36, 0x30, 0x2c, 0x0a, 0x20, 0x20, 0x20, 0x20, 0x20,
  0x20, 0x20, 0x20, 0x20, 0x20, 0x22, 0x69, 0x6e, 0x66, 0x75, 0x73, 0x69,
  0x6f, 0x6e, 0x73, 0x22, 0x3a, 0x20, 0x5b, 0x5d, 0x0a, 0x20, 0x20, 0x20,
  0x20, 0x20, 0x20, 0x20, 0x20, 0x7d, 0x2c, 0x0a, 0x20, 0x20, 0x20, 0x20,
  0x20, 0x20, 0x20, 0x20, 0x7b, 0x0a, 0x20, 0x20, 0x20, 0x20, 0x20, 0x20,
  0x20, 0x20, 0x20, 0x20, 0x22, 0x73, 0x6c, 0x6f, 0x74, 0x22, 0x3a, 0x20,
  0x22, 0x57, 0x65, 0x61, 0x70, 0x6f, 0x6e, 0x41, 0x32, 0x22, 0x2c, 0x0a,
  0x20, 0x20, 0x20, 0x20, 0x20, 0x20, 0x20, 0x20, 0x20, 0x20, 0x22, 0x69,
  0x74, 0x65, 0x6d, 0x5f, 0x69, 0x64, 0x22, 0x3a, 0x20, 0x37, 0x35, 0x33,
  0x32, 0x35, 0x2c, 0x0a, 0x20, 0x20, 0x20, 0x20, 0x20, 0x20, 0x20, 0x20,
  0x20, 0x20, 0x22, 0x73, 0x74, 0x61, 0x74, 0x5f, 0x69, 0x64, 0x22, 0x3a,
  0x20, 0x31, 0x32, 0x36, 0x38, 0x2c, 0x0a, 0x20, 0x20, 0x20, 0x20, 0x20,
  0x20, 0x20, 0x20, 0x20, 0x20, 0x22, 0x75, 0x70, 0x67, 0x72, 0x61, 0x64,
  0x65, 0x5f, 0x69, 0x64, 0x22, 0x3a, 0x20, 0x34, 0x34, 0x39, 0x35, 0x30,
  0x2c, 0x0a, 0x20, 0x20, 0x20, 0x20, 0x20, 0x20, 0x20, 0x20, 0x20, 0x20,
  0x22, 0x69, 0x6e, 0x66, 0x75, 0x73, 0x69, 0x6f, 0x6e, 0x73, 0x22, 0x3a,
  0x20, 0x5b, 0x5d, 0x0a, 0x20, 0x20, 0x20, 0x20, 0x20, 0x20, 0x20, 0x20,
  0x7d, 0x0a, 0x20, 0x20, 0x20, 0x20, 0x20, 0x20, 0x5d, 0x0a, 0x20, 0x20,
  0x20, 0x20, 0x7d, 0x2c, 0x0a, 0x20, 0x20, 0x20, 0x20, 0x22, 0x72, 0x6f,
  0x74, 0x61, 0x74, 0x69, 0x6f, 0x6e, 0x22, 0x3a, 0x20, 0x7b, 0x0a, 0x20,
  0x20, 0x20, 0x20, 0x20, 0x20, 0x22, 0x6f, 0x70, 0x65, 0x6e, 0x65, 0x72,
  0x22, 0x3a, 0x20, 0x5b, 0x5d, 0x2c, 0x0a, 0x20, 0x20, 0x20, 0x20, 0x20,
  0x20, 0x22, 0x6c, 0x6f, 0x6f, 0x70, 0x22, 0x3a, 0x20, 0x5b, 0x5d, 0x0a,
  0x20, 0x20, 0x20, 0x20, 0x7d, 0x0a, 0x20, 0x20, 0x7d, 0x2c, 0x0a, 0x20,
  0x20, 0x7b, 0x0a, 0x20, 0x20, 0x20, 0x20, 0x22, 0x69, 0x64, 0x22, 0x3a,
  0x20, 0x22, 0x65, 0x6c, 0x65, 0x6d, 0x65, 0x6e, 0x74, 0x61, 0x6c, 0x69,
  0x73, 0x74, 0x2d, 0x68, 0x65, 0x61, 0x6c, 0x2d, 0x61, 0x6c, 0x61, 0x63,
  0x72, 0x69, 0x74, 0x79, 0x2d, 0x74, 0x65, 0x6d, 0x70, 0x65, 0x73, 0x74,
  0x22, 0x2c, 0x0a, 0x20, 0x20, 0x20, 0x20, 0x22, 0x6e, 0x61, 0x6d, 0x65,
  0x22, 0x3a, 0x20, 0x22, 0x48, 0x65, 0x61, 0x6c, 0x20, 0x41, 0x6c, 0x61,
  0x63, 0x72, 0x69, 0x74, 0x79, 0x20, 0x54, 0x65, 0x6d, 0x70, 0x65, 0x73,
  0x74, 0x22, 0x2c, 0x0a, 0x20, 0x20, 0x20, 0x20, 0x22, 0x70, 0x72, 0x6f,
  0x66, 0x65, 0x73, 0x73, 0x69, 0x6f, 0x6e, 0x22, 0x3a, 0x20, 0x22, 0x45,
  0x6c, 0x65, 0x6d, 0x65, 0x6e, 0x74, 0x61, 0x6c, 0x69, 0x73, 0x74, 0x22,
  0x2c, 0x0a, 0x20, 0x20, 0x20, 0x20, 0x22, 0x65, 0x6c, 0x69, 0x74, 0x65,
  0x5f, 0x73, 0x70, 0x65, 0x63, 0x22, 0x3a, 0x20, 0x22, 0x54, 0x65, 0x6d,
  0x70, 0x65, 0x73, 0x74, 0x22, 0x2c, 0x0a, 0x20, 0x20, 0x20, 0x20, 0x22,
  0x62, 0x75, 0x69, 0x6c, 0x64, 0x5f, 0x74, 0x79, 0x70, 0x65, 0x22, 0x3a,
  0x20, 0x22, 0x48, 0x65, 0x61, 0x6c, 0x22, 0x2c, 0x0a, 0x20, 0x20, 0x20,
  0x20, 0x22, 0x70, 0x61, 0x74, 0x63, 0x68, 0x5f, 0x76, 0x65, 0x72, 0x73,
  0x69, 0x6f, 0x6e, 0x22, 0x3a, 0x20, 0x22, 0x22, 0x2c, 0x0a, 0x20, 0x20,
  0x20, 0x20, 0x22, 0x62, 0x65, 0x6e, 0x63, 0x68, 0x6d, 0x61, 0x72, 0x6b,
  0x5f, 0x64, 0x70, 0x73, 0x22, 0x3a, 0x20, 0x30, 0x2e, 0x30, 0x2c, 0x0a,
  0x20, 0x20, 0x20, 0x20, 0x22, 0x6e, 0x6f, 0x74, 0x65, 0x73, 0x22, 0x3a,
  0x20, 0x22, 0x47, 0x75, 0x69, 0x6c, 0x64, 0x20, 0x57, 0x61, 0x72, 0x73,
  0x20, 0x32, 0x20, 0x48, 0x65, 0x61, 0x6c, 0x20, 0x41, 0x6c, 0x61, 0x63,
  0x72, 0x69, 0x74, 0x79, 0x20, 0x54, 0x65, 0x6d, 0x70, 0x65, 0x73, 0x74,
  0x20, 0x2d, 0x20, 0x44, 0x61, 0x67, 0x67, 0x65, 0x72, 0x20, 0x26, 0x20,
  0x57, 0x61, 0x72, 0x68, 0x6f, 0x72, 0x6e, 0x20, 0x4d, 0x65, 0x74, 0x61,
  0x20, 0x62, 0x75, 0x69, 0x6c, 0x64, 0x20, 0x66, 0x6f, 0x72, 0x20, 0x61,
  0x63, 0x63, 0x65, 0x73, 0x73, 0x69, 0x62, 0x75, 0x69, 0x6c, 0x64, 0x73,
  0x3a, 0x20, 0x63, 0x6f, 0x6d, 0x70, 0x6c, 0x65, 0x74, 0x65, 0x20, 0x67,
  0x75, 0x69, 0x64, 0x65, 0x20, 0x77, 0x69, 0x74, 0x68, 0x20, 0x67, 0x65,
  0x61, 0x72, 0x2c, 0x20, 0x72, 0x75, 0x6e, 0x65, 0x73, 0x2c, 0x20, 0x72,
  0x65, 0x6c, 0x69, 0x63, 0x73, 0x2c, 0x20, 0x74, 0x72, 0x61, 0x69, 0x74,
  0x73, 0x2c, 0x20, 0x61, 0x6e, 0x64, 0x20, 0x72, 0x6f, 0x74, 0x61, 0x74,
  0x69, 0x6f, 0x6e, 0x20, 0x74, 0x69, 0x70, 0x73, 0x2e, 0x22, 0x2c, 0x0a,
  0x20, 0x20, 0x20, 0x20, 0x22, 0x73, 0x6f, 0x75, 0x72, 0x63, 0x65, 0x5f,
  0x75, 0x72, 0x6c, 0x22, 0x3a, 0x20, 0x22, 0x68, 0x74, 0x74, 0x70, 0x73,
  0x3a, 0x2f, 0x2f, 0x73, 0x6e, 0x6f, 0x77, 0x63, 0x72, 0x6f, 0x77, 0x73,
  0x2e, 0x63, 0x6f, 0x6d, 0x2f, 0x62, 0x75, 0x69, 0x6c, 0x64, 0x73, 0x2f,
  0x61, 0x63, 0x63, 0x65, 0x73, 0x73, 0x69, 0x62, 0x75, 0x69, 0x6c, 0x64,
  0x73, 0x2f, 0x65, 0x6c, 0x65, 0x6d, 0x65, 0x6e, 0x74, 0x61, 0x6c, 0x69,
  0x73, 0x74, 0x2f, 0x68, 0x65, 0x61, 0x6c, 0x2d, 0x61, 0x6c, 0x61, 0x63,
  0x72, 0x69, 0x74, 0x79, 0x2d, 0x74, 0x65, 0x6d, 0x70, 0x65, 0x73, 0x74,
  0x22, 0x2c, 0x0a, 0x20, 0x20, 0x20, 0x20, 0x22, 0x63, 0x68, 0x61, 0x74,
  0x5f, 0x63, 0x6f, 0x64, 0x65, 0x22, 0x3a, 0x20, 0x22, 0x5b, 0x26, 0x44,
  0x51, 0x59, 0x61, 0x47, 0x78, 0x45, 0x70, 0x4d, 0x44, 0x2f, 0x48, 0x45,
  0x67, 0x41, 0x41, 0x77, 0x78, 0x49, 0x41, 0x41, 0x4a, 0x59, 0x4c, 0x41,
  0x41, 0x43, 0x57, 0x43, 0x77, 0x41, 0x41, 0x4a, 0x67, 0x41, 0x41, 0x41,
  0x41, 0x41, 0x41, 0x41, 0x41, 0x41, 0x41, 0x41, 0x41, 0x41, 0x41, 0x41,
  0x41, 0x41, 0x41, 0x41, 0x41, 0x41, 0x41, 0x41, 0x41, 0x41, 0x3d, 0x5d,
  0x22, 0x2c, 0x0a, 0x20, 0x20, 0x20, 0x20, 0x22, 0x69, 0x73, 0x5f, 0x6c,
  0x65, 0x67, 0x61, 0x63, 0x79, 0x22, 0x3a, 0x20, 0x66, 0x61, 0x6c, 0x73,
  0x65, 0x2c, 0x0a, 0x20, 0x20, 0x20, 0x20, 0x22, 0x61, 0x63, 0x63, 0x65,
  0x73, 0x73, 0x69, 0x62, 0x69, 0x6c, 0x69, 0x74, 0x79, 0x22, 0x3a, 0x20,
  0x74, 0x72, 0x75, 0x65, 0x2c, 0x0a, 0x20, 0x20, 0x20, 0x20, 0x22, 0x74,
  0x72, 0x61, 0x69, 0x74, 0x73, 0x22, 0x3a, 0x20, 0x7b, 0x0a, 0x20, 0x20,
  0x20, 0x20, 0x20, 0x20, 0x22, 0x6c, 0x69, 0x6e, 0x65, 0x31, 0x22, 0x3a,
  0x20, 0x7b, 0x0a, 0x20, 0x20, 0x20, 0x20, 0x20, 0x20, 0x20, 0x20, 0x22,
  0x73, 0x70, 0x65, 0x63, 0x5f, 0x69, 0x64, 0x22, 0x3a, 0x20, 0x32, 0x36,
  0x2c, 0x0a, 0x20, 0x20, 0x20, 0x20, 0x20, 0x20, 0x20, 0x20, 0x22, 0x74,
  0x72, 0x61, 0x69, 0x74, 0x73, 0x22, 0x3a, 0x20, 0x5b, 0x0a, 0x20, 0x20,
  0x20, 0x20, 0x20, 0x20, 0x20, 0x20, 0x20, 0x20, 0x32, 0x38, 0x39, 0x2c,
  0x0a, 0x20, 0x20, 0x20, 0x20, 0x20, 0x20, 0x20, 0x20, 0x20, 0x20, 0x32,
  0x38, 0x31, 0x2c, 0x0a, 0x20, 0x20, 0x20, 0x20, 0x20, 0x20, 0x20, 0x20,
  0x20, 0x20, 0x31, 0x35, 0x30, 0x38, 0x0a, 0x20, 0x20, 0x20, 0x20, 0x20,
  0x20, 0x20, 0x20, 0x5d, 0x0a, 0x20, 0x20, 0x20, 0x20, 0x20, 0x20, 0x7d,
  0x2c, 0x0a, 0x20, 0x20, 0x20, 0x20, 0x20, 0x20, 0x22, 0x6c, 0x69, 0x6e,
  0x65, 0x32, 0x22, 0x3a, 0x20, 0x7b, 0x0a, 0x20, 0x20, 0x20, 0x20, 0x20,
  0x20, 0x20, 0x20, 0x22, 0x73, 0x70, 0x65, 0x63, 0x5f, 0x69, 0x64, 0x22,
  0x3a, 0x20, 0x31, 0x37, 0x2c, 0x0a, 0x20, 0x20, 0x20, 0x20, 0x20, 0x20,
  0x20, 0x20, 0x22, 0x74, 0x72, 0x61, 0x69, 0x74, 0x73, 0x22, 0x3a, 0x20,
  0x5b, 0x0a, 0x20, 0x20, 0x20, 0x20, 0x20, 0x20, 0x20, 0x20, 0x20, 0x20,
  0x33, 0x34, 0x38, 0x2c, 0x0a, 0x20, 0x20, 0x20, 0x20, 0x20, 0x20, 0x20,
  0x20, 0x20, 0x20, 0x33, 0x35, 0x38, 0x2c, 0x0a, 0x20, 0x20, 0x20, 0x20,
  0x20, 0x20, 0x20, 0x20, 0x20, 0x20, 0x33, 0x36, 0x31, 0x0a, 0x20, 0x20,
  0x20, 0x20, 0x20, 0x20, 0x20, 0x20, 0x5d, 0x0a, 0x20, 0x20, 0x20, 0x20,
  0x20, 0x20, 0x7d, 0x2c, 0x0a, 0x20, 0x20, 0x20, 0x20, 0x20, 0x20, 0x22,
  0x6c, 0x69, 0x6e, 0x65, 0x33, 0x22, 0x3a, 0x20, 0x7b, 0x0a, 0x20, 0x20,
  0x20, 0x20, 0x20, 0x20, 0x20, 0x20, 0x22, 0x73, 0x70, 0x65, 0x63, 0x5f,
  0x69, 0x64, 0x22, 0x3a, 0x20, 0x34, 0x38, 0x2c, 0x0a, 0x20, 0x20, 0x20,
  0x20, 0x20, 0x20, 0x20, 0x20, 0x22, 0x74, 0x72, 0x61, 0x69, 0x74, 0x73,
  0x22, 0x3a, 0x20, 0x5b, 0x0a, 0x20, 0x20, 0x20, 0x20, 0x20, 0x20, 0x20,
  0x20, 0x20, 0x20, 0x31, 0x38, 0x38, 0x36, 0x2c, 0x0a, 0x20, 0x20, 0x20,
  0x20, 0x20, 0x20, 0x20, 0x20, 0x20, 0x20, 0x32, 0x30, 0x31, 0x35, 0x2c,
  0x0a, 0x20, 0x20, 0x20, 0x20, 0x20, 0x20, 0x20, 0x20, 0x20, 0x20, 0x31,
  0x39, 0x38, 0x36, 0x0a, 0x20, 0x20, 0x20, 0x20, 0x20, 0x20, 0x20, 0x20,
  0x5d, 0x0a, 0x20, 0x20, 0x20, 0x20, 0x20, 0x20, 0x7d, 0x0a, 0x20, 0x20,
  0x20, 0x20, 0x7d, 0x2c, 0x0a, 0x20, 0x20, 0x20, 0x20, 0x22, 0x73, 0x6b,
  0x69, 0x6c, 0x6c, 0x73, 0x22, 0x3a, 0x20, 0x7b, 0x0a, 0x20, 0x20, 0x20,
  0x20, 0x20, 0x20, 0x22, 0x68, 0x65, 0x61, 0x6c, 0x22, 0x3a, 0x20, 0x32,
  0x39, 0x35, 0x33, 0x35, 0x2c, 0x0a, 0x20, 0x20, 0x20, 0x20, 0x20, 0x20,
  0x22, 0x75, 0x74, 0x69, 0x6c, 0x69, 0x74, 0x69, 0x65, 0x73, 0x22, 0x3a,
  0x20, 0x5b, 0x0a, 0x20, 0x20, 0x20, 0x20, 0x20, 0x20, 0x20, 0x20, 0x33,
  0x30, 0x36, 0x36, 0x32, 0x2c, 0x0a, 0x20, 0x20, 0x20, 0x20, 0x20, 0x20,
  0x20, 0x20, 0x31, 0x30, 0x35, 0x38, 0x36, 0x2c, 0x0a, 0x20, 0x20, 0x20,
  0x20, 0x20, 0x20, 0x20, 0x20, 0x31, 0x30, 0x35, 0x38, 0x36, 0x0a, 0x20,
  0x20, 0x20, 0x20, 0x20, 0x20, 0x5d, 0x2c, 0x0a, 0x20, 0x20, 0x20, 0x20,
  0x20, 0x20, 0x22, 0x65, 0x6c, 0x69, 0x74, 0x65, 0x22, 0x3a, 0x20, 0x35,
  0x36, 0x36, 0x36, 0x0a, 0x20, 0x20, 0x20, 0x20, 0x7d, 0x2c, 0x0a, 0x20,
  0x20, 0x20, 0x20, 0x22, 0x6c, 0x65, 0x67, 0x65, 0x6e, 0x64, 0x73, 0x22,
  0x3a, 0x20, 0x5b, 0x0a, 0x20, 0x20, 0x20, 0x20, 0x20, 0x20, 0x30, 0x2c,
  0x0a, 0x20, 0x20, 0x20, 0x20, 0x20, 0x20, 0x30, 0x0a, 0x20, 0x20, 0x20,
  0x20, 0x5d, 0x2c, 0x0a, 0x20, 0x20, 0x20, 0x20, 0x22, 0x70, 0x65, 0x74,
  0x73, 0x22, 0x3a, 0x20, 0x5b, 0x0a, 0x20, 0x20, 0x20, 0x20, 0x20, 0x20,
  0x30, 0x2c, 0x0a, 0x20, 0x20, 0x20, 0x20, 0x20, 0x20, 0x30, 0x0a, 0x20,
  0x20, 0x20, 0x20, 0x5d, 0x2c, 0x0a, 0x20, 0x20, 0x20, 0x20, 0x22, 0x67,
  0x65, 0x61, 0x72, 0x22, 0x3a, 0x20, 0x7b, 0x0a, 0x20, 0x20, 0x20, 0x20,
  0x20, 0x20, 0x22, 0x72, 0x65, 0x6c, 0x69, 0x63, 0x5f, 0x69, 0x64, 0x22,
  0x3a, 0x20, 0x31, 0x30, 0x30, 0x30, 0x33, 0x31, 0x2c, 0x0a, 0x20, 0x20,
  0x20, 0x20, 0x20, 0x20, 0x22, 0x66, 0x6f, 0x6f, 0x64, 0x5f, 0x69, 0x64,
  0x22, 0x3a, 0x20, 0x39, 0x31, 0x36, 0x39, 0x30, 0x2c, 0x0a, 0x20, 0x20,
  0x20, 0x20, 0x20, 0x20, 0x22, 0x75, 0x74, 0x69, 0x6c, 0x69, 0x74, 0x79,
  0x5f, 0x69, 0x64, 0x22, 0x3a, 0x20, 0x36, 0x37, 0x35, 0x32, 0x38, 0x2c,
  0x0a, 0x20, 0x20, 0x20, 0x20, 0x20, 0x20, 0x22, 0x69, 0x74, 0x65, 0x6d,
  0x73, 0x22, 0x3a, 0x20, 0x5b, 0x0a, 0x20, 0x20, 0x20, 0x20, 0x20, 0x20,
  0x20, 0x20, 0x7b, 0x0a, 0x20, 0x20, 0x20, 0x20, 0x20, 0x20, 0x20, 0x20,
  0x20, 0x20, 0x22, 0x73, 0x6c, 0x6f, 0x74, 0x22, 0x3a, 0x20, 0x22, 0x48,
  0x65, 0x6c, 0x6d, 0x22, 0x2c, 0x0a, 0x20, 0x20, 0x20, 0x20, 0x20, 0x20,
  0x20, 0x20, 0x20, 0x20, 0x22, 0x69, 0x74, 0x65, 0x6d, 0x5f, 0x69, 0x64,
  0x22, 0x3a, 0x20, 0x38, 0x35, 0x31, 0x36, 0x31, 0x2c, 0x0a, 0x20, 0x20,
  0x20, 0x20, 0x20, 0x20, 0x20, 0x20, 0x20, 0x20, 0x22, 0x73, 0x74, 0x61,
  0x74, 0x5f, 0x69, 0x64, 0x22, 0x3a, 0x20, 0x31, 0x33, 0x37, 0x37, 0x2c,
  0x0a, 0x20, 0x20, 0x20, 0x20, 0x20, 0x20, 0x20, 0x20, 0x20, 0x20, 0x22,
  0x75, 0x70, 0x67, 0x72, 0x61, 0x64, 0x65, 0x5f, 0x69, 0x64, 0x22, 0x3a,
  0x20, 0x32, 0x34, 0x38, 0x34, 0x32, 0x2c, 0x0a, 0x20, 0x20, 0x20, 0x20,
  0x20, 0x20, 0x20, 0x20, 0x20, 0x20, 0x22, 0x69, 0x6e, 0x66, 0x75, 0x73,
  0x69, 0x6f, 0x6e, 0x73, 0x22, 0x3a, 0x20, 0x5b, 0x5d, 0x0a, 0x20, 0x20,
  0x20, 0x20, 0x20, 0x20, 0x20, 0x20, 0x7d, 0x2c, 0x0a, 0x20, 0x20, 0x20,
  0x20, 0x20, 0x20, 0x20, 0x20, 0x7b, 0x0a, 0x20, 0x20, 0x20, 0x20, 0x20,
  0x20, 0x20, 0x20, 0x20, 0x20, 0x22, 0x73, 0x6c, 0x6f, 0x74, 0x22, 0x3a,
  0x20, 0x22, 0x53, 0x68, 0x6f, 0x75, 0x6c, 0x64, 0x65, 0x72, 0x73, 0x22,
  0x2c, 0x0a, 0x20, 0x20, 0x20, 0x20, 0x20, 0x20, 0x20, 0x20, 0x20, 0x20,
  0x22, 0x69, 0x74, 0x65, 0x6d, 0x5f, 0x69, 0x64, 0x22, 0x3a, 0x20, 0x38,
  0x35, 0x30, 0x38, 0x39, 0x2c, 0x0a, 0x20, 0x20, 0x20, 0x20, 0x20, 0x20,
  0x20, 0x20, 0x20, 0x20, 0x22, 0x73, 0x74, 0x61, 0x74, 0x5f, 0x69, 0x64,
  0x22, 0x3a, 0x20, 0x31, 0x33, 0x37, 0x37, 0x2c, 0x0a, 0x20, 0x20, 0x20,
  0x20, 0x20, 0x20, 0x20, 0x20, 0x20, 0x20, 0x22, 0x75, 0x70, 0x67, 0x72,
  0x61, 0x64, 0x65, 0x5f, 0x69, 0x64, 0x22, 0x3a, 0x20, 0x32, 0x34, 0x38,
  0x34, 0x32, 0x2c, 0x0a, 0x20, 0x20, 0x20, 0x20, 0x20, 0x20, 0x20, 0x20,
  0x20, 0x20, 0x22, 0x69, 0x6e, 0x66, 0x75, 0x73, 0x69, 0x6f, 0x6e, 0x73,
  0x22, 0x3a, 0x20, 0x5b, 0x5d, 0x0a, 0x20, 0x20, 0x20, 0x20, 0x20, 0x20,
  0x20, 0x20, 0x7d, 0x2c, 0x0a, 0x20, 0x20, 0x20, 0x20, 0x20, 0x20, 0x20,
  0x20, 0x7b, 0x0a, 0x20, 0x20, 0x20, 0x20, 0x20, 0x20, 0x20, 0x20, 0x20,
  0x20, 0x22, 0x73, 0x6c, 0x6f, 0x74, 0x22, 0x3a, 0x20, 0x22, 0x43, 0x68,
  0x65, 0x73, 0x74, 0x22, 0x2c, 0x0a, 0x20, 0x20, 0x20, 0x20, 0x20, 0x20,
  0x20, 0x20, 0x20, 0x20, 0x22, 0x69, 0x74, 0x65, 0x6d, 0x5f, 0x69, 0x64,
  0x22, 0x3a, 0x20, 0x38, 0x35, 0x30, 0x39, 0x38, 0x2c, 0x0a, 0x20, 0x20,
  0x20, 0x20, 0x20, 0x20, 0x20, 0x20, 0x20, 0x20, 0x22, 0x73, 0x74, 0x61,
  0x74, 0x5f, 0x69, 0x64, 0x22, 0x3a, 0x20, 0x31, 0x33, 0x37, 0x37, 0x2c,
  0x0a, 0x20, 0x20, 0x20, 0x20, 0x20, 0x20, 0x20, 0x20, 0x20, 0x20, 0x22,
  0x75, 0x70, 0x67, 0x72, 0x61, 0x64, 0x65, 0x5f, 0x69, 0x64, 0x22, 0x3a,
  0x20, 0x32, 0x34, 0x38, 0x34, 0x32, 0x2c, 0x0a, 0x20, 0x20, 0x20, 0x20,
  0x20, 0x20, 0x20, 0x20, 0x20, 0x20, 0x22, 0x69, 0x6e, 0x66, 0x75, 0x73,
  0x69, 0x6f, 0x6e, 0x73, 0x22, 0x3a, 0x20, 0x5b, 0x5d, 0x0a, 0x20, 0x20,
  0x20, 0x20, 0x20, 0x20, 0x20, 0x20, 0x7d, 0x2c, 0x0a, 0x20, 0x20, 0x20,
  0x20, 0x20, 0x20, 0x20, 0x20, 0x7b, 0x0a, 0x20, 0x20, 0x20, 0x20, 0x20,
  0x20, 0x20, 0x20, 0x20, 0x20, 0x22, 0x73, 0x6c, 0x6f, 0x74, 0x22, 0x3a,
  0x20, 0x22, 0x47, 0x6c, 0x6f, 0x76, 0x65, 0x73, 0x22, 0x2c, 0x0a, 0x20,
  0x20, 0x20, 0x20, 0x20, 0x20, 0x20, 0x20, 0x20, 0x20, 0x22, 0x69, 0x74,
  0x65, 0x6d, 0x5f, 0x69, 0x64, 0x22, 0x3a, 0x20, 0x38, 0x35, 0x30, 0x30,
  0x34, 0x2c, 0x0a, 0x20, 0x20, 0x20, 0x20, 0x20, 0x20, 0x20, 0x20, 0x20,
  0x20, 0x22, 0x73, 0x74, 0x61, 0x74, 0x5f, 0x69, 0x64, 0x22, 0x3a, 0x20,
  0x31, 0x33, 0x37, 0x37, 0x2c, 0x0a, 0x20, 0x20, 0x20, 0x20, 0x20, 0x20,
  0x20, 0x20, 0x20, 0x20, 0x22, 0x75, 0x70, 0x67, 0x72, 0x61, 0x64, 0x65,
  0x5f, 0x69, 0x64, 0x22, 0x3a, 0x20, 0x32, 0x34, 0x38, 0x34, 0x32, 0x2c,
  0x0a, 0x20, 0x20, 0x20, 0x20, 0x20, 0x20, 0x20, 0x20, 0x20, 0x20, 0x22,
  0x69, 0x6e, 0x66, 0x75, 0x73, 0x69, 0x6f, 0x6e, 0x73, 0x22, 0x3a, 0x20,
  0x5b, 0x5d, 0x0a, 0x20, 0x20, 0x20, 0x20, 0x20, 0x20, 0x20, 0x20, 0x7d,
  0x2c, 0x0a, 0x20, 0x20, 0x20, 0x20, 0x20, 0x20, 0x20, 0x20, 0x7b, 0x0a,
  0x20, 0x20, 0x20, 0x20, 0x20, 0x20, 0x20, 0x20, 0x20, 0x20, 0x22, 0x73,
  0x6c, 0x6f, 0x74, 0x22, 0x3a, 0x20, 0x22, 0x4c, 0x65, 0x67, 0x67, 0x69,
  0x6e, 0x67, 0x73, 0x22, 0x2c, 0x0a, 0x20, 0x20, 0x20, 0x20, 0x20, 0x20,
  0x20, 0x20, 0x20, 0x20, 0x22, 0x69, 0x74, 0x65, 0x6d, 0x5f, 0x69, 0x64,
  0x22, 0x3a, 0x20, 0x38, 0x34, 0x39, 0x32, 0x36, 0x2c, 0x0a, 0x20, 0x20,
  0x20, 0x20, 0x20, 0x20, 0x20, 0x20, 0x20, 0x20, 0x22, 0x73, 0x74, 0x61,
  0x74, 0x5f, 0x69, 0x64, 0x22, 0x3a, 0x20, 0x31, 0x33, 0x37, 0x37, 0x2c,
  0x0a, 0x20, 0x20, 0x20, 0x20, 0x20, 0x20, 0x20, 0x20, 0x20, 0x20, 0x22,
  0x75, 0x70, 0x67, 0x72, 0x61, 0x64, 0x65, 0x5f, 0x69, 0x64, 0x22, 0x3a,
  0x20, 0x32, 0x34, 0x38, 0x34, 0x32, 0x2c, 0x0a, 0x20, 0x20, 0x20, 0x20,
  0x20, 0x20, 0x20, 0x20, 0x20, 0x20, 0x22, 0x69, 0x6e, 0x66, 0x75, 0x73,
  0x69, 0x6f, 0x6e, 0x73, 0x22, 0x3a, 0x20, 0x5b, 0x5d, 0x0a, 0x20, 0x20,
  0x20, 0x20, 0x20, 0x20, 0x20, 0x20, 0x7d, 0x2c, 0x0a, 0x20, 0x20, 0x20,
  0x20, 0x20, 0x20, 0x20, 0x20, 0x7b, 0x0a, 0x20, 0x20, 0x20, 0x20, 0x20,
  0x20, 0x20, 0x20, 0x20, 0x20, 0x22, 0x73, 0x6c, 0x6f, 0x74, 0x22, 0x3a,
  0x20, 0x22, 0x42, 0x6f, 0x6f, 0x74, 0x73, 0x22, 0x2c, 0x0a, 0x20, 0x20,
  0x20, 0x20, 0x20, 0x20, 0x20, 0x20, 0x20, 0x20, 0x22, 0x69, 0x74, 0x65,
  0x6d, 0x5f, 0x69, 0x64, 0x22, 0x3a, 0x20, 0x38, 0x35, 0x33, 0x31, 0x37,
  0x2c, 0x0a, 0x20, 0x20, 0x20, 0x20, 0x20, 0x20, 0x20, 0x20, 0x20, 0x20,
  0x22, 0x73, 0x74, 0x61, 0x74, 0x5f, 0x69, 0x64, 0x22, 0x3a, 0x20, 0x31,
  0x33, 0x37, 0x37, 0x2c, 0x0a, 0x20, 0x20, 0x20, 0x20, 0x20, 0x20, 0x20,
  0x20, 0x20, 0x20, 0x22, 0x75, 0x70, 0x67, 0x72, 0x61, 0x64, 0x65, 0x5f,
  0x69, 0x64, 0x22, 0x3a, 0x20, 0x32, 0x34, 0x38, 0x34, 0x32, 0x2c, 0x0a,
  0x20, 0x20, 0x20, 0x20, 0x20, 0x20, 0x20, 0x20, 0x20, 0x20, 0x22, 0x69,
  0x6e, 0x66, 0x75, 0x73, 0x69, 0x6f, 0x6e, 0x73, 0x22, 0x3a, 0x20, 0x5b,
  0x5d, 0x0a, 0x20, 0x20, 0x20, 0x20, 0x20, 0x20, 0x20, 0x20, 0x7d, 0x2c,
  0x0a, 0x20, 0x20, 0x20, 0x20, 0x20, 0x20, 0x20, 0x20, 0x7b, 0x0a, 0x20,
  0x20, 0x20, 0x20, 0x20, 0x20, 0x20, 0x20, 0x20, 0x20, 0x22, 0x73, 0x6c,
  0x6f, 0x74, 0x22, 0x3a, 0x20, 0x22, 0x42, 0x61, 0x63, 0x6b, 0x49, 0x74,
  0x65, 0x6d, 0x22, 0x2c, 0x0a, 0x20, 0x20, 0x20, 0x20, 0x20, 0x20, 0x20,
  0x20, 0x20, 0x20, 0x22, 0x69, 0x74, 0x65, 0x6d, 0x5f, 0x69, 0x64, 0x22,
  0x3a, 0x20, 0x37, 0x39, 0x38, 0x33, 0x37, 0x2c, 0x0a, 0x20, 0x20, 0x20,
  0x20, 0x20, 0x20, 0x20, 0x20, 0x20, 0x20, 0x22, 0x73, 0x74, 0x61, 0x74,
  0x5f, 0x69, 0x64, 0x22, 0x3a, 0x20, 0x31, 0x33, 0x37, 0x37, 0x2c, 0x0a,
  0x20, 0x20, 0x20, 0x20, 0x20, 0x20, 0x20, 0x20, 0x20, 0x20, 0x22, 0x75,
  0x70, 0x67, 0x72, 0x61, 0x64, 0x65, 0x5f, 0x69, 0x64, 0x22, 0x3a, 0x20,
  0x30, 0x2c, 0x0a, 0x20, 0x20, 0x20, 0x20, 0x20, 0x20, 0x20, 0x20, 0x20,
  0x20, 0x22, 0x69, 0x6e, 0x66, 0x75, 0x73, 0x69, 0x6f, 0x6e, 0x73, 0x22,
  0x3a, 0x20, 0x5b, 0x5d, 0x0a, 0x20, 0x20, 0x20, 0x20, 0x20, 0x20, 0x20,
  0x20, 0x7d, 0x2c, 0x0a, 0x20, 0x20, 0x20, 0x20, 0x20, 0x20, 0x20, 0x20,
  0x7b, 0x0a, 0x20, 0x20, 0x20, 0x20, 0x20, 0x20, 0x20, 0x20, 0x20, 0x20,
  0x22, 0x73, 0x6c, 0x6f, 0x74, 0x22, 0x3a, 0x20, 0x22, 0x41, 0x63, 0x63,
  0x65, 0x73, 0x73, 0x6f, 0x72, 0x79, 0x31, 0x22, 0x2c, 0x0a, 0x20, 0x20,
  0x20, 0x20, 0x20, 0x20, 0x20, 0x20, 0x20, 0x20, 0x22, 0x69, 0x74, 0x65,
  0x6d, 0x5f, 0x69, 0x64, 0x22, 0x3a, 0x20, 0x37, 0x39, 0x37, 0x34, 0x35,
  0x2c, 0x0a, 0x20, 0x20, 0x20, 0x20, 0x20, 0x20, 0x20, 0x20, 0x20, 0x20,
  0x22, 0x73, 0x74, 0x61, 0x74, 0x5f, 0x69, 0x64, 0x22, 0x3a, 0x20, 0x31,
  0x33, 0x37, 0x37, 0x2c, 0x0a, 0x20, 0x20, 0x20, 0x20, 0x20, 0x20, 0x20,
  0x20, 0x20, 0x20, 0x22, 0x75, 0x70, 0x67, 0x72, 0x61, 0x64, 0x65, 0x5f,
  0x69, 0x64, 0x22, 0x3a, 0x20, 0x30, 0x2c, 0x0a, 0x20, 0x20, 0x20, 0x20,
  0x20, 0x20, 0x20, 0x20, 0x20, 0x20, 0x22, 0x69, 0x6e, 0x66, 0x75, 0x73,
  0x69, 0x6f, 0x6e, 0x73, 0x22, 0x3a, 0x20, 0x5b, 0x5d, 0x0a, 0x20, 0x20,
  0x20, 0x20, 0x20, 0x20, 0x20, 0x20, 0x7d, 0x2c, 0x0a, 0x20, 0x20, 0x20,
  0x20, 0x20, 0x20, 0x20, 0x20, 0x7b, 0x0a, 0x20, 0x20, 0x20, 0x20, 0x20,
  0x20, 0x20, 0x20, 0x20, 0x20, 0x22, 0x73, 0x6c, 0x6f, 0x74, 0x22, 0x3a,
  0x20, 0x22, 0x41, 0x63, 0x63, 0x65, 0x73, 0x73, 0x6f, 0x72, 0x79, 0x32,
  0x22, 0x2c, 0x0a, 0x20, 0x20, 0x20, 0x20, 0x20, 0x20, 0x20, 0x20, 0x20,
  0x20, 0x22, 0x69, 0x74, 0x65, 0x6d, 0x5f, 0x69, 0x64, 0x22, 0x3a, 0x20,
  0x37, 0x39, 0x34, 0x34, 0x34, 0x2c, 0x0a, 0x20, 0x20, 0x20, 0x20, 0x20,
  0x20, 0x20, 0x20, 0x20, 0x20, 0x22, 0x73, 0x74, 0x61, 0x74, 0x5f, 0x69,
  0x64, 0x22, 0x3a, 0x20, 0x31, 0x33, 0x37, 0x37, 0x2c, 0x0a, 0x20, 0x20,
  0x20, 0x20, 0x20, 0x20, 0x20, 0x20, 0x20, 0x20, 0x22, 0x75, 0x70, 0x67,
  0x72, 0x61, 0x64, 0x65, 0x5f, 0x69, 0x64, 0x22, 0x3a, 0x20, 0x30, 0x2c,
  0x0a, 0x20, 0x20, 0x20, 0x20, 0x20, 0x20, 0x20, 0x20, 0x20, 0x20, 0x22,
  0x69, 0x6e, 0x66, 0x75, 0x73, 0x69, 0x6f, 0x6e, 0x73, 0x22, 0x3a, 0x20,
  0x5b, 0x5d, 0x0a, 0x20, 0x20, 0x20, 0x20, 0x20, 0x20, 0x20, 0x20, 0x7d,
  0x2c, 0x0a, 0x20, 0x20, 0x20, 0x20, 0x20, 0x20, 0x20, 0x20, 0x7b, 0x0a,
  0x20, 0x20, 0x20, 0x20, 0x20, 0x20, 0x20, 0x20, 0x20, 0x20, 0x22, 0x73,
  0x6c, 0x6f, 0x74, 0x22, 0x3a, 0x20, 0x22, 0x41, 0x6d, 0x75, 0x6c, 0x65,
  0x74, 0x22, 0x2c, 0x0a, 0x20, 0x20, 0x20, 0x20, 0x20, 0x20, 0x20, 0x20,
  0x20, 0x20, 0x22, 0x69, 0x74, 0x65, 0x6d, 0x5f, 0x69, 0x64, 0x22, 0x3a,
  0x20, 0x38, 0x31, 0x31, 0x36, 0x39, 0x2c, 0x0a, 0x20, 0x20, 0x20, 0x20,
  0x20, 0x20, 0x20, 0x20, 0x20, 0x20, 0x22, 0x73, 0x74, 0x61, 0x74, 0x5f,
  0x69, 0x64, 0x22, 0x3a, 0x20, 0x31, 0x33, 0x37, 0x37, 0x2c, 0x0a, 0x20,
  0x20, 0x20, 0x20, 0x20, 0x20, 0x20, 0x20, 0x20, 0x20, 0x22, 0x75, 0x70,
  0x67, 0x72, 0x61, 0x64, 0x65, 0x5f, 0x69, 0x64, 0x22, 0x3a, 0x20, 0x30,
  0x2c, 0x0a, 0x20, 0x20, 0x20, 0x20, 0x20, 0x20, 0x20, 0x20, 0x20, 0x20,
  0x22, 0x69, 0x6e, 0x66, 0x75, 0x73, 0x69, 0x6f, 0x6e, 0x73, 0x22, 0x3a,
  0x20, 0x5b, 0x5d, 0x0a, 0x20, 0x20, 0x20, 0x20, 0x20, 0x20, 0x20, 0x20,
  0x7d, 0x2c, 0x0a, 0x20, 0x20, 0x20, 0x20, 0x20, 0x20, 0x20, 0x20, 0x7b,
  0x0a, 0x20, 0x20, 0x20, 0x20, 0x20, 0x20, 0x20, 0x20, 0x20, 0x20, 0x22,
  0x73, 0x6c, 0x6f, 0x74, 0x22, 0x3a, 0x20, 0x22, 0x52, 0x69, 0x6e, 0x67,
  0x31, 0x22, 0x2c, 0x0a, 0x20, 0x20, 0x20, 0x20, 0x20, 0x20, 0x20, 0x20,
  0x20, 0x20, 0x22, 0x69, 0x74, 0x65, 0x6d, 0x5f, 0x69, 0x64, 0x22, 0x3a,
  0x20, 0x37, 0x39, 0x37, 0x31, 0x30, 0x2c, 0x0a, 0x20, 0x20, 0x20, 0x20,
  0x20, 0x20, 0x20, 0x20, 0x20, 0x20, 0x22, 0x73, 0x74, 0x61, 0x74, 0x5f,
  0x69, 0x64, 0x22, 0x3a, 0x20, 0x31, 0x33, 0x37, 0x37, 0x2c, 0x0a, 0x20,
  0x20, 0x20, 0x20, 0x20, 0x20, 0x20, 0x20, 0x20, 0x20, 0x22, 0x75, 0x70,
  0x67, 0x72, 0x61, 0x64, 0x65, 0x5f, 0x69, 0x64, 0x22, 0x3a, 0x20, 0x30,
  0x2c, 0x0a, 0x20, 0x20, 0x20, 0x20, 0x20, 0x20, 0x20, 0x20, 0x20, 0x20,
  0x22, 0x69, 0x6e, 0x66, 0x75, 0x73, 0x69, 0x6f, 0x6e, 0x73, 0x22, 0x3a,
  0x20, 0x5b, 0x5d, 0x0a, 0x20, 0x20, 0x20, 0x20, 0x20, 0x20, 0x20, 0x20,
  0x7d, 0x2c, 0x0a, 0x20, 0x20, 0x20, 0x20, 0x20, 0x20, 0x20, 0x20, 0x7b,
  0x0a, 0x20, 0x20, 0x20, 0x20, 0x20, 0x20, 0x20, 0x20, 0x20, 0x20, 0x22,
  0x73, 0x6c, 0x6f, 0x74, 0x22, 0x3a, 0x20, 0x22, 0x52, 0x69, 0x6e, 0x67,
  0x32, 0x22, 0x2c, 0x0a, 0x20, 0x20, 0x20, 0x20, 0x20, 0x20, 0x20, 0x20,
  0x20, 0x20, 0x22, 0x69, 0x74, 0x65, 0x6d, 0x5f, 0x69, 0x64, 0x22, 0x3a,
  0x20, 0x38, 0x31, 0x31, 0x36, 0x37, 0x2c, 0x0a, 0x20, 0x20, 0x20, 0x20,
  0x20, 0x20, 0x20, 0x20, 0x20, 0x20, 0x22, 0x73, 0x74, 0x61, 0x74, 0x5f,
  0x69, 0x64, 0x22, 0x3a, 0x20, 0x31, 0x33, 0x37, 0x37, 0x2c, 0x0a, 0x20,
  0x20, 0x20, 0x20, 0x20, 0x20, 0x20, 0x20, 0x20, 0x20, 0x22, 0x75, 0x70,
  0x67, 0x72, 0x61, 0x64, 0x65, 0x5f, 0x69, 0x64, 0x22, 0x3a, 0x20, 0x30,
  0x2c, 0x0a, 0x20, 0x20, 0x20, 0x20, 0x20, 0x20, 0x20, 0x20, 0x20, 0x20,
  0x22, 0x69, 0x6e, 0x66, 0x75, 0x73, 0x69, 0x6f, 0x6e, 0x73, 0x22, 0x3a,
  0x20, 0x5b, 0x5d, 0x0a, 0x20, 0x20, 0x20, 0x20, 0x20, 0x20, 0x20, 0x20,
  0x7d, 0x2c, 0x0a, 0x20, 0x20, 0x20, 0x20, 0x20, 0x20, 0x20, 0x20, 0x7b,
  0x0a, 0x20, 0x20, 0x20, 0x20, 0x20, 0x20, 0x20, 0x20, 0x20, 0x20, 0x22,
  0x73, 0x6c, 0x6f, 0x74, 0x22, 0x3a, 0x20, 0x22, 0x57, 0x65, 0x61, 0x70,
  0x6f, 0x6e, 0x41, 0x31, 0x22, 0x2c, 0x0a, 0x20, 0x20, 0x20, 0x20, 0x20,
  0x20, 0x20, 0x20, 0x20, 0x20, 0x22, 0x69, 0x74, 0x65, 0x6d, 0x5f, 0x69,
  0x64, 0x22, 0x3a, 0x20, 0x38, 0x35, 0x30, 0x35, 0x31, 0x2c, 0x0a, 0x20,
  0x20, 0x20, 0x20, 0x20, 0x20, 0x20, 0x20, 0x20, 0x20, 0x22, 0x73, 0x74,
  0x61, 0x74, 0x5f, 0x69, 0x64, 0x22, 0x3a, 0x20, 0x31, 0x33, 0x37, 0x37,
  0x2c, 0x0a, 0x20, 0x20, 0x20, 0x20, 0x20, 0x20, 0x20, 0x20, 0x20, 0x20,
  0x22, 0x75, 0x70, 0x67, 0x72, 0x61, 0x64, 0x65, 0x5f, 0x69, 0x64, 0x22,
  0x3a, 0x20, 0x37, 0x34, 0x33, 0x32, 0x36, 0x2c, 0x0a, 0x20, 0x20, 0x20,
  0x20, 0x20, 0x20, 0x20, 0x20, 0x20, 0x20, 0x22, 0x69, 0x6e, 0x66, 0x75,
  0x73, 0x69, 0x6f, 0x6e, 0x73, 0x22, 0x3a, 0x20, 0x5b, 0x5d, 0x0a, 0x20,
  0x20, 0x20, 0x20, 0x20, 0x20, 0x20, 0x20, 0x7d, 0x2c, 0x0a, 0x20, 0x20,
  0x20, 0x20, 0x20, 0x20, 0x20, 0x20, 0x7b, 0x0a, 0x20, 0x20, 0x20, 0x20,
  0x20, 0x20, 0x20, 0x20, 0x20, 0x20, 0x22, 0x73, 0x6c, 0x6f, 0x74, 0x22,
  0x3a, 0x20, 0x22, 0x57, 0x65, 0x61, 0x70, 0x6f, 0x6e, 0x41, 0x32, 0x22,
  0x2c, 0x0a, 0x20, 0x20, 0x20, 0x20, 0x20, 0x20, 0x20, 0x20, 0x20, 0x20,
  0x22, 0x69, 0x74, 0x65, 0x6d, 0x5f, 0x69, 0x64, 0x22, 0x3a, 0x20, 0x38,
  0x34, 0x39, 0x37, 0x33, 0x2c, 0x0a, 0x20, 0x20, 0x20, 0x20, 0x20, 0x20,
  0x20, 0x20, 0x20, 0x20, 0x22, 0x73, 0x74, 0x61, 0x74, 0x5f, 0x69, 0x64,
  0x22, 0x3a, 0x20, 0x31, 0x33, 0x37, 0x37, 0x2c, 0x0a, 0x20, 0x20, 0x20,
  0x20, 0x20, 0x20, 0x20, 0x20, 0x20, 0x20, 0x22, 0x75, 0x70, 0x67, 0x72,
  0x61, 0x64, 0x65, 0x5f, 0x69, 0x64, 0x22, 0x3a, 0x20, 0x32, 0x34, 0x36,
  0x33, 0x39, 0x2c, 0x0a, 0x20, 0x20, 0x20, 0x20, 0x20, 0x20, 0x20, 0x20,
  0x20, 0x20, 0x22, 0x69, 0x6e, 0x66, 0x75, 0x73, 0x69, 0x6f, 0x6e, 0x73,
  0x22, 0x3a, 0x20, 0x5b, 0x5d, 0x0a, 0x20, 0x20, 0x20, 0x20, 0x20, 0x20,
  0x20, 0x20, 0x7d, 0x0a, 0x20, 0x20, 0x20, 0x20, 0x20, 0x20, 0x5d, 0x0a,
  0x20, 0x20, 0x20, 0x20, 0x7d, 0x2c, 0x0a, 0x20, 0x20, 0x20, 0x20, 0x22,
  0x72, 0x6f, 0x74, 0x61, 0x74, 0x69, 0x6f, 0x6e, 0x22, 0x3a, 0x20, 0x7b,
  0x0a, 0x20, 0x20, 0x20, 0x20, 0x20, 0x20, 0x22, 0x6f, 0x70, 0x65, 0x6e,
  0x65, 0x72, 0x22, 0x3a, 0x20, 0x5b, 0x5d, 0x2c, 0x0a, 0x20, 0x20, 0x20,
  0x20, 0x20, 0x20, 0x22, 0x6c, 0x6f, 0x6f, 0x70, 0x22, 0x3a, 0x20, 0x5b,
  0x5d, 0x0a, 0x20, 0x20, 0x20, 0x20, 0x7d, 0x0a, 0x20, 0x20, 0x7d, 0x2c,
  0x0a, 0x20, 0x20, 0x7b, 0x0a, 0x20, 0x20, 0x20, 0x20, 0x22, 0x69, 0x64,
  0x22, 0x3a, 0x20, 0x22, 0x65, 0x6c, 0x65, 0x6d, 0x65, 0x6e, 0x74, 0x61,
  0x6c, 0x69, 0x73, 0x74, 0x2d, 0x70, 0x6f, 0x77, 0x65, 0x72, 0x2d, 0x74,
  0x65, 0x6d, 0x70, 0x65, 0x73, 0x74, 0x22, 0x2c, 0x0a, 0x20, 0x20, 0x20,
  0x20, 0x22, 0x6e, 0x61, 0x6d, 0x65, 0x22, 0x3a, 0x20, 0x22, 0x50, 0x6f,
  0x77, 0x65, 0x72, 0x20, 0x54, 0x65, 0x6d, 0x70, 0x65, 0x73, 0x74, 0x22,
  0x2c, 0x0a, 0x20, 0x20, 0x20, 0x20, 0x22, 0x70, 0x72, 0x6f, 0x66, 0x65,
  0x73, 0x73, 0x69, 0x6f, 0x6e, 0x22, 0x3a, 0x20, 0x22, 0x45, 0x6c, 0x65,
  0x6d, 0x65, 0x6e, 0x74, 0x61, 0x6c, 0x69, 0x73, 0x74, 0x22, 0x2c, 0x0a,
  0x20, 0x20, 0x20, 0x20, 0x22, 0x65, 0x6c, 0x69, 0x74, 0x65, 0x5f, 0x73,
  0x70, 0x65, 0x63, 0x22, 0x3a, 0x20, 0x22, 0x54, 0x65, 0x6d, 0x70, 0x65,
  0x73, 0x74, 0x22, 0x2c, 0x0a, 0x20, 0x20, 0x20, 0x20, 0x22, 0x62, 0x75,
  0x69, 0x6c, 0x64, 0x5f, 0x74, 0x79, 0x70, 0x65, 0x22, 0x3a, 0x20, 0x22,
  0x50, 0x6f, 0x77, 0x65, 0x72, 0x22, 0x2c, 0x0a, 0x20, 0x20, 0x20, 0x20,
  0x22, 0x70, 0x61, 0x74, 0x63, 0x68, 0x5f, 0x76, 0x65, 0x72, 0x73, 0x69,
  0x6f, 0x6e, 0x22, 0x3a, 0x20, 0x22, 0x22, 0x2c, 0x0a, 0x20, 0x20, 0x20,
  0x20, 0x22, 0x62, 0x65, 0x6e, 0x63, 0x68, 0x6d, 0x61, 0x72, 0x6b, 0x5f,
  0x64, 0x70, 0x73, 0x22, 0x3a, 0x20, 0x30, 0x2e, 0x30, 0x2c, 0x0a, 0x20,
  0x20, 0x20, 0x20, 0x22, 0x6e, 0x6f, 0x74, 0x65, 0x73, 0x22, 0x3a, 0x20,
  0x22, 0x47, 0x75, 0x69, 0x6c, 0x64, 0x20, 0x57, 0x61, 0x72, 0x73, 0x20,
  0x32, 0x20, 0x50, 0x6f, 0x77, 0x65, 0x72, 0x20, 0x54, 0x65, 0x6d, 0x70,
  0x65, 0x73, 0x74, 0x20, 0x2d, 0x20, 0x53, 0x63, 0x65, 0x70, 0x74, 0x65,
  0x72, 0x20, 0x26, 0x20, 0x44, 0x61, 0x67, 0x67, 0x65, 0x72, 0x20, 0x4d,
  0x65, 0x74, 0x61, 0x20, 0x62, 0x75, 0x69, 0x6c, 0x64, 0x20, 0x66, 0x6f,
  0x72, 0x20, 0x61, 0x63, 0x63, 0x65, 0x73, 0x73, 0x69, 0x62, 0x75, 0x69,
  0x6c, 0x64, 0x73, 0x3a, 0x20, 0x63, 0x6f, 0x6d, 0x70, 0x6c, 0x65, 0x74,
  0x65, 0x20, 0x67, 0x75, 0x69, 0x64, 0x65, 0x20, 0x77, 0x69, 0x74, 0x68,
  0x20, 0x67, 0x65, 0x61, 0x72, 0x2c, 0x20, 0x72, 0x75, 0x6e, 0x65, 0x73,
  0x2c, 0x20, 0x72, 0x65, 0x6c, 0x69, 0x63, 0x73, 0x2c, 0x20, 0x74, 0x72,
  0x61, 0x69, 0x74, 0x73, 0x2c, 0x20, 0x61, 0x6e, 0x64, 0x20, 0x72, 0x6f,
  0x74, 0x61, 0x74, 0x69, 0x6f, 0x6e, 0x20, 0x74, 0x69, 0x70, 0x73, 0x2e,
  0x22, 0x2c, 0x0a, 0x20, 0x20, 0x20, 0x20, 0x22, 0x73, 0x6f, 0x75, 0x72,
  0x63, 0x65, 0x5f, 0x75, 0x72, 0x6c, 0x22, 0x3a, 0x20, 0x22, 0x68, 0x74,
  0x74, 0x70, 0x73, 0x3a, 0x2f, 0x2f, 0x73, 0x6e, 0x6f, 0x77, 0x63, 0x72,
  0x6f, 0x77, 0x73, 0x2e, 0x63, 0x6f, 0x6d, 0x2f, 0x62, 0x75, 0x69, 0x6c,
  0x64, 0x73, 0x2f, 0x61, 0x63, 0x63, 0x65, 0x73, 0x73, 0x69, 0x62, 0x75,
  0x69, 0x6c, 0x64, 0x73, 0x2f, 0x65, 0x6c, 0x65, 0x6d, 0x65, 0x6e, 0x74,
  0x61, 0x6c, 0x69, 0x73, 0x74, 0x2f, 0x70, 0x6f, 0x77, 0x65, 0x72, 0x2d,
  0x74, 0x65, 0x6d, 0x70, 0x65, 0x73, 0x74, 0x22, 0x2c, 0x0a, 0x20, 0x20,
  0x20, 0x20, 0x22, 0x63, 0x68, 0x61, 0x74, 0x5f, 0x63, 0x6f, 0x64, 0x65,
  0x22, 0x3a, 0x20, 0x22, 0x5b, 0x26, 0x44, 0x51, 0x59, 0x66, 0x48, 0x53,
  0x6b, 0x76, 0x4d, 0x42, 0x66, 0x48, 0x45, 0x67, 0x41, 0x41, 0x77, 0x78,
  0x49, 0x41, 0x41, 0x46, 0x41, 0x42, 0x41, 0x41, 0x44, 0x4c, 0x41, 0x41,
  0x41, 0x41, 0x4a, 0x67, 0x41, 0x41, 0x41, 0x41, 0x41, 0x41, 0x41, 0x41,
  0x41, 0x41, 0x41, 0x41, 0x41, 0x41, 0x41, 0x41, 0x41, 0x41, 0x41, 0x41,
  0x41, 0x41, 0x41, 0x41, 0x41, 0x3d, 0x5d, 0x22, 0x2c, 0x0a, 0x20, 0x20,
  0x20, 0x20, 0x22, 0x69, 0x73, 0x5f, 0x6c, 0x65, 0x67, 0x61, 0x63, 0x79,
  0x22, 0x3a, 0x20, 0x66, 0x61, 0x6c, 0x73, 0x65, 0x2c, 0x0a, 0x20, 0x20,
  0x20, 0x20, 0x22, 0x61, 0x63, 0x63, 0x65, 0x73, 0x73, 0x69, 0x62, 0x69,
  0x6c, 0x69, 0x74, 0x79, 0x22, 0x3a, 0x20, 0x74, 0x72, 0x75, 0x65, 0x2c,
  0x0a, 0x20, 0x20, 0x20, 0x20, 0x22, 0x74, 0x72, 0x61, 0x69, 0x74, 0x73,
  0x22, 0x3a, 0x20, 0x7b, 0x0a, 0x20, 0x20, 0x20, 0x20, 0x20, 0x20, 0x22,
  0x6c, 0x69, 0x6e, 0x65, 0x31, 0x22, 0x3a, 0x20, 0x7b, 0x0a, 0x20, 0x20,
  0x20, 0x20, 0x20, 0x20, 0x20, 0x20, 0x22, 0x73, 0x70, 0x65, 0x63, 0x5f,
  0x69, 0x64, 0x22, 0x3a, 0x20, 0x33, 0x31, 0x2c, 0x0a, 0x20, 0x20, 0x20,
  0x20, 0x20, 0x20, 0x20, 0x20, 0x22, 0x74, 0x72, 0x61, 0x69, 0x74, 0x73,
  0x22, 0x3a, 0x20, 0x5b, 0x0a, 0x20, 0x20, 0x20, 0x20, 0x20, 0x20, 0x20,
  0x20, 0x20, 0x20, 0x32, 0x39, 0x36, 0x2c, 0x0a, 0x20, 0x20, 0x20, 0x20,
  0x20, 0x20, 0x20, 0x20, 0x20, 0x20, 0x33, 0x33, 0x34, 0x2c, 0x0a, 0x20,
  0x20, 0x20, 0x20, 0x20, 0x20, 0x20, 0x20, 0x20, 0x20, 0x31, 0x35, 0x31,
  0x30, 0x0a, 0x20, 0x20, 0x20, 0x20, 0x20, 0x20, 0x20, 0x20, 0x5d, 0x0a,
  0x20, 0x20, 0x20, 0x20, 0x20, 0x20, 0x7d, 0x2c, 0x0a, 0x20, 0x20, 0x20,
  0x20, 0x20, 0x20, 0x22, 0x6c, 0x69, 0x6e, 0x65, 0x32, 0x22, 0x3a, 0x20,
  0x7b, 0x0a, 0x20, 0x20, 0x20, 0x20, 0x20, 0x20, 0x20, 0x20, 0x22, 0x73,
  0x70, 0x65, 0x63, 0x5f, 0x69, 0x64, 0x22, 0x3a, 0x20, 0x34, 0x31, 0x2c,
  0x0a, 0x20, 0x20, 0x20, 0x20, 0x20, 0x20, 0x20, 0x20, 0x22, 0x74, 0x72,
  0x61, 0x69, 0x74, 0x73, 0x22, 0x3a, 0x20, 0x5b, 0x0a, 0x20, 0x20, 0x20,
  0x20, 0x20, 0x20, 0x20, 0x20, 0x20, 0x20, 0x32, 0x33, 0x32, 0x2c, 0x0a,
  0x20, 0x20, 0x20, 0x20, 0x20, 0x20, 0x20, 0x20, 0x20, 0x20, 0x31, 0x35,
  0x30, 0x32, 0x2c, 0x0a, 0x20, 0x20, 0x20, 0x20, 0x20, 0x20, 0x20, 0x20,
  0x20, 0x20, 0x31, 0x35, 0x30, 0x33, 0x0a, 0x20, 0x20, 0x20, 0x20, 0x20,
  0x20, 0x20, 0x20, 0x5d, 0x0a, 0x20, 0x20, 0x20, 0x20, 0x20, 0x20, 0x7d,
  0x2c, 0x0a, 0x20, 0x20, 0x20, 0x20, 0x20, 0x20, 0x22, 0x6c, 0x69, 0x6e,
  0x65, 0x33, 0x22, 0x3a, 0x20, 0x7b, 0x0a, 0x20, 0x20, 0x20, 0x20, 0x20,
  0x20, 0x20, 0x20, 0x22, 0x73, 0x70, 0x65, 0x63, 0x5f, 0x69, 0x64, 0x22,
  0x3a, 0x20, 0x34, 0x38, 0x2c, 0x0a, 0x20, 0x20, 0x20, 0x20, 0x20, 0x20,
  0x20, 0x20, 0x22, 0x74, 0x72, 0x61, 0x69, 0x74, 0x73, 0x22, 0x3a, 0x20,
  0x5b, 0x0a, 0x20, 0x20, 0x20, 0x20, 0x20, 0x20, 0x20, 0x20, 0x20, 0x20,
  0x31, 0x38, 0x38, 0x36, 0x2c, 0x0a, 0x20, 0x20, 0x20, 0x20, 0x20, 0x20,
  0x20, 0x20, 0x20, 0x20, 0x31, 0x38, 0x39, 0x31, 0x2c, 0x0a, 0x20, 0x20,
  0x20, 0x20, 0x20, 0x20, 0x20, 0x20, 0x20, 0x20, 0x31, 0x38, 0x33, 0x39,
  0x0a, 0x20, 0x20, 0x20, 0x20, 0x20, 0x20, 0x20, 0x20, 0x5d, 0x0a, 0x20,
  0x20, 0x20, 0x20, 0x20, 0x20, 0x7d, 0x0a, 0x20, 0x20, 0x20, 0x20, 0x7d,
  0x2c, 0x0a, 0x20, 0x20, 0x20, 0x20, 0x22, 0x73, 0x6b, 0x69, 0x6c, 0x6c,
  0x73, 0x22, 0x3a, 0x20, 0x7b, 0x0a, 0x20, 0x20, 0x20, 0x20, 0x20, 0x20,
  0x22, 0x68, 0x65, 0x61, 0x6c, 0x22, 0x3a, 0x20, 0x32, 0x39, 0x35, 0x33,
  0x35, 0x2c, 0x0a, 0x20, 0x20, 0x20, 0x20, 0x20, 0x20, 0x22, 0x75, 0x74,
  0x69, 0x6c, 0x69, 0x74, 0x69, 0x65, 0x73, 0x22, 0x3a, 0x20, 0x5b, 0x0a,
  0x20, 0x20, 0x20, 0x20, 0x20, 0x20, 0x20, 0x20, 0x33, 0x30, 0x36, 0x36,
  0x32, 0x2c, 0x0a, 0x20, 0x20, 0x20, 0x20, 0x20, 0x20, 0x20, 0x20, 0x35,
  0x35, 0x33, 0x39, 0x2c, 0x0a, 0x20, 0x20, 0x20, 0x20, 0x20, 0x20, 0x20,
  0x20, 0x35, 0x35, 0x34, 0x32, 0x0a, 0x20, 0x20, 0x20, 0x20, 0x20, 0x20,
  0x5d, 0x2c, 0x0a, 0x20, 0x20, 0x20, 0x20, 0x20, 0x20, 0x22, 0x65, 0x6c,
  0x69, 0x74, 0x65, 0x22, 0x3a, 0x20, 0x35, 0x36, 0x36, 0x36, 0x0a, 0x20,
  0x20, 0x20, 0x20, 0x7d, 0x2c, 0x0a, 0x20, 0x20, 0x20, 0x20, 0x22, 0x6c,
  0x65, 0x67, 0x65, 0x6e, 0x64, 0x73, 0x22, 0x3a, 0x20, 0x5b, 0x0a, 0x20,
  0x20, 0x20, 0x20, 0x20, 0x20, 0x30, 0x2c, 0x0a, 0x20, 0x20, 0x20, 0x20,
  0x20, 0x20, 0x30, 0x0a, 0x20, 0x20, 0x20, 0x20, 0x5d, 0x2c, 0x0a, 0x20,
  0x20, 0x20, 0x20, 0x22, 0x70, 0x65, 0x74, 0x73, 0x22, 0x3a, 0x20, 0x5b,
  0x0a, 0x20, 0x20, 0x20, 0x20, 0x20, 0x20, 0x30, 0x2c, 0x0a, 0x20, 0x20,
  0x20, 0x20, 0x20, 0x20, 0x30, 0x0a, 0x20, 0x20, 0x20, 0x20, 0x5d, 0x2c,
  0x0a, 0x20, 0x20, 0x20, 0x20, 0x22, 0x67, 0x65, 0x61, 0x72, 0x22, 0x3a,
  0x20, 0x7b, 0x0a, 0x20, 0x20, 0x20, 0x20, 0x20, 0x20, 0x22, 0x72, 0x65,
  0x6c, 0x69, 0x63, 0x5f, 0x69, 0x64, 0x22, 0x3a, 0x20, 0x31, 0x30, 0x30,
  0x39, 0x34, 0x37, 0x2c, 0x0a, 0x20, 0x20, 0x20, 0x20, 0x20, 0x20, 0x22,
  0x66, 0x6f, 0x6f, 0x64, 0x5f, 0x69, 0x64, 0x22, 0x3a, 0x20, 0x39, 0x31,
  0x37, 0x30, 0x39, 0x2c, 0x0a, 0x20, 0x20, 0x20, 0x20, 0x20, 0x20, 0x22,
  0x75, 0x74, 0x69, 0x6c, 0x69, 0x74, 0x79, 0x5f, 0x69, 0x64, 0x22, 0x3a,
  0x20, 0x34, 0x33, 0x34, 0x35, 0x31, 0x2c, 0x0a, 0x20, 0x20, 0x20, 0x20,
  0x20, 0x20, 0x22, 0x69, 0x74, 0x65, 0x6d, 0x73, 0x22, 0x3a, 0x20, 0x5b,
  0x0a, 0x20, 0x20, 0x20, 0x20, 0x20, 0x20, 0x20, 0x20, 0x7b, 0x0a, 0x20,
  0x20, 0x20, 0x20, 0x20, 0x20, 0x20, 0x20, 0x20, 0x20, 0x22, 0x73, 0x6c,
  0x6f, 0x74, 0x22, 0x3a, 0x20, 0x22, 0x48, 0x65, 0x6c, 0x6d, 0x22, 0x2c,
  0x0a, 0x20, 0x20, 0x20, 0x20, 0x20, 0x20, 0x20, 0x20, 0x20, 0x20, 0x22,
  0x69, 0x74, 0x65, 0x6d, 0x5f, 0x69, 0x64, 0x22, 0x3a, 0x20, 0x34, 0x38,
  0x30, 0x38, 0x31, 0x2c, 0x0a, 0x20, 0x20, 0x20, 0x20, 0x20, 0x20, 0x20,
  0x20, 0x20, 0x20, 0x22, 0x73, 0x74, 0x61, 0x74, 0x5f, 0x69, 0x64, 0x22,
  0x3a, 0x20, 0x31, 0x30, 0x37, 0x37, 0x2c, 0x0a, 0x20, 0x20, 0x20, 0x20,
  0x20, 0x20, 0x20, 0x20, 0x20, 0x20, 0x22, 0x75, 0x70, 0x67, 0x72, 0x61,
  0x64, 0x65, 0x5f, 0x69, 0x64, 0x22, 0x3a, 0x20, 0x32, 0x34, 0x38, 0x33,
  0x36, 0x2c, 0x0a, 0x20, 0x20, 0x20, 0x20, 0x20, 0x20, 0x20, 0x20, 0x20,
  0x20, 0x22, 0x69, 0x6e, 0x66, 0x75, 0x73, 0x69, 0x6f, 0x6e, 0x73, 0x22,
  0x3a, 0x20, 0x5b, 0x5d, 0x0a, 0x20, 0x20, 0x20, 0x20, 0x20, 0x20, 0x20,
  0x20, 0x7d, 0x2c, 0x0a, 0x20, 0x20, 0x20, 0x20, 0x20, 0x20, 0x20, 0x20,
  0x7b, 0x0a, 0x20, 0x20, 0x20, 0x20, 0x20, 0x20, 0x20, 0x20, 0x20, 0x20,
  0x22, 0x73, 0x6c, 0x6f, 0x74, 0x22, 0x3a, 0x20, 0x22, 0x53, 0x68, 0x6f,
  0x75, 0x6c, 0x64, 0x65, 0x72, 0x73, 0x22, 0x2c, 0x0a, 0x20, 0x20, 0x20,
  0x20, 0x20, 0x20, 0x20, 0x20, 0x20, 0x20, 0x22, 0x69, 0x74, 0x65, 0x6d,
  0x5f, 0x69, 0x64, 0x22, 0x3a, 0x20, 0x34, 0x38, 0x30, 0x38, 0x33, 0x2c,
  0x0a, 0x20, 0x20, 0x20, 0x20, 0x20, 0x20, 0x20, 0x20, 0x20, 0x20, 0x22,
  0x73, 0x74, 0x61, 0x74, 0x5f, 0x69, 0x64, 0x22, 0x3a, 0x20, 0x31, 0x30,
  0x37, 0x37, 0x2c, 0x0a, 0x20, 0x20, 0x20, 0x20, 0x20, 0x20, 0x20, 0x20,
  0x20, 0x20, 0x22, 0x75, 0x70, 0x67, 0x72, 0x61, 0x64, 0x65, 0x5f, 0x69,
  0x64, 0x22, 0x3a, 0x20, 0x32, 0x34, 0x38, 0x33, 0x36, 0x2c, 0x0a, 0x20,
  0x20, 0x20, 0x20, 0x20, 0x20, 0x20, 0x20, 0x20, 0x20, 0x22, 0x69, 0x6e,
  0x66, 0x75, 0x73, 0x69, 0x6f, 0x6e, 0x73, 0x22, 0x3a, 0x20, 0x5b, 0x5d,
  0x0a, 0x20, 0x20, 0x20, 0x20, 0x20, 0x20, 0x20, 0x20, 0x7d, 0x2c, 0x0a,
  0x20, 0x20, 0x20, 0x20, 0x20, 0x20, 0x20, 0x20, 0x7b, 0x0a, 0x20, 0x20,
  0x20, 0x20, 0x20, 0x20, 0x20, 0x20, 0x20, 0x20, 0x22, 0x73, 0x6c, 0x6f,
  0x74, 0x22, 0x3a, 0x20, 0x22, 0x43, 0x68, 0x65, 0x73, 0x74, 0x22, 0x2c,
  0x0a, 0x20, 0x20, 0x20, 0x20, 0x20, 0x20, 0x20, 0x20, 0x20, 0x20, 0x22,
  0x69, 0x74, 0x65, 0x6d, 0x5f, 0x69, 0x64, 0x22, 0x3a, 0x20, 0x34, 0x38,
  0x30, 0x37, 0x39, 0x2c, 0x0a, 0x20, 0x20, 0x20, 0x20, 0x20, 0x20, 0x20,
  0x20, 0x20, 0x20, 0x22, 0x73, 0x74, 0x61, 0x74, 0x5f, 0x69, 0x64, 0x22,
  0x3a, 0x20, 0x31, 0x30, 0x37, 0x37, 0x2c, 0x0a, 0x20, 0x20, 0x20, 0x20,
  0x20, 0x20, 0x20, 0x20, 0x20, 0x20, 0x22, 0x75, 0x70, 0x67, 0x72, 0x61,
  0x64, 0x65, 0x5f, 0x69, 0x64, 0x22, 0x3a, 0x20, 0x32, 0x34, 0x38, 0x33,
  0x36, 0x2c, 0x0a, 0x20, 0x20, 0x20, 0x20, 0x20, 0x20, 0x20, 0x20, 0x20,
  0x20, 0x22, 0x69, 0x6e, 0x66, 0x75, 0x73, 0x69, 0x6f, 0x6e, 0x73, 0x22,
  0x3a, 0x20, 0x5b, 0x5d, 0x0a, 0x20, 0x20, 0x20, 0x20, 0x20, 0x20, 0x20,
  0x20, 0x7d, 0x2c, 0x0a, 0x20, 0x20, 0x20, 0x20, 0x20, 0x20, 0x20, 0x20,
  0x7b, 0x0a, 0x20, 0x20, 0x20, 0x20, 0x20, 0x20, 0x20, 0x20, 0x20, 0x20,
  0x22, 0x73, 0x6c, 0x6f, 0x74, 0x22, 0x3a, 0x20, 0x22, 0x47, 0x6c, 0x6f,
  0x76, 0x65, 0x73, 0x22, 0x2c, 0x0a, 0x20, 0x20, 0x20, 0x20, 0x20, 0x20,
  0x20, 0x20, 0x20, 0x20, 0x22, 0x69, 0x74, 0x65, 0x6d, 0x5f, 0x69, 0x64,
  0x22, 0x3a, 0x20, 0x34, 0x38, 0x30, 0x38, 0x30, 0x2c, 0x0a, 0x20, 0x20,
  0x20, 0x20, 0x20, 0x20, 0x20, 0x20, 0x20, 0x20, 0x22, 0x73, 0x74, 0x61,
  0x74, 0x5f, 0x69, 0x64, 0x22, 0x3a, 0x20, 0x31, 0x30, 0x37, 0x37, 0x2c,
  0x0a, 0x20, 0x20, 0x20, 0x20, 0x20, 0x20, 0x20, 0x20, 0x20, 0x20, 0x22,
  0x75, 0x70, 0x67, 0x72, 0x61, 0x64, 0x65, 0x5f, 0x69, 0x64, 0x22, 0x3a,
  0x20, 0x32, 0x34, 0x38, 0x33, 0x36, 0x2c, 0x0a, 0x20, 0x20, 0x20, 0x20,
  0x20, 0x20, 0x20, 0x20, 0x20, 0x20, 0x22, 0x69, 0x6e, 0x66, 0x75, 0x73,
  0x69, 0x6f, 0x6e, 0x73, 0x22, 0x3a, 0x20, 0x5b, 0x5d, 0x0a, 0x20, 0x20,
  0x20, 0x20, 0x20, 0x20, 0x20, 0x20, 0x7d, 0x2c, 0x0a, 0x20, 0x20, 0x20,
  0x20, 0x20, 0x20, 0x20, 0x20, 0x7b, 0x0a, 0x20, 0x20, 0x20, 0x20, 0x20,
  0x20, 0x20, 0x20, 0x20, 0x20, 0x22, 0x73, 0x6c, 0x6f, 0x74, 0x22, 0x3a,
  0x20, 0x22, 0x4c, 0x65, 0x67, 0x67, 0x69, 0x6e, 0x67, 0x73, 0x22, 0x2c,
  0x0a, 0x20, 0x20, 0x20, 0x20, 0x20, 0x20, 0x20, 0x20, 0x20, 0x20, 0x22,
  0x69, 0x74, 0x65, 0x6d, 0x5f, 0x69, 0x64, 0x22, 0x3a, 0x20, 0x34, 0x38,
  0x30, 0x38, 0x32, 0x2c, 0x0a, 0x20, 0x20, 0x20, 0x20, 0x20, 0x20, 0x20,
  0x20, 0x20, 0x20, 0x22, 0x73, 0x74, 0x61, 0x74, 0x5f, 0x69, 0x64, 0x22,
  0x3a, 0x20, 0x31, 0x30, 0x37, 0x37, 0x2c, 0x0a, 0x20, 0x20, 0x20, 0x20,
  0x20, 0x20, 0x20, 0x20, 0x20, 0x20, 0x22, 0x75, 0x70, 0x67, 0x72, 0x61,
  0x64, 0x65, 0x5f, 0x69, 0x64, 0x22, 0x3a, 0x20, 0x32, 0x34, 0x38, 0x33,
  0x36, 0x2c, 0x0a, 0x20, 0x20, 0x20, 0x20, 0x20, 0x20, 0x20, 0x20, 0x20,
  0x20, 0x22, 0x69, 0x6e, 0x66, 0x75, 0x73, 0x69, 0x6f, 0x6e, 0x73, 0x22,
  0x3a, 0x20, 0x5b, 0x5d, 0x0a, 0x20, 0x20, 0x20, 0x20, 0x20, 0x20, 0x20,
  0x20, 0x7d, 0x2c, 0x0a, 0x20, 0x20, 0x20, 0x20, 0x20, 0x20, 0x20, 0x20,
  0x7b, 0x0a, 0x20, 0x20, 0x20, 0x20, 0x20, 0x20, 0x20, 0x20, 0x20, 0x20,
  0x22, 0x73, 0x6c, 0x6f, 0x74, 0x22, 0x3a, 0x20, 0x22, 0x42, 0x6f, 0x6f,
  0x74, 0x73, 0x22, 0x2c, 0x0a, 0x20, 0x20, 0x20, 0x20, 0x20, 0x20, 0x20,
  0x20, 0x20, 0x20, 0x22, 0x69, 0x74, 0x65, 0x6d, 0x5f, 0x69, 0x64, 0x22,
  0x3a, 0x20, 0x34, 0x38, 0x30, 0x37, 0x38, 0x2c, 0x0a, 0x20, 0x20, 0x20,
  0x20, 0x20, 0x20, 0x20, 0x20, 0x20, 0x20, 0x22, 0x73, 0x74, 0x61, 0x74,
  0x5f, 0x69, 0x64, 0x22, 0x3a, 0x20, 0x31, 0x30, 0x37, 0x37, 0x2c, 0x0a,
  0x20, 0x20, 0x20, 0x20, 0x20, 0x20, 0x20, 0x20, 0x20, 0x20, 0x22, 0x75,
  0x70, 0x67, 0x72, 0x61, 0x64, 0x65, 0x5f, 0x69, 0x64, 0x22, 0x3a, 0x20,
  0x32, 0x34, 0x38, 0x33, 0x36, 0x2c, 0x0a, 0x20, 0x20, 0x20, 0x20, 0x20,
  0x20, 0x20, 0x20, 0x20, 0x20, 0x22, 0x69, 0x6e, 0x66, 0x75, 0x73, 0x69,
  0x6f, 0x6e, 0x73, 0x22, 0x3a, 0x20, 0x5b, 0x5d, 0x0a, 0x20, 0x20, 0x20,
  0x20, 0x20, 0x20, 0x20, 0x20, 0x7d, 0x2c, 0x0a, 0x20, 0x20, 0x20, 0x20,
  0x20, 0x20, 0x20, 0x20, 0x7b, 0x0a, 0x20, 0x20, 0x20, 0x20, 0x20, 0x20,
  0x20, 0x20, 0x20, 0x20, 0x22, 0x73, 0x6c, 0x6f, 0x74, 0x22, 0x3a, 0x20,
  0x22, 0x42, 0x61, 0x63, 0x6b, 0x49, 0x74, 0x65, 0x6d, 0x22, 0x2c, 0x0a,
  0x20, 0x20, 0x20, 0x20, 0x20, 0x20, 0x20, 0x20, 0x20, 0x20, 0x22, 0x69,
  0x74, 0x65, 0x6d, 0x5f, 0x69, 0x64, 0x22, 0x3a, 0x20, 0x37, 0x39, 0x38,
  0x33, 0x37, 0x2c, 0x0a, 0x20, 0x20, 0x20, 0x20, 0x20, 0x20, 0x20, 0x20,
  0x20, 0x20, 0x22, 0x73, 0x74, 0x61, 0x74, 0x5f, 0x69, 0x64, 0x22, 0x3a,
  0x20, 0x31, 0x30, 0x37, 0x37, 0x2c, 0x0a, 0x20, 0x20, 0x20, 0x20, 0x20,
  0x20, 0x20, 0x20, 0x20, 0x20, 0x22, 0x75, 0x70, 0x67, 0x72, 0x61, 0x64,
  0x65, 0x5f, 0x69, 0x64, 0x22, 0x3a, 0x20, 0x30, 0x2c, 0x0a, 0x20, 0x20,
  0x20, 0x20, 0x20, 0x20, 0x20, 0x20, 0x20, 0x20, 0x22, 0x69, 0x6e, 0x66,
  0x75, 0x73, 0x69, 0x6f, 0x6e, 0x73, 0x22, 0x3a, 0x20, 0x5b, 0x5d, 0x0a,
  0x20, 0x20, 0x20, 0x20, 0x20, 0x20, 0x20, 0x20, 0x7d, 0x2c, 0x0a, 0x20,
  0x20, 0x20, 0x20, 0x20, 0x20, 0x20, 0x20, 0x7b, 0x0a, 0x20, 0x20, 0x20,
  0x20, 0x20, 0x20, 0x20, 0x20, 0x20, 0x20, 0x22, 0x73, 0x6c, 0x6f, 0x74,
  0x22, 0x3a, 0x20, 0x22, 0x41, 0x63, 0x63, 0x65, 0x73, 0x73, 0x6f, 0x72,
  0x79, 0x31, 0x22, 0x2c, 0x0a, 0x20, 0x20, 0x20, 0x20, 0x20, 0x20, 0x20,
  0x20, 0x20, 0x20, 0x22, 0x69, 0x74, 0x65, 0x6d, 0x5f, 0x69, 0x64, 0x22,
  0x3a, 0x20, 0x37, 0x39, 0x37, 0x34, 0x35, 0x2c, 0x0a, 0x20, 0x20, 0x20,
  0x20, 0x20, 0x20, 0x20, 0x20, 0x20, 0x20, 0x22, 0x73, 0x74, 0x61, 0x74,
  0x5f, 0x69, 0x64, 0x22, 0x3a, 0x20, 0x31, 0x30, 0x37, 0x37, 0x2c, 0x0a,
  0x20, 0x20, 0x20, 0x20, 0x20, 0x20, 0x20, 0x20, 0x20, 0x20, 0x22, 0x75,
  0x70, 0x67, 0x72, 0x61, 0x64, 0x65, 0x5f, 0x69, 0x64, 0x22, 0x3a, 0x20,
  0x30, 0x2c, 0x0a, 0x20, 0x20, 0x20, 0x20, 0x20, 0x20, 0x20, 0x20, 0x20,
  0x20, 0x22, 0x69, 0x6e, 0x66, 0x75, 0x73, 0x69, 0x6f, 0x6e, 0x73, 0x22,
  0x3a, 0x20, 0x5b, 0x5d, 0x0a, 0x20, 0x20, 0x20, 0x20, 0x20, 0x20, 0x20,
  0x20, 0x7d, 0x2c, 0x0a, 0x20, 0x20, 0x20, 0x20, 0x20, 0x20, 0x20, 0x20,
  0x7b, 0x0a, 0x20, 0x20, 0x20, 0x20, 0x20, 0x20, 0x20, 0x20, 0x20, 0x20,
  0x22, 0x73, 0x6c, 0x6f, 0x74, 0x22, 0x3a, 0x20, 0x22, 0x41, 0x63, 0x63,
  0x65, 0x73, 0x73, 0x6f, 0x72, 0x79, 0x32, 0x22, 0x2c, 0x0a, 0x20, 0x20,
  0x20, 0x20, 0x20, 0x20, 0x20, 0x20, 0x20, 0x20, 0x22, 0x69, 0x74, 0x65,
  0x6d, 0x5f, 0x69, 0x64, 0x22, 0x3a, 0x20, 0x37, 0x39, 0x34, 0x34, 0x34,
  0x2c, 0x0a, 0x20, 0x20, 0x20, 0x20, 0x20, 0x20, 0x20, 0x20, 0x20, 0x20,
  0x22, 0x73, 0x74, 0x61, 0x74, 0x5f, 0x69, 0x64, 0x22, 0x3a, 0x20, 0x31,
  0x30, 0x37, 0x37, 0x2c, 0x0a, 0x20, 0x20, 0x20, 0x20, 0x20, 0x20, 0x20,
  0x20, 0x20, 0x20, 0x22, 0x75, 0x70, 0x67, 0x72, 0x61, 0x64, 0x65, 0x5f,
  0x69, 0x64, 0x22, 0x3a, 0x20, 0x30, 0x2c, 0x0a, 0x20, 0x20, 0x20, 0x20,
  0x20, 0x20, 0x20, 0x20, 0x20, 0x20, 0x22, 0x69, 0x6e, 0x66, 0x75, 0x73,
  0x69, 0x6f, 0x6e, 0x73, 0x22, 0x3a, 0x20, 0x5b, 0x5d, 0x0a, 0x20, 0x20,
  0x20, 0x20, 0x20, 0x20, 0x20, 0x20, 0x7d, 0x2c, 0x0a, 0x20, 0x20, 0x20,
  0x20, 0x20, 0x20, 0x20, 0x20, 0x7b, 0x0a, 0x20, 0x20, 0x20, 0x20, 0x20,
  0x20, 0x20, 0x20, 0x20, 0x20, 0x22, 0x73, 0x6c, 0x6f, 0x74, 0x22, 0x3a,
  0x20, 0x22, 0x41, 0x6d, 0x75, 0x6c, 0x65, 0x74, 0x22, 0x2c, 0x0a, 0x20,
  0x20, 0x20, 0x20, 0x20, 0x20, 0x20, 0x20, 0x20, 0x20, 0x22, 0x69, 0x74,
  0x65, 0x6d, 0x5f, 0x69, 0x64, 0x22, 0x3a, 0x20, 0x38, 0x31, 0x31, 0x36,
  0x39, 0x2c, 0x0a, 0x20, 0x20, 0x20, 0x20, 0x20, 0x20, 0x20, 0x20, 0x20,
  0x20, 0x22, 0x73, 0x74, 0x61, 0x74, 0x5f, 0x69, 0x64, 0x22, 0x3a, 0x20,
  0x31, 0x30, 0x37, 0x37, 0x2c, 0x0a, 0x20, 0x20, 0x20, 0x20, 0x20, 0x20,
  0x20, 0x20, 0x20, 0x20, 0x22, 0x75, 0x70, 0x67, 0x72, 0x61, 0x64, 0x65,
  0x5f, 0x69, 0x64, 0x22, 0x3a, 0x20, 0x30, 0x2c, 0x0a, 0x20, 0x20, 0x20,
  0x20, 0x20, 0x20, 0x20, 0x20, 0x20, 0x20, 0x22, 0x69, 0x6e, 0x66, 0x75,
  0x73, 0x69, 0x6f, 0x6e, 0x73, 0x22, 0x3a, 0x20, 0x5b, 0x5d, 0x0a, 0x20,
  0x20, 0x20, 0x20, 0x20, 0x20, 0x20, 0x20, 0x7d, 0x2c, 0x0a, 0x20, 0x20,
  0x20, 0x20, 0x20, 0x20, 0x20, 0x20, 0x7b, 0x0a, 0x20, 0x20, 0x20, 0x20,
  0x20, 0x20, 0x20, 0x20, 0x20, 0x20, 0x22, 0x73, 0x6c, 0x6f, 0x74, 0x22,
  0x3a, 0x20, 0x22, 0x52, 0x69, 0x6e, 0x67, 0x31, 0x22, 0x2c, 0x0a, 0x20,
  0x20, 0x20, 0x20, 0x20, 0x20, 0x20, 0x20, 0x20, 0x20, 0x22, 0x69, 0x74,
  0x65, 0x6d, 0x5f, 0x69, 0x64, 0x22, 0x3a, 0x20, 0x37, 0x39, 0x37, 0x31,
  0x30, 0x2c, 0x0a, 0x20, 0x20, 0x20, 0x20, 0x20, 0x20, 0x20, 0x20, 0x20,
  0x20, 0x22, 0x73, 0x74, 0x61, 0x74, 0x5f, 0x69, 0x64, 0x22, 0x3a, 0x20,
  0x31, 0x30, 0x37, 0x37, 0x2c, 0x0a, 0x20, 0x20, 0x20, 0x20, 0x20, 0x20,
  0x20, 0x20, 0x20, 0x20, 0x22, 0x75, 0x70, 0x67, 0x72, 0x61, 0x64, 0x65,
  0x5f, 0x69, 0x64, 0x22, 0x3a, 0x20, 0x30, 0x2c, 0x0a, 0x20, 0x20, 0x20,
  0x20, 0x20, 0x20, 0x20, 0x20, 0x20, 0x20, 0x22, 0x69, 0x6e, 0x66, 0x75,
  0x73, 0x69, 0x6f, 0x6e, 0x73, 0x22, 0x3a, 0x20, 0x5b, 0x5d, 0x0a, 0x20,
  0x20, 0x20, 0x20, 0x20, 0x20, 0x20, 0x20, 0x7d, 0x2c, 0x0a, 0x20, 0x20,
  0x20, 0x20, 0x20, 0x20, 0x20, 0x20, 0x7b, 0x0a, 0x20, 0x20, 0x20, 0x20,
  0x20, 0x20, 0x20, 0x20, 0x20, 0x20, 0x22, 0x73, 0x6c, 0x6f, 0x74, 0x22,
  0x3a, 0x20, 0x22, 0x52, 0x69, 0x6e, 0x67, 0x32, 0x22, 0x2c, 0x0a, 0x20,
  0x20, 0x20, 0x20, 0x20, 0x20, 0x20, 0x20, 0x20, 0x20, 0x22, 0x69, 0x74,
  0x65, 0x6d, 0x5f, 0x69, 0x64, 0x22, 0x3a, 0x20, 0x38, 0x31, 0x31, 0x36,
  0x37, 0x2c, 0x0a, 0x20, 0x20, 0x20, 0x20, 0x20, 0x20, 0x20, 0x20, 0x20,
  0x20, 0x22, 0x73, 0x74, 0x61, 0x74, 0x5f, 0x69, 0x64, 0x22, 0x3a, 0x20,
  0x31, 0x30, 0x37, 0x37, 0x2c, 0x0a, 0x20, 0x20, 0x20, 0x20, 0x20, 0x20,
  0x20, 0x20, 0x20, 0x20, 0x22, 0x75, 0x70, 0x67, 0x72, 0x61, 0x64, 0x65,
  0x5f, 0x69, 0x64, 0x22, 0x3a, 0x20, 0x30, 0x2c, 0x0a, 0x20, 0x20, 0x20,
  0x20, 0x20, 0x20, 0x20, 0x20, 0x20, 0x20, 0x22, 0x69, 0x6e, 0x66, 0x75,
  0x73, 0x69, 0x6f, 0x6e, 0x73, 0x22, 0x3a, 0x20, 0x5b, 0x5d, 0x0a, 0x20,
  0x20, 0x20, 0x20, 0x20, 0x20, 0x20, 0x20, 0x7d, 0x2c, 0x0a, 0x20, 0x20,
  0x20, 0x20, 0x20, 0x20, 0x20, 0x20, 0x7b, 0x0a, 0x20, 0x20, 0x20, 0x20,
  0x20, 0x20, 0x20, 0x20, 0x20, 0x20, 0x22, 0x73, 0x6c, 0x6f, 0x74, 0x22,
  0x3a, 0x20, 0x22, 0x57, 0x65, 0x61, 0x70, 0x6f, 0x6e, 0x41, 0x31, 0x22,
  0x2c, 0x0a, 0x20, 0x20, 0x20, 0x20, 0x20, 0x20, 0x20, 0x20, 0x20, 0x20,
  0x22, 0x69, 0x74, 0x65, 0x6d, 0x5f, 0x69, 0x64, 0x22, 0x3a, 0x20, 0x34,
  0x36, 0x37, 0x36, 0x39, 0x2c, 0x0a, 0x20, 0x20, 0x20, 0x20, 0x20, 0x20,
  0x20, 0x20, 0x20, 0x20, 0x22, 0x73, 0x74, 0x61, 0x74, 0x5f, 0x69, 0x64,
  0x22, 0x3a, 0x20, 0x31, 0x30, 0x37, 0x37, 0x2c, 0x0a, 0x20, 0x20, 0x20,
  0x20, 0x20, 0x20, 0x20, 0x20, 0x20, 0x20, 0x22, 0x75, 0x70, 0x67, 0x72,
  0x61, 0x64, 0x65, 0x5f, 0x69, 0x64, 0x22, 0x3a, 0x20, 0x32, 0x34, 0x36,
  0x31, 0x35, 0x2c, 0x0a, 0x20, 0x20, 0x20, 0x20, 0x20, 0x20, 0x20, 0x20,
  0x20, 0x20, 0x22, 0x69, 0x6e, 0x66, 0x75, 0x73, 0x69, 0x6f, 0x6e, 0x73,
  0x22, 0x3a, 0x20, 0x5b, 0x5d, 0x0a, 0x20, 0x20, 0x20, 0x20, 0x20, 0x20,
  0x20, 0x20, 0x7d, 0x2c, 0x0a, 0x20, 0x20, 0x20, 0x20, 0x20, 0x20, 0x20,
  0x20, 0x7b, 0x0a, 0x20, 0x20, 0x20, 0x20, 0x20, 0x20, 0x20, 0x20, 0x20,
  0x20, 0x22, 0x73, 0x6c, 0x6f, 0x74, 0x22, 0x3a, 0x20, 0x22, 0x57, 0x65,
  0x61, 0x70, 0x6f, 0x6e, 0x41, 0x32, 0x22, 0x2c, 0x0a, 0x20, 0x20, 0x20,
  0x20, 0x20, 0x20, 0x20, 0x20, 0x20, 0x20, 0x22, 0x69, 0x74, 0x65, 0x6d,
  0x5f, 0x69, 0x64, 0x22, 0x3a, 0x20, 0x34, 0x36, 0x37, 0x36, 0x30, 0x2c,
  0x0a, 0x20, 0x20, 0x20, 0x20, 0x20, 0x20, 0x20, 0x20, 0x20, 0x20, 0x22,
  0x73, 0x74, 0x61, 0x74, 0x5f, 0x69, 0x64, 0x22, 0x3a, 0x20, 0x31, 0x30,
  0x37, 0x37, 0x2c, 0x0a, 0x20, 0x20, 0x20, 0x20, 0x20, 0x20, 0x20, 0x20,
  0x20, 0x20, 0x22, 0x75, 0x70, 0x67, 0x72, 0x61, 0x64, 0x65, 0x5f, 0x69,
  0x64, 0x22, 0x3a, 0x20, 0x32, 0x34, 0x36, 0x31, 0x38, 0x2c, 0x0a, 0x20,
  0x20, 0x20, 0x20, 0x20, 0x20, 0x20, 0x20, 0x20, 0x20, 0x22, 0x69, 0x6e,
  0x66, 0x75, 0x73, 0x69, 0x6f, 0x6e, 0x73, 0x22, 0x3a, 0x20, 0x5b, 0x5d,
  0x0a, 0x20, 0x20, 0x20, 0x20, 0x20, 0x20, 0x20, 0x20, 0x7d, 0x0a, 0x20,
  0x20, 0x20, 0x20, 0x20, 0x20, 0x5d, 0x0a, 0x20, 0x20, 0x20, 0x20, 0x7d,
  0x2c, 0x0a, 0x20, 0x20, 0x20, 0x20, 0x22, 0x72, 0x6f, 0x74, 0x61, 0x74,
  0x69, 0x6f, 0x6e, 0x22, 0x3a, 0x20, 0x7b, 0x0a, 0x20, 0x20, 0x20, 0x20,
  0x20, 0x20, 0x22, 0x6f, 0x70, 0x65, 0x6e, 0x65, 0x72, 0x22, 0x3a, 0x20,
  0x5b, 0x5d, 0x2c, 0x0a, 0x20, 0x20, 0x20, 0x20, 0x20, 0x20, 0x22, 0x6c,
  0x6f, 0x6f, 0x70, 0x22, 0x3a, 0x20, 0x5b, 0x5d, 0x0a, 0x20, 0x20, 0x20,
  0x20, 0x7d, 0x0a, 0x20, 0x20, 0x7d, 0x2c, 0x0a, 0x20, 0x20, 0x7b, 0x0a,
  0x20, 0x20, 0x20, 0x20, 0x22, 0x69, 0x64, 0x22, 0x3a, 0x20, 0x22, 0x6d,
  0x65, 0x73, 0x6d, 0x65, 0x72, 0x2d, 0x63, 0x6f, 0x6e, 0x64, 0x69, 0x74,
  0x69, 0x6f, 0x6e, 0x2d, 0x61, 0x6c, 0x61, 0x63, 0x72, 0x69, 0x74, 0x79,
  0x2d, 0x6d, 0x69, 0x72, 0x61, 0x67, 0x65, 0x22, 0x2c, 0x0a, 0x20, 0x20,
  0x20, 0x20, 0x22, 0x6e, 0x61, 0x6d, 0x65, 0x22, 0x3a, 0x20, 0x22, 0x43,
  0x6f, 0x6e, 0x64, 0x69, 0x74, 0x69, 0x6f, 0x6e, 0x20, 0x41, 0x6c, 0x61,
  0x63, 0x72, 0x69, 0x74, 0x79, 0x20, 0x4d, 0x69, 0x72, 0x61, 0x67, 0x65,
  0x22, 0x2c, 0x0a, 0x20, 0x20, 0x20, 0x20, 0x22, 0x70, 0x72, 0x6f, 0x66,
  0x65, 0x73, 0x73, 0x69, 0x6f, 0x6e, 0x22, 0x3a, 0x20, 0x22, 0x4d, 0x65,
  0x73, 0x6d, 0x65, 0x72, 0x22, 0x2c, 0x0a, 0x20, 0x20, 0x20, 0x20, 0x22,
  0x65, 0x6c, 0x69, 0x74, 0x65, 0x5f, 0x73, 0x70, 0x65, 0x63, 0x22, 0x3a,
  0x20, 0x22, 0x4d, 0x69, 0x72, 0x61, 0x67, 0x65, 0x22, 0x2c, 0x0a, 0x20,
  0x20, 0x20, 0x20, 0x22, 0x62, 0x75, 0x69, 0x6c, 0x64, 0x5f, 0x74, 0x79,
  0x70, 0x65, 0x22, 0x3a, 0x20, 0x22, 0x43, 0x6f, 0x6e, 0x64, 0x69, 0x22,
  0x2c, 0x0a, 0x20, 0x20, 0x20, 0x20, 0x22, 0x70, 0x61, 0x74, 0x63, 0x68,
  0x5f, 0x76, 0x65, 0x72, 0x73, 0x69, 0x6f, 0x6e, 0x22, 0x3a, 0x20, 0x22,
  0x22, 0x2c, 0x0a, 0x20, 0x20, 0x20, 0x20, 0x22, 0x62, 0x65, 0x6e, 0x63,
  0x68, 0x6d, 0x61, 0x72, 0x6b, 0x5f, 0x64, 0x70, 0x73, 0x22, 0x3a, 0x20,
  0x30, 0x2e, 0x30, 0x2c, 0x0a, 0x20, 0x20, 0x20, 0x20, 0x22, 0x6e, 0x6f,
  0x74, 0x65, 0x73, 0x22, 0x3a, 0x20, 0x22, 0x47, 0x75, 0x69, 0x6c, 0x64,
  0x20, 0x57, 0x61, 0x72, 0x73, 0x20, 0x32, 0x20, 0x43, 0x6f, 0x6e, 0x64,
  0x69, 0x74, 0x69, 0x6f, 0x6e, 0x20, 0x41, 0x6c, 0x61, 0x63, 0x72, 0x69,
  0x74, 0x79, 0x20, 0x4d, 0x69, 0x72, 0x61, 0x67, 0x65, 0x20, 0x2d, 0x20,
  0x53, 0x74, 0x61, 0x66, 0x66, 0x20, 0x2f, 0x20, 0x53, 0x74, 0x61, 0x66,
  0x66, 0x20, 0x4d, 0x65, 0x74, 0x61, 0x20, 0x62, 0x75, 0x69, 0x6c, 0x64,
  0x20, 0x66, 0x6f, 0x72, 0x20, 0x61, 0x63, 0x63, 0x65, 0x73, 0x73, 0x69,
  0x62, 0x75, 0x69, 0x6c, 0x64, 0x73, 0x3a, 0x20, 0x63, 0x6f, 0x6d, 0x70,
  0x6c, 0x65, 0x74, 0x65, 0x20, 0x67, 0x75, 0x69, 0x64, 0x65, 0x20, 0x77,
  0x69, 0x74, 0x68, 0x20, 0x67, 0x65, 0x61, 0x72, 0x2c, 0x20, 0x72, 0x75,
  0x6e, 0x65, 0x73, 0x2c, 0x20, 0x72, 0x65, 0x6c, 0x69, 0x63, 0x73, 0x2c,
  0x20, 0x74, 0x72, 0x61, 0x69, 0x74, 0x73, 0x2c, 0x20, 0x61, 0x6e, 0x64,
  0x20, 0x72, 0x6f, 0x74, 0x61, 0x74, 0x69, 0x6f, 0x6e, 0x20, 0x74, 0x69,
  0x70, 0x73, 0x2e, 0x22, 0x2c, 0x0a, 0x20, 0x20, 0x20, 0x20, 0x22, 0x73,
  0x6f, 0x75, 0x72, 0x63, 0x65, 0x5f, 0x75, 0x72, 0x6c, 0x22, 0x3a, 0x20,
  0x22, 0x68, 0x74, 0x74, 0x70, 0x73, 0x3a, 0x2f, 0x2f, 0x73, 0x6e, 0x6f,
  0x77, 0x63, 0x72, 0x6f, 0x77, 0x73, 0x2e, 0x63, 0x6f, 0x6d, 0x2f, 0x62,
  0x75, 0x69, 0x6c, 0x64, 0x73, 0x2f, 0x61, 0x63, 0x63, 0x65, 0x73, 0x73,
  0x69, 0x62, 0x75, 0x69, 0x6c, 0x64, 0x73, 0x2f, 0x6d, 0x65, 0x73, 0x6d,
  0x65, 0x72, 0x2f, 0x63, 0x6f, 0x6e, 0x64, 0x69, 0x74, 0x69, 0x6f, 0x6e,
  0x2d, 0x61, 0x6c, 0x61, 0x63, 0x72, 0x69, 0x74, 0x79, 0x2d, 0x6d, 0x69,
  0x72, 0x61, 0x67, 0x65, 0x22, 0x2c, 0x0a, 0x20, 0x20, 0x20, 0x20, 0x22,
  0x63, 0x68, 0x61, 0x74, 0x5f, 0x63, 0x6f, 0x64, 0x65, 0x22, 0x3a, 0x20,
  0x22, 0x5b, 0x26, 0x44, 0x51, 0x63, 0x74, 0x50, 0x51, 0x45, 0x6c, 0x4f,
  0x78, 0x76, 0x75, 0x46, 0x51, 0x41, 0x41, 0x34, 0x42, 0x55, 0x41, 0x41,
  0x49, 0x45, 0x42, 0x41, 0x41, 0x43, 0x44, 0x41, 0x51, 0x41, 0x41, 0x52,
  0x68, 0x63, 0x41, 0x41, 0x41, 0x41, 0x41, 0x41, 0x41, 0x41, 0x41, 0x41,
  0x41, 0x41, 0x41, 0x41, 0x41, 0x41, 0x41, 0x41, 0x41, 0x41, 0x41, 0x41,
  0x41, 0x41, 0x3d, 0x5d, 0x22, 0x2c, 0x0a, 0x20, 0x20, 0x20, 0x20, 0x22,
  0x69, 0x73, 0x5f, 0x6c, 0x65, 0x67, 0x61, 0x63, 0x79, 0x22, 0x3a, 0x20,
  0x66, 0x61, 0x6c, 0x73, 0x65, 0x2c, 0x0a, 0x20, 0x20, 0x20, 0x20, 0x22,
  0x61, 0x63, 0x63, 0x65, 0x73, 0x73, 0x69, 0x62, 0x69, 0x6c, 0x69, 0x74,
  0x79, 0x22, 0x3a, 0x20, 0x74, 0x72, 0x75, 0x65, 0x2c, 0x0a, 0x20, 0x20,
  0x20, 0x20, 0x22, 0x74, 0x72, 0x61, 0x69, 0x74, 0x73, 0x22, 0x3a, 0x20,
  0x7b, 0x0a, 0x20, 0x20, 0x20, 0x20, 0x20, 0x20, 0x22, 0x6c, 0x69, 0x6e,
  0x65, 0x31, 0x22, 0x3a, 0x20, 0x7b, 0x0a, 0x20, 0x20, 0x20, 0x20, 0x20,
  0x20, 0x20, 0x20, 0x22, 0x73, 0x70, 0x65, 0x63, 0x5f, 0x69, 0x64, 0x22,
  0x3a, 0x20, 0x34, 0x35, 0x2c, 0x0a, 0x20, 0x20, 0x20, 0x20, 0x20, 0x20,
  0x20, 0x20, 0x22, 0x74, 0x72, 0x61, 0x69, 0x74, 0x73, 0x22, 0x3a, 0x20,
  0x5b, 0x0a, 0x20, 0x20, 0x20, 0x20, 0x20, 0x20, 0x20, 0x20, 0x20, 0x20,
  0x36, 0x37, 0x30, 0x2c, 0x0a, 0x20, 0x20, 0x20, 0x20, 0x20, 0x20, 0x20,
  0x20, 0x20, 0x20, 0x36, 0x36, 0x39, 0x2c, 0x0a, 0x20, 0x20, 0x20, 0x20,
  0x20, 0x20, 0x20, 0x20, 0x20, 0x20, 0x31, 0x36, 0x38, 0x37, 0x0a, 0x20,
  0x20, 0x20, 0x20, 0x20, 0x20, 0x20, 0x20, 0x5d, 0x0a, 0x20, 0x20, 0x20,
  0x20, 0x20, 0x20, 0x7d, 0x2c, 0x0a, 0x20, 0x20, 0x20, 0x20, 0x20, 0x20,
  0x22, 0x6c, 0x69, 0x6e, 0x65, 0x32, 0x22, 0x3a, 0x20, 0x7b, 0x0a, 0x20,
  0x20, 0x20, 0x20, 0x20, 0x20, 0x20, 0x20, 0x22, 0x73, 0x70, 0x65, 0x63,
  0x5f, 0x69, 0x64, 0x22, 0x3a, 0x20, 0x31, 0x2c, 0x0a, 0x20, 0x20, 0x20,
  0x20, 0x20, 0x20, 0x20, 0x20, 0x22, 0x74, 0x72, 0x61, 0x69, 0x74, 0x73,
  0x22, 0x3a, 0x20, 0x5b, 0x0a, 0x20, 0x20, 0x20, 0x20, 0x20, 0x20, 0x20,
  0x20, 0x20, 0x20, 0x37, 0x30, 0x31, 0x2c, 0x0a, 0x20, 0x20, 0x20, 0x20,
  0x20, 0x20, 0x20, 0x20, 0x20, 0x20, 0x31, 0x38, 0x38, 0x39, 0x2c, 0x0a,
  0x20, 0x20, 0x20, 0x20, 0x20, 0x20, 0x20, 0x20, 0x20, 0x20, 0x31, 0x39,
  0x35, 0x30, 0x0a, 0x20, 0x20, 0x20, 0x20, 0x20, 0x20, 0x20, 0x20, 0x5d,
  0x0a, 0x20, 0x20, 0x20, 0x20, 0x20, 0x20, 0x7d, 0x2c, 0x0a, 0x20, 0x20,
  0x20, 0x20, 0x20, 0x20, 0x22, 0x6c, 0x69, 0x6e, 0x65, 0x33, 0x22, 0x3a,
  0x20, 0x7b, 0x0a, 0x20, 0x20, 0x20, 0x20, 0x20, 0x20, 0x20, 0x20, 0x22,
  0x73, 0x70, 0x65, 0x63, 0x5f, 0x69, 0x64, 0x22, 0x3a, 0x20, 0x35, 0x39,
  0x2c, 0x0a, 0x20, 0x20, 0x20, 0x20, 0x20, 0x20, 0x20, 0x20, 0x22, 0x74,
  0x72, 0x61, 0x69, 0x74, 0x73, 0x22, 0x3a, 0x20, 0x5b, 0x0a, 0x20, 0x20,
  0x20, 0x20, 0x20, 0x20, 0x20, 0x20, 0x20, 0x20, 0x32, 0x31, 0x31, 0x30,
  0x2c, 0x0a, 0x20, 0x20, 0x20, 0x20, 0x20, 0x20, 0x20, 0x20, 0x20, 0x20,
  0x32, 0x31, 0x37, 0x34, 0x2c, 0x0a, 0x20, 0x20, 0x20, 0x20, 0x20, 0x20,
  0x20, 0x20, 0x20, 0x20, 0x32, 0x30, 0x37, 0x30, 0x0a, 0x20, 0x20, 0x20,
  0x20, 0x20, 0x20, 0x20, 0x20, 0x5d, 0x0a, 0x20, 0x20, 0x20, 0x20, 0x20,
  0x20, 0x7d, 0x0a, 0x20, 0x20, 0x20, 0x20, 0x7d, 0x2c, 0x0a, 0x20, 0x20,
  0x20, 0x20, 0x22, 0x73, 0x6b, 0x69, 0x6c, 0x6c, 0x73, 0x22, 0x3a, 0x20,
  0x7b, 0x0a, 0x20, 0x20, 0x20, 0x20, 0x20, 0x20, 0x22, 0x68, 0x65, 0x61,
  0x6c, 0x22, 0x3a, 0x20, 0x34, 0x30, 0x32, 0x30, 0x30, 0x2c, 0x0a, 0x20,
  0x20, 0x20, 0x20, 0x20, 0x20, 0x22, 0x75, 0x74, 0x69, 0x6c, 0x69, 0x74,
  0x69, 0x65, 0x73, 0x22, 0x3a, 0x20, 0x5b, 0x0a, 0x20, 0x20, 0x20, 0x20,
  0x20, 0x20, 0x20, 0x20, 0x34, 0x31, 0x30, 0x36, 0x35, 0x2c, 0x0a, 0x20,
  0x20, 0x20, 0x20, 0x20, 0x20, 0x20, 0x20, 0x31, 0x30, 0x32, 0x33, 0x32,
  0x2c, 0x0a, 0x20, 0x20, 0x20, 0x20, 0x20, 0x20, 0x20, 0x20, 0x31, 0x30,
  0x32, 0x33, 0x34, 0x0a, 0x20, 0x20, 0x20, 0x20, 0x20, 0x20, 0x5d, 0x2c,
  0x0a, 0x20, 0x20, 0x20, 0x20, 0x20, 0x20, 0x22, 0x65, 0x6c, 0x69, 0x74,
  0x65, 0x22, 0x3a, 0x20, 0x34, 0x35, 0x34, 0x34, 0x39, 0x0a, 0x20, 0x20,
  0x20, 0x20, 0x7d, 0x2c, 0x0a, 0x20, 0x20, 0x20, 0x20, 0x22, 0x6c, 0x65,
  0x67, 0x65, 0x6e, 0x64, 0x73, 0x22, 0x3a, 0x20, 0x5b, 0x0a, 0x20, 0x20,
  0x20, 0x20, 0x20, 0x20, 0x30, 0x2c, 0x0a, 0x20, 0x20, 0x20, 0x20, 0x20,
  0x20, 0x30, 0x0a, 0x20, 0x20, 0x20, 0x20, 0x5d, 0x2c, 0x0a, 0x20, 0x20,
  0x20, 0x20, 0x22, 0x70, 0x65, 0x74, 0x73, 0x22, 0x3a, 0x20, 0x5b, 0x0a,
  0x20, 0x20, 0x20, 0x20, 0x20, 0x20, 0x30, 0x2c, 0x0a, 0x20, 0x20, 0x20,
  0x20, 0x20, 0x20, 0x30, 0x0a, 0x20, 0x20, 0x20, 0x20, 0x5d, 0x2c, 0x0a,
  0x20, 0x20, 0x20, 0x20, 0x22, 0x67, 0x65, 0x61, 0x72, 0x22, 0x3a, 0x20,
  0x7b, 0x0a, 0x20, 0x20, 0x20, 0x20, 0x20, 0x20, 0x22, 0x72, 0x65, 0x6c,
  0x69, 0x63, 0x5f, 0x69, 0x64, 0x22, 0x3a, 0x20, 0x31, 0x30, 0x30, 0x31,
  0x35, 0x33, 0x2c, 0x0a, 0x20, 0x20, 0x20, 0x20, 0x20, 0x20, 0x22, 0x66,
  0x6f, 0x6f, 0x64, 0x5f, 0x69, 0x64, 0x22, 0x3a, 0x20, 0x39, 0x31, 0x38,
  0x37, 0x36, 0x2c, 0x0a, 0x20, 0x20, 0x20, 0x20, 0x20, 0x20, 0x22, 0x75,
  0x74, 0x69, 0x6c, 0x69, 0x74, 0x79, 0x5f, 0x69, 0x64, 0x22, 0x3a, 0x20,
  0x34, 0x33, 0x34, 0x34, 0x39, 0x2c, 0x0a, 0x20, 0x20, 0x20, 0x20, 0x20,
  0x20, 0x22, 0x69, 0x74, 0x65, 0x6d, 0x73, 0x22, 0x3a, 0x20, 0x5b, 0x0a,
  0x20, 0x20, 0x20, 0x20, 0x20, 0x20, 0x20, 0x20, 0x7b, 0x0a, 0x20, 0x20,
  0x20, 0x20, 0x20, 0x20, 0x20, 0x20, 0x20, 0x20, 0x22, 0x73, 0x6c, 0x6f,
  0x74, 0x22, 0x3a, 0x20, 0x22, 0x48, 0x65, 0x6c, 0x6d, 0x22, 0x2c, 0x0a,
  0x20, 0x20, 0x20, 0x20, 0x20, 0x20, 0x20, 0x20, 0x20, 0x20, 0x22, 0x69,
  0x74, 0x65, 0x6d, 0x5f, 0x69, 0x64, 0x22, 0x3a, 0x20, 0x37, 0x35, 0x37,
  0x37, 0x30, 0x2c, 0x0a, 0x20, 0x20, 0x20, 0x20, 0x20, 0x20, 0x20, 0x20,
  0x20, 0x20, 0x22, 0x73, 0x74, 0x61, 0x74, 0x5f, 0x69, 0x64, 0x22, 0x3a,
  0x20, 0x31, 0x32, 0x36, 0x38, 0x2c, 0x0a, 0x20, 0x20, 0x20, 0x20, 0x20,
  0x20, 0x20, 0x20, 0x20, 0x20, 0x22, 0x75, 0x70, 0x67, 0x72, 0x61, 0x64,
  0x65, 0x5f, 0x69, 0x64, 0x22, 0x3a, 0x20, 0x36, 0x37, 0x33, 0x33, 0x39,
  0x2c, 0x0a, 0x20, 0x20, 0x20, 0x20, 0x20, 0x20, 0x20, 0x20, 0x20, 0x20,
  0x22, 0x69, 0x6e, 0x66, 0x75, 0x73, 0x69, 0x6f, 0x6e, 0x73, 0x22, 0x3a,
  0x20, 0x5b, 0x5d, 0x0a, 0x20, 0x20, 0x20, 0x20, 0x20, 0x20, 0x20, 0x20,
  0x7d, 0x2c, 0x0a, 0x20, 0x20, 0x20, 0x20, 0x20, 0x20, 0x20, 0x20, 0x7b,
  0x0a, 0x20, 0x20, 0x20, 0x20, 0x20, 0x20, 0x20, 0x20, 0x20, 0x20, 0x22,
  0x73, 0x6c, 0x6f, 0x74, 0x22, 0x3a, 0x20, 0x22, 0x53, 0x68, 0x6f, 0x75,
  0x6c, 0x64, 0x65, 0x72, 0x73, 0x22, 0x2c, 0x0a, 0x20, 0x20, 0x20, 0x20,
  0x20, 0x20, 0x20, 0x20, 0x20, 0x20, 0x22, 0x69, 0x74, 0x65, 0x6d, 0x5f,
  0x69, 0x64, 0x22, 0x3a, 0x20, 0x37, 0x33, 0x32, 0x32, 0x35, 0x2c, 0x0a,
  0x20, 0x20, 0x20, 0x20, 0x20, 0x20, 0x20, 0x20, 0x20, 0x20, 0x22, 0x73,
  0x74, 0x61, 0x74, 0x5f, 0x69, 0x64, 0x22, 0x3a, 0x20, 0x31, 0x32, 0x36,
  0x38, 0x2c, 0x0a, 0x20, 0x20, 0x20, 0x20, 0x20, 0x20, 0x20, 0x20, 0x20,
  0x20, 0x22, 0x75, 0x70, 0x67, 0x72, 0x61, 0x64, 0x65, 0x5f, 0x69, 0x64,
  0x22, 0x3a, 0x20, 0x36, 0x37, 0x33, 0x33, 0x39, 0x2c, 0x0a, 0x20, 0x20,
  0x20, 0x20, 0x20, 0x20, 0x20, 0x20, 0x20, 0x20, 0x22, 0x69, 0x6e, 0x66,
  0x75, 0x73, 0x69, 0x6f, 0x6e, 0x73, 0x22, 0x3a, 0x20, 0x5b, 0x5d, 0x0a,
  0x20, 0x20, 0x20, 0x20, 0x20, 0x20, 0x20, 0x20, 0x7d, 0x2c, 0x0a, 0x20,
  0x20, 0x20, 0x20, 0x20, 0x20, 0x20, 0x20, 0x7b, 0x0a, 0x20, 0x20, 0x20,
  0x20, 0x20, 0x20, 0x20, 0x20, 0x20, 0x20, 0x22, 0x73, 0x6c, 0x6f, 0x74,
  0x22, 0x3a, 0x20, 0x22, 0x43, 0x68, 0x65, 0x73, 0x74, 0x22, 0x2c, 0x0a,
  0x20, 0x20, 0x20, 0x20, 0x20, 0x20, 0x20, 0x20, 0x20, 0x20, 0x22, 0x69,
  0x74, 0x65, 0x6d, 0x5f, 0x69, 0x64, 0x22, 0x3a, 0x20, 0x37, 0x31, 0x34,
  0x33, 0x36, 0x2c, 0x0a, 0x20, 0x20, 0x20, 0x20, 0x20, 0x20, 0x20, 0x20,
  0x20, 0x20, 0x22, 0x73, 0x74, 0x61, 0x74, 0x5f, 0x69, 0x64, 0x22, 0x3a,
  0x20, 0x31, 0x32, 0x36, 0x38, 0x2c, 0x0a, 0x20, 0x20, 0x20, 0x20, 0x20,
  0x20, 0x20, 0x20, 0x20, 0x20, 0x22, 0x75, 0x70, 0x67, 0x72, 0x61, 0x64,
  0x65, 0x5f, 0x69, 0x64, 0x22, 0x3a, 0x20, 0x36, 0x37, 0x33, 0x33, 0x39,
  0x2c, 0x0a, 0x20, 0x20, 0x20, 0x20, 0x20, 0x20, 0x20, 0x20, 0x20, 0x20,
  0x22, 0x69, 0x6e, 0x66, 0x75, 0x73, 0x69, 0x6f, 0x6e, 0x73, 0x22, 0x3a,
  0x20, 0x5b, 0x5d, 0x0a, 0x20, 0x20, 0x20, 0x20, 0x20, 0x20, 0x20, 0x20,
  0x7d, 0x2c, 0x0a, 0x20, 0x20, 0x20, 0x20, 0x20, 0x20, 0x20, 0x20, 0x7b,
  0x0a, 0x20, 0x20, 0x20, 0x20, 0x20, 0x20, 0x20, 0x20, 0x20, 0x20, 0x22,
  0x73, 0x6c, 0x6f, 0x74, 0x22, 0x3a, 0x20, 0x22, 0x47, 0x6c, 0x6f, 0x76,
  0x65, 0x73, 0x22, 0x2c, 0x0a, 0x20, 0x20, 0x20, 0x20, 0x20, 0x20, 0x20,
  0x20, 0x20, 0x20, 0x22, 0x69, 0x74, 0x65, 0x6d, 0x5f, 0x69, 0x64, 0x22,
  0x3a, 0x20, 0x37, 0x33, 0x38, 0x35, 0x32, 0x2c, 0x0a, 0x20, 0x20, 0x20,
  0x20, 0x20, 0x20, 0x20, 0x20, 0x20, 0x20, 0x22, 0x73, 0x74, 0x61, 0x74,
  0x5f, 0x69, 0x64, 0x22, 0x3a, 0x20, 0x31, 0x32, 0x36, 0x38, 0x2c, 0x0a,
  0x20, 0x20, 0x20, 0x20, 0x20, 0x20, 0x20, 0x20, 0x20, 0x20, 0x22, 0x75,
  0x70, 0x67, 0x72, 0x61, 0x64, 0x65, 0x5f, 0x69, 0x64, 0x22, 0x3a, 0x20,
  0x36, 0x37, 0x33, 0x33, 0x39, 0x2c, 0x0a, 0x20, 0x20, 0x20, 0x20, 0x20,
  0x20, 0x20, 0x20, 0x20, 0x20, 0x22, 0x69, 0x6e, 0x66, 0x75, 0x73, 0x69,
  0x6f, 0x6e, 0x73, 0x22, 0x3a, 0x20, 0x5b, 0x5d, 0x0a, 0x20, 0x20, 0x20,
  0x20, 0x20, 0x20, 0x20, 0x20, 0x7d, 0x2c, 0x0a, 0x20, 0x20, 0x20, 0x20,
  0x20, 0x20, 0x20, 0x20, 0x7b, 0x0a, 0x20, 0x20, 0x20, 0x20, 0x20, 0x20,
  0x20, 0x20, 0x20, 0x20, 0x22, 0x73, 0x6c, 0x6f, 0x74, 0x22, 0x3a, 0x20,
  0x22, 0x4c, 0x65, 0x67, 0x67, 0x69, 0x6e, 0x67, 0x73, 0x22, 0x2c, 0x0a,
  0x20, 0x20, 0x20, 0x20, 0x20, 0x20, 0x20, 0x20, 0x20, 0x20, 0x22, 0x69,
  0x74, 0x65, 0x6d, 0x5f, 0x69, 0x64, 0x22, 0x3a, 0x20, 0x37, 0x35, 0x33,
  0x37, 0x38, 0x2c, 0x0a, 0x20, 0x20, 0x20, 0x20, 0x20, 0x20, 0x20, 0x20,
  0x20, 0x20, 0x22, 0x73, 0x74, 0x61, 0x74, 0x5f, 0x69, 0x64, 0x22, 0x3a,
  0x20, 0x31, 0x32, 0x36, 0x38, 0x2c, 0x0a, 0x20, 0x20, 0x20, 0x20, 0x20,
  0x20, 0x20, 0x20, 0x20, 0x20, 0x22, 0x75, 0x70, 0x67, 0x72, 0x61, 0x64,
  0x65, 0x5f, 0x69, 0x64, 0x22, 0x3a, 0x20, 0x36, 0x37, 0x33, 0x33, 0x39,
  0x2c, 0x0a, 0x20, 0x20, 0x20, 0x20, 0x20, 0x20, 0x20, 0x20, 0x20, 0x20,
  0x22, 0x69, 0x6e, 0x66, 0x75, 0x73, 0x69, 0x6f, 0x6e, 0x73, 0x22, 0x3a,
  0x20, 0x5b, 0x5d, 0x0a, 0x20, 0x20, 0x20, 0x20, 0x20, 0x20, 0x20, 0x20,
  0x7d, 0x2c, 0x0a, 0x20, 0x20, 0x20, 0x20, 0x20, 0x20, 0x20, 0x20, 0x7b,
  0x0a, 0x20, 0x20, 0x20, 0x20, 0x20, 0x20, 0x20, 0x20, 0x20, 0x20, 0x22,
  0x73, 0x6c, 0x6f, 0x74, 0x22, 0x3a, 0x20, 0x22, 0x42, 0x6f, 0x6f, 0x74,
  0x73, 0x22, 0x2c, 0x0a, 0x20, 0x20, 0x20, 0x20, 0x20, 0x20, 0x20, 0x20,
  0x20, 0x20, 0x22, 0x69, 0x74, 0x65, 0x6d, 0x5f, 0x69, 0x64, 0x22, 0x3a,
  0x20, 0x37, 0x34, 0x32, 0x36, 0x34, 0x2c, 0x0a, 0x20, 0x20, 0x20, 0x20,
  0x20, 0x20, 0x20, 0x20, 0x20, 0x20, 0x22, 0x73, 0x74, 0x61, 0x74, 0x5f,
  0x69, 0x64, 0x22, 0x3a, 0x20, 0x31, 0x32, 0x36, 0x38, 0x2c, 0x0a, 0x20,
  0x20, 0x20, 0x20, 0x20, 0x20, 0x20, 0x20, 0x20, 0x20, 0x22, 0x75, 0x70,
  0x67, 0x72, 0x61, 0x64, 0x65, 0x5f, 0x69, 0x64, 0x22, 0x3a, 0x20, 0x36,
  0x37, 0x33, 0x33, 0x39, 0x2c, 0x0a, 0x20, 0x20, 0x20, 0x20, 0x20, 0x20,
  0x20, 0x20, 0x20, 0x20, 0x22, 0x69, 0x6e, 0x66, 0x75, 0x73, 0x69, 0x6f,
  0x6e, 0x73, 0x22, 0x3a, 0x20, 0x5b, 0x5d, 0x0a, 0x20, 0x20, 0x20, 0x20,
  0x20, 0x20, 0x20, 0x20, 0x7d, 0x2c, 0x0a, 0x20, 0x20, 0x20, 0x20, 0x20,
  0x20, 0x20, 0x20, 0x7b, 0x0a, 0x20, 0x20, 0x20, 0x20, 0x20, 0x20, 0x20,
  0x20, 0x20, 0x20, 0x22, 0x73, 0x6c, 0x6f, 0x74, 0x22, 0x3a, 0x20, 0x22,
  0x42, 0x61, 0x63, 0x6b, 0x49, 0x74, 0x65, 0x6d, 0x22, 0x2c, 0x0a, 0x20,
  0x20, 0x20, 0x20, 0x20, 0x20, 0x20, 0x20, 0x20, 0x20, 0x22, 0x69, 0x74,
  0x65, 0x6d, 0x5f, 0x69, 0x64, 0x22, 0x3a, 0x20, 0x37, 0x39, 0x38, 0x33,
  0x37, 0x2c, 0x0a, 0x20, 0x20, 0x20, 0x20, 0x20, 0x20, 0x20, 0x20, 0x20,
  0x20, 0x22, 0x73, 0x74, 0x61, 0x74, 0x5f, 0x69, 0x64, 0x22, 0x3a, 0x20,
  0x31, 0x32, 0x36, 0x38, 0x2c, 0x0a, 0x20, 0x20, 0x20, 0x20, 0x20, 0x20,
  0x20, 0x20, 0x20, 0x20, 0x22, 0x75, 0x70, 0x67, 0x72, 0x61, 0x64, 0x65,
  0x5f, 0x69, 0x64, 0x22, 0x3a, 0x20, 0x30, 0x2c, 0x0a, 0x20, 0x20, 0x20,
  0x20, 0x20, 0x20, 0x20, 0x20, 0x20, 0x20, 0x22, 0x69, 0x6e, 0x66, 0x75,
  0x73, 0x69, 0x6f, 0x6e, 0x73, 0x22, 0x3a, 0x20, 0x5b, 0x5d, 0x0a, 0x20,
  0x20, 0x20, 0x20, 0x20, 0x20, 0x20, 0x20, 0x7d, 0x2c, 0x0a, 0x20, 0x20,
  0x20, 0x20, 0x20, 0x20, 0x20, 0x20, 0x7b, 0x0a, 0x20, 0x20, 0x20, 0x20,
  0x20, 0x20, 0x20, 0x20, 0x20, 0x20, 0x22, 0x73, 0x6c, 0x6f, 0x74, 0x22,
  0x3a, 0x20, 0x22, 0x41, 0x63, 0x63, 0x65, 0x73, 0x73, 0x6f, 0x72, 0x79,
  0x31, 0x22, 0x2c, 0x0a, 0x20, 0x20, 0x20, 0x20, 0x20, 0x20, 0x20, 0x20,
  0x20, 0x20, 0x22, 0x69, 0x74, 0x65, 0x6d, 0x5f, 0x69, 0x64, 0x22, 0x3a,
  0x20, 0x37, 0x39, 0x37, 0x34, 0x35, 0x2c, 0x0a, 0x20, 0x20, 0x20, 0x20,
  0x20, 0x20, 0x20, 0x20, 0x20, 0x20, 0x22, 0x73, 0x74, 0x61, 0x74, 0x5f,
  0x69, 0x64, 0x22, 0x3a, 0x20, 0x31, 0x32, 0x36, 0x38, 0x2c, 0x0a, 0x20,
  0x20, 0x20, 0x20, 0x20, 0x20, 0x20, 0x20, 0x20, 0x20, 0x22, 0x75, 0x70,
  0x67, 0x72, 0x61, 0x64, 0x65, 0x5f, 0x69, 0x64, 0x22, 0x3a, 0x20, 0x30,
  0x2c, 0x0a, 0x20, 0x20, 0x20, 0x20, 0x20, 0x20, 0x20, 0x20, 0x20, 0x20,
  0x22, 0x69, 0x6e, 0x66, 0x75, 0x73, 0x69, 0x6f, 0x6e, 0x73, 0x22, 0x3a,
  0x20, 0x5b, 0x5d, 0x0a, 0x20, 0x20, 0x20, 0x20, 0x20, 0x20, 0x20, 0x20,
  0x7d, 0x2c, 0x0a, 0x20, 0x20, 0x20, 0x20, 0x20, 0x20, 0x20, 0x20, 0x7b,
  0x0a, 0x20, 0x20, 0x20, 0x20, 0x20, 0x20, 0x20, 0x20, 0x20, 0x20, 0x22,
  0x73, 0x6c, 0x6f, 0x74, 0x22, 0x3a, 0x20, 0x22, 0x41, 0x63, 0x63, 0x65,
  0x73, 0x73, 0x6f, 0x72, 0x79, 0x32, 0x22, 0x2c, 0x0a, 0x20, 0x20, 0x20,
  0x20, 0x20, 0x20, 0x20, 0x20, 0x20, 0x20, 0x22, 0x69, 0x74, 0x65, 0x6d,
  0x5f, 0x69, 0x64, 0x22, 0x3a, 0x20, 0x37, 0x39, 0x34, 0x34, 0x34, 0x2c,
  0x0a, 0x20, 0x20, 0x20, 0x20, 0x20, 0x20, 0x20, 0x20, 0x20, 0x20, 0x22,
  0x73, 0x74, 0x61, 0x74, 0x5f, 0x69, 0x64, 0x22, 0x3a, 0x20, 0x31, 0x32,
  0x36, 0x38, 0x2c, 0x0a, 0x20, 0x20, 0x20, 0x20, 0x20, 0x20, 0x20, 0x20,
  0x20, 0x20, 0x22, 0x75, 0x70, 0x67, 0x72, 0x61, 0x64, 0x65, 0x5f, 0x69,
  0x64, 0x22, 0x3a, 0x20, 0x30, 0x2c, 0x0a, 0x20, 0x20, 0x20, 0x20, 0x20,
  0x20, 0x20, 0x20, 0x20, 0x20, 0x22, 0x69, 0x6e, 0x66, 0x75, 0x73, 0x69,
  0x6f, 0x6e, 0x73, 0x22, 0x3a, 0x20, 0x5b, 0x5d, 0x0a, 0x20, 0x20, 0x20,
  0x20, 0x20, 0x20, 0x20, 0x20, 0x7d, 0x2c, 0x0a, 0x20, 0x20, 0x20, 0x20,
  0x20, 0x20, 0x20, 0x20, 0x7b, 0x0a, 0x20, 0x20, 0x20, 0x20, 0x20, 0x20,
  0x20, 0x20, 0x20, 0x20, 0x22, 0x73, 0x6c, 0x6f, 0x74, 0x22, 0x3a, 0x20,
  0x22, 0x41, 0x6d, 0x75, 0x6c, 0x65, 0x74, 0x22, 0x2c, 0x0a, 0x20, 0x20,
  0x20, 0x20, 0x20, 0x20, 0x20, 0x20, 0x20, 0x20, 0x22, 0x69, 0x74, 0x65,
  0x6d, 0x5f, 0x69, 0x64, 0x22, 0x3a, 0x20, 0x38, 0x31, 0x31, 0x36, 0x39,
  0x2c, 0x0a, 0x20, 0x20, 0x20, 0x20, 0x20, 0x20, 0x20, 0x20, 0x20, 0x20,
  0x22, 0x73, 0x74, 0x61, 0x74, 0x5f, 0x69, 0x64, 0x22, 0x3a, 0x20, 0x31,
  0x32, 0x36, 0x38, 0x2c, 0x0a, 0x20, 0x20, 0x20, 0x20, 0x20, 0x20, 0x20,
  0x20, 0x20, 0x20, 0x22, 0x75, 0x70, 0x67, 0x72, 0x61, 0x64, 0x65, 0x5f,
  0x69, 0x64, 0x22, 0x3a, 0x20, 0x30, 0x2c, 0x0a, 0x20, 0x20, 0x20, 0x20,
  0x20, 0x20, 0x20, 0x20, 0x20, 0x20, 0x22, 0x69, 0x6e, 0x66, 0x75, 0x73,
  0x69, 0x6f, 0x6e, 0x73, 0x22, 0x3a, 0x20, 0x5b, 0x5d, 0x0a, 0x20, 0x20,
  0x20, 0x20, 0x20, 0x20, 0x20, 0x20, 0x7d, 0x2c, 0x0a, 0x20, 0x20, 0x20,
  0x20, 0x20, 0x20, 0x20, 0x20, 0x7b, 0x0a, 0x20, 0x20, 0x20, 0x20, 0x20,
  0x20, 0x20, 0x20, 0x20, 0x20, 0x22, 0x73, 0x6c, 0x6f, 0x74, 0x22, 0x3a,
  0x20, 0x22, 0x52, 0x69, 0x6e, 0x67, 0x31, 0x22, 0x2c, 0x0a, 0x20, 0x20,
  0x20, 0x20, 0x20, 0x20, 0x20, 0x20, 0x20, 0x20, 0x22, 0x69, 0x74, 0x65,
  0x6d, 0x5f, 0x69, 0x64, 0x22, 0x3a, 0x20, 0x37, 0x39, 0x37, 0x31, 0x30,
  0x2c, 0x0a, 0x20, 0x20, 0x20, 0x20, 0x20, 0x20, 0x20, 0x20, 0x20, 0x20,
  0x22, 0x73, 0x74, 0x61, 0x74, 0x5f, 0x69, 0x64, 0x22, 0x3a, 0x20, 0x31,
  0x32, 0x36, 0x38, 0x2c, 0x0a, 0x20, 0x20, 0x20, 0x20, 0x20, 0x20, 0x20,
  0x20, 0x20, 0x20, 0x22, 0x75, 0x70, 0x67, 0x72, 0x61, 0x64, 0x65, 0x5f,
  0x69, 0x64, 0x22, 0x3a, 0x20, 0x30, 0x2c, 0x0a, 0x20, 0x20, 0x20, 0x20,
  0x20, 0x20, 0x20, 0x20, 0x20, 0x20, 0x22, 0x69, 0x6e, 0x66, 0x75, 0x73,
  0x69, 0x6f, 0x6e, 0x73, 0x22, 0x3a, 0x20, 0x5b, 0x5d, 0x0a, 0x20, 0x20,
  0x20, 0x20, 0x20, 0x20, 0x20, 0x20, 0x7d, 0x2c, 0x0a, 0x20, 0x20, 0x20,
  0x20, 0x20, 0x20, 0x20, 0x20, 0x7b, 0x0a, 0x20, 0x20, 0x20, 0x20, 0x20,
  0x20, 0x20, 0x20, 0x20, 0x20, 0x22, 0x73, 0x6c, 0x6f, 0x74, 0x22, 0x3a,
  0x20, 0x22, 0x52, 0x69, 0x6e, 0x67, 0x32, 0x22, 0x2c, 0x0a, 0x20, 0x20,
  0x20, 0x20, 0x20, 0x20, 0x20, 0x20, 0x20, 0x20, 0x22, 0x69, 0x74, 0x65,
  0x6d, 0x5f, 0x69, 0x64, 0x22, 0x3a, 0x20, 0x38, 0x31, 0x31, 0x36, 0x37,
  0x2c, 0x0a, 0x20, 0x20, 0x20, 0x20, 0x20, 0x20, 0x20, 0x20, 0x20, 0x20,
  0x22, 0x73, 0x74, 0x61, 0x74, 0x5f, 0x69, 0x64, 0x22, 0x3a, 0x20, 0x31,
  0x32, 0x36, 0x38, 0x2c, 0x0a, 0x20, 0x20, 0x20, 0x20, 0x20, 0x20, 0x20,
  0x20, 0x20, 0x20, 0x22, 0x75, 0x70, 0x67, 0x72, 0x61, 0x64, 0x65, 0x5f,
  0x69, 0x64, 0x22, 0x3a, 0x20, 0x30, 0x2c, 0x0a, 0x20, 0x20, 0x20, 0x20,
  0x20, 0x20, 0x20, 0x20, 0x20, 0x20, 0x22, 0x69, 0x6e, 0x66, 0x75, 0x73,
  0x69, 0x6f, 0x6e, 0x73, 0x22, 0x3a, 0x20, 0x5b, 0x5d, 0x0a, 0x20, 0x20,
  0x20, 0x20, 0x20, 0x20, 0x20, 0x20, 0x7d, 0x2c, 0x0a, 0x20, 0x20, 0x20,
  0x20, 0x20, 0x20, 0x20, 0x20, 0x7b, 0x0a, 0x20, 0x20, 0x20, 0x20, 0x20,
  0x20, 0x20, 0x20, 0x20, 0x20, 0x22, 0x73, 0x6c, 0x6f, 0x74, 0x22, 0x3a,
  0x20, 0x22, 0x57, 0x65, 0x61, 0x70, 0x6f, 0x6e, 0x41, 0x31, 0x22, 0x2c,
  0x0a, 0x20, 0x20, 0x20, 0x20, 0x20, 0x20, 0x20, 0x20, 0x20, 0x20, 0x22,
  0x69, 0x74, 0x65, 0x6d, 0x5f, 0x69, 0x64, 0x22, 0x3a, 0x20, 0x37, 0x31,
  0x33, 0x38, 0x37, 0x2c, 0x0a, 0x20, 0x20, 0x20, 0x20, 0x20, 0x20, 0x20,
  0x20, 0x20, 0x20, 0x22, 0x73, 0x74, 0x61, 0x74, 0x5f, 0x69, 0x64, 0x22,
  0x3a, 0x20, 0x31, 0x32, 0x36, 0x38, 0x2c, 0x0a, 0x20, 0x20, 0x20, 0x20,
  0x20, 0x20, 0x20, 0x20, 0x20, 0x20, 0x22, 0x75, 0x70, 0x67, 0x72, 0x61,
  0x64, 0x65, 0x5f, 0x69, 0x64, 0x22, 0x3a, 0x20, 0x34, 0x34, 0x39, 0x34,
  0x34, 0x2c, 0x0a, 0x20, 0x20, 0x20, 0x20, 0x20, 0x20, 0x20, 0x20, 0x20,
  0x20, 0x22, 0x69, 0x6e, 0x66, 0x75, 0x73, 0x69, 0x6f, 0x6e, 0x73, 0x22,
  0x3a, 0x20, 0x5b, 0x5d, 0x2c, 0x0a, 0x20, 0x20, 0x20, 0x20, 0x20, 0x20,
  0x20, 0x20, 0x20, 0x20, 0x22, 0x75, 0x70, 0x67, 0x72, 0x61, 0x64, 0x65,
  0x32, 0x5f, 0x69, 0x64, 0x22, 0x3a, 0x20, 0x32, 0x34, 0x36, 0x30, 0x37,
  0x0a, 0x20, 0x20, 0x20, 0x20, 0x20, 0x20, 0x20, 0x20, 0x7d, 0x2c, 0x0a,
  0x20, 0x20, 0x20, 0x20, 0x20, 0x20, 0x20, 0x20, 0x7b, 0x0a, 0x20, 0x20,
  0x20, 0x20, 0x20, 0x20, 0x20, 0x20, 0x20, 0x20, 0x22, 0x73, 0x6c, 0x6f,
  0x74, 0x22, 0x3a, 0x20, 0x22, 0x57, 0x65, 0x61, 0x70, 0x6f, 0x6e, 0x42,
  0x31, 0x22, 0x2c, 0x0a, 0x20, 0x20, 0x20, 0x20, 0x20, 0x20, 0x20, 0x20,
  0x20, 0x20, 0x22, 0x69, 0x74, 0x65, 0x6d, 0x5f, 0x69, 0x64, 0x22, 0x3a,
  0x20, 0x37, 0x31, 0x33, 0x38, 0x37, 0x2c, 0x0a, 0x20, 0x20, 0x20, 0x20,
  0x20, 0x20, 0x20, 0x20, 0x20, 0x20, 0x22, 0x73, 0x74, 0x61, 0x74, 0x5f,
  0x69, 0x64, 0x22, 0x3a, 0x20, 0x31, 0x32, 0x36, 0x38, 0x2c, 0x0a, 0x20,
  0x20, 0x20, 0x20, 0x20, 0x20, 0x20, 0x20, 0x20, 0x20, 0x22, 0x75, 0x70,
  0x67, 0x72, 0x61, 0x64, 0x65, 0x5f, 0x69, 0x64, 0x22, 0x3a, 0x20, 0x34,
  0x34, 0x39, 0x34, 0x34, 0x2c, 0x0a, 0x20, 0x20, 0x20, 0x20, 0x20, 0x20,
  0x20, 0x20, 0x20, 0x20, 0x22, 0x69, 0x6e, 0x66, 0x75, 0x73, 0x69, 0x6f,
  0x6e, 0x73, 0x22, 0x3a, 0x20, 0x5b, 0x5d, 0x2c, 0x0a, 0x20, 0x20, 0x20,
  0x20, 0x20, 0x20, 0x20, 0x20, 0x20, 0x20, 0x22, 0x75, 0x70, 0x67, 0x72,
  0x61, 0x64, 0x65, 0x32, 0x5f, 0x69, 0x64, 0x22, 0x3a, 0x20, 0x32, 0x34,
  0x36, 0x30, 0x37, 0x0a, 0x20, 0x20, 0x20, 0x20, 0x20, 0x20, 0x20, 0x20,
  0x7d, 0x0a, 0x20, 0x20, 0x20, 0x20, 0x20, 0x20, 0x5d, 0x0a, 0x20, 0x20,
  0x20, 0x20, 0x7d, 0x2c, 0x0a, 0x20, 0x20, 0x20, 0x20, 0x22, 0x72, 0x6f,
  0x74, 0x61, 0x74, 0x69, 0x6f, 0x6e, 0x22, 0x3a, 0x20, 0x7b, 0x0a, 0x20,
  0x20, 0x20, 0x20, 0x20, 0x20, 0x22, 0x6f, 0x70, 0x65, 0x6e, 0x65, 0x72,
  0x22, 0x3a, 0x20, 0x5b, 0x5d, 0x2c, 0x0a, 0x20, 0x20, 0x20, 0x20, 0x20,
  0x20, 0x22, 0x6c, 0x6f, 0x6f, 0x70, 0x22, 0x3a, 0x20, 0x5b, 0x5d, 0x0a,
  0x20, 0x20, 0x20, 0x20, 0x7d, 0x0a, 0x20, 0x20, 0x7d, 0x2c, 0x0a, 0x20,
  0x20, 0x7b, 0x0a, 0x20, 0x20, 0x20, 0x20, 0x22, 0x69, 0x64, 0x22, 0x3a,
  0x20, 0x22, 0x6d, 0x65, 0x73, 0x6d, 0x65, 0x72, 0x2d, 0x63, 0x6f, 0x6e,
  0x64, 0x69, 0x74, 0x69, 0x6f, 0x6e, 0x2d, 0x76, 0x69, 0x72, 0x74, 0x75,
  0x6f, 0x73, 0x6f, 0x22, 0x2c, 0x0a, 0x20, 0x20, 0x20, 0x20, 0x22, 0x6e,
  0x61, 0x6d, 0x65, 0x22, 0x3a, 0x20, 0x22, 0x43, 0x6f, 0x6e, 0x64, 0x69,
  0x74, 0x69, 0x6f, 0x6e, 0x20, 0x56, 0x69, 0x72, 0x74, 0x75, 0x6f, 0x73,
  0x6f, 0x22, 0x2c, 0x0a, 0x20, 0x20, 0x20, 0x20, 0x22, 0x70, 0x72, 0x6f,
  0x66, 0x65, 0x73, 0x73, 0x69, 0x6f, 0x6e, 0x22, 0x3a, 0x20, 0x22, 0x4d,
  0x65, 0x73, 0x6d, 0x65, 0x72, 0x22, 0x2c, 0x0a, 0x20, 0x20, 0x20, 0x20,
  0x22, 0x65, 0x6c, 0x69, 0x74, 0x65, 0x5f, 0x73, 0x70, 0x65, 0x63, 0x22,
  0x3a, 0x20, 0x22, 0x56, 0x69, 0x72, 0x74, 0x75, 0x6f, 0x73, 0x6f, 0x22,
  0x2c, 0x0a, 0x20, 0x20, 0x20, 0x20, 0x22, 0x62, 0x75, 0x69, 0x6c, 0x64,
  0x5f, 0x74, 0x79, 0x70, 0x65, 0x22, 0x3a, 0x20, 0x22, 0x43, 0x6f, 0x6e,
  0x64, 0x69, 0x22, 0x2c, 0x0a, 0x20, 0x20, 0x20, 0x20, 0x22, 0x70, 0x61,
  0x74, 0x63, 0x68, 0x5f, 0x76, 0x65, 0x72, 0x73, 0x69, 0x6f, 0x6e, 0x22,
  0x3a, 0x20, 0x22, 0x22, 0x2c, 0x0a, 0x20, 0x20, 0x20, 0x20, 0x22, 0x62,
  0x65, 0x6e, 0x63, 0x68, 0x6d, 0x61, 0x72, 0x6b, 0x5f, 0x64, 0x70, 0x73,
  0x22, 0x3a, 0x20, 0x30, 0x2e, 0x30, 0x2c, 0x0a, 0x20, 0x20, 0x20, 0x20,
  0x22, 0x6e, 0x6f, 0x74, 0x65, 0x73, 0x22, 0x3a, 0x20, 0x22, 0x47, 0x75,
  0x69, 0x6c, 0x64, 0x20, 0x57, 0x61, 0x72, 0x73, 0x20, 0x32, 0x20, 0x43,
  0x6f, 0x6e, 0x64, 0x69, 0x74, 0x69, 0x6f, 0x6e, 0x20, 0x56, 0x69, 0x72,
  0x74, 0x75, 0x6f, 0x73, 0x6f, 0x20, 0x2d, 0x20, 0x44, 0x61, 0x67, 0x67,
  0x65, 0x72, 0x20, 0x26, 0x20, 0x53, 0x77, 0x6f, 0x72, 0x64, 0x20, 0x4d,
  0x65, 0x74, 0x61, 0x20, 0x62, 0x75, 0x69, 0x6c, 0x64, 0x20, 0x66, 0x6f,
  0x72, 0x20, 0x61, 0x63, 0x63, 0x65, 0x73, 0x73, 0x69, 0x62, 0x75, 0x69,
  0x6c, 0x64, 0x73, 0x3a, 0x20, 0x63, 0x6f, 0x6d, 0x70, 0x6c, 0x65, 0x74,
  0x65, 0x20, 0x67, 0x75, 0x69, 0x64, 0x65, 0x20, 0x77, 0x69, 0x74, 0x68,
  0x20, 0x67, 0x65, 0x61, 0x72, 0x2c, 0x20, 0x72, 0x75, 0x6e, 0x65, 0x73,
  0x2c, 0x20, 0x72, 0x65, 0x6c, 0x69, 0x63, 0x73, 0x2c, 0x20, 0x74, 0x72,
  0x61, 0x69, 0x74, 0x73, 0x2c, 0x20, 0x61, 0x6e, 0x64, 0x20, 0x72, 0x6f,
  0x74, 0x61, 0x74, 0x69, 0x6f, 0x6e, 0x20, 0x74, 0x69, 0x70, 0x73, 0x2e,
  0x22, 0x2c, 0x0a, 0x20, 0x20, 0x20, 0x20, 0x22, 0x73, 0x6f, 0x75, 0x72,
  0x63, 0x65, 0x5f, 0x75, 0x72, 0x6c, 0x22, 0x3a, 0x20, 0x22, 0x68, 0x74,
  0x74, 0x70, 0x73, 0x3a, 0x2f, 0x2f, 0x73, 0x6e, 0x6f, 0x77, 0x63, 0x72,
  0x6f, 0x77, 0x73, 0x2e, 0x63, 0x6f, 0x6d, 0x2f, 0x62, 0x75, 0x69, 0x6c,
  0x64, 0x73, 0x2f, 0x61, 0x63, 0x63, 0x65, 0x73, 0x73, 0x69, 0x62, 0x75,
  0x69, 0x6c, 0x64, 0x73, 0x2f, 0x6d, 0x65, 0x73, 0x6d, 0x65, 0x72, 0x2f,
  0x63, 0x6f, 0x6e, 0x64, 0x69, 0x74, 0x69, 0x6f, 0x6e, 0x2d, 0x76, 0x69,
  0x72, 0x74, 0x75, 0x6f, 0x73, 0x6f, 0x22, 0x2c, 0x0a, 0x20, 0x20, 0x20,
  0x20, 0x22, 0x63, 0x68, 0x61, 0x74, 0x5f, 0x63, 0x6f, 0x64, 0x65, 0x22,
  0x3a, 0x20, 0x22, 0x5b, 0x26, 0x44, 0x51, 0x63, 0x59, 0x48, 0x51, 0x45,
  0x64, 0x51, 0x6a, 0x73, 0x6a, 0x44, 0x77, 0x41, 0x41, 0x41, 0x41, 0x41,
  0x41, 0x41, 0x49, 0x45, 0x42, 0x41, 0x41, 0x43, 0x44, 0x41, 0x51, 0x41,
  0x41, 0x35, 0x52, 0x6f, 0x41, 0x41, 0x41, 0x41, 0x41, 0x41, 0x41, 0x41,
  0x41, 0x41, 0x41, 0x41, 0x41, 0x41, 0x41, 0x41, 0x41, 0x41, 0x41, 0x41,
  0x41, 0x41, 0x41, 0x41, 0x3d, 0x5d, 0x22, 0x2c, 0x0a, 0x20, 0x20, 0x20,
  0x20, 0x22, 0x69, 0x73, 0x5f, 0x6c, 0x65, 0x67, 0x61, 0x63, 0x79, 0x22,
  0x3a, 0x20, 0x66, 0x61, 0x6c, 0x73, 0x65, 0x2c, 0x0a, 0x20, 0x20, 0x20,
  0x20, 0x22, 0x61, 0x63, 0x63, 0x65, 0x73, 0x73, 0x69, 0x62, 0x69, 0x6c,
  0x69, 0x74, 0x79, 0x22, 0x3a, 0x20, 0x74, 0x72, 0x75, 0x65, 0x2c, 0x0a,
  0x20, 0x20, 0x20, 0x20, 0x22, 0x74, 0x72, 0x61, 0x69, 0x74, 0x73, 0x22,
  0x3a, 0x20, 0x7b, 0x0a, 0x20, 0x20, 0x20, 0x20, 0x20, 0x20, 0x22, 0x6c,
  0x69, 0x6e, 0x65, 0x31, 0x22, 0x3a, 0x20, 0x7b, 0x0a, 0x20, 0x20, 0x20,
  0x20, 0x20, 0x20, 0x20, 0x20, 0x22, 0x73, 0x70, 0x65, 0x63, 0x5f, 0x69,
  0x64, 0x22, 0x3a, 0x20, 0x32, 0x34, 0x2c, 0x0a, 0x20, 0x20, 0x20, 0x20,
  0x20, 0x20, 0x20, 0x20, 0x22, 0x74, 0x72, 0x61, 0x69, 0x74, 0x73, 0x22,
  0x3a, 0x20, 0x5b, 0x0a, 0x20, 0x20, 0x20, 0x20, 0x20, 0x20, 0x20, 0x20,
  0x20, 0x20, 0x37, 0x32, 0x31, 0x2c, 0x0a, 0x20, 0x20, 0x20, 0x20, 0x20,
  0x20, 0x20, 0x20, 0x20, 0x20, 0x31, 0x36, 0x39, 0x30, 0x2c, 0x0a, 0x20,
  0x20, 0x20, 0x20, 0x20, 0x20, 0x20, 0x20, 0x20, 0x20, 0x37, 0x33, 0x33,
  0x0a, 0x20, 0x20, 0x20, 0x20, 0x20, 0x20, 0x20, 0x20, 0x5d, 0x0a, 0x20,
  0x20, 0x20, 0x20, 0x20, 0x20, 0x7d, 0x2c, 0x0a, 0x20, 0x20, 0x20, 0x20,
  0x20, 0x20, 0x22, 0x6c, 0x69, 0x6e, 0x65, 0x32, 0x22, 0x3a, 0x20, 0x7b,
  0x0a, 0x20, 0x20, 0x20, 0x20, 0x20, 0x20, 0x20, 0x20, 0x22, 0x73, 0x70,
  0x65, 0x63, 0x5f, 0x69, 0x64, 0x22, 0x3a, 0x20, 0x31, 0x2c, 0x0a, 0x20,
  0x20, 0x20, 0x20, 0x20, 0x20, 0x20, 0x20, 0x22, 0x74, 0x72, 0x61, 0x69,
  0x74, 0x73, 0x22, 0x3a, 0x20, 0x5b, 0x0a, 0x20, 0x20, 0x20, 0x20, 0x20,
  0x20, 0x20, 0x20, 0x20, 0x20, 0x37, 0x30, 0x31, 0x2c, 0x0a, 0x20, 0x20,
  0x20, 0x20, 0x20, 0x20, 0x20, 0x20, 0x20, 0x20, 0x37, 0x30, 0x38, 0x2c,
  0x0a, 0x20, 0x20, 0x20, 0x20, 0x20, 0x20, 0x20, 0x20, 0x20, 0x20, 0x36,
  0x39, 0x32, 0x0a, 0x20, 0x20, 0x20, 0x20, 0x20, 0x20, 0x20, 0x20, 0x5d,
  0x0a, 0x20, 0x20, 0x20, 0x20, 0x20, 0x20, 0x7d, 0x2c, 0x0a, 0x20, 0x20,
  0x20, 0x20, 0x20, 0x20, 0x22, 0x6c, 0x69, 0x6e, 0x65, 0x33, 0x22, 0x3a,
  0x20, 0x7b, 0x0a, 0x20, 0x20, 0x20, 0x20, 0x20, 0x20, 0x20, 0x20, 0x22,
  0x73, 0x70, 0x65, 0x63, 0x5f, 0x69, 0x64, 0x22, 0x3a, 0x20, 0x36, 0x36,
  0x2c, 0x0a, 0x20, 0x20, 0x20, 0x20, 0x20, 0x20, 0x20, 0x20, 0x22, 0x74,
  0x72, 0x61, 0x69, 0x74, 0x73, 0x22, 0x3a, 0x20, 0x5b, 0x0a, 0x20, 0x20,
  0x20, 0x20, 0x20, 0x20, 0x20, 0x20, 0x20, 0x20, 0x32, 0x32, 0x30, 0x32,
  0x2c, 0x0a, 0x20, 0x20, 0x20, 0x20, 0x20, 0x20, 0x20, 0x20, 0x20, 0x20,
  0x32, 0x32, 0x30, 0x35, 0x2c, 0x0a, 0x20, 0x20, 0x20, 0x20, 0x20, 0x20,
  0x20, 0x20, 0x20, 0x20, 0x32, 0x32, 0x32, 0x33, 0x0a, 0x20, 0x20, 0x20,
  0x20, 0x20, 0x20, 0x20, 0x20, 0x5d, 0x0a, 0x20, 0x20, 0x20, 0x20, 0x20,
  0x20, 0x7d, 0x0a, 0x20, 0x20, 0x20, 0x20, 0x7d, 0x2c, 0x0a, 0x20, 0x20,
  0x20, 0x20, 0x22, 0x73, 0x6b, 0x69, 0x6c, 0x6c, 0x73, 0x22, 0x3a, 0x20,
  0x7b, 0x0a, 0x20, 0x20, 0x20, 0x20, 0x20, 0x20, 0x22, 0x68, 0x65, 0x61,
  0x6c, 0x22, 0x3a, 0x20, 0x32, 0x31, 0x37, 0x35, 0x30, 0x2c, 0x0a, 0x20,
  0x20, 0x20, 0x20, 0x20, 0x20, 0x22, 0x75, 0x74, 0x69, 0x6c, 0x69, 0x74,
  0x69, 0x65, 0x73, 0x22, 0x3a, 0x20, 0x5b, 0x0a, 0x20, 0x20, 0x20, 0x20,
  0x20, 0x20, 0x20, 0x20, 0x36, 0x32, 0x35, 0x35, 0x33, 0x2c, 0x0a, 0x20,
  0x20, 0x20, 0x20, 0x20, 0x20, 0x20, 0x20, 0x31, 0x30, 0x32, 0x33, 0x32,
  0x2c, 0x0a, 0x20, 0x20, 0x20, 0x20, 0x20, 0x20, 0x20, 0x20, 0x31, 0x30,
  0x32, 0x33, 0x34, 0x0a, 0x20, 0x20, 0x20, 0x20, 0x20, 0x20, 0x5d, 0x2c,
  0x0a, 0x20, 0x20, 0x20, 0x20, 0x20, 0x20, 0x22, 0x65, 0x6c, 0x69, 0x74,
  0x65, 0x22, 0x3a, 0x20, 0x32, 0x34, 0x37, 0x35, 0x35, 0x0a, 0x20, 0x20,
  0x20, 0x20, 0x7d, 0x2c, 0x0a, 0x20, 0x20, 0x20, 0x20, 0x22, 0x6c, 0x65,
  0x67, 0x65, 0x6e, 0x64, 0x73, 0x22, 0x3a, 0x20, 0x5b, 0x0a, 0x20, 0x20,
  0x20, 0x20, 0x20, 0x20, 0x30, 0x2c, 0x0a, 0x20, 0x20, 0x20, 0x20, 0x20,
  0x20, 0x30, 0x0a, 0x20, 0x20, 0x20, 0x20, 0x5d, 0x2c, 0x0a, 0x20, 0x20,
  0x20, 0x20, 0x22, 0x70, 0x65, 0x74, 0x73, 0x22, 0x3a, 0x20, 0x5b, 0x0a,
  0x20, 0x20, 0x20, 0x20, 0x20, 0x20, 0x30, 0x2c, 0x0a, 0x20, 0x20, 0x20,
  0x20, 0x20, 0x20, 0x30, 0x0a, 0x20, 0x20, 0x20, 0x20, 0x5d, 0x2c, 0x0a,
  0x20, 0x20, 0x20, 0x20, 0x22, 0x67, 0x65, 0x61, 0x72, 0x22, 0x3a, 0x20,
  0x7b, 0x0a, 0x20, 0x20, 0x20, 0x20, 0x20, 0x20, 0x22, 0x72, 0x65, 0x6c,
  0x69, 0x63, 0x5f, 0x69, 0x64, 0x22, 0x3a, 0x20, 0x31, 0x30, 0x30, 0x38,
  0x34, 0x39, 0x2c, 0x0a, 0x20, 0x20, 0x20, 0x20, 0x20, 0x20, 0x22, 0x66,
  0x6f, 0x6f, 0x64, 0x5f, 0x69, 0x64, 0x22, 0x3a, 0x20, 0x39, 0x31, 0x38,
  0x30, 0x34, 0x2c, 0x0a, 0x20, 0x20, 0x20, 0x20, 0x20, 0x20, 0x22, 0x75,
  0x74, 0x69, 0x6c, 0x69, 0x74, 0x79, 0x5f, 0x69, 0x64, 0x22, 0x3a, 0x20,
  0x34, 0x38, 0x39, 0x31, 0x37, 0x2c, 0x0a, 0x20, 0x20, 0x20, 0x20, 0x20,
  0x20, 0x22, 0x69, 0x74, 0x65, 0x6d, 0x73, 0x22, 0x3a, 0x20, 0x5b, 0x0a,
  0x20, 0x20, 0x20, 0x20, 0x20, 0x20, 0x20, 0x20, 0x7b, 0x0a, 0x20, 0x20,
  0x20, 0x20, 0x20, 0x20, 0x20, 0x20, 0x20, 0x20, 0x22, 0x73, 0x6c, 0x6f,
  0x74, 0x22, 0x3a, 0x20, 0x22, 0x48, 0x65, 0x6c, 0x6d, 0x22, 0x2c, 0x0a,
  0x20, 0x20, 0x20, 0x20, 0x20, 0x20, 0x20, 0x20, 0x20, 0x20, 0x22, 0x69,
  0x74, 0x65, 0x6d, 0x5f, 0x69, 0x64, 0x22, 0x3a, 0x20, 0x34, 0x38, 0x31,
  0x31, 0x37, 0x2c, 0x0a, 0x20, 0x20, 0x20, 0x20, 0x20, 0x20, 0x20, 0x20,
  0x20, 0x20, 0x22, 0x73, 0x74, 0x61, 0x74, 0x5f, 0x69, 0x64, 0x22, 0x3a,
  0x20, 0x31, 0x30, 0x37, 0x38, 0x2c, 0x0a, 0x20, 0x20, 0x20, 0x20, 0x20,
  0x20, 0x20, 0x20, 0x20, 0x20, 0x22, 0x75, 0x70, 0x67, 0x72, 0x61, 0x64,
  0x65, 0x5f, 0x69, 0x64, 0x22, 0x3a, 0x20, 0x32, 0x34, 0x37, 0x36, 0x32,
  0x2c, 0x0a, 0x20, 0x20, 0x20, 0x20, 0x20, 0x20, 0x20, 0x20, 0x20, 0x20,
  0x22, 0x69, 0x6e, 0x66, 0x75, 0x73, 0x69, 0x6f, 0x6e, 0x73, 0x22, 0x3a,
  0x20, 0x5b, 0x5d, 0x0a, 0x20, 0x20, 0x20, 0x20, 0x20, 0x20, 0x20, 0x20,
  0x7d, 0x2c, 0x0a, 0x20, 0x20, 0x20, 0x20, 0x20, 0x20, 0x20, 0x20, 0x7b,
  0x0a, 0x20, 0x20, 0x20, 0x20, 0x20, 0x20, 0x20, 0x20, 0x20, 0x20, 0x22,
  0x73, 0x6c, 0x6f, 0x74, 0x22, 0x3a, 0x20, 0x22, 0x53, 0x68, 0x6f, 0x75,
  0x6c, 0x64, 0x65, 0x72, 0x73, 0x22, 0x2c, 0x0a, 0x20, 0x20, 0x20, 0x20,
  0x20, 0x20, 0x20, 0x20, 0x20, 0x20, 0x22, 0x69, 0x74, 0x65, 0x6d, 0x5f,
  0x69, 0x64, 0x22, 0x3a, 0x20, 0x34, 0x38, 0x31, 0x31, 0x39, 0x2c, 0x0a,
  0x20, 0x20, 0x20, 0x20, 0x20, 0x20, 0x20, 0x20, 0x20, 0x20, 0x22, 0x73,
  0x74, 0x61, 0x74, 0x5f, 0x69, 0x64, 0x22, 0x3a, 0x20, 0x31, 0x30, 0x37,
  0x38, 0x2c, 0x0a, 0x20, 0x20, 0x20, 0x20, 0x20, 0x20, 0x20, 0x20, 0x20,
  0x20, 0x22, 0x75, 0x70, 0x67, 0x72, 0x61, 0x64, 0x65, 0x5f, 0x69, 0x64,
  0x22, 0x3a, 0x20, 0x32, 0x34, 0x37, 0x36, 0x32, 0x2c, 0x0a, 0x20, 0x20,
  0x20, 0x20, 0x20, 0x20, 0x20, 0x20, 0x20, 0x20, 0x22, 0x69, 0x6e, 0x66,
  0x75, 0x73, 0x69, 0x6f, 0x6e, 0x73, 0x22, 0x3a, 0x20, 0x5b, 0x5d, 0x0a,
  0x20, 0x20, 0x20, 0x20, 0x20, 0x20, 0x20, 0x20, 0x7d, 0x2c, 0x0a, 0x20,
  0x20, 0x20, 0x20, 0x20, 0x20, 0x20, 0x20, 0x7b, 0x0a, 0x20, 0x20, 0x20,
  0x20, 0x20, 0x20, 0x20, 0x20, 0x20, 0x20, 0x22, 0x73, 0x6c, 0x6f, 0x74,
  0x22, 0x3a, 0x20, 0x22, 0x43, 0x68, 0x65, 0x73, 0x74, 0x22, 0x2c, 0x0a,
  0x20, 0x20, 0x20, 0x20, 0x20, 0x20, 0x20, 0x20, 0x20, 0x20, 0x22, 0x69,
  0x74, 0x65, 0x6d, 0x5f, 0x69, 0x64, 0x22, 0x3a, 0x20, 0x36, 0x37, 0x34,
  0x35, 0x33, 0x2c, 0x0a, 0x20, 0x20, 0x20, 0x20, 0x20, 0x20, 0x20, 0x20,
  0x20, 0x20, 0x22, 0x73, 0x74, 0x61, 0x74, 0x5f, 0x69, 0x64, 0x22, 0x3a,
  0x20, 0x31, 0x30, 0x36, 0x37, 0x2c, 0x0a, 0x20, 0x20, 0x20, 0x20, 0x20,
  0x20, 0x20, 0x20, 0x20, 0x20, 0x22, 0x75, 0x70, 0x67, 0x72, 0x61, 0x64,
  0x65, 0x5f, 0x69, 0x64, 0x22, 0x3a, 0x20, 0x32, 0x34, 0x37, 0x36, 0x32,
  0x2c, 0x0a, 0x20, 0x20, 0x20, 0x20, 0x20, 0x20, 0x20, 0x20, 0x20, 0x20,
  0x22, 0x69, 0x6e, 0x66, 0x75, 0x73, 0x69, 0x6f, 0x6e, 0x73, 0x22, 0x3a,
  0x20, 0x5b, 0x5d, 0x0a, 0x20, 0x20, 0x20, 0x20, 0x20, 0x20, 0x20, 0x20,
  0x7d, 0x2c, 0x0a, 0x20, 0x20, 0x20, 0x20, 0x20, 0x20, 0x20, 0x20, 0x7b,
  0x0a, 0x20, 0x20, 0x20, 0x20, 0x20, 0x20, 0x20, 0x20, 0x20, 0x20, 0x22,
  0x73, 0x6c, 0x6f, 0x74, 0x22, 0x3a, 0x20, 0x22, 0x47, 0x6c, 0x6f, 0x76,
  0x65, 0x73, 0x22, 0x2c, 0x0a, 0x20, 0x20, 0x20, 0x20, 0x20, 0x20, 0x20,
  0x20, 0x20, 0x20, 0x22, 0x69, 0x74, 0x65, 0x6d, 0x5f, 0x69, 0x64, 0x22,
  0x3a, 0x20, 0x34, 0x38, 0x31, 0x31, 0x36, 0x2c, 0x0a, 0x20, 0x20, 0x20,
  0x20, 0x20, 0x20, 0x20, 0x20, 0x20, 0x20, 0x22, 0x73, 0x74, 0x61, 0x74,
  0x5f, 0x69, 0x64, 0x22, 0x3a, 0x20, 0x31, 0x30, 0x37, 0x38, 0x2c, 0x0a,
  0x20, 0x20, 0x20, 0x20, 0x20, 0x20, 0x20, 0x20, 0x20, 0x20, 0x22, 0x75,
  0x70, 0x67, 0x72, 0x61, 0x64, 0x65, 0x5f, 0x69, 0x64, 0x22, 0x3a, 0x20,
  0x32, 0x34, 0x37, 0x36, 0x32, 0x2c, 0x0a, 0x20, 0x20, 0x20, 0x20, 0x20,
  0x20, 0x20, 0x20, 0x20, 0x20, 0x22, 0x69, 0x6e, 0x66, 0x75, 0x73, 0x69,
  0x6f, 0x6e, 0x73, 0x22, 0x3a, 0x20, 0x5b, 0x5d, 0x0a, 0x20, 0x20, 0x20,
  0x20, 0x20, 0x20, 0x20, 0x20, 0x7d, 0x2c, 0x0a, 0x20, 0x20, 0x20, 0x20,
  0x20, 0x20, 0x20, 0x20, 0x7b, 0x0a, 0x20, 0x20, 0x20, 0x20, 0x20, 0x20,
  0x20, 0x20, 0x20, 0x20, 0x22, 0x73, 0x6c, 0x6f, 0x74, 0x22, 0x3a, 0x20,
  0x22, 0x4c, 0x65, 0x67, 0x67, 0x69, 0x6e, 0x67, 0x73, 0x22, 0x2c, 0x0a,
  0x20, 0x20, 0x20, 0x20, 0x20, 0x20, 0x20, 0x20, 0x20, 0x20, 0x22, 0x69,
  0x74, 0x65, 0x6d, 0x5f, 0x69, 0x64, 0x22, 0x3a, 0x20, 0x36, 0x37, 0x34,
  0x35, 0x30, 0x2c, 0x0a, 0x20, 0x20, 0x20, 0x20, 0x20, 0x20, 0x20, 0x20,
  0x20, 0x20, 0x22, 0x73, 0x74, 0x61, 0x74, 0x5f, 0x69, 0x64, 0x22, 0x3a,
  0x20, 0x31, 0x30, 0x36, 0x37, 0x2c, 0x0a, 0x20, 0x20, 0x20, 0x20, 0x20,
  0x20, 0x20, 0x20, 0x20, 0x20, 0x22, 0x75, 0x70, 0x67, 0x72, 0x61, 0x64,
  0x65, 0x5f, 0x69, 0x64, 0x22, 0x3a, 0x20, 0x32, 0x34, 0x37, 0x36, 0x32,
  0x2c, 0x0a, 0x20, 0x20, 0x20, 0x20, 0x20, 0x20, 0x20, 0x20, 0x20, 0x20,
  0x22, 0x69, 0x6e, 0x66, 0x75, 0x73, 0x69, 0x6f, 0x6e, 0x73, 0x22, 0x3a,
  0x20, 0x5b, 0x5d, 0x0a, 0x20, 0x20, 0x20, 0x20, 0x20, 0x20, 0x20, 0x20,
  0x7d, 0x2c, 0x0a, 0x20, 0x20, 0x20, 0x20, 0x20, 0x20, 0x20, 0x20, 0x7b,
  0x0a, 0x20, 0x20, 0x20, 0x20, 0x20, 0x20, 0x20, 0x20, 0x20, 0x20, 0x22,
  0x73, 0x6c, 0x6f, 0x74, 0x22, 0x3a, 0x20, 0x22, 0x42, 0x6f, 0x6f, 0x74,
  0x73, 0x22, 0x2c, 0x0a, 0x20, 0x20, 0x20, 0x20, 0x20, 0x20, 0x20, 0x20,
  0x20, 0x20, 0x22, 0x69, 0x74, 0x65, 0x6d, 0x5f, 0x69, 0x64, 0x22, 0x3a,
  0x20, 0x36, 0x37, 0x34, 0x35, 0x34, 0x2c, 0x0a, 0x20, 0x20, 0x20, 0x20,
  0x20, 0x20, 0x20, 0x20, 0x20, 0x20, 0x22, 0x73, 0x74, 0x61, 0x74, 0x5f,
  0x69, 0x64, 0x22, 0x3a, 0x20, 0x31, 0x30, 0x36, 0x37, 0x2c, 0x0a, 0x20,
  0x20, 0x20, 0x20, 0x20, 0x20, 0x20, 0x20, 0x20, 0x20, 0x22, 0x75, 0x70,
  0x67, 0x72, 0x61, 0x64, 0x65, 0x5f, 0x69, 0x64, 0x22, 0x3a, 0x20, 0x32,
  0x34, 0x37, 0x36, 0x32, 0x2c, 0x0a, 0x20, 0x20, 0x20, 0x20, 0x20, 0x20,
  0x20, 0x20, 0x20, 0x20, 0x22, 0x69, 0x6e, 0x66, 0x75, 0x73, 0x69, 0x6f,
  0x6e, 0x73, 0x22, 0x3a, 0x20, 0x5b, 0x5d, 0x0a, 0x20, 0x20, 0x20, 0x20,
  0x20, 0x20, 0x20, 0x20, 0x7d, 0x2c, 0x0a, 0x20, 0x20, 0x20, 0x20, 0x20,
  0x20, 0x20, 0x20, 0x7b, 0x0a, 0x20, 0x20, 0x20, 0x20, 0x20, 0x20, 0x20,
  0x20, 0x20, 0x20, 0x22, 0x73, 0x6c, 0x6f, 0x74, 0x22, 0x3a, 0x20, 0x22,
  0x42, 0x61, 0x63, 0x6b, 0x49, 0x74, 0x65, 0x6d, 0x22, 0x2c, 0x0a, 0x20,
  0x20, 0x20, 0x20, 0x20, 0x20, 0x20, 0x20, 0x20, 0x20, 0x22, 0x69, 0x74,
  0x65, 0x6d, 0x5f, 0x69, 0x64, 0x22, 0x3a, 0x20, 0x37, 0x39, 0x38, 0x33,
  0x37, 0x2c, 0x0a, 0x20, 0x20, 0x20, 0x20, 0x20, 0x20, 0x20, 0x20, 0x20,
  0x20, 0x22, 0x73, 0x74, 0x61, 0x74, 0x5f, 0x69, 0x64, 0x22, 0x3a, 0x20,
  0x31, 0x30, 0x37, 0x38, 0x2c, 0x0a, 0x20, 0x20, 0x20, 0x20, 0x20, 0x20,
  0x20, 0x20, 0x20, 0x20, 0x22, 0x75, 0x70, 0x67, 0x72, 0x61, 0x64, 0x65,
  0x5f, 0x69, 0x64, 0x22, 0x3a, 0x20, 0x30, 0x2c, 0x0a, 0x20, 0x20, 0x20,
  0x20, 0x20, 0x20, 0x20, 0x20, 0x20, 0x20, 0x22, 0x69, 0x6e, 0x66, 0x75,
  0x73, 0x69, 0x6f, 0x6e, 0x73, 0x22, 0x3a, 0x20, 0x5b, 0x5d, 0x0a, 0x20,
  0x20, 0x20, 0x20, 0x20, 0x20, 0x20, 0x20, 0x7d, 0x2c, 0x0a, 0x20, 0x20,
  0x20, 0x20, 0x20, 0x20, 0x20, 0x20, 0x7b, 0x0a, 0x20, 0x20, 0x20, 0x20,
  0x20, 0x20, 0x20, 0x20, 0x20, 0x20, 0x22, 0x73, 0x6c, 0x6f, 0x74, 0x22,
  0x3a, 0x20, 0x22, 0x41, 0x63, 0x63, 0x65, 0x73, 0x73, 0x6f, 0x72, 0x79,
  0x31, 0x22, 0x2c, 0x0a, 0x20, 0x20, 0x20, 0x20, 0x20, 0x20, 0x20, 0x20,
  0x20, 0x20, 0x22, 0x69, 0x74, 0x65, 0x6d, 0x5f, 0x69, 0x64, 0x22, 0x3a,
  0x20, 0x37, 0x39, 0x37, 0x34, 0x35, 0x2c, 0x0a, 0x20, 0x20, 0x20, 0x20,
  0x20, 0x20, 0x20, 0x20, 0x20, 0x20, 0x22, 0x73, 0x74, 0x61, 0x74, 0x5f,
  0x69, 0x64, 0x22, 0x3a, 0x20, 0x31, 0x30, 0x36, 0x37, 0x2c, 0x0a, 0x20,
  0x20, 0x20, 0x20, 0x20, 0x20, 0x20, 0x20, 0x20, 0x20, 0x22, 0x75, 0x70,
  0x67, 0x72, 0x61, 0x64, 0x65, 0x5f, 0x69, 0x64, 0x22, 0x3a, 0x20, 0x30,
  0x2c, 0x0a, 0x20, 0x20, 0x20, 0x20, 0x20, 0x20, 0x20, 0x20, 0x20, 0x20,
  0x22, 0x69, 0x6e, 0x66, 0x75, 0x73, 0x69, 0x6f, 0x6e, 0x73, 0x22, 0x3a,
  0x20, 0x5b, 0x5d, 0x0a, 0x20, 0x20, 0x20, 0x20, 0x20, 0x20, 0x20, 0x20,
  0x7d, 0x2c, 0x0a, 0x20, 0x20, 0x20, 0x20, 0x20, 0x20, 0x20, 0x20, 0x7b,
  0x0a, 0x20, 0x20, 0x20, 0x20, 0x20, 0x20, 0x20, 0x20, 0x20, 0x20, 0x22,
  0x73, 0x6c, 0x6f, 0x74, 0x22, 0x3a, 0x20, 0x22, 0x41, 0x63, 0x63, 0x65,
  0x73, 0x73, 0x6f, 0x72, 0x79, 0x32, 0x22, 0x2c, 0x0a, 0x20, 0x20, 0x20,
  0x20, 0x20, 0x20, 0x20, 0x20, 0x20, 0x20, 0x22, 0x69, 0x74, 0x65, 0x6d,
  0x5f, 0x69, 0x64, 0x22, 0x3a, 0x20, 0x37, 0x39, 0x34, 0x34, 0x34, 0x2c,
  0x0a, 0x20, 0x20, 0x20, 0x20, 0x20, 0x20, 0x20, 0x20, 0x20, 0x20, 0x22,
  0x73, 0x74, 0x61, 0x74, 0x5f, 0x69, 0x64, 0x22, 0x3a, 0x20, 0x31, 0x30,
  0x36, 0x37, 0x2c, 0x0a, 0x20, 0x20, 0x20, 0x20, 0x20, 0x20, 0x20, 0x20,
  0x20, 0x20, 0x22, 0x75, 0x70, 0x67, 0x72, 0x61, 0x64, 0x65, 0x5f, 0x69,
  0x64, 0x22, 0x3a, 0x20, 0x30, 0x2c, 0x0a, 0x20, 0x20, 0x20, 0x20, 0x20,
  0x20, 0x20, 0x20, 0x20, 0x20, 0x22, 0x69, 0x6e, 0x66, 0x75, 0x73, 0x69,
  0x6f, 0x6e, 0x73, 0x22, 0x3a, 0x20, 0x5b, 0x5d, 0x0a, 0x20, 0x20, 0x20,
  0x20, 0x20, 0x20, 0x20, 0x20, 0x7d, 0x2c, 0x0a, 0x20, 0x20, 0x20, 0x20,
  0x20, 0x20, 0x20, 0x20, 0x7b, 0x0a, 0x20, 0x20, 0x20, 0x20, 0x20, 0x20,
  0x20, 0x20, 0x20, 0x20, 0x22, 0x73, 0x6c, 0x6f, 0x74, 0x22, 0x3a, 0x20,
  0x22, 0x41, 0x6d, 0x75, 0x6c, 0x65, 0x74, 0x22, 0x2c, 0x0a, 0x20, 0x20,
  0x20, 0x20, 0x20, 0x20, 0x20, 0x20, 0x20, 0x20, 0x22, 0x69, 0x74, 0x65,
  0x6d, 0x5f, 0x69, 0x64, 0x22, 0x3a, 0x20, 0x38, 0x31, 0x31, 0x36, 0x39,
  0x2c, 0x0a, 0x20, 0x20, 0x20, 0x20, 0x20, 0x20, 0x20, 0x20, 0x20, 0x20,
  0x22, 0x73, 0x74, 0x61, 0x74, 0x5f, 0x69, 0x64, 0x22, 0x3a, 0x20, 0x31,
  0x30, 0x36, 0x37, 0x2c, 0x0a, 0x20, 0x20, 0x20, 0x20, 0x20, 0x20, 0x20,
  0x20, 0x20, 0x20, 0x22, 0x75, 0x70, 0x67, 0x72, 0x61, 0x64, 0x65, 0x5f,
  0x69, 0x64, 0x22, 0x3a, 0x20, 0x30, 0x2c, 0x0a, 0x20, 0x20, 0x20, 0x20,
  0x20, 0x20, 0x20, 0x20, 0x20, 0x20, 0x22, 0x69, 0x6e, 0x66, 0x75, 0x73,
  0x69, 0x6f, 0x6e, 0x73, 0x22, 0x3a, 0x20, 0x5b, 0x5d, 0x0a, 0x20, 0x20,
  0x20, 0x20, 0x20, 0x20, 0x20, 0x20, 0x7d, 0x2c, 0x0a, 0x20, 0x20, 0x20,
  0x20, 0x20, 0x20, 0x20, 0x20, 0x7b, 0x0a, 0x20, 0x20, 0x20, 0x20, 0x20,
  0x20, 0x20, 0x20, 0x20, 0x20, 0x22, 0x73, 0x6c, 0x6f, 0x74, 0x22, 0x3a,
  0x20, 0x22, 0x52, 0x69, 0x6e, 0x67, 0x31, 0x22, 0x2c, 0x0a, 0x20, 0x20,
  0x20, 0x20, 0x20, 0x20, 0x20, 0x20, 0x20, 0x20, 0x22, 0x69, 0x74, 0x65,
  0x6d, 0x5f, 0x69, 0x64, 0x22, 0x3a, 0x20, 0x37, 0x39, 0x37, 0x31, 0x30,
  0x2c, 0x0a, 0x20, 0x20, 0x20, 0x20, 0x20, 0x20, 0x20, 0x20, 0x20, 0x20,
  0x22, 0x73, 0x74, 0x61, 0x74, 0x5f, 0x69, 0x64, 0x22, 0x3a, 0x20, 0x31,
  0x30, 0x37, 0x38, 0x2c, 0x0a, 0x20, 0x20, 0x20, 0x20, 0x20, 0x20, 0x20,
  0x20, 0x20, 0x20, 0x22, 0x75, 0x70, 0x67, 0x72, 0x61, 0x64, 0x65, 0x5f,
  0x69, 0x64, 0x22, 0x3a, 0x20, 0x30, 0x2c, 0x0a, 0x20, 0x20, 0x20, 0x20,
  0x20, 0x20, 0x20, 0x20, 0x20, 0x20, 0x22, 0x69, 0x6e, 0x66, 0x75, 0x73,
  0x69, 0x6f, 0x6e, 0x73, 0x22, 0x3a, 0x20, 0x5b, 0x5d, 0x0a, 0x20, 0x20,
  0x20, 0x20, 0x20, 0x20, 0x20, 0x20, 0x7d, 0x2c, 0x0a, 0x20, 0x20, 0x20,
  0x20, 0x20, 0x20, 0x20, 0x20, 0x7b, 0x0a, 0x20, 0x20, 0x20, 0x20, 0x20,
  0x20, 0x20, 0x20, 0x20, 0x20, 0x22, 0x73, 0x6c, 0x6f, 0x74, 0x22, 0x3a,
  0x20, 0x22, 0x52, 0x69, 0x6e, 0x67, 0x32, 0x22, 0x2c, 0x0a, 0x20, 0x20,
  0x20, 0x20, 0x20, 0x20, 0x20, 0x20, 0x20, 0x20, 0x22, 0x69, 0x74, 0x65,
  0x6d, 0x5f, 0x69, 0x64, 0x22, 0x3a, 0x20, 0x38, 0x31, 0x31, 0x36, 0x37,
  0x2c, 0x0a, 0x20, 0x20, 0x20, 0x20, 0x20, 0x20, 0x20, 0x20, 0x20, 0x20,
  0x22, 0x73, 0x74, 0x61, 0x74, 0x5f, 0x69, 0x64, 0x22, 0x3a, 0x20, 0x31,
  0x30, 0x37, 0x38, 0x2c, 0x0a, 0x20, 0x20, 0x20, 0x20, 0x20, 0x20, 0x20,
  0x20, 0x20, 0x20, 0x22, 0x75, 0x70, 0x67, 0x72, 0x61, 0x64, 0x65, 0x5f,
  0x69, 0x64, 0x22, 0x3a, 0x20, 0x30, 0x2c, 0x0a, 0x20, 0x20, 0x20, 0x20,
  0x20, 0x20, 0x20, 0x20, 0x20, 0x20, 0x22, 0x69, 0x6e, 0x66, 0x75, 0x73,
  0x69, 0x6f, 0x6e, 0x73, 0x22, 0x3a, 0x20, 0x5b, 0x5d, 0x0a, 0x20, 0x20,
  0x20, 0x20, 0x20, 0x20, 0x20, 0x20, 0x7d, 0x2c, 0x0a, 0x20, 0x20, 0x20,
  0x20, 0x20, 0x20, 0x20, 0x20, 0x7b, 0x0a, 0x20, 0x20, 0x20, 0x20, 0x20,
  0x20, 0x20, 0x20, 0x20, 0x20, 0x22, 0x73, 0x6c, 0x6f, 0x74, 0x22, 0x3a,
  0x20, 0x22, 0x57, 0x65, 0x61, 0x70, 0x6f, 0x6e, 0x41, 0x31, 0x22, 0x2c,
  0x0a, 0x20, 0x20, 0x20, 0x20, 0x20, 0x20, 0x20, 0x20, 0x20, 0x20, 0x22,
  0x69, 0x74, 0x65, 0x6d, 0x5f, 0x69, 0x64, 0x22, 0x3a, 0x20, 0x36, 0x37,
  0x39, 0x34, 0x38, 0x2c, 0x0a, 0x20, 0x20, 0x20, 0x20, 0x20, 0x20, 0x20,
  0x20, 0x20, 0x20, 0x22, 0x73, 0x74, 0x61, 0x74, 0x5f, 0x69, 0x64, 0x22,
  0x3a, 0x20, 0x31, 0x30, 0x36, 0x37, 0x2c, 0x0a, 0x20, 0x20, 0x20, 0x20,
  0x20, 0x20, 0x20, 0x20, 0x20, 0x20, 0x22, 0x75, 0x70, 0x67, 0x72, 0x61,
  0x64, 0x65, 0x5f, 0x69, 0x64, 0x22, 0x3a, 0x20, 0x32, 0x34, 0x36, 0x31,
  0x32, 0x2c, 0x0a, 0x20, 0x20, 0x20, 0x20, 0x20, 0x20, 0x20, 0x20, 0x20,
  0x20, 0x22, 0x69, 0x6e, 0x66, 0x75, 0x73, 0x69, 0x6f, 0x6e, 0x73, 0x22,
  0x3a, 0x20, 0x5b, 0x5d, 0x0a, 0x20, 0x20, 0x20, 0x20, 0x20, 0x20, 0x20,
  0x20, 0x7d, 0x2c, 0x0a, 0x20, 0x20, 0x20, 0x20, 0x20, 0x20, 0x20, 0x20,
  0x7b, 0x0a, 0x20, 0x20, 0x20, 0x20, 0x20, 0x20, 0x20, 0x20, 0x20, 0x20,
  0x22, 0x73, 0x6c, 0x6f, 0x74, 0x22, 0x3a, 0x20, 0x22, 0x57, 0x65, 0x61,
  0x70, 0x6f, 0x6e, 0x41, 0x32, 0x22, 0x2c, 0x0a, 0x20, 0x20, 0x20, 0x20,
  0x20, 0x20, 0x20, 0x20, 0x20, 0x20, 0x22, 0x69, 0x74, 0x65, 0x6d, 0x5f,
  0x69, 0x64, 0x22, 0x3a, 0x20, 0x36, 0x37, 0x39, 0x33, 0x38, 0x2c, 0x0a,
  0x20, 0x20, 0x20, 0x20, 0x20, 0x20, 0x20, 0x20, 0x20, 0x20, 0x22, 0x73,
  0x74, 0x61, 0x74, 0x5f, 0x69, 0x64, 0x22, 0x3a, 0x20, 0x31, 0x30, 0x36,
  0x37, 0x2c, 0x0a, 0x20, 0x20, 0x20, 0x20, 0x20, 0x20, 0x20, 0x20, 0x20,
  0x20, 0x22, 0x75, 0x70, 0x67, 0x72, 0x61, 0x64, 0x65, 0x5f, 0x69, 0x64,
  0x22, 0x3a, 0x20, 0x32, 0x34, 0x35, 0x36, 0x30, 0x2c, 0x0a, 0x20, 0x20,
  0x20, 0x20, 0x20, 0x20, 0x20, 0x20, 0x20, 0x20, 0x22, 0x69, 0x6e, 0x66,
  0x75, 0x73, 0x69, 0x6f, 0x6e, 0x73, 0x22, 0x3a, 0x20, 0x5b, 0x5d, 0x0a,
  0x20, 0x20, 0x20, 0x20, 0x20, 0x20, 0x20, 0x20, 0x7d, 0x0a, 0x20, 0x20,
  0x20, 0x20, 0x20, 0x20, 0x5d, 0x0a, 0x20, 0x20, 0x20, 0x20, 0x7d, 0x2c,
  0x0a, 0x20, 0x20, 0x20, 0x20, 0x22, 0x72, 0x6f, 0x74, 0x61, 0x74, 0x69,
  0x6f, 0x6e, 0x22, 0x3a, 0x20, 0x7b, 0x0a, 0x20, 0x20, 0x20, 0x20, 0x20,
  0x20, 0x22, 0x6f, 0x70, 0x65, 0x6e, 0x65, 0x72, 0x22, 0x3a, 0x20, 0x5b,
  0x5d, 0x2c, 0x0a, 0x20, 0x20, 0x20, 0x20, 0x20, 0x20, 0x22, 0x6c, 0x6f,
  0x6f, 0x70, 0x22, 0x3a, 0x20, 0x5b, 0x5d, 0x0a, 0x20, 0x20, 0x20, 0x20,
  0x7d, 0x0a, 0x20, 0x20, 0x7d, 0x2c, 0x0a, 0x20, 0x20, 0x7b, 0x0a, 0x20,
  0x20, 0x20, 0x20, 0x22, 0x69, 0x64, 0x22, 0x3a, 0x20, 0x22, 0x6e, 0x65,
  0x63, 0x72, 0x6f, 0x6d, 0x61, 0x6e, 0x63, 0x65, 0x72, 0x2d, 0x70, 0x6f,
  0x77, 0x65, 0x72, 0x2d, 0x72, 0x65, 0x61, 0x70, 0x65, 0x72, 0x22, 0x2c,
  0x0a, 0x20, 0x20, 0x20, 0x20, 0x22, 0x6e, 0x61, 0x6d, 0x65, 0x22, 0x3a,
  0x20, 0x22, 0x50, 0x6f, 0x77, 0x65, 0x72, 0x20, 0x52, 0x65, 0x61, 0x70,
  0x65, 0x72, 0x22, 0x2c, 0x0a, 0x20, 0x20, 0x20, 0x20, 0x22, 0x70, 0x72,
  0x6f, 0x66, 0x65, 0x73, 0x73, 0x69, 0x6f, 0x6e, 0x22, 0x3a, 0x20, 0x22,
  0x4e, 0x65, 0x63, 0x72, 0x6f, 0x6d, 0x61, 0x6e, 0x63, 0x65, 0x72, 0x22,
  0x2c, 0x0a, 0x20, 0x20, 0x20, 0x20, 0x22, 0x65, 0x6c, 0x69, 0x74, 0x65,
  0x5f, 0x73, 0x70, 0x65, 0x63, 0x22, 0x3a, 0x20, 0x22, 0x52, 0x65, 0x61,
  0x70, 0x65, 0x72, 0x22, 0x2c, 0x0a, 0x20, 0x20, 0x20, 0x20, 0x22, 0x62,
  0x75, 0x69, 0x6c, 0x64, 0x5f, 0x74, 0x79, 0x70, 0x65, 0x22, 0x3a, 0x20,
  0x22, 0x50, 0x6f, 0x77, 0x65, 0x72, 0x22, 0x2c, 0x0a, 0x20, 0x20, 0x20,
  0x20, 0x22, 0x70, 0x61, 0x74, 0x63, 0x68, 0x5f, 0x76, 0x65, 0x72, 0x73,
  0x69, 0x6f, 0x6e, 0x22, 0x3a, 0x20, 0x22, 0x22, 0x2c, 0x0a, 0x20, 0x20,
  0x20, 0x20, 0x22, 0x62, 0x65, 0x6e, 0x63, 0x68, 0x6d, 0x61, 0x72, 0x6b,
  0x5f, 0x64, 0x70, 0x73, 0x22, 0x3a, 0x20, 0x30, 0x2e, 0x30, 0x2c, 0x0a,
  0x20, 0x20, 0x20, 0x20, 0x22, 0x6e, 0x6f, 0x74, 0x65, 0x73, 0x22, 0x3a,
  0x20, 0x22, 0x47, 0x75, 0x69, 0x6c, 0x64, 0x20, 0x57, 0x61, 0x72, 0x73,
  0x20, 0x32, 0x20, 0x50, 0x6f, 0x77, 0x65, 0x72, 0x20, 0x52, 0x65, 0x61,
  0x70, 0x65, 0x72, 0x20, 0x2d, 0x20, 0x47, 0x72, 0x65, 0x61, 0x74, 0x73,
  0x77, 0x6f, 0x72, 0x64, 0x20, 0x4d, 0x65, 0x74, 0x61, 0x20, 0x62, 0x75,
  0x69, 0x6c, 0x64, 0x20, 0x66, 0x6f, 0x72, 0x20, 0x61, 0x63, 0x63, 0x65,
  0x73, 0x73, 0x69, 0x62, 0x75, 0x69, 0x6c, 0x64, 0x73, 0x3a, 0x20, 0x63,
  0x6f, 0x6d, 0x70, 0x6c, 0x65, 0x74, 0x65, 0x20, 0x67, 0x75, 0x69, 0x64,
  0x65, 0x20, 0x77, 0x69, 0x74, 0x68, 0x20, 0x67, 0x65, 0x61, 0x72, 0x2c,
  0x20, 0x72, 0x75, 0x6e, 0x65, 0x73, 0x2c, 0x20, 0x72, 0x65, 0x6c, 0x69,
  0x63, 0x73, 0x2c, 0x20, 0x74, 0x72, 0x61, 0x69, 0x74, 0x73, 0x2c, 0x20,
  0x61, 0x6e, 0x64, 0x20, 0x72, 0x6f, 0x74, 0x61, 0x74, 0x69, 0x6f, 0x6e,
  0x20, 0x74, 0x69, 0x70, 0x73, 0x2e, 0x22, 0x2c, 0x0a, 0x20, 0x20, 0x20,
  0x20, 0x22, 0x73, 0x6f, 0x75, 0x72, 0x63, 0x65, 0x5f, 0x75, 0x72, 0x6c,
  0x22, 0x3a, 0x20, 0x22, 0x68, 0x74, 0x74, 0x70, 0x73, 0x3a, 0x2f, 0x2f,
  0x73, 0x6e, 0x6f, 0x77, 0x63, 0x72, 0x6f, 0x77, 0x73, 0x2e, 0x63, 0x6f,
  0x6d, 0x2f, 0x62, 0x75, 0x69, 0x6c, 0x64, 0x73, 0x2f, 0x61, 0x63, 0x63,
  0x65, 0x73, 0x73, 0x69, 0x62, 0x75, 0x69, 0x6c, 0x64, 0x73, 0x2f, 0x6e,
  0x65, 0x63, 0x72, 0x6f, 0x6d, 0x61, 0x6e, 0x63, 0x65, 0x72, 0x2f, 0x70,
  0x6f, 0x77, 0x65, 0x72, 0x2d, 0x72, 0x65, 0x61, 0x70, 0x65, 0x72, 0x22,
  0x2c, 0x0a, 0x20, 0x20, 0x20, 0x20, 0x22, 0x63, 0x68, 0x61, 0x74, 0x5f,
  0x63, 0x6f, 0x64, 0x65, 0x22, 0x3a, 0x20, 0x22, 0x5b, 0x26, 0x44, 0x51,
  0x67, 0x31, 0x4b, 0x54, 0x49, 0x6c, 0x49, 0x6a, 0x62, 0x42, 0x45, 0x67,
  0x41, 0x41, 0x51, 0x41, 0x45, 0x41, 0x41, 0x41, 0x41, 0x41, 0x41, 0x41,
  0x42, 0x31, 0x41, 0x51, 0x41, 0x41, 0x6c, 0x51, 0x41, 0x41, 0x41, 0x41,
  0x41, 0x41, 0x41, 0x41, 0x41, 0x41, 0x41, 0x41, 0x41, 0x41, 0x41, 0x41,
  0x41, 0x41, 0x41, 0x41, 0x41, 0x41, 0x41, 0x41, 0x41, 0x3d, 0x5d, 0x22,
  0x2c, 0x0a, 0x20, 0x20, 0x20, 0x20, 0x22, 0x69, 0x73, 0x5f, 0x6c, 0x65,
  0x67, 0x61, 0x63, 0x79, 0x22, 0x3a, 0x20, 0x66, 0x61, 0x6c, 0x73, 0x65,
  0x2c, 0x0a, 0x20, 0x20, 0x20, 0x20, 0x22, 0x61, 0x63, 0x63, 0x65, 0x73,
  0x73, 0x69, 0x62, 0x69, 0x6c, 0x69, 0x74, 0x79, 0x22, 0x3a, 0x20, 0x74,
  0x72, 0x75, 0x65, 0x2c, 0x0a, 0x20, 0x20, 0x20, 0x20, 0x22, 0x74, 0x72,
  0x61, 0x69, 0x74, 0x73, 0x22, 0x3a, 0x20, 0x7b, 0x0a, 0x20, 0x20, 0x20,
  0x20, 0x20, 0x20, 0x22, 0x6c, 0x69, 0x6e, 0x65, 0x31, 0x22, 0x3a, 0x20,
  0x7b, 0x0a, 0x20, 0x20, 0x20, 0x20, 0x20, 0x20, 0x20, 0x20, 0x22, 0x73,
  0x70, 0x65, 0x63, 0x5f, 0x69, 0x64, 0x22, 0x3a, 0x20, 0x35, 0x33, 0x2c,
  0x0a, 0x20, 0x20, 0x20, 0x20, 0x20, 0x20, 0x20, 0x20, 0x22, 0x74, 0x72,
  0x61, 0x69, 0x74, 0x73, 0x22, 0x3a, 0x20, 0x5b, 0x0a, 0x20, 0x20, 0x20,
  0x20, 0x20, 0x20, 0x20, 0x20, 0x20, 0x20, 0x39, 0x31, 0x34, 0x2c, 0x0a,
  0x20, 0x20, 0x20, 0x20, 0x20, 0x20, 0x20, 0x20, 0x20, 0x20, 0x38, 0x32,
  0x39, 0x2c, 0x0a, 0x20, 0x20, 0x20, 0x20, 0x20, 0x20, 0x20, 0x20, 0x20,
  0x20, 0x38, 0x35, 0x33, 0x0a, 0x20, 0x20, 0x20, 0x20, 0x20, 0x20, 0x20,
  0x20, 0x5d, 0x0a, 0x20, 0x20, 0x20, 0x20, 0x20, 0x20, 0x7d, 0x2c, 0x0a,
  0x20, 0x20, 0x20, 0x20, 0x20, 0x20, 0x22, 0x6c, 0x69, 0x6e, 0x65, 0x32,
  0x22, 0x3a, 0x20, 0x7b, 0x0a, 0x20, 0x20, 0x20, 0x20, 0x20, 0x20, 0x20,
  0x20, 0x22, 0x73, 0x70, 0x65, 0x63, 0x5f, 0x69, 0x64, 0x22, 0x3a, 0x20,
  0x35, 0x30, 0x2c, 0x0a, 0x20, 0x20, 0x20, 0x20, 0x20, 0x20, 0x20, 0x20,
  0x22, 0x74, 0x72, 0x61, 0x69, 0x74, 0x73, 0x22, 0x3a, 0x20, 0x5b, 0x0a,
  0x20, 0x20, 0x20, 0x20, 0x20, 0x20, 0x20, 0x20, 0x20, 0x20, 0x38, 0x37,
  0x35, 0x2c, 0x0a, 0x20, 0x20, 0x20, 0x20, 0x20, 0x20, 0x20, 0x20, 0x20,
  0x20, 0x38, 0x39, 0x34, 0x2c, 0x0a, 0x20, 0x20, 0x20, 0x20, 0x20, 0x20,
  0x20, 0x20, 0x20, 0x20, 0x38, 0x39, 0x33, 0x0a, 0x20, 0x20, 0x20, 0x20,
  0x20, 0x20, 0x20, 0x20, 0x5d, 0x0a, 0x20, 0x20, 0x20, 0x20, 0x20, 0x20,
  0x7d, 0x2c, 0x0a, 0x20, 0x20, 0x20, 0x20, 0x20, 0x20, 0x22, 0x6c, 0x69,
  0x6e, 0x65, 0x33, 0x22, 0x3a, 0x20, 0x7b, 0x0a, 0x20, 0x20, 0x20, 0x20,
  0x20, 0x20, 0x20, 0x20, 0x22, 0x73, 0x70, 0x65, 0x63, 0x5f, 0x69, 0x64,
  0x22, 0x3a, 0x20, 0x33, 0x34, 0x2c, 0x0a, 0x20, 0x20, 0x20, 0x20, 0x20,
  0x20, 0x20, 0x20, 0x22, 0x74, 0x72, 0x61, 0x69, 0x74, 0x73, 0x22, 0x3a,
  0x20, 0x5b, 0x0a, 0x20, 0x20, 0x20, 0x20, 0x20, 0x20, 0x20, 0x20, 0x20,
  0x20, 0x32, 0x30, 0x32, 0x30, 0x2c, 0x0a, 0x20, 0x20, 0x20, 0x20, 0x20,
  0x20, 0x20, 0x20, 0x20, 0x20, 0x31, 0x39, 0x36, 0x39, 0x2c, 0x0a, 0x20,
  0x20, 0x20, 0x20, 0x20, 0x20, 0x20, 0x20, 0x20, 0x20, 0x32, 0x30, 0x32,
  0x31, 0x0a, 0x20, 0x20, 0x20, 0x20, 0x20, 0x20, 0x20, 0x20, 0x5d, 0x0a,
  0x20, 0x20, 0x20, 0x20, 0x20, 0x20, 0x7d, 0x0a, 0x20, 0x20, 0x20, 0x20,
  0x7d, 0x2c, 0x0a, 0x20, 0x20, 0x20, 0x20, 0x22, 0x73, 0x6b, 0x69, 0x6c,
  0x6c, 0x73, 0x22, 0x3a, 0x20, 0x7b, 0x0a, 0x20, 0x20, 0x20, 0x20, 0x20,
  0x20, 0x22, 0x68, 0x65, 0x61, 0x6c, 0x22, 0x3a, 0x20, 0x33, 0x30, 0x34,
  0x38, 0x38, 0x2c, 0x0a, 0x20, 0x20, 0x20, 0x20, 0x20, 0x20, 0x22, 0x75,
  0x74, 0x69, 0x6c, 0x69, 0x74, 0x69, 0x65, 0x73, 0x22, 0x3a, 0x20, 0x5b,
  0x0a, 0x20, 0x20, 0x20, 0x20, 0x20, 0x20, 0x20, 0x20, 0x31, 0x30, 0x36,
  0x30, 0x37, 0x2c, 0x0a, 0x20, 0x20, 0x20, 0x20, 0x20, 0x20, 0x20, 0x20,
  0x31, 0x30, 0x36, 0x37, 0x34, 0x2c, 0x0a, 0x20, 0x20, 0x20, 0x20, 0x20,
  0x20, 0x20, 0x20, 0x31, 0x30, 0x36, 0x32, 0x32, 0x0a, 0x20, 0x20, 0x20,
  0x20, 0x20, 0x20, 0x5d, 0x2c, 0x0a, 0x20, 0x20, 0x20, 0x20, 0x20, 0x20,
  0x22, 0x65, 0x6c, 0x69, 0x74, 0x65, 0x22, 0x3a, 0x20, 0x31, 0x30, 0x36,
  0x34, 0x36, 0x0a, 0x20, 0x20, 0x20, 0x20, 0x7d, 0x2c, 0x0a, 0x20, 0x20,
  0x20, 0x20, 0x22, 0x6c, 0x65, 0x67, 0x65, 0x6e, 0x64, 0x73, 0x22, 0x3a,
  0x20, 0x5b, 0x0a, 0x20, 0x20, 0x20, 0x20, 0x20, 0x20, 0x30, 0x2c, 0x0a,
  0x20, 0x20, 0x20, 0x20, 0x20, 0x20, 0x30, 0x0a, 0x20, 0x20, 0x20, 0x20,
  0x5d, 0x2c, 0x0a, 0x20, 0x20, 0x20, 0x20, 0x22, 0x70, 0x65, 0x74, 0x73,
  0x22, 0x3a, 0x20, 0x5b, 0x0a, 0x20, 0x20, 0x20, 0x20, 0x20, 0x20, 0x30,
  0x2c, 0x0a, 0x20, 0x20, 0x20, 0x20, 0x20, 0x20, 0x30, 0x0a, 0x20, 0x20,
  0x20, 0x20, 0x5d, 0x2c, 0x0a, 0x20, 0x20, 0x20, 0x20, 0x22, 0x67, 0x65,
  0x61, 0x72, 0x22, 0x3a, 0x20, 0x7b, 0x0a, 0x20, 0x20, 0x20, 0x20, 0x20,
  0x20, 0x22, 0x72, 0x65, 0x6c, 0x69, 0x63, 0x5f, 0x69, 0x64, 0x22, 0x3a,
  0x20, 0x31, 0x30, 0x34, 0x32, 0x34, 0x31, 0x2c, 0x0a, 0x20, 0x20, 0x20,
  0x20, 0x20, 0x20, 0x22, 0x66, 0x6f, 0x6f, 0x64, 0x5f, 0x69, 0x64, 0x22,
  0x3a, 0x20, 0x39, 0x31, 0x38, 0x30, 0x35, 0x2c, 0x0a, 0x20, 0x20, 0x20,
  0x20, 0x20, 0x20, 0x22, 0x75, 0x74, 0x69, 0x6c, 0x69, 0x74, 0x79, 0x5f,
  0x69, 0x64, 0x22, 0x3a, 0x20, 0x34, 0x33, 0x34, 0x35, 0x31, 0x2c, 0x0a,
  0x20, 0x20, 0x20, 0x20, 0x20, 0x20, 0x22, 0x69, 0x74, 0x65, 0x6d, 0x73,
  0x22, 0x3a, 0x20, 0x5b, 0x0a, 0x20, 0x20, 0x20, 0x20, 0x20, 0x20, 0x20,
  0x20, 0x7b, 0x0a, 0x20, 0x20, 0x20, 0x20, 0x20, 0x20, 0x20, 0x20, 0x20,
  0x20, 0x22, 0x73, 0x6c, 0x6f, 0x74, 0x22, 0x3a, 0x20, 0x22, 0x48, 0x65,
  0x6c, 0x6d, 0x22, 0x2c, 0x0a, 0x20, 0x20, 0x20, 0x20, 0x20, 0x20, 0x20,
  0x20, 0x20, 0x20, 0x22, 0x69, 0x74, 0x65, 0x6d, 0x5f, 0x69, 0x64, 0x22,
  0x3a, 0x20, 0x34, 0x38, 0x30, 0x38, 0x31, 0x2c, 0x0a, 0x20, 0x20, 0x20,
  0x20, 0x20, 0x20, 0x20, 0x20, 0x20, 0x20, 0x22, 0x73, 0x74, 0x61, 0x74,
  0x5f, 0x69, 0x64, 0x22, 0x3a, 0x20, 0x31, 0x30, 0x37, 0x37, 0x2c, 0x0a,
  0x20, 0x20, 0x20, 0x20, 0x20, 0x20, 0x20, 0x20, 0x20, 0x20, 0x22, 0x75,
  0x70, 0x67, 0x72, 0x61, 0x64, 0x65, 0x5f, 0x69, 0x64, 0x22, 0x3a, 0x20,
  0x37, 0x34, 0x39, 0x37, 0x38, 0x2c, 0x0a, 0x20, 0x20, 0x20, 0x20, 0x20,
  0x20, 0x20, 0x20, 0x20, 0x20, 0x22, 0x69, 0x6e, 0x66, 0x75, 0x73, 0x69,
  0x6f, 0x6e, 0x73, 0x22, 0x3a, 0x20, 0x5b, 0x5d, 0x0a, 0x20, 0x20, 0x20,
  0x20, 0x20, 0x20, 0x20, 0x20, 0x7d, 0x2c, 0x0a, 0x20, 0x20, 0x20, 0x20,
  0x20, 0x20, 0x20, 0x20, 0x7b, 0x0a, 0x20, 0x20, 0x20, 0x20, 0x20, 0x20,
  0x20, 0x20, 0x20, 0x20, 0x22, 0x73, 0x6c, 0x6f, 0x74, 0x22, 0x3a, 0x20,
  0x22, 0x53, 0x68, 0x6f, 0x75, 0x6c, 0x64, 0x65, 0x72, 0x73, 0x22, 0x2c,
  0x0a, 0x20, 0x20, 0x20, 0x20, 0x20, 0x20, 0x20, 0x20, 0x20, 0x20, 0x22,
  0x69, 0x74, 0x65, 0x6d, 0x5f, 0x69, 0x64, 0x22, 0x3a, 0x20, 0x34, 0x38,
  0x30, 0x38, 0x33, 0x2c, 0x0a, 0x20, 0x20, 0x20, 0x20, 0x20, 0x20, 0x20,
  0x20, 0x20, 0x20, 0x22, 0x73, 0x74, 0x61, 0x74, 0x5f, 0x69, 0x64, 0x22,
  0x3a, 0x20, 0x31, 0x30, 0x37, 0x37, 0x2c, 0x0a, 0x20, 0x20, 0x20, 0x20,
  0x20, 0x20, 0x20, 0x20, 0x20, 0x20, 0x22, 0x75, 0x70, 0x67, 0x72, 0x61,
  0x64, 0x65, 0x5f, 0x69, 0x64, 0x22, 0x3a, 0x20, 0x37, 0x34, 0x39, 0x37,
  0x38, 0x2c, 0x0a, 0x20, 0x20, 0x20, 0x20, 0x20, 0x20, 0x20, 0x20, 0x20,
  0x20, 0x22, 0x69, 0x6e, 0x66, 0x75, 0x73, 0x69, 0x6f, 0x6e, 0x73, 0x22,
  0x3a, 0x20, 0x5b, 0x5d, 0x0a, 0x20, 0x20, 0x20, 0x20, 0x20, 0x20, 0x20,
  0x20, 0x7d, 0x2c, 0x0a, 0x20, 0x20, 0x20, 0x20, 0x20, 0x20, 0x20, 0x20,
  0x7b, 0x0a, 0x20, 0x20, 0x20, 0x20, 0x20, 0x20, 0x20, 0x20, 0x20, 0x20,
  0x22, 0x73, 0x6c, 0x6f, 0x74, 0x22, 0x3a, 0x20, 0x22, 0x43, 0x68, 0x65,
  0x73, 0x74, 0x22, 0x2c, 0x0a, 0x20, 0x20, 0x20, 0x20, 0x20, 0x20, 0x20,
  0x20, 0x20, 0x20, 0x22, 0x69, 0x74, 0x65, 0x6d, 0x5f, 0x69, 0x64, 0x22,
  0x3a, 0x20, 0x34, 0x38, 0x30, 0x37, 0x39, 0x2c, 0x0a, 0x20, 0x20, 0x20,
  0x20, 0x20, 0x20, 0x20, 0x20, 0x20, 0x20, 0x22, 0x73, 0x74, 0x61, 0x74,
  0x5f, 0x69, 0x64, 0x22, 0x3a, 0x20, 0x31, 0x30, 0x37, 0x37, 0x2c, 0x0a,
  0x20, 0x20, 0x20, 0x20, 0x20, 0x20, 0x20, 0x20, 0x20, 0x20, 0x22, 0x75,
  0x70, 0x67, 0x72, 0x61, 0x64, 0x65, 0x5f, 0x69, 0x64, 0x22, 0x3a, 0x20,
  0x37, 0x34, 0x39, 0x37, 0x38, 0x2c, 0x0a, 0x20, 0x20, 0x20, 0x20, 0x20,
  0x20, 0x20, 0x20, 0x20, 0x20, 0x22, 0x69, 0x6e, 0x66, 0x75, 0x73, 0x69,
  0x6f, 0x6e, 0x73, 0x22, 0x3a, 0x20, 0x5b, 0x5d, 0x0a, 0x20, 0x20, 0x20,
  0x20, 0x20, 0x20, 0x20, 0x20, 0x7d, 0x2c, 0x0a, 0x20, 0x20, 0x20, 0x20,
  0x20, 0x20, 0x20, 0x20, 0x7b, 0x0a, 0x20, 0x20, 0x20, 0x20, 0x20, 0x20,
  0x20, 0x20, 0x20, 0x20, 0x22, 0x73, 0x6c, 0x6f, 0x74, 0x22, 0x3a, 0x20,
  0x22, 0x47, 0x6c, 0x6f, 0x76, 0x65, 0x73, 0x22, 0x2c, 0x0a, 0x20, 0x20,
  0x20, 0x20, 0x20, 0x20, 0x20, 0x20, 0x20, 0x20, 0x22, 0x69, 0x74, 0x65,
  0x6d, 0x5f, 0x69, 0x64, 0x22, 0x3a, 0x20, 0x34, 0x38, 0x30, 0x38, 0x30,
  0x2c, 0x0a, 0x20, 0x20, 0x20, 0x20, 0x20, 0x20, 0x20, 0x20, 0x20, 0x20,
  0x22, 0x73, 0x74, 0x61, 0x74, 0x5f, 0x69, 0x64, 0x22, 0x3a, 0x20, 0x31,
  0x30, 0x37, 0x37, 0x2c, 0x0a, 0x20, 0x20, 0x20, 0x20, 0x20, 0x20, 0x20,
  0x20, 0x20, 0x20, 0x22, 0x75, 0x70, 0x67, 0x72, 0x61, 0x64, 0x65, 0x5f,
  0x69, 0x64, 0x22, 0x3a, 0x20, 0x37, 0x34, 0x39, 0x37, 0x38, 0x2c, 0x0a,
  0x20, 0x20, 0x20, 0x20, 0x20, 0x20, 0x20, 0x20, 0x20, 0x20, 0x22, 0x69,
  0x6e, 0x66, 0x75, 0x73, 0x69, 0x6f, 0x6e, 0x73, 0x22, 0x3a, 0x20, 0x5b,
  0x5d, 0x0a, 0x20, 0x20, 0x20, 0x20, 0x20, 0x20, 0x20, 0x20, 0x7d, 0x2c,
  0x0a, 0x20, 0x20, 0x20, 0x20, 0x20, 0x20, 0x20, 0x20, 0x7b, 0x0a, 0x20,
  0x20, 0x20, 0x20, 0x20, 0x20, 0x20, 0x20, 0x20, 0x20, 0x22, 0x73, 0x6c,
  0x6f, 0x74, 0x22, 0x3a, 0x20, 0x22, 0x4c, 0x65, 0x67, 0x67, 0x69, 0x6e,
  0x67, 0x73, 0x22, 0x2c, 0x0a, 0x20, 0x20, 0x20, 0x20, 0x20, 0x20, 0x20,
  0x20, 0x20, 0x20, 0x22, 0x69, 0x74, 0x65, 0x6d, 0x5f, 0x69, 0x64, 0x22,
  0x3a, 0x20, 0x34, 0x38, 0x30, 0x38, 0x32, 0x2c, 0x0a, 0x20, 0x20, 0x20,
  0x20, 0x20, 0x20, 0x20, 0x20, 0x20, 0x20, 0x22, 0x73, 0x74, 0x61, 0x74,
  0x5f, 0x69, 0x64, 0x22, 0x3a, 0x20, 0x31, 0x30, 0x37, 0x37, 0x2c, 0x0a,
  0x20, 0x20, 0x20, 0x20, 0x20, 0x20, 0x20, 0x20, 0x20, 0x20, 0x22, 0x75,
  0x70, 0x67, 0x72, 0x61, 0x64, 0x65, 0x5f, 0x69, 0x64, 0x22, 0x3a, 0x20,
  0x37, 0x34, 0x39, 0x37, 0x38, 0x2c, 0x0a, 0x20, 0x20, 0x20, 0x20, 0x20,
  0x20, 0x20, 0x20, 0x20, 0x20, 0x22, 0x69, 0x6e, 0x66, 0x75, 0x73, 0x69,
  0x6f, 0x6e, 0x73, 0x22, 0x3a, 0x20, 0x5b, 0x5d, 0x0a, 0x20, 0x20, 0x20,
  0x20, 0x20, 0x20, 0x20, 0x20, 0x7d, 0x2c, 0x0a, 0x20, 0x20, 0x20, 0x20,
  0x20, 0x20, 0x20, 0x20, 0x7b, 0x0a, 0x20, 0x20, 0x20, 0x20, 0x20, 0x20,
  0x20, 0x20, 0x20, 0x20, 0x22, 0x73, 0x6c, 0x6f, 0x74, 0x22, 0x3a, 0x20,
  0x22, 0x42, 0x6f, 0x6f, 0x74, 0x73, 0x22, 0x2c, 0x0a, 0x20, 0x20, 0x20,
  0x20, 0x20, 0x20, 0x20, 0x20, 0x20, 0x20, 0x22, 0x69, 0x74, 0x65, 0x6d,
  0x5f, 0x69, 0x64, 0x22, 0x3a, 0x20, 0x34, 0x38, 0x30, 0x37, 0x38, 0x2c,
  0x0a, 0x20, 0x20, 0x20, 0x20, 0x20, 0x20, 0x20, 0x20, 0x20, 0x20, 0x22,
  0x73, 0x74, 0x61, 0x74, 0x5f, 0x69, 0x64, 0x22, 0x3a, 0x20, 0x31, 0x30,
  0x37, 0x37, 0x2c, 0x0a, 0x20, 0x20, 0x20, 0x20, 0x20, 0x20, 0x20, 0x20,
  0x20, 0x20, 0x22, 0x75, 0x70, 0x67, 0x72, 0x61, 0x64, 0x65, 0x5f, 0x69,
  0x64, 0x22, 0x3a, 0x20, 0x37, 0x34, 0x39, 0x37, 0x38, 0x2c, 0x0a, 0x20,
  0x20, 0x20, 0x20, 0x20, 0x20, 0x20, 0x20, 0x20, 0x20, 0x22, 0x69, 0x6e,
  0x66, 0x75, 0x73, 0x69, 0x6f, 0x6e, 0x73, 0x22, 0x3a, 0x20, 0x5b, 0x5d,
  0x0a, 0x20, 0x20, 0x20, 0x20, 0x20, 0x20, 0x20, 0x20, 0x7d, 0x2c, 0x0a,
  0x20, 0x20, 0x20, 0x20, 0x20, 0x20, 0x20, 0x20, 0x7b, 0x0a, 0x20, 0x20,
  0x20, 0x20, 0x20, 0x20, 0x20, 0x20, 0x20, 0x20, 0x22, 0x73, 0x6c, 0x6f,
  0x74, 0x22, 0x3a, 0x20, 0x22, 0x42, 0x61, 0x63, 0x6b, 0x49, 0x74, 0x65,
  0x6d, 0x22, 0x2c, 0x0a, 0x20, 0x20, 0x20, 0x20, 0x20, 0x20, 0x20, 0x20,
  0x20, 0x20, 0x22, 0x69, 0x74, 0x65, 0x6d, 0x5f, 0x69, 0x64, 0x22, 0x3a,
  0x20, 0x37, 0x39, 0x38, 0x33, 0x37, 0x2c, 0x0a, 0x20, 0x20, 0x20, 0x20,
  0x20, 0x20, 0x20, 0x20, 0x20, 0x20, 0x22, 0x73, 0x74, 0x61, 0x74, 0x5f,
  0x69, 0x64, 0x22, 0x3a, 0x20, 0x31, 0x30, 0x37, 0x37, 0x2c, 0x0a, 0x20,
  0x20, 0x20, 0x20, 0x20, 0x20, 0x20, 0x20, 0x20, 0x20, 0x22, 0x75, 0x70,
  0x67, 0x72, 0x61, 0x64, 0x65, 0x5f, 0x69, 0x64, 0x22, 0x3a, 0x20, 0x30,
  0x2c, 0x0a, 0x20, 0x20, 0x20, 0x20, 0x20, 0x20, 0x20, 0x20, 0x20, 0x20,
  0x22, 0x69, 0x6e, 0x66, 0x75, 0x73, 0x69, 0x6f, 0x6e, 0x73, 0x22, 0x3a,
  0x20, 0x5b, 0x5d, 0x0a, 0x20, 0x20, 0x20, 0x20, 0x20, 0x20, 0x20, 0x20,
  0x7d, 0x2c, 0x0a, 0x20, 0x20, 0x20, 0x20, 0x20, 0x20, 0x20, 0x20, 0x7b,
  0x0a, 0x20, 0x20, 0x20, 0x20, 0x20, 0x20, 0x20, 0x20, 0x20, 0x20, 0x22,
  0x73, 0x6c, 0x6f, 0x74, 0x22, 0x3a, 0x20, 0x22, 0x41, 0x63, 0x63, 0x65,
  0x73, 0x73, 0x6f, 0x72, 0x79, 0x31, 0x22, 0x2c, 0x0a, 0x20, 0x20, 0x20,
  0x20, 0x20, 0x20, 0x20, 0x20, 0x20, 0x20, 0x22, 0x69, 0x74, 0x65, 0x6d,
  0x5f, 0x69, 0x64, 0x22, 0x3a, 0x20, 0x37, 0x39, 0x37, 0x34, 0x35, 0x2c,
  0x0a, 0x20, 0x20, 0x20, 0x20, 0x20, 0x20, 0x20, 0x20, 0x20, 0x20, 0x22,
  0x73, 0x74, 0x61, 0x74, 0x5f, 0x69, 0x64, 0x22, 0x3a, 0x20, 0x31, 0x30,
  0x37, 0x37, 0x2c, 0x0a, 0x20, 0x20, 0x20, 0x20, 0x20, 0x20, 0x20, 0x20,
  0x20, 0x20, 0x22, 0x75, 0x70, 0x67, 0x72, 0x61, 0x64, 0x65, 0x5f, 0x69,
  0x64, 0x22, 0x3a, 0x20, 0x30, 0x2c, 0x0a, 0x20, 0x20, 0x20, 0x20, 0x20,
  0x20, 0x20, 0x20, 0x20, 0x20, 0x22, 0x69, 0x6e, 0x66, 0x75, 0x73, 0x69,
  0x6f, 0x6e, 0x73, 0x22, 0x3a, 0x20, 0x5b, 0x5d, 0x0a, 0x20, 0x20, 0x20,
  0x20, 0x20, 0x20, 0x20, 0x20, 0x7d, 0x2c, 0x0a, 0x20, 0x20, 0x20, 0x20,
  0x20, 0x20, 0x20, 0x20, 0x7b, 0x0a, 0x20, 0x20, 0x20, 0x20, 0x20, 0x20,
  0x20, 0x20, 0x20, 0x20, 0x22, 0x73, 0x6c, 0x6f, 0x74, 0x22, 0x3a, 0x20,
  0x22, 0x41, 0x63, 0x63, 0x65, 0x73, 0x73, 0x6f, 0x72, 0x79, 0x32, 0x22,
  0x2c, 0x0a, 0x20, 0x20, 0x20, 0x20, 0x20, 0x20, 0x20, 0x20, 0x20, 0x20,
  0x22, 0x69, 0x74, 0x65, 0x6d, 0x5f, 0x69, 0x64, 0x22, 0x3a, 0x20, 0x37,
  0x39, 0x34, 0x34, 0x34, 0x2c, 0x0a, 0x20, 0x20, 0x20, 0x20, 0x20, 0x20,
  0x20, 0x20, 0x20, 0x20, 0x22, 0x73, 0x74, 0x61, 0x74, 0x5f, 0x69, 0x64,
  0x22, 0x3a, 0x20, 0x31, 0x30, 0x37, 0x37, 0x2c, 0x0a, 0x20, 0x20, 0x20,
  0x20, 0x20, 0x20, 0x20, 0x20, 0x20, 0x20, 0x22, 0x75, 0x70, 0x67, 0x72,
  0x61, 0x64, 0x65, 0x5f, 0x69, 0x64, 0x22, 0x3a, 0x20, 0x30, 0x2c, 0x0a,
  0x20, 0x20, 0x20, 0x20, 0x20, 0x20, 0x20, 0x20, 0x20, 0x20, 0x22, 0x69,
  0x6e, 0x66, 0x75, 0x73, 0x69, 0x6f, 0x6e, 0x73, 0x22, 0x3a, 0x20, 0x5b,
  0x5d, 0x0a, 0x20, 0x20, 0x20, 0x20, 0x20, 0x20, 0x20, 0x20, 0x7d, 0x2c,
  0x0a, 0x20, 0x20, 0x20, 0x20, 0x20, 0x20, 0x20, 0x20, 0x7b, 0x0a, 0x20,
  0x20, 0x20, 0x20, 0x20, 0x20, 0x20, 0x20, 0x20, 0x20, 0x22, 0x73, 0x6c,
  0x6f, 0x74, 0x22, 0x3a, 0x20, 0x22, 0x41, 0x6d, 0x75, 0x6c, 0x65, 0x74,
  0x22, 0x2c, 0x0a, 0x20, 0x20, 0x20, 0x20, 0x20, 0x20, 0x20, 0x20, 0x20,
  0x20, 0x22, 0x69, 0x74, 0x65, 0x6d, 0x5f, 0x69, 0x64, 0x22, 0x3a, 0x20,
  0x38, 0x31, 0x31, 0x36, 0x39, 0x2c, 0x0a, 0x20, 0x20, 0x20, 0x20, 0x20,
  0x20, 0x20, 0x20, 0x20, 0x20, 0x22, 0x73, 0x74, 0x61, 0x74, 0x5f, 0x69,
  0x64, 0x22, 0x3a, 0x20, 0x37, 0x35, 0x33, 0x2c, 0x0a, 0x20, 0x20, 0x20,
  0x20, 0x20, 0x20, 0x20, 0x20, 0x20, 0x20, 0x22, 0x75, 0x70, 0x67, 0x72,
  0x61, 0x64, 0x65, 0x5f, 0x69, 0x64, 0x22, 0x3a, 0x20, 0x30, 0x2c, 0x0a,
  0x20, 0x20, 0x20, 0x20, 0x20, 0x20, 0x20, 0x20, 0x20, 0x20, 0x22, 0x69,
  0x6e, 0x66, 0x75, 0x73, 0x69, 0x6f, 0x6e, 0x73, 0x22, 0x3a, 0x20, 0x5b,
  0x5d, 0x0a, 0x20, 0x20, 0x20, 0x20, 0x20, 0x20, 0x20, 0x20, 0x7d, 0x2c,
  0x0a, 0x20, 0x20, 0x20, 0x20, 0x20, 0x20, 0x20, 0x20, 0x7b, 0x0a, 0x20,
  0x20, 0x20, 0x20, 0x20, 0x20, 0x20, 0x20, 0x20, 0x20, 0x22, 0x73, 0x6c,
  0x6f, 0x74, 0x22, 0x3a, 0x20, 0x22, 0x52, 0x69, 0x6e, 0x67, 0x31, 0x22,
  0x2c, 0x0a, 0x20, 0x20, 0x20, 0x20, 0x20, 0x20, 0x20, 0x20, 0x20, 0x20,
  0x22, 0x69, 0x74, 0x65, 0x6d, 0x5f, 0x69, 0x64, 0x22, 0x3a, 0x20, 0x37,
  0x39, 0x37, 0x31, 0x30, 0x2c, 0x0a, 0x20, 0x20, 0x20, 0x20, 0x20, 0x20,
  0x20, 0x20, 0x20, 0x20, 0x22, 0x73, 0x74, 0x61, 0x74, 0x5f, 0x69, 0x64,
  0x22, 0x3a, 0x20, 0x31, 0x30, 0x37, 0x37, 0x2c, 0x0a, 0x20, 0x20, 0x20,
  0x20, 0x20, 0x20, 0x20, 0x20, 0x20, 0x20, 0x22, 0x75, 0x70, 0x67, 0x72,
  0x61, 0x64, 0x65, 0x5f, 0x69, 0x64, 0x22, 0x3a, 0x20, 0x30, 0x2c, 0x0a,
  0x20, 0x20, 0x20, 0x20, 0x20, 0x20, 0x20, 0x20, 0x20, 0x20, 0x22, 0x69,
  0x6e, 0x66, 0x75, 0x73, 0x69, 0x6f, 0x6e, 0x73, 0x22, 0x3a, 0x20, 0x5b,
  0x5d, 0x0a, 0x20, 0x20, 0x20, 0x20, 0x20, 0x20, 0x20, 0x20, 0x7d, 0x2c,
  0x0a, 0x20, 0x20, 0x20, 0x20, 0x20, 0x20, 0x20, 0x20, 0x7b, 0x0a, 0x20,
  0x20, 0x20, 0x20, 0x20, 0x20, 0x20, 0x20, 0x20, 0x20, 0x22, 0x73, 0x6c,
  0x6f, 0x74, 0x22, 0x3a, 0x20, 0x22, 0x52, 0x69, 0x6e, 0x67, 0x32, 0x22,
  0x2c, 0x0a, 0x20, 0x20, 0x20, 0x20, 0x20, 0x20, 0x20, 0x20, 0x20, 0x20,
  0x22, 0x69, 0x74, 0x65, 0x6d, 0x5f, 0x69, 0x64, 0x22, 0x3a, 0x20, 0x38,
  0x31, 0x31, 0x36, 0x37, 0x2c, 0x0a, 0x20, 0x20, 0x20, 0x20, 0x20, 0x20,
  0x20, 0x20, 0x20, 0x20, 0x22, 0x73, 0x74, 0x61, 0x74, 0x5f, 0x69, 0x64,
  0x22, 0x3a, 0x20, 0x31, 0x30, 0x37, 0x37, 0x2c, 0x0a, 0x20, 0x20, 0x20,
  0x20, 0x20, 0x20, 0x20, 0x20, 0x20, 0x20, 0x22, 0x75, 0x70, 0x67, 0x72,
  0x61, 0x64, 0x65, 0x5f, 0x69, 0x64, 0x22, 0x3a, 0x20, 0x30, 0x2c, 0x0a,
  0x20, 0x20, 0x20, 0x20, 0x20, 0x20, 0x20, 0x20, 0x20, 0x20, 0x22, 0x69,
  0x6e, 0x66, 0x75, 0x73, 0x69, 0x6f, 0x6e, 0x73, 0x22, 0x3a, 0x20, 0x5b,
  0x5d, 0x0a, 0x20, 0x20, 0x20, 0x20, 0x20, 0x20, 0x20, 0x20, 0x7d, 0x2c,
  0x0a, 0x20, 0x20, 0x20, 0x20, 0x20, 0x20, 0x20, 0x20, 0x7b, 0x0a, 0x20,
  0x20, 0x20, 0x20, 0x20, 0x20, 0x20, 0x20, 0x20, 0x20, 0x22, 0x73, 0x6c,
  0x6f, 0x74, 0x22, 0x3a, 0x20, 0x22, 0x57, 0x65, 0x61, 0x70, 0x6f, 0x6e,
  0x41, 0x31, 0x22, 0x2c, 0x0a, 0x20, 0x20, 0x20, 0x20, 0x20, 0x20, 0x20,
  0x20, 0x20, 0x20, 0x22, 0x69, 0x74, 0x65, 0x6d, 0x5f, 0x69, 0x64, 0x22,
  0x3a, 0x20, 0x34, 0x36, 0x37, 0x36, 0x32, 0x2c, 0x0a, 0x20, 0x20, 0x20,
  0x20, 0x20, 0x20, 0x20, 0x20, 0x20, 0x20, 0x22, 0x73, 0x74, 0x61, 0x74,
  0x5f, 0x69, 0x64, 0x22, 0x3a, 0x20, 0x31, 0x30, 0x37, 0x37, 0x2c, 0x0a,
  0x20, 0x20, 0x20, 0x20, 0x20, 0x20, 0x20, 0x20, 0x20, 0x20, 0x22, 0x75,
  0x70, 0x67, 0x72, 0x61, 0x64, 0x65, 0x5f, 0x69, 0x64, 0x22, 0x3a, 0x20,
  0x32, 0x34, 0x36, 0x31, 0x35, 0x2c, 0x0a, 0x20, 0x20, 0x20, 0x20, 0x20,
  0x20, 0x20, 0x20, 0x20, 0x20, 0x22, 0x69, 0x6e, 0x66, 0x75, 0x73, 0x69,
  0x6f, 0x6e, 0x73, 0x22, 0x3a, 0x20, 0x5b, 0x5d, 0x2c, 0x0a, 0x20, 0x20,
  0x20, 0x20, 0x20, 0x20, 0x20, 0x20, 0x20, 0x20, 0x22, 0x75, 0x70, 0x67,
  0x72, 0x61, 0x64, 0x65, 0x32, 0x5f, 0x69, 0x64, 0x22, 0x3a, 0x20, 0x32,
  0x34, 0x36, 0x31, 0x38, 0x0a, 0x20, 0x20, 0x20, 0x20, 0x20, 0x20, 0x20,
  0x20, 0x7d, 0x0a, 0x20, 0x20, 0x20, 0x20, 0x20, 0x20, 0x5d, 0x0a, 0x20,
  0x20, 0x20, 0x20, 0x7d, 0x2c, 0x0a, 0x20, 0x20, 0x20, 0x20, 0x22, 0x72,
  0x6f, 0x74, 0x61, 0x74, 0x69, 0x6f, 0x6e, 0x22, 0x3a, 0x20, 0x7b, 0x0a,
  0x20, 0x20, 0x20, 0x20, 0x20, 0x20, 0x22, 0x6f, 0x70, 0x65, 0x6e, 0x65,
  0x72, 0x22, 0x3a, 0x20, 0x5b, 0x5d, 0x2c, 0x0a, 0x20, 0x20, 0x20, 0x20,
  0x20, 0x20, 0x22, 0x6c, 0x6f, 0x6f, 0x70, 0x22, 0x3a, 0x20, 0x5b, 0x5d,
  0x0a, 0x20, 0x20, 0x20, 0x20, 0x7d, 0x0a, 0x20, 0x20, 0x7d, 0x2c, 0x0a,
  0x20, 0x20, 0x7b, 0x0a, 0x20, 0x20, 0x20, 0x20, 0x22, 0x69, 0x64, 0x22,
  0x3a, 0x20, 0x22, 0x65, 0x6e, 0x67, 0x69, 0x6e, 0x65, 0x65, 0x72, 0x2d,
  0x70, 0x6f, 0x77, 0x65, 0x72, 0x2d, 0x6d, 0x65, 0x63, 0x68, 0x61, 0x6e,
  0x69, 0x73, 0x74, 0x22, 0x2c, 0x0a, 0x20, 0x20, 0x20, 0x20, 0x22, 0x6e,
  0x61, 0x6d, 0x65, 0x22, 0x3a, 0x20, 0x22, 0x50, 0x6f, 0x77, 0x65, 0x72,
  0x20, 0x4d, 0x65, 0x63, 0x68, 0x61, 0x6e, 0x69, 0x73, 0x74, 0x22, 0x2c,
  0x0a, 0x20, 0x20, 0x20, 0x20, 0x22, 0x70, 0x72, 0x6f, 0x66, 0x65, 0x73,
  0x73, 0x69, 0x6f, 0x6e, 0x22, 0x3a, 0x20, 0x22, 0x45, 0x6e, 0x67, 0x69,
  0x6e, 0x65, 0x65, 0x72, 0x22, 0x2c, 0x0a, 0x20, 0x20, 0x20, 0x20, 0x22,
  0x65, 0x6c, 0x69, 0x74, 0x65, 0x5f, 0x73, 0x70, 0x65, 0x63, 0x22, 0x3a,
  0x20, 0x22, 0x4d, 0x65, 0x63, 0x68, 0x61, 0x6e, 0x69, 0x73, 0x74, 0x22,
  0x2c, 0x0a, 0x20, 0x20, 0x20, 0x20, 0x22, 0x62, 0x75, 0x69, 0x6c, 0x64,
  0x5f, 0x74, 0x79, 0x70, 0x65, 0x22, 0x3a, 0x20, 0x22, 0x50, 0x6f, 0x77,
  0x65, 0x72, 0x22, 0x2c, 0x0a, 0x20, 0x20, 0x20, 0x20, 0x22, 0x70, 0x61,
  0x74, 0x63, 0x68, 0x5f, 0x76, 0x65, 0x72, 0x73, 0x69, 0x6f, 0x6e, 0x22,
  0x3a, 0x20, 0x22, 0x22, 0x2c, 0x0a, 0x20, 0x20, 0x20, 0x20, 0x22, 0x62,
  0x65, 0x6e, 0x63, 0x68, 0x6d, 0x61, 0x72, 0x6b, 0x5f, 0x64, 0x70, 0x73,
  0x22, 0x3a, 0x20, 0x30, 0x2e, 0x30, 0x2c, 0x0a, 0x20, 0x20, 0x20, 0x20,
  0x22, 0x6e, 0x6f, 0x74, 0x65, 0x73, 0x22, 0x3a, 0x20, 0x22, 0x47, 0x75,
  0x69, 0x6c, 0x64, 0x20, 0x57, 0x61, 0x72, 0x73, 0x20, 0x32, 0x20, 0x50,
  0x6f, 0x77, 0x65, 0x72, 0x20, 0x4d, 0x65, 0x63, 0x68, 0x61, 0x6e, 0x69,
  0x73, 0x74, 0x20, 0x2d, 0x20, 0x52, 0x69, 0x66, 0x6c, 0x65, 0x20, 0x4d,
  0x65, 0x74, 0x61, 0x20, 0x62, 0x75, 0x69, 0x6c, 0x64, 0x20, 0x66, 0x6f,
  0x72, 0x20, 0x61, 0x63, 0x63, 0x65, 0x73, 0x73, 0x69, 0x62, 0x75, 0x69,
  0x6c, 0x64, 0x73, 0x3a, 0x20, 0x63, 0x6f, 0x6d, 0x70, 0x6c, 0x65, 0x74,
  0x65, 0x20, 0x67, 0x75, 0x69, 0x64, 0x65, 0x20, 0x77, 0x69, 0x74, 0x68,
  0x20, 0x67, 0x65, 0x61, 0x72, 0x2c, 0x20, 0x72, 0x75, 0x6e, 0x65, 0x73,
  0x2c, 0x20, 0x72, 0x65, 0x6c, 0x69, 0x63, 0x73, 0x2c, 0x20, 0x74, 0x72,
  0x61, 0x69, 0x74, 0x73, 0x2c, 0x20, 0x61, 0x6e, 0x64, 0x20, 0x72, 0x6f,
  0x74, 0x61, 0x74, 0x69, 0x6f, 0x6e, 0x20, 0x74, 0x69, 0x70, 0x73, 0x2e,
  0x22, 0x2c, 0x0a, 0x20, 0x20, 0x20, 0x20, 0x22, 0x73, 0x6f, 0x75, 0x72,
  0x63, 0x65, 0x5f, 0x75, 0x72, 0x6c, 0x22, 0x3a, 0x20, 0x22, 0x68, 0x74,
  0x74, 0x70, 0x73, 0x3a, 0x2f, 0x2f, 0x73, 0x6e, 0x6f, 0x77, 0x63, 0x72,
  0x6f, 0x77, 0x73, 0x2e, 0x63, 0x6f, 0x6d, 0x2f, 0x62, 0x75, 0x69, 0x6c,
  0x64, 0x73, 0x2f, 0x61, 0x63, 0x63, 0x65, 0x73, 0x73, 0x69, 0x62, 0x75,
  0x69, 0x6c, 0x64, 0x73, 0x2f, 0x65, 0x6e, 0x67, 0x69, 0x6e, 0x65, 0x65,
  0x72, 0x2f, 0x70, 0x6f, 0x77, 0x65, 0x72, 0x2d, 0x6d, 0x65, 0x63, 0x68,
  0x61, 0x6e, 0x69, 0x73, 0x74, 0x22, 0x2c, 0x0a, 0x20, 0x20, 0x20, 0x20,
  0x22, 0x63, 0x68, 0x61, 0x74, 0x5f, 0x63, 0x6f, 0x64, 0x65, 0x22, 0x3a,
  0x20, 0x22, 0x5b, 0x26, 0x44, 0x51, 0x4d, 0x47, 0x4e, 0x79, 0x59, 0x76,
  0x52, 0x68, 0x38, 0x4e, 0x47, 0x77, 0x41, 0x41, 0x4a, 0x67, 0x45, 0x41,
  0x41, 0x42, 0x6f, 0x62, 0x41, 0x41, 0x41, 0x51, 0x47, 0x77, 0x41, 0x41,
  0x43, 0x52, 0x73, 0x41, 0x41, 0x41, 0x41, 0x41, 0x41, 0x41, 0x41, 0x41,
  0x41, 0x41, 0x41, 0x41, 0x41, 0x41, 0x41, 0x41, 0x41, 0x41, 0x41, 0x41,
  0x41, 0x41, 0x41, 0x3d, 0x5d, 0x22, 0x2c, 0x0a, 0x20, 0x20, 0x20, 0x20,
  0x22, 0x69, 0x73, 0x5f, 0x6c, 0x65, 0x67, 0x61, 0x63, 0x79, 0x22, 0x3a,
  0x20, 0x66, 0x61, 0x6c, 0x73, 0x65, 0x2c, 0x0a, 0x20, 0x20, 0x20, 0x20,
  0x22, 0x61, 0x63, 0x63, 0x65, 0x73, 0x73, 0x69, 0x62, 0x69, 0x6c, 0x69,
  0x74, 0x79, 0x22, 0x3a, 0x20, 0x74, 0x72, 0x75, 0x65, 0x2c, 0x0a, 0x20,
  0x20, 0x20, 0x20, 0x22, 0x74, 0x72, 0x61, 0x69, 0x74, 0x73, 0x22, 0x3a,
  0x20, 0x7b, 0x0a, 0x20, 0x20, 0x20, 0x20, 0x20, 0x20, 0x22, 0x6c, 0x69,
  0x6e, 0x65, 0x31, 0x22, 0x3a, 0x20, 0x7b, 0x0a, 0x20, 0x20, 0x20, 0x20,
  0x20, 0x20, 0x20, 0x20, 0x22, 0x73, 0x70, 0x65, 0x63, 0x5f, 0x69, 0x64,
  0x22, 0x3a, 0x20, 0x36, 0x2c, 0x0a, 0x20, 0x20, 0x20, 0x20, 0x20, 0x20,
  0x20, 0x20, 0x22, 0x74, 0x72, 0x61, 0x69, 0x74, 0x73, 0x22, 0x3a, 0x20,
  0x5b, 0x0a, 0x20, 0x20, 0x20, 0x20, 0x20, 0x20, 0x20, 0x20, 0x20, 0x20,
  0x31, 0x38, 0x38, 0x32, 0x2c, 0x0a, 0x20, 0x20, 0x20, 0x20, 0x20, 0x20,
  0x20, 0x20, 0x20, 0x20, 0x34, 0x38, 0x32, 0x2c, 0x0a, 0x20, 0x20, 0x20,
  0x20, 0x20, 0x20, 0x20, 0x20, 0x20, 0x20, 0x31, 0x39, 0x34, 0x37, 0x0a,
  0x20, 0x20, 0x20, 0x20, 0x20, 0x20, 0x20, 0x20, 0x5d, 0x0a, 0x20, 0x20,
  0x20, 0x20, 0x20, 0x20, 0x7d, 0x2c, 0x0a, 0x20, 0x20, 0x20, 0x20, 0x20,
  0x20, 0x22, 0x6c, 0x69, 0x6e, 0x65, 0x32, 0x22, 0x3a, 0x20, 0x7b, 0x0a,
  0x20, 0x20, 0x20, 0x20, 0x20, 0x20, 0x20, 0x20, 0x22, 0x73, 0x70, 0x65,
  0x63, 0x5f, 0x69, 0x64, 0x22, 0x3a, 0x20, 0x33, 0x38, 0x2c, 0x0a, 0x20,
  0x20, 0x20, 0x20, 0x20, 0x20, 0x20, 0x20, 0x22, 0x74, 0x72, 0x61, 0x69,
  0x74, 0x73, 0x22, 0x3a, 0x20, 0x5b, 0x0a, 0x20, 0x20, 0x20, 0x20, 0x20,
  0x20, 0x20, 0x20, 0x20, 0x20, 0x31, 0x39, 0x31, 0x34, 0x2c, 0x0a, 0x20,
  0x20, 0x20, 0x20, 0x20, 0x20, 0x20, 0x20, 0x20, 0x20, 0x31, 0x39, 0x32,
  0x33, 0x2c, 0x0a, 0x20, 0x20, 0x20, 0x20, 0x20, 0x20, 0x20, 0x20, 0x20,
  0x20, 0x35, 0x32, 0x36, 0x0a, 0x20, 0x20, 0x20, 0x20, 0x20, 0x20, 0x20,
  0x20, 0x5d, 0x0a, 0x20, 0x20, 0x20, 0x20, 0x20, 0x20, 0x7d, 0x2c, 0x0a,
  0x20, 0x20, 0x20, 0x20, 0x20, 0x20, 0x22, 0x6c, 0x69, 0x6e, 0x65, 0x33,
  0x22, 0x3a, 0x20, 0x7b, 0x0a, 0x20, 0x20, 0x20, 0x20, 0x20, 0x20, 0x20,
  0x20, 0x22, 0x73, 0x70, 0x65, 0x63, 0x5f, 0x69, 0x64, 0x22, 0x3a, 0x20,
  0x37, 0x30, 0x2c, 0x0a, 0x20, 0x20, 0x20, 0x20, 0x20, 0x20, 0x20, 0x20,
  0x22, 0x74, 0x72, 0x61, 0x69, 0x74, 0x73, 0x22, 0x3a, 0x20, 0x5b, 0x0a,
  0x20, 0x20, 0x20, 0x20, 0x20, 0x20, 0x20, 0x20, 0x20, 0x20, 0x32, 0x32,
  0x37, 0x39, 0x2c, 0x0a, 0x20, 0x20, 0x20, 0x20, 0x20, 0x20, 0x20, 0x20,
  0x20, 0x20, 0x32, 0x32, 0x39, 0x34, 0x2c, 0x0a, 0x20, 0x20, 0x20, 0x20,
  0x20, 0x20, 0x20, 0x20, 0x20, 0x20, 0x32, 0x32, 0x39, 0x32, 0x0a, 0x20,
  0x20, 0x20, 0x20, 0x20, 0x20, 0x20, 0x20, 0x5d, 0x0a, 0x20, 0x20, 0x20,
  0x20, 0x20, 0x20, 0x7d, 0x0a, 0x20, 0x20, 0x20, 0x20, 0x7d, 0x2c, 0x0a,
  0x20, 0x20, 0x20, 0x20, 0x22, 0x73, 0x6b, 0x69, 0x6c, 0x6c, 0x73, 0x22,
  0x3a, 0x20, 0x7b, 0x0a, 0x20, 0x20, 0x20, 0x20, 0x20, 0x20, 0x22, 0x68,
  0x65, 0x61, 0x6c, 0x22, 0x3a, 0x20, 0x36, 0x33, 0x30, 0x34, 0x39, 0x2c,
  0x0a, 0x20, 0x20, 0x20, 0x20, 0x20, 0x20, 0x22, 0x75, 0x74, 0x69, 0x6c,
  0x69, 0x74, 0x69, 0x65, 0x73, 0x22, 0x3a, 0x20, 0x5b, 0x0a, 0x20, 0x20,
  0x20, 0x20, 0x20, 0x20, 0x20, 0x20, 0x36, 0x31, 0x36, 0x31, 0x2c, 0x0a,
  0x20, 0x20, 0x20, 0x20, 0x20, 0x20, 0x20, 0x20, 0x36, 0x33, 0x32, 0x35,
  0x33, 0x2c, 0x0a, 0x20, 0x20, 0x20, 0x20, 0x20, 0x20, 0x20, 0x20, 0x36,
  0x33, 0x31, 0x31, 0x31, 0x0a, 0x20, 0x20, 0x20, 0x20, 0x20, 0x20, 0x5d,
  0x2c, 0x0a, 0x20, 0x20, 0x20, 0x20, 0x20, 0x20, 0x22, 0x65, 0x6c, 0x69,
  0x74, 0x65, 0x22, 0x3a, 0x20, 0x36, 0x33, 0x30, 0x39, 0x35, 0x0a, 0x20,
  0x20, 0x20, 0x20, 0x7d, 0x2c, 0x0a, 0x20, 0x20, 0x20, 0x20, 0x22, 0x6c,
  0x65, 0x67, 0x65, 0x6e, 0x64, 0x73, 0x22, 0x3a, 0x20, 0x5b, 0x0a, 0x20,
  0x20, 0x20, 0x20, 0x20, 0x20, 0x30, 0x2c, 0x0a, 0x20, 0x20, 0x20, 0x20,
  0x20, 0x20, 0x30, 0x0a, 0x20, 0x20, 0x20, 0x20, 0x5d, 0x2c, 0x0a, 0x20,
  0x20, 0x20, 0x20, 0x22, 0x70, 0x65, 0x74, 0x73, 0x22, 0x3a, 0x20, 0x5b,
  0x0a, 0x20, 0x20, 0x20, 0x20, 0x20, 0x20, 0x30, 0x2c, 0x0a, 0x20, 0x20,
  0x20, 0x20, 0x20, 0x20, 0x30, 0x0a, 0x20, 0x20, 0x20, 0x20, 0x5d, 0x2c,
  0x0a, 0x20, 0x20, 0x20, 0x20, 0x22, 0x67, 0x65, 0x61, 0x72, 0x22, 0x3a,
  0x20, 0x7b, 0x0a, 0x20, 0x20, 0x20, 0x20, 0x20, 0x20, 0x22, 0x72, 0x65,
  0x6c, 0x69, 0x63, 0x5f, 0x69, 0x64, 0x22, 0x3a, 0x20, 0x31, 0x30, 0x30,
  0x39, 0x31, 0x36, 0x2c, 0x0a, 0x20, 0x20, 0x20, 0x20, 0x20, 0x20, 0x22,
  0x66, 0x6f, 0x6f, 0x64, 0x5f, 0x69, 0x64, 0x22, 0x3a, 0x20, 0x39, 0x31,
  0x38, 0x30, 0x35, 0x2c, 0x0a, 0x20, 0x20, 0x20, 0x20, 0x20, 0x20, 0x22,
  0x75, 0x74, 0x69, 0x6c, 0x69, 0x74, 0x79, 0x5f, 0x69, 0x64, 0x22, 0x3a,
  0x20, 0x39, 0x34, 0x34, 0x33, 0x2c, 0x0a, 0x20, 0x20, 0x20, 0x20, 0x20,
  0x20, 0x22, 0x69, 0x74, 0x65, 0x6d, 0x73, 0x22, 0x3a, 0x20, 0x5b, 0x0a,
  0x20, 0x20, 0x20, 0x20, 0x20, 0x20, 0x20, 0x20, 0x7b, 0x0a, 0x20, 0x20,
  0x20, 0x20, 0x20, 0x20, 0x20, 0x20, 0x20, 0x20, 0x22, 0x73, 0x6c, 0x6f,
  0x74, 0x22, 0x3a, 0x20, 0x22, 0x48, 0x65, 0x6c, 0x6d, 0x22, 0x2c, 0x0a,
  0x20, 0x20, 0x20, 0x20, 0x20, 0x20, 0x20, 0x20, 0x20, 0x20, 0x22, 0x69,
  0x74, 0x65, 0x6d, 0x5f, 0x69, 0x64, 0x22, 0x3a, 0x20, 0x34, 0x38, 0x30,
  0x38, 0x37, 0x2c, 0x0a, 0x20, 0x20, 0x20, 0x20, 0x20, 0x20, 0x20, 0x20,
  0x20, 0x20, 0x22, 0x73, 0x74, 0x61, 0x74, 0x5f, 0x69, 0x64, 0x22, 0x3a,
  0x20, 0x31, 0x30, 0x37, 0x37, 0x2c, 0x0a, 0x20, 0x20, 0x20, 0x20, 0x20,
  0x20, 0x20, 0x20, 0x20, 0x20, 0x22, 0x75, 0x70, 0x67, 0x72, 0x61, 0x64,
  0x65, 0x5f, 0x69, 0x64, 0x22, 0x3a, 0x20, 0x32, 0x34, 0x38, 0x33, 0x36,
  0x2c, 0x0a, 0x20, 0x20, 0x20, 0x20, 0x20, 0x20, 0x20, 0x20, 0x20, 0x20,
  0x22, 0x69, 0x6e, 0x66, 0x75, 0x73, 0x69, 0x6f, 0x6e, 0x73, 0x22, 0x3a,
  0x20, 0x5b, 0x5d, 0x0a, 0x20, 0x20, 0x20, 0x20, 0x20, 0x20, 0x20, 0x20,
  0x7d, 0x2c, 0x0a, 0x20, 0x20, 0x20, 0x20, 0x20, 0x20, 0x20, 0x20, 0x7b,
  0x0a, 0x20, 0x20, 0x20, 0x20, 0x20, 0x20, 0x20, 0x20, 0x20, 0x20, 0x22,
  0x73, 0x6c, 0x6f, 0x74, 0x22, 0x3a, 0x20, 0x22, 0x53, 0x68, 0x6f, 0x75,
  0x6c, 0x64, 0x65, 0x72, 0x73, 0x22, 0x2c, 0x0a, 0x20, 0x20, 0x20, 0x20,
  0x20, 0x20, 0x20, 0x20, 0x20, 0x20, 0x22, 0x69, 0x74, 0x65, 0x6d, 0x5f,
  0x69, 0x64, 0x22, 0x3a, 0x20, 0x34, 0x38, 0x30, 0x38, 0x39, 0x2c, 0x0a,
  0x20, 0x20, 0x20, 0x20, 0x20, 0x20, 0x20, 0x20, 0x20, 0x20, 0x22, 0x73,
  0x74, 0x61, 0x74, 0x5f, 0x69, 0x64, 0x22, 0x3a, 0x20, 0x31, 0x30, 0x37,
  0x37, 0x2c, 0x0a, 0x20, 0x20, 0x20, 0x20, 0x20, 0x20, 0x20, 0x20, 0x20,
  0x20, 0x22, 0x75, 0x70, 0x67, 0x72, 0x61, 0x64, 0x65, 0x5f, 0x69, 0x64,
  0x22, 0x3a, 0x20, 0x32, 0x34, 0x38, 0x33, 0x36, 0x2c, 0x0a, 0x20, 0x20,
  0x20, 0x20, 0x20, 0x20, 0x20, 0x20, 0x20, 0x20, 0x22, 0x69, 0x6e, 0x66,
  0x75, 0x73, 0x69, 0x6f, 0x6e, 0x73, 0x22, 0x3a, 0x20, 0x5b, 0x5d, 0x0a,
  0x20, 0x20, 0x20, 0x20, 0x20, 0x20, 0x20, 0x20, 0x7d, 0x2c, 0x0a, 0x20,
  0x20, 0x20, 0x20, 0x20, 0x20, 0x20, 0x20, 0x7b, 0x0a, 0x20, 0x20, 0x20,
  0x20, 0x20, 0x20, 0x20, 0x20, 0x20, 0x20, 0x22, 0x73, 0x6c, 0x6f, 0x74,
  0x22, 0x3a, 0x20, 0x22, 0x43, 0x68, 0x65, 0x73, 0x74, 0x22, 0x2c, 0x0a,
  0x20, 0x20, 0x20, 0x20, 0x20, 0x20, 0x20, 0x20, 0x20, 0x20, 0x22, 0x69,
  0x74, 0x65, 0x6d, 0x5f, 0x69, 0x64, 0x22, 0x3a, 0x20, 0x34, 0x38, 0x30,
  0x38, 0x35, 0x2c, 0x0a, 0x20, 0x20, 0x20, 0x20, 0x20, 0x20, 0x20, 0x20,
  0x20, 0x20, 0x22, 0x73, 0x74, 0x61, 0x74, 0x5f, 0x69, 0x64, 0x22, 0x3a,
  0x20, 0x31, 0x30, 0x37, 0x37, 0x2c, 0x0a, 0x20, 0x20, 0x20, 0x20, 0x20,
  0x20, 0x20, 0x20, 0x20, 0x20, 0x22, 0x75, 0x70, 0x67, 0x72, 0x61, 0x64,
  0x65, 0x5f, 0x69, 0x64, 0x22, 0x3a, 0x20, 0x32, 0x34, 0x38, 0x33, 0x36,
  0x2c, 0x0a, 0x20, 0x20, 0x20, 0x20, 0x20, 0x20, 0x20, 0x20, 0x20, 0x20,
  0x22, 0x69, 0x6e, 0x66, 0x75, 0x73, 0x69, 0x6f, 0x6e, 0x73, 0x22, 0x3a,
  0x20, 0x5b, 0x5d, 0x0a, 0x20, 0x20, 0x20, 0x20, 0x20, 0x20, 0x20, 0x20,
  0x7d, 0x2c, 0x0a, 0x20, 0x20, 0x20, 0x20, 0x20, 0x20, 0x20, 0x20, 0x7b,
  0x0a, 0x20, 0x20, 0x20, 0x20, 0x20, 0x20, 0x20, 0x20, 0x20, 0x20, 0x22,
  0x73, 0x6c, 0x6f, 0x74, 0x22, 0x3a, 0x20, 0x22, 0x47, 0x6c, 0x6f, 0x76,
  0x65, 0x73, 0x22, 0x2c, 0x0a, 0x20, 0x20, 0x20, 0x20, 0x20, 0x20, 0x20,
  0x20, 0x20, 0x20, 0x22, 0x69, 0x74, 0x65, 0x6d, 0x5f, 0x69, 0x64, 0x22,
  0x3a, 0x20, 0x34, 0x38, 0x30, 0x38, 0x36, 0x2c, 0x0a, 0x20, 0x20, 0x20,
  0x20, 0x20, 0x20, 0x20, 0x20, 0x20, 0x20, 0x22, 0x73, 0x74, 0x61, 0x74,
  0x5f, 0x69, 0x64, 0x22, 0x3a, 0x20, 0x31, 0x30, 0x37, 0x37, 0x2c, 0x0a,
  0x20, 0x20, 0x20, 0x20, 0x20, 0x20, 0x20, 0x20, 0x20, 0x20, 0x22, 0x75,
  0x70, 0x67, 0x72, 0x61, 0x64, 0x65, 0x5f, 0x69, 0x64, 0x22, 0x3a, 0x20,
  0x32, 0x34, 0x38, 0x33, 0x36, 0x2c, 0x0a, 0x20, 0x20, 0x20, 0x20, 0x20,
  0x20, 0x20, 0x20, 0x20, 0x20, 0x22, 0x69, 0x6e, 0x66, 0x75, 0x73, 0x69,
  0x6f, 0x6e, 0x73, 0x22, 0x3a, 0x20, 0x5b, 0x5d, 0x0a, 0x20, 0x20, 0x20,
  0x20, 0x20, 0x20, 0x20, 0x20, 0x7d, 0x2c, 0x0a, 0x20, 0x20, 0x20, 0x20,
  0x20, 0x20, 0x20, 0x20, 0x7b, 0x0a, 0x20, 0x20, 0x20, 0x20, 0x20, 0x20,
  0x20, 0x20, 0x20, 0x20, 0x22, 0x73, 0x6c, 0x6f, 0x74, 0x22, 0x3a, 0x20,
  0x22, 0x4c, 0x65, 0x67, 0x67, 0x69, 0x6e, 0x67, 0x73, 0x22, 0x2c, 0x0a,
  0x20, 0x20, 0x20, 0x20, 0x20, 0x20, 0x20, 0x20, 0x20, 0x20, 0x22, 0x69,
  0x74, 0x65, 0x6d, 0x5f, 0x69, 0x64, 0x22, 0x3a, 0x20, 0x34, 0x38, 0x30,
  0x38, 0x38, 0x2c, 0x0a, 0x20, 0x20, 0x20, 0x20, 0x20, 0x20, 0x20, 0x20,
  0x20, 0x20, 0x22, 0x73, 0x74, 0x61, 0x74, 0x5f, 0x69, 0x64, 0x22, 0x3a,
  0x20, 0x31, 0x30, 0x37, 0x37, 0x2c, 0x0a, 0x20, 0x20, 0x20, 0x20, 0x20,
  0x20, 0x20, 0x20, 0x20, 0x20, 0x22, 0x75, 0x70, 0x67, 0x72, 0x61, 0x64,
  0x65, 0x5f, 0x69, 0x64, 0x22, 0x3a, 0x20, 0x32, 0x34, 0x38, 0x33, 0x36,
  0x2c, 0x0a, 0x20, 0x20, 0x20, 0x20, 0x20, 0x20, 0x20, 0x20, 0x20, 0x20,
  0x22, 0x69, 0x6e, 0x66, 0x75, 0x73, 0x69, 0x6f, 0x6e, 0x73, 0x22, 0x3a,
  0x20, 0x5b, 0x5d, 0x0a, 0x20, 0x20, 0x20, 0x20, 0x20, 0x20, 0x20, 0x20,
  0x7d, 0x2c, 0x0a, 0x20, 0x20, 0x20, 0x20, 0x20, 0x20, 0x20, 0x20, 0x7b,
  0x0a, 0x20, 0x20, 0x20, 0x20, 0x20, 0x20, 0x20, 0x20, 0x20, 0x20, 0x22,
  0x73, 0x6c, 0x6f, 0x74, 0x22, 0x3a, 0x20, 0x22, 0x42, 0x6f, 0x6f, 0x74,
  0x73, 0x22, 0x2c, 0x0a, 0x20, 0x20, 0x20, 0x20, 0x20, 0x20, 0x20, 0x20,
  0x20, 0x20, 0x22, 0x69, 0x74, 0x65, 0x6d, 0x5f, 0x69, 0x64, 0x22, 0x3a,
  0x20, 0x34, 0x38, 0x30, 0x38, 0x34, 0x2c, 0x0a, 0x20, 0x20, 0x20, 0x20,
  0x20, 0x20, 0x20, 0x20, 0x20, 0x20, 0x22, 0x73, 0x74, 0x61, 0x74, 0x5f,
  0x69, 0x64, 0x22, 0x3a, 0x20, 0x31, 0x30, 0x37, 0x37, 0x2c, 0x0a, 0x20,
  0x20, 0x20, 0x20, 0x20, 0x20, 0x20, 0x20, 0x20, 0x20, 0x22, 0x75, 0x70,
  0x67, 0x72, 0x61, 0x64, 0x65, 0x5f, 0x69, 0x64, 0x22, 0x3a, 0x20, 0x32,
  0x34, 0x38, 0x33, 0x36, 0x2c, 0x0a, 0x20, 0x20, 0x20, 0x20, 0x20, 0x20,
  0x20, 0x20, 0x20, 0x20, 0x22, 0x69, 0x6e, 0x66, 0x75, 0x73, 0x69, 0x6f,
  0x6e, 0x73, 0x22, 0x3a, 0x20, 0x5b, 0x5d, 0x0a, 0x20, 0x20, 0x20, 0x20,
  0x20, 0x20, 0x20, 0x20, 0x7d, 0x2c, 0x0a, 0x20, 0x20, 0x20, 0x20, 0x20,
  0x20, 0x20, 0x20, 0x7b, 0x0a, 0x20, 0x20, 0x20, 0x20, 0x20, 0x20, 0x20,
  0x20, 0x20, 0x20, 0x22, 0x73, 0x6c, 0x6f, 0x74, 0x22, 0x3a, 0x20, 0x22,
  0x42, 0x61, 0x63, 0x6b, 0x49, 0x74, 0x65, 0x6d, 0x22, 0x2c, 0x0a, 0x20,
  0x20, 0x20, 0x20, 0x20, 0x20, 0x20, 0x20, 0x20, 0x20, 0x22, 0x69, 0x74,
  0x65, 0x6d, 0x5f, 0x69, 0x64, 0x22, 0x3a, 0x20, 0x37, 0x39, 0x38, 0x33,
  0x37, 0x2c, 0x0a, 0x20, 0x20, 0x20, 0x20, 0x20, 0x20, 0x20, 0x20, 0x20,
  0x20, 0x22, 0x73, 0x74, 0x61, 0x74, 0x5f, 0x69, 0x64, 0x22, 0x3a, 0x20,
  0x31, 0x30, 0x37, 0x37, 0x2c, 0x0a, 0x20, 0x20, 0x20, 0x20, 0x20, 0x20,
  0x20, 0x20, 0x20, 0x20, 0x22, 0x75, 0x70, 0x67, 0x72, 0x61, 0x64, 0x65,
  0x5f, 0x69, 0x64, 0x22, 0x3a, 0x20, 0x30, 0x2c, 0x0a, 0x20, 0x20, 0x20,
  0x20, 0x20, 0x20, 0x20, 0x20, 0x20, 0x20, 0x22, 0x69, 0x6e, 0x66, 0x75,
  0x73, 0x69, 0x6f, 0x6e, 0x73, 0x22, 0x3a, 0x20, 0x5b, 0x5d, 0x0a, 0x20,
  0x20, 0x20, 0x20, 0x20, 0x20, 0x20, 0x20, 0x7d, 0x2c, 0x0a, 0x20, 0x20,
  0x20, 0x20, 0x20, 0x20, 0x20, 0x20, 0x7b, 0x0a, 0x20, 0x20, 0x20, 0x20,
  0x20, 0x20, 0x20, 0x20, 0x20, 0x20, 0x22, 0x73, 0x6c, 0x6f, 0x74, 0x22,
  0x3a, 0x20, 0x22, 0x41, 0x63, 0x63, 0x65, 0x73, 0x73, 0x6f, 0x72, 0x79,
  0x31, 0x22, 0x2c, 0x0a, 0x20, 0x20, 0x20, 0x20, 0x20, 0x20, 0x20, 0x20,
  0x20, 0x20, 0x22, 0x69, 0x74, 0x65, 0x6d, 0x5f, 0x69, 0x64, 0x22, 0x3a,
  0x20, 0x37, 0x39, 0x37, 0x34, 0x35, 0x2c, 0x0a, 0x20, 0x20, 0x20, 0x20,
  0x20, 0x20, 0x20, 0x20, 0x20, 0x20, 0x22, 0x73, 0x74, 0x61, 0x74, 0x5f,
  0x69, 0x64, 0x22, 0x3a, 0x20, 0x31, 0x30, 0x37, 0x37, 0x2c, 0x0a, 0x20,
  0x20, 0x20, 0x20, 0x20, 0x20, 0x20, 0x20, 0x20, 0x20, 0x22, 0x75, 0x70,
  0x67, 0x72, 0x61, 0x64, 0x65, 0x5f, 0x69, 0x64, 0x22, 0x3a, 0x20, 0x30,
  0x2c, 0x0a, 0x20, 0x20, 0x20, 0x20, 0x20, 0x20, 0x20, 0x20, 0x20, 0x20,
  0x22, 0x69, 0x6e, 0x66, 0x75, 0x73, 0x69, 0x6f, 0x6e, 0x73, 0x22, 0x3a,
  0x20, 0x5b, 0x5d, 0x0a, 0x20, 0x20, 0x20, 0x20, 0x20, 0x20, 0x20, 0x20,
  0x7d, 0x2c, 0x0a, 0x20, 0x20, 0x20, 0x20, 0x20, 0x20, 0x20, 0x20, 0x7b,
  0x0a, 0x20, 0x20, 0x20, 0x20, 0x20, 0x20, 0x20, 0x20, 0x20, 0x20, 0x22,
  0x73, 0x6c, 0x6f, 0x74, 0x22, 0x3a, 0x20, 0x22, 0x41, 0x63, 0x63, 0x65,
  0x73, 0x73, 0x6f, 0x72, 0x79, 0x32, 0x22, 0x2c, 0x0a, 0x20, 0x20, 0x20,
  0x20, 0x20, 0x20, 0x20, 0x20, 0x20, 0x20, 0x22, 0x69, 0x74, 0x65, 0x6d,
  0x5f, 0x69, 0x64, 0x22, 0x3a, 0x20, 0x37, 0x39, 0x34, 0x34, 0x34, 0x2c,
  0x0a, 0x20, 0x20, 0x20, 0x20, 0x20, 0x20, 0x20, 0x20, 0x20, 0x20, 0x22,
  0x73, 0x74, 0x61, 0x74, 0x5f, 0x69, 0x64, 0x22, 0x3a, 0x20, 0x31, 0x30,
  0x37, 0x37, 0x2c, 0x0a, 0x20, 0x20, 0x20, 0x20, 0x20, 0x20, 0x20, 0x20,
  0x20, 0x20, 0x22, 0x75, 0x70, 0x67, 0x72, 0x61, 0x64, 0x65, 0x5f, 0x69,
  0x64, 0x22, 0x3a, 0x20, 0x30, 0x2c, 0x0a, 0x20, 0x20, 0x20, 0x20, 0x20,
  0x20, 0x20, 0x20, 0x20, 0x20, 0x22, 0x69, 0x6e, 0x66, 0x75, 0x73, 0x69,
  0x6f, 0x6e, 0x73, 0x22, 0x3a, 0x20, 0x5b, 0x5d, 0x0a, 0x20, 0x20, 0x20,
  0x20, 0x20, 0x20, 0x20, 0x20, 0x7d, 0x2c, 0x0a, 0x20, 0x20, 0x20, 0x20,
  0x20, 0x20, 0x20, 0x20, 0x7b, 0x0a, 0x20, 0x20, 0x20, 0x20, 0x20, 0x20,
  0x20, 0x20, 0x20, 0x20, 0x22, 0x73, 0x6c, 0x6f, 0x74, 0x22, 0x3a, 0x20,
  0x22, 0x41, 0x6d, 0x75, 0x6c, 0x65, 0x74, 0x22, 0x2c, 0x0a, 0x20, 0x20,
  0x20, 0x20, 0x20, 0x20, 0x20, 0x20, 0x20, 0x20, 0x22, 0x69, 0x74, 0x65,
  0x6d, 0x5f, 0x69, 0x64, 0x22, 0x3a, 0x20, 0x38, 0x31, 0x31, 0x36, 0x39,
  0x2c, 0x0a, 0x20, 0x20, 0x20, 0x20, 0x20, 0x20, 0x20, 0x20, 0x20, 0x20,
  0x22, 0x73, 0x74, 0x61, 0x74, 0x5f, 0x69, 0x64, 0x22, 0x3a, 0x20, 0x31,
  0x30, 0x37, 0x37, 0x2c, 0x0a, 0x20, 0x20, 0x20, 0x20, 0x20, 0x20, 0x20,
  0x20, 0x20, 0x20, 0x22, 0x75, 0x70, 0x67, 0x72, 0x61, 0x64, 0x65, 0x5f,
  0x69, 0x64, 0x22, 0x3a, 0x20, 0x30, 0x2c, 0x0a, 0x20, 0x20, 0x20, 0x20,
  0x20, 0x20, 0x20, 0x20, 0x20, 0x20, 0x22, 0x69, 0x6e, 0x66, 0x75, 0x73,
  0x69, 0x6f, 0x6e, 0x73, 0x22, 0x3a, 0x20, 0x5b, 0x5d, 0x0a, 0x20, 0x20,
  0x20, 0x20, 0x20, 0x20, 0x20, 0x20, 0x7d, 0x2c, 0x0a, 0x20, 0x20, 0x20,
  0x20, 0x20, 0x20, 0x20, 0x20, 0x7b, 0x0a, 0x20, 0x20, 0x20, 0x20, 0x20,
  0x20, 0x20, 0x20, 0x20, 0x20, 0x22, 0x73, 0x6c, 0x6f, 0x74, 0x22, 0x3a,
  0x20, 0x22, 0x52, 0x69, 0x6e, 0x67, 0x31, 0x22, 0x2c, 0x0a, 0x20, 0x20,
  0x20, 0x20, 0x20, 0x20, 0x20, 0x20, 0x20, 0x20, 0x22, 0x69, 0x74, 0x65,
  0x6d, 0x5f, 0x69, 0x64, 0x22, 0x3a, 0x20, 0x37, 0x39, 0x37, 0x31, 0x30,
  0x2c, 0x0a, 0x20, 0x20, 0x20, 0x20, 0x20, 0x20, 0x20, 0x20, 0x20, 0x20,
  0x22, 0x73, 0x74, 0x61, 0x74, 0x5f, 0x69, 0x64, 0x22, 0x3a, 0x20, 0x31,
  0x30, 0x37, 0x37, 0x2c, 0x0a, 0x20, 0x20, 0x20, 0x20, 0x20, 0x20, 0x20,
  0x20, 0x20, 0x20, 0x22, 0x75, 0x70, 0x67, 0x72, 0x61, 0x64, 0x65, 0x5f,
  0x69, 0x64, 0x22, 0x3a, 0x20, 0x30, 0x2c, 0x0a, 0x20, 0x20, 0x20, 0x20,
  0x20, 0x20, 0x20, 0x20, 0x20, 0x20, 0x22, 0x69, 0x6e, 0x66, 0x75, 0x73,
  0x69, 0x6f, 0x6e, 0x73, 0x22, 0x3a, 0x20, 0x5b, 0x5d, 0x0a, 0x20, 0x20,
  0x20, 0x20, 0x20, 0x20, 0x20, 0x20, 0x7d, 0x2c, 0x0a, 0x20, 0x20, 0x20,
  0x20, 0x20, 0x20, 0x20, 0x20, 0x7b, 0x0a, 0x20, 0x20, 0x20, 0x20, 0x20,
  0x20, 0x20, 0x20, 0x20, 0x20, 0x22, 0x73, 0x6c, 0x6f, 0x74, 0x22, 0x3a,
  0x20, 0x22, 0x52, 0x69, 0x6e, 0x67, 0x32, 0x22, 0x2c, 0x0a, 0x20, 0x20,
  0x20, 0x20, 0x20, 0x20, 0x20, 0x20, 0x20, 0x20, 0x22, 0x69, 0x74, 0x65,
  0x6d, 0x5f, 0x69, 0x64, 0x22, 0x3a, 0x20, 0x38, 0x31, 0x31, 0x36, 0x37,
  0x2c, 0x0a, 0x20, 0x20, 0x20, 0x20, 0x20, 0x20, 0x20, 0x20, 0x20, 0x20,
  0x22, 0x73, 0x74, 0x61, 0x74, 0x5f, 0x69, 0x64, 0x22, 0x3a, 0x20, 0x31,
  0x30, 0x37, 0x37, 0x2c, 0x0a, 0x20, 0x20, 0x20, 0x20, 0x20, 0x20, 0x20,
  0x20, 0x20, 0x20, 0x22, 0x75, 0x70, 0x67, 0x72, 0x61, 0x64, 0x65, 0x5f,
  0x69, 0x64, 0x22, 0x3a, 0x20, 0x30, 0x2c, 0x0a, 0x20, 0x20, 0x20, 0x20,
  0x20, 0x20, 0x20, 0x20, 0x20, 0x20, 0x22, 0x69, 0x6e, 0x66, 0x75, 0x73,
  0x69, 0x6f, 0x6e, 0x73, 0x22, 0x3a, 0x20, 0x5b, 0x5d, 0x0a, 0x20, 0x20,
  0x20, 0x20, 0x20, 0x20, 0x20, 0x20, 0x7d, 0x2c, 0x0a, 0x20, 0x20, 0x20,
  0x20, 0x20, 0x20, 0x20, 0x20, 0x7b, 0x0a, 0x20, 0x20, 0x20, 0x20, 0x20,
  0x20, 0x20, 0x20, 0x20, 0x20, 0x22, 0x73, 0x6c, 0x6f, 0x74, 0x22, 0x3a,
  0x20, 0x22, 0x57, 0x65, 0x61, 0x70, 0x6f, 0x6e, 0x41, 0x31, 0x22, 0x2c,
  0x0a, 0x20, 0x20, 0x20, 0x20, 0x20, 0x20, 0x20, 0x20, 0x20, 0x20, 0x22,
  0x69, 0x74, 0x65, 0x6d, 0x5f, 0x69, 0x64, 0x22, 0x3a, 0x20, 0x34, 0x36,
  0x37, 0x36, 0x38, 0x2c, 0x0a, 0x20, 0x20, 0x20, 0x20, 0x20, 0x20, 0x20,
  0x20, 0x20, 0x20, 0x22, 0x73, 0x74, 0x61, 0x74, 0x5f, 0x69, 0x64, 0x22,
  0x3a, 0x20, 0x31, 0x30, 0x37, 0x37, 0x2c, 0x0a, 0x20, 0x20, 0x20, 0x20,
  0x20, 0x20, 0x20, 0x20, 0x20, 0x20, 0x22, 0x75, 0x70, 0x67, 0x72, 0x61,
  0x64, 0x65, 0x5f, 0x69, 0x64, 0x22, 0x3a, 0x20, 0x32, 0x34, 0x36, 0x31,
  0x35, 0x2c, 0x0a, 0x20, 0x20, 0x20, 0x20, 0x20, 0x20, 0x20, 0x20, 0x20,
  0x20, 0x22, 0x69, 0x6e, 0x66, 0x75, 0x73, 0x69, 0x6f, 0x6e, 0x73, 0x22,
  0x3a, 0x20, 0x5b, 0x5d, 0x2c, 0x0a, 0x20, 0x20, 0x20, 0x20, 0x20, 0x20,
  0x20, 0x20, 0x20, 0x20, 0x22, 0x75, 0x70, 0x67, 0x72, 0x61, 0x64, 0x65,
  0x32, 0x5f, 0x69, 0x64, 0x22, 0x3a, 0x20, 0x32, 0x34, 0x38, 0x36, 0x38,
  0x0a, 0x20, 0x20, 0x20, 0x20, 0x20, 0x20, 0x20, 0x20, 0x7d, 0x0a, 0x20,
  0x20, 0x20, 0x20, 0x20, 0x20, 0x5d, 0x0a, 0x20, 0x20, 0x20, 0x20, 0x7d,
  0x2c, 0x0a, 0x20, 0x20, 0x20, 0x20, 0x22, 0x72, 0x6f, 0x74, 0x61, 0x74,
  0x69, 0x6f, 0x6e, 0x22, 0x3a, 0x20, 0x7b, 0x0a, 0x20, 0x20, 0x20, 0x20,
  0x20, 0x20, 0x22, 0x6f, 0x70, 0x65, 0x6e, 0x65, 0x72, 0x22, 0x3a, 0x20,
  0x5b, 0x5d, 0x2c, 0x0a, 0x20, 0x20, 0x20, 0x20, 0x20, 0x20, 0x22, 0x6c,
  0x6f, 0x6f, 0x70, 0x22, 0x3a, 0x20, 0x5b, 0x5d, 0x0a, 0x20, 0x20, 0x20,
  0x20, 0x7d, 0x0a, 0x20, 0x20, 0x7d, 0x2c, 0x0a, 0x20, 0x20, 0x7b, 0x0a,
  0x20, 0x20, 0x20, 0x20, 0x22, 0x69, 0x64, 0x22, 0x3a, 0x20, 0x22, 0x72,
  0x61, 0x6e, 0x67, 0x65, 0x72, 0x2d, 0x63, 0x6f, 0x6e, 0x64, 0x69, 0x74,
  0x69, 0x6f, 0x6e, 0x2d, 0x73, 0x6f, 0x75, 0x6c, 0x62, 0x65, 0x61, 0x73,
  0x74, 0x22, 0x2c, 0x0a, 0x20, 0x20, 0x20, 0x20, 0x22, 0x6e, 0x61, 0x6d,
  0x65, 0x22, 0x3a, 0x20, 0x22, 0x43, 0x6f, 0x6e, 0x64, 0x69, 0x74, 0x69,
  0x6f, 0x6e, 0x20, 0x53, 0x6f, 0x75, 0x6c, 0x62, 0x65, 0x61, 0x73, 0x74,
  0x22, 0x2c, 0x0a, 0x20, 0x20, 0x20, 0x20, 0x22, 0x70, 0x72, 0x6f, 0x66,
  0x65, 0x73, 0x73, 0x69, 0x6f, 0x6e, 0x22, 0x3a, 0x20, 0x22, 0x52, 0x61,
  0x6e, 0x67, 0x65, 0x72, 0x22, 0x2c, 0x0a, 0x20, 0x20, 0x20, 0x20, 0x22,
  0x65, 0x6c, 0x69, 0x74, 0x65, 0x5f, 0x73, 0x70, 0x65, 0x63, 0x22, 0x3a,
  0x20, 0x22, 0x53, 0x6f, 0x75, 0x6c, 0x62, 0x65, 0x61, 0x73, 0x74, 0x22,
  0x2c, 0x0a, 0x20, 0x20, 0x20, 0x20, 0x22, 0x62, 0x75, 0x69, 0x6c, 0x64,
  0x5f, 0x74, 0x79, 0x70, 0x65, 0x22, 0x3a, 0x20, 0x22, 0x43, 0x6f, 0x6e,
  0x64, 0x69, 0x22, 0x2c, 0x0a, 0x20, 0x20, 0x20, 0x20, 0x22, 0x70, 0x61,
  0x74, 0x63, 0x68, 0x5f, 0x76, 0x65, 0x72, 0x73, 0x69, 0x6f, 0x6e, 0x22,
  0x3a, 0x20, 0x22, 0x22, 0x2c, 0x0a, 0x20, 0x20, 0x20, 0x20, 0x22, 0x62,
  0x65, 0x6e, 0x63, 0x68, 0x6d, 0x61, 0x72, 0x6b, 0x5f, 0x64, 0x70, 0x73,
  0x22, 0x3a, 0x20, 0x30, 0x2e, 0x30, 0x2c, 0x0a, 0x20, 0x20, 0x20, 0x20,
  0x22, 0x6e, 0x6f, 0x74, 0x65, 0x73, 0x22, 0x3a, 0x20, 0x22, 0x47, 0x75,
  0x69, 0x6c, 0x64, 0x20, 0x57, 0x61, 0x72, 0x73, 0x20, 0x32, 0x20, 0x43,
  0x6f, 0x6e, 0x64, 0x69, 0x74, 0x69, 0x6f, 0x6e, 0x20, 0x53, 0x6f, 0x75,
  0x6c, 0x62, 0x65, 0x61, 0x73, 0x74, 0x20, 0x2d, 0x20, 0x53, 0x68, 0x6f,
  0x72, 0x74, 0x62, 0x6f, 0x77, 0x20, 0x4d, 0x65, 0x74, 0x61, 0x20, 0x62,
  0x75, 0x69, 0x6c, 0x64, 0x20, 0x66, 0x6f, 0x72, 0x20, 0x61, 0x63, 0x63,
  0x65, 0x73, 0x73, 0x69, 0x62, 0x75, 0x69, 0x6c, 0x64, 0x73, 0x3a, 0x20,
  0x63, 0x6f, 0x6d, 0x70, 0x6c, 0x65, 0x74, 0x65, 0x20, 0x67, 0x75, 0x69,
  0x64, 0x65, 0x20, 0x77, 0x69, 0x74, 0x68, 0x20, 0x67, 0x65, 0x61, 0x72,
  0x2c, 0x20, 0x72, 0x75, 0x6e, 0x65, 0x73, 0x2c, 0x20, 0x72, 0x65, 0x6c,
  0x69, 0x63, 0x73, 0x2c, 0x20, 0x74, 0x72, 0x61, 0x69, 0x74, 0x73, 0x2c,
  0x20, 0x61, 0x6e, 0x64, 0x20, 0x72, 0x6f, 0x74, 0x61, 0x74, 0x69, 0x6f,
  0x6e, 0x20, 0x74, 0x69, 0x70, 0x73, 0x2e, 0x22, 0x2c, 0x0a, 0x20, 0x20,
  0x20, 0x20, 0x22, 0x73, 0x6f, 0x75, 0x72, 0x63, 0x65, 0x5f, 0x75, 0x72,
  0x6c, 0x22, 0x3a, 0x20, 0x22, 0x68, 0x74, 0x74, 0x70, 0x73, 0x3a, 0x2f,
  0x2f, 0x73, 0x6e, 0x6f, 0x77, 0x63, 0x72, 0x6f, 0x77, 0x73, 0x2e, 0x63,
  0x6f, 0x6d, 0x2f, 0x62, 0x75, 0x69, 0x6c, 0x64, 0x73, 0x2f, 0x61, 0x63,
  0x63, 0x65, 0x73, 0x73, 0x69, 0x62, 0x75, 0x69, 0x6c, 0x64, 0x73, 0x2f,
  0x72, 0x61, 0x6e, 0x67, 0x65, 0x72, 0x2f, 0x63, 0x6f, 0x6e, 0x64, 0x69,
  0x74, 0x69, 0x6f, 0x6e, 0x2d, 0x73, 0x6f, 0x75, 0x6c, 0x62, 0x65, 0x61,
  0x73, 0x74, 0x22, 0x2c, 0x0a, 0x20, 0x20, 0x20, 0x20, 0x22, 0x63, 0x68,
  0x61, 0x74, 0x5f, 0x63, 0x6f, 0x64, 0x65, 0x22, 0x3a, 0x20, 0x22, 0x5b,
  0x26, 0x44, 0x51, 0x51, 0x65, 0x4c, 0x53, 0x45, 0x33, 0x4e, 0x79, 0x35,
  0x35, 0x41, 0x41, 0x41, 0x41, 0x76, 0x77, 0x41, 0x41, 0x41, 0x42, 0x73,
  0x41, 0x41, 0x41, 0x44, 0x70, 0x46, 0x67, 0x41, 0x41, 0x4c, 0x68, 0x59,
  0x41, 0x41, 0x50, 0x37, 0x55, 0x41, 0x41, 0x41, 0x41, 0x41, 0x41, 0x41,
  0x41, 0x41, 0x41, 0x41, 0x41, 0x41, 0x41, 0x41, 0x41, 0x41, 0x41, 0x41,
  0x3d, 0x5d, 0x22, 0x2c, 0x0a, 0x20, 0x20, 0x20, 0x20, 0x22, 0x69, 0x73,
  0x5f, 0x6c, 0x65, 0x67, 0x61, 0x63, 0x79, 0x22, 0x3a, 0x20, 0x66, 0x61,
  0x6c, 0x73, 0x65, 0x2c, 0x0a, 0x20, 0x20, 0x20, 0x20, 0x22, 0x61, 0x63,
  0x63, 0x65, 0x73, 0x73, 0x69, 0x62, 0x69, 0x6c, 0x69, 0x74, 0x79, 0x22,
  0x3a, 0x20, 0x74, 0x72, 0x75, 0x65, 0x2c, 0x0a, 0x20, 0x20, 0x20, 0x20,
  0x22, 0x74, 0x72, 0x61, 0x69, 0x74, 0x73, 0x22, 0x3a, 0x20, 0x7b, 0x0a,
  0x20, 0x20, 0x20, 0x20, 0x20, 0x20, 0x22, 0x6c, 0x69, 0x6e, 0x65, 0x31,
  0x22, 0x3a, 0x20, 0x7b, 0x0a, 0x20, 0x20, 0x20, 0x20, 0x20, 0x20, 0x20,
  0x20, 0x22, 0x73, 0x70, 0x65, 0x63, 0x5f, 0x69, 0x64, 0x22, 0x3a, 0x20,
  0x33, 0x30, 0x2c, 0x0a, 0x20, 0x20, 0x20, 0x20, 0x20, 0x20, 0x20, 0x20,
  0x22, 0x74, 0x72, 0x61, 0x69, 0x74, 0x73, 0x22, 0x3a, 0x20, 0x5b, 0x0a,
  0x20, 0x20, 0x20, 0x20, 0x20, 0x20, 0x20, 0x20, 0x20, 0x20, 0x31, 0x30,
  0x36, 0x39, 0x2c, 0x0a, 0x20, 0x20, 0x20, 0x20, 0x20, 0x20, 0x20, 0x20,
  0x20, 0x20, 0x31, 0x38, 0x34, 0x36, 0x2c, 0x0a, 0x20, 0x20, 0x20, 0x20,
  0x20, 0x20, 0x20, 0x20, 0x20, 0x20, 0x31, 0x39, 0x31, 0x32, 0x0a, 0x20,
  0x20, 0x20, 0x20, 0x20, 0x20, 0x20, 0x20, 0x5d, 0x0a, 0x20, 0x20, 0x20,
  0x20, 0x20, 0x20, 0x7d, 0x2c, 0x0a, 0x20, 0x20, 0x20, 0x20, 0x20, 0x20,
  0x22, 0x6c, 0x69, 0x6e, 0x65, 0x32, 0x22, 0x3a, 0x20, 0x7b, 0x0a, 0x20,
  0x20, 0x20, 0x20, 0x20, 0x20, 0x20, 0x20, 0x22, 0x73, 0x70, 0x65, 0x63,
  0x5f, 0x69, 0x64, 0x22, 0x3a, 0x20, 0x33, 0x33, 0x2c, 0x0a, 0x20, 0x20,
  0x20, 0x20, 0x20, 0x20, 0x20, 0x20, 0x22, 0x74, 0x72, 0x61, 0x69, 0x74,
  0x73, 0x22, 0x3a, 0x20, 0x5b, 0x0a, 0x20, 0x20, 0x20, 0x20, 0x20, 0x20,
  0x20, 0x20, 0x20, 0x20, 0x31, 0x30, 0x39, 0x39, 0x2c, 0x0a, 0x20, 0x20,
  0x20, 0x20, 0x20, 0x20, 0x20, 0x20, 0x20, 0x20, 0x31, 0x31, 0x30, 0x31,
  0x2c, 0x0a, 0x20, 0x20, 0x20, 0x20, 0x20, 0x20, 0x20, 0x20, 0x20, 0x20,
  0x31, 0x37, 0x30, 0x31, 0x0a, 0x20, 0x20, 0x20, 0x20, 0x20, 0x20, 0x20,
  0x20, 0x5d, 0x0a, 0x20, 0x20, 0x20, 0x20, 0x20, 0x20, 0x7d, 0x2c, 0x0a,
  0x20, 0x20, 0x20, 0x20, 0x20, 0x20, 0x22, 0x6c, 0x69, 0x6e, 0x65, 0x33,
  0x22, 0x3a, 0x20, 0x7b, 0x0a, 0x20, 0x20, 0x20, 0x20, 0x20, 0x20, 0x20,
  0x20, 0x22, 0x73, 0x70, 0x65, 0x63, 0x5f, 0x69, 0x64, 0x22, 0x3a, 0x20,
  0x35, 0x35, 0x2c, 0x0a, 0x20, 0x20, 0x20, 0x20, 0x20, 0x20, 0x20, 0x20,
  0x22, 0x74, 0x72, 0x61, 0x69, 0x74, 0x73, 0x22, 0x3a, 0x20, 0x5b, 0x0a,
  0x20, 0x20, 0x20, 0x20, 0x20, 0x20, 0x20, 0x20, 0x20, 0x20, 0x32, 0x30,
  0x37, 0x31, 0x2c, 0x0a, 0x20, 0x20, 0x20, 0x20, 0x20, 0x20, 0x20, 0x20,
  0x20, 0x20, 0x32, 0x31, 0x36, 0x31, 0x2c, 0x0a, 0x20, 0x20, 0x20, 0x20,
  0x20, 0x20, 0x20, 0x20, 0x20, 0x20, 0x32, 0x31, 0x32, 0x38, 0x0a, 0x20,
  0x20, 0x20, 0x20, 0x20, 0x20, 0x20, 0x20, 0x5d, 0x0a, 0x20, 0x20, 0x20,
  0x20, 0x20, 0x20, 0x7d, 0x0a, 0x20, 0x20, 0x20, 0x20, 0x7d, 0x2c, 0x0a,
  0x20, 0x20, 0x20, 0x20, 0x22, 0x73, 0x6b, 0x69, 0x6c, 0x6c, 0x73, 0x22,
  0x3a, 0x20, 0x7b, 0x0a, 0x20, 0x20, 0x20, 0x20, 0x20, 0x20, 0x22, 0x68,
  0x65, 0x61, 0x6c, 0x22, 0x3a, 0x20, 0x33, 0x31, 0x39, 0x31, 0x34, 0x2c,
  0x0a, 0x20, 0x20, 0x20, 0x20, 0x20, 0x20, 0x22, 0x75, 0x74, 0x69, 0x6c,
  0x69, 0x74, 0x69, 0x65, 0x73, 0x22, 0x3a, 0x20, 0x5b, 0x0a, 0x20, 0x20,
  0x20, 0x20, 0x20, 0x20, 0x20, 0x20, 0x31, 0x32, 0x35, 0x33, 0x37, 0x2c,
  0x0a, 0x20, 0x20, 0x20, 0x20, 0x20, 0x20, 0x20, 0x20, 0x31, 0x32, 0x34,
  0x37, 0x36, 0x2c, 0x0a, 0x20, 0x20, 0x20, 0x20, 0x20, 0x20, 0x20, 0x20,
  0x34, 0x30, 0x34, 0x39, 0x38, 0x0a, 0x20, 0x20, 0x20, 0x20, 0x20, 0x20,
  0x5d, 0x2c, 0x0a, 0x20, 0x20, 0x20, 0x20, 0x20, 0x20, 0x22, 0x65, 0x6c,
  0x69, 0x74, 0x65, 0x22, 0x3a, 0x20, 0x34, 0x35, 0x37, 0x31, 0x37, 0x0a,
  0x20, 0x20, 0x20, 0x20, 0x7d, 0x2c, 0x0a, 0x20, 0x20, 0x20, 0x20, 0x22,
  0x6c, 0x65, 0x67, 0x65, 0x6e, 0x64, 0x73, 0x22, 0x3a, 0x20, 0x5b, 0x0a,
  0x20, 0x20, 0x20, 0x20, 0x20, 0x20, 0x30, 0x2c, 0x0a, 0x20, 0x20, 0x20,
  0x20, 0x20, 0x20, 0x30, 0x0a, 0x20, 0x20, 0x20, 0x20, 0x5d, 0x2c, 0x0a,
  0x20, 0x20, 0x20, 0x20, 0x22, 0x70, 0x65, 0x74, 0x73, 0x22, 0x3a, 0x20,
  0x5b, 0x0a, 0x20, 0x20, 0x20, 0x20, 0x20, 0x20, 0x31, 0x32, 0x37, 0x38,
  0x2c, 0x0a, 0x20, 0x20, 0x20, 0x20, 0x20, 0x20, 0x32, 0x31, 0x32, 0x0a,
  0x20, 0x20, 0x20, 0x20, 0x5d, 0x2c, 0x0a, 0x20, 0x20, 0x20, 0x20, 0x22,
  0x67, 0x65, 0x61, 0x72, 0x22, 0x3a, 0x20, 0x7b, 0x0a, 0x20, 0x20, 0x20,
  0x20, 0x20, 0x20, 0x22, 0x72, 0x65, 0x6c, 0x69, 0x63, 0x5f, 0x69, 0x64,
  0x22, 0x3a, 0x20, 0x31, 0x30, 0x30, 0x31, 0x35, 0x33, 0x2c, 0x0a, 0x20,
  0x20, 0x20, 0x20, 0x20, 0x20, 0x22, 0x66, 0x6f, 0x6f, 0x64, 0x5f, 0x69,
  0x64, 0x22, 0x3a, 0x20, 0x39, 0x31, 0x38, 0x37, 0x36, 0x2c, 0x0a, 0x20,
  0x20, 0x20, 0x20, 0x20, 0x20, 0x22, 0x75, 0x74, 0x69, 0x6c, 0x69, 0x74,
  0x79, 0x5f, 0x69, 0x64, 0x22, 0x3a, 0x20, 0x34, 0x38, 0x39, 0x31, 0x37,
  0x2c, 0x0a, 0x20, 0x20, 0x20, 0x20, 0x20, 0x20, 0x22, 0x69, 0x74, 0x65,
  0x6d, 0x73, 0x22, 0x3a, 0x20, 0x5b, 0x0a, 0x20, 0x20, 0x20, 0x20, 0x20,
  0x20, 0x20, 0x20, 0x7b, 0x0a, 0x20, 0x20, 0x20, 0x20, 0x20, 0x20, 0x20,
  0x20, 0x20, 0x20, 0x22, 0x73, 0x6c, 0x6f, 0x74, 0x22, 0x3a, 0x20, 0x22,
  0x48, 0x65, 0x6c, 0x6d, 0x22, 0x2c, 0x0a, 0x20, 0x20, 0x20, 0x20, 0x20,
  0x20, 0x20, 0x20, 0x20, 0x20, 0x22, 0x69, 0x74, 0x65, 0x6d, 0x5f, 0x69,
  0x64, 0x22, 0x3a, 0x20, 0x37, 0x34, 0x33, 0x35, 0x37, 0x2c, 0x0a, 0x20,
  0x20, 0x20, 0x20, 0x20, 0x20, 0x20, 0x20, 0x20, 0x20, 0x22, 0x73, 0x74,
  0x61, 0x74, 0x5f, 0x69, 0x64, 0x22, 0x3a, 0x20, 0x31, 0x32, 0x36, 0x38,
  0x2c, 0x0a, 0x20, 0x20, 0x20, 0x20, 0x20, 0x20, 0x20, 0x20, 0x20, 0x20,
  0x22, 0x75, 0x70, 0x67, 0x72, 0x61, 0x64, 0x65, 0x5f, 0x69, 0x64, 0x22,
  0x3a, 0x20, 0x36, 0x37, 0x33, 0x33, 0x39, 0x2c, 0x0a, 0x20, 0x20, 0x20,
  0x20, 0x20, 0x20, 0x20, 0x20, 0x20, 0x20, 0x22, 0x69, 0x6e, 0x66, 0x75,
  0x73, 0x69, 0x6f, 0x6e, 0x73, 0x22, 0x3a, 0x20, 0x5b, 0x5d, 0x0a, 0x20,
  0x20, 0x20, 0x20, 0x20, 0x20, 0x20, 0x20, 0x7d, 0x2c, 0x0a, 0x20, 0x20,
  0x20, 0x20, 0x20, 0x20, 0x20, 0x20, 0x7b, 0x0a, 0x20, 0x20, 0x20, 0x20,
  0x20, 0x20, 0x20, 0x20, 0x20, 0x20, 0x22, 0x73, 0x6c, 0x6f, 0x74, 0x22,
  0x3a, 0x20, 0x22, 0x53, 0x68, 0x6f, 0x75, 0x6c, 0x64, 0x65, 0x72, 0x73,
  0x22, 0x2c, 0x0a, 0x20, 0x20, 0x20, 0x20, 0x20, 0x20, 0x20, 0x20, 0x20,
  0x20, 0x22, 0x69, 0x74, 0x65, 0x6d, 0x5f, 0x69, 0x64, 0x22, 0x3a, 0x20,
  0x37, 0x32, 0x32, 0x35, 0x39, 0x2c, 0x0a, 0x20, 0x20, 0x20, 0x20, 0x20,
  0x20, 0x20, 0x20, 0x20, 0x20, 0x22, 0x73, 0x74, 0x61, 0x74, 0x5f, 0x69,
  0x64, 0x22, 0x3a, 0x20, 0x31, 0x32, 0x36, 0x38, 0x2c, 0x0a, 0x20, 0x20,
  0x20, 0x20, 0x20, 0x20, 0x20, 0x20, 0x20, 0x20, 0x22, 0x75, 0x70, 0x67,
  0x72, 0x61, 0x64, 0x65, 0x5f, 0x69, 0x64, 0x22, 0x3a, 0x20, 0x36, 0x37,
  0x33, 0x33, 0x39, 0x2c, 0x0a, 0x20, 0x20, 0x20, 0x20, 0x20, 0x20, 0x20,
  0x20, 0x20, 0x20, 0x22, 0x69, 0x6e, 0x66, 0x75, 0x73, 0x69, 0x6f, 0x6e,
  0x73, 0x22, 0x3a, 0x20, 0x5b, 0x5d, 0x0a, 0x20, 0x20, 0x20, 0x20, 0x20,
  0x20, 0x20, 0x20, 0x7d, 0x2c, 0x0a, 0x20, 0x20, 0x20, 0x20, 0x20, 0x20,
  0x20, 0x20, 0x7b, 0x0a, 0x20, 0x20, 0x20, 0x20, 0x20, 0x20, 0x20, 0x20,
  0x20, 0x20, 0x22, 0x73, 0x6c, 0x6f, 0x74, 0x22, 0x3a, 0x20, 0x22, 0x43,
  0x68, 0x65, 0x73, 0x74, 0x22, 0x2c, 0x0a, 0x20, 0x20, 0x20, 0x20, 0x20,
  0x20, 0x20, 0x20, 0x20, 0x20, 0x22, 0x69, 0x74, 0x65, 0x6d, 0x5f, 0x69,
  0x64, 0x22, 0x3a, 0x20, 0x37, 0x36, 0x37, 0x31, 0x30, 0x2c, 0x0a, 0x20,
  0x20, 0x20, 0x20, 0x20, 0x20, 0x20, 0x20, 0x20, 0x20, 0x22, 0x73, 0x74,
  0x61, 0x74, 0x5f, 0x69, 0x64, 0x22, 0x3a, 0x20, 0x31, 0x32, 0x36, 0x38,
  0x2c, 0x0a, 0x20, 0x20, 0x20, 0x20, 0x20, 0x20, 0x20, 0x20, 0x20, 0x20,
  0x22, 0x75, 0x70, 0x67, 0x72, 0x61, 0x64, 0x65, 0x5f, 0x69, 0x64, 0x22,
  0x3a, 0x20, 0x36, 0x37, 0x33, 0x33, 0x39, 0x2c, 0x0a, 0x20, 0x20, 0x20,
  0x20, 0x20, 0x20, 0x20, 0x20, 0x20, 0x20, 0x22, 0x69, 0x6e, 0x66, 0x75,
  0x73, 0x69, 0x6f, 0x6e, 0x73, 0x22, 0x3a, 0x20, 0x5b, 0x5d, 0x0a, 0x20,
  0x20, 0x20, 0x20, 0x20, 0x20, 0x20, 0x20, 0x7d, 0x2c, 0x0a, 0x20, 0x20,
  0x20, 0x20, 0x20, 0x20, 0x20, 0x20, 0x7b, 0x0a, 0x20, 0x20, 0x20, 0x20,
  0x20, 0x20, 0x20, 0x20, 0x20, 0x20, 0x22, 0x73, 0x6c, 0x6f, 0x74, 0x22,
  0x3a, 0x20, 0x22, 0x47, 0x6c, 0x6f, 0x76, 0x65, 0x73, 0x22, 0x2c, 0x0a,
  0x20, 0x20, 0x20, 0x20, 0x20, 0x20, 0x20, 0x20, 0x20, 0x20, 0x22, 0x69,
  0x74, 0x65, 0x6d, 0x5f, 0x69, 0x64, 0x22, 0x3a, 0x20, 0x37, 0x35, 0x36,
  0x32, 0x36, 0x2c, 0x0a, 0x20, 0x20, 0x20, 0x20, 0x20, 0x20, 0x20, 0x20,
  0x20, 0x20, 0x22, 0x73, 0x74, 0x61, 0x74, 0x5f, 0x69, 0x64, 0x22, 0x3a,
  0x20, 0x31, 0x32, 0x36, 0x38, 0x2c, 0x0a, 0x20, 0x20, 0x20, 0x20, 0x20,
  0x20, 0x20, 0x20, 0x20, 0x20, 0x22, 0x75, 0x70, 0x67, 0x72, 0x61, 0x64,
  0x65, 0x5f, 0x69, 0x64, 0x22, 0x3a, 0x20, 0x36, 0x37, 0x33, 0x33, 0x39,
  0x2c, 0x0a, 0x20, 0x20, 0x20, 0x20, 0x20, 0x20, 0x20, 0x20, 0x20, 0x20,
  0x22, 0x69, 0x6e, 0x66, 0x75, 0x73, 0x69, 0x6f, 0x6e, 0x73, 0x22, 0x3a,
  0x20, 0x5b, 0x5d, 0x0a, 0x20, 0x20, 0x20, 0x20, 0x20, 0x20, 0x20, 0x20,
  0x7d, 0x2c, 0x0a, 0x20, 0x20, 0x20, 0x20, 0x20, 0x20, 0x20, 0x20, 0x7b,
  0x0a, 0x20, 0x20, 0x20, 0x20, 0x20, 0x20, 0x20, 0x20, 0x20, 0x20, 0x22,
  0x73, 0x6c, 0x6f, 0x74, 0x22, 0x3a, 0x20, 0x22, 0x4c, 0x65, 0x67, 0x67,
  0x69, 0x6e, 0x67, 0x73, 0x22, 0x2c, 0x0a, 0x20, 0x20, 0x20, 0x20, 0x20,
  0x20, 0x20, 0x20, 0x20, 0x20, 0x22, 0x69, 0x74, 0x65, 0x6d, 0x5f, 0x69,
  0x64, 0x22, 0x3a, 0x20, 0x37, 0x30, 0x36, 0x34, 0x31, 0x2c, 0x0a, 0x20,
  0x20, 0x20, 0x20, 0x20, 0x20, 0x20, 0x20, 0x20, 0x20, 0x22, 0x73, 0x74,
  0x61, 0x74, 0x5f, 0x69, 0x64, 0x22, 0x3a, 0x20, 0x31, 0x32, 0x36, 0x38,
  0x2c, 0x0a, 0x20, 0x20, 0x20, 0x20, 0x20, 0x20, 0x20, 0x20, 0x20, 0x20,
  0x22, 0x75, 0x70, 0x67, 0x72, 0x61, 0x64, 0x65, 0x5f, 0x69, 0x64, 0x22,
  0x3a, 0x20, 0x36, 0x37, 0x33, 0x33, 0x39, 0x2c, 0x0a, 0x20, 0x20, 0x20,
  0x20, 0x20, 0x20, 0x20, 0x20, 0x20, 0x20, 0x22, 0x69, 0x6e, 0x66, 0x75,
  0x73, 0x69, 0x6f, 0x6e, 0x73, 0x22, 0x3a, 0x20, 0x5b, 0x5d, 0x0a, 0x20,
  0x20, 0x20, 0x20, 0x20, 0x20, 0x20, 0x20, 0x7d, 0x2c, 0x0a, 0x20, 0x20,
  0x20, 0x20, 0x20, 0x20, 0x20, 0x20, 0x7b, 0x0a, 0x20, 0x20, 0x20, 0x20,
  0x20, 0x20, 0x20, 0x20, 0x20, 0x20, 0x22, 0x73, 0x6c, 0x6f, 0x74, 0x22,
  0x3a, 0x20, 0x22, 0x42, 0x6f, 0x6f, 0x74, 0x73, 0x22, 0x2c, 0x0a, 0x20,
  0x20, 0x20, 0x20, 0x20, 0x20, 0x20, 0x20, 0x20, 0x20, 0x22, 0x69, 0x74,
  0x65, 0x6d, 0x5f, 0x69, 0x64, 0x22, 0x3a, 0x20, 0x37, 0x33, 0x38, 0x35,
  0x34, 0x2c, 0x0a, 0x20, 0x20, 0x20, 0x20, 0x20, 0x20, 0x20, 0x20, 0x20,
  0x20, 0x22, 0x73, 0x74, 0x61, 0x74, 0x5f, 0x69, 0x64, 0x22, 0x3a, 0x20,
  0x31, 0x32, 0x36, 0x38, 0x2c, 0x0a, 0x20, 0x20, 0x20, 0x20, 0x20, 0x20,
  0x20, 0x20, 0x20, 0x20, 0x22, 0x75, 0x70, 0x67, 0x72, 0x61, 0x64, 0x65,
  0x5f, 0x69, 0x64, 0x22, 0x3a, 0x20, 0x36, 0x37, 0x33, 0x33, 0x39, 0x2c,
  0x0a, 0x20, 0x20, 0x20, 0x20, 0x20, 0x20, 0x20, 0x20, 0x20, 0x20, 0x22,
  0x69, 0x6e, 0x66, 0x75, 0x73, 0x69, 0x6f, 0x6e, 0x73, 0x22, 0x3a, 0x20,
  0x5b, 0x5d, 0x0a, 0x20, 0x20, 0x20, 0x20, 0x20, 0x20, 0x20, 0x20, 0x7d,
  0x2c, 0x0a, 0x20, 0x20, 0x20, 0x20, 0x20, 0x20, 0x20, 0x20, 0x7b, 0x0a,
  0x20, 0x20, 0x20, 0x20, 0x20, 0x20, 0x20, 0x20, 0x20, 0x20, 0x22, 0x73,
  0x6c, 0x6f, 0x74, 0x22, 0x3a, 0x20, 0x22, 0x42, 0x61, 0x63, 0x6b, 0x49,
  0x74, 0x65, 0x6d, 0x22, 0x2c, 0x0a, 0x20, 0x20, 0x20, 0x20, 0x20, 0x20,
  0x20, 0x20, 0x20, 0x20, 0x22, 0x69, 0x74, 0x65, 0x6d, 0x5f, 0x69, 0x64,
  0x22, 0x3a, 0x20, 0x37, 0x39, 0x38, 0x33, 0x37, 0x2c, 0x0a, 0x20, 0x20,
  0x20, 0x20, 0x20, 0x20, 0x20, 0x20, 0x20, 0x20, 0x22, 0x73, 0x74, 0x61,
  0x74, 0x5f, 0x69, 0x64, 0x22, 0x3a, 0x20, 0x31, 0x32, 0x36, 0x38, 0x2c,
  0x0a, 0x20, 0x20, 0x20, 0x20, 0x20, 0x20, 0x20, 0x20, 0x20, 0x20, 0x22,
  0x75, 0x70, 0x67, 0x72, 0x61, 0x64, 0x65, 0x5f, 0x69, 0x64, 0x22, 0x3a,
  0x20, 0x30, 0x2c, 0x0a, 0x20, 0x20, 0x20, 0x20, 0x20, 0x20, 0x20, 0x20,
  0x20, 0x20, 0x22, 0x69, 0x6e, 0x66, 0x75, 0x73, 0x69, 0x6f, 0x6e, 0x73,
  0x22, 0x3a, 0x20, 0x5b, 0x5d, 0x0a, 0x20, 0x20, 0x20, 0x20, 0x20, 0x20,
  0x20, 0x20, 0x7d, 0x2c, 0x0a, 0x20, 0x20, 0x20, 0x20, 0x20, 0x20, 0x20,
  0x20, 0x7b, 0x0a, 0x20, 0x20, 0x20, 0x20, 0x20, 0x20, 0x20, 0x20, 0x20,
  0x20, 0x22, 0x73, 0x6c, 0x6f, 0x74, 0x22, 0x3a, 0x20, 0x22, 0x41, 0x63,
  0x63, 0x65, 0x73, 0x73, 0x6f, 0x72, 0x79, 0x31, 0x22, 0x2c, 0x0a, 0x20,
  0x20, 0x20, 0x20, 0x20, 0x20, 0x20, 0x20, 0x20, 0x20, 0x22, 0x69, 0x74,
  0x65, 0x6d, 0x5f, 0x69, 0x64, 0x22, 0x3a, 0x20, 0x37, 0x39, 0x37, 0x34,
  0x35, 0x2c, 0x0a, 0x20, 0x20, 0x20, 0x20, 0x20, 0x20, 0x20, 0x20, 0x20,
  0x20, 0x22, 0x73, 0x74, 0x61, 0x74, 0x5f, 0x69, 0x64, 0x22, 0x3a, 0x20,
  0x31, 0x32, 0x36, 0x38, 0x2c, 0x0a, 0x20, 0x20, 0x20, 0x20, 0x20, 0x20,
  0x20, 0x20, 0x20, 0x20, 0x22, 0x75, 0x70, 0x67, 0x72, 0x61, 0x64, 0x65,
  0x5f, 0x69, 0x64, 0x22, 0x3a, 0x20, 0x30, 0x2c, 0x0a, 0x20, 0x20, 0x20,
  0x20, 0x20, 0x20, 0x20, 0x20, 0x20, 0x20, 0x22, 0x69, 0x6e, 0x66, 0x75,
  0x73, 0x69, 0x6f, 0x6e, 0x73, 0x22, 0x3a, 0x20, 0x5b, 0x5d, 0x0a, 0x20,
  0x20, 0x20, 0x20, 0x20, 0x20, 0x20, 0x20, 0x7d, 0x2c, 0x0a, 0x20, 0x20,
  0x20, 0x20, 0x20, 0x20, 0x20, 0x20, 0x7b, 0x0a, 0x20, 0x20, 0x20, 0x20,
  0x20, 0x20, 0x20, 0x20, 0x20, 0x20, 0x22, 0x73, 0x6c, 0x6f, 0x74, 0x22,
  0x3a, 0x20, 0x22, 0x41, 0x63, 0x63, 0x65, 0x73, 0x73, 0x6f, 0x72, 0x79,
  0x32, 0x22, 0x2c, 0x0a, 0x20, 0x20, 0x20, 0x20, 0x20, 0x20, 0x20, 0x20,
  0x20, 0x20, 0x22, 0x69, 0x74, 0x65, 0x6d, 0x5f, 0x69, 0x64, 0x22, 0x3a,
  0x20, 0x37, 0x39, 0x34, 0x34, 0x34, 0x2c, 0x0a, 0x20, 0x20, 0x20, 0x20,
  0x20, 0x20, 0x20, 0x20, 0x20, 0x20, 0x22, 0x73, 0x74, 0x61, 0x74, 0x5f,
  0x69, 0x64, 0x22, 0x3a, 0x20, 0x31, 0x32, 0x36, 0x38, 0x2c, 0x0a, 0x20,
  0x20, 0x20, 0x20, 0x20, 0x20, 0x20, 0x20, 0x20, 0x20, 0x22, 0x75, 0x70,
  0x67, 0x72, 0x61, 0x64, 0x65, 0x5f, 0x69, 0x64, 0x22, 0x3a, 0x20, 0x30,
  0x2c, 0x0a, 0x20, 0x20, 0x20, 0x20, 0x20, 0x20, 0x20, 0x20, 0x20, 0x20,
  0x22, 0x69, 0x6e, 0x66, 0x75, 0x73, 0x69, 0x6f, 0x6e, 0x73, 0x22, 0x3a,
  0x20, 0x5b, 0x5d, 0x0a, 0x20, 0x20, 0x20, 0x20, 0x20, 0x20, 0x20, 0x20,
  0x7d, 0x2c, 0x0a, 0x20, 0x20, 0x20, 0x20, 0x20, 0x20, 0x20, 0x20, 0x7b,
  0x0a, 0x20, 0x20, 0x20, 0x20, 0x20, 0x20, 0x20, 0x20, 0x20, 0x20, 0x22,
  0x73, 0x6c, 0x6f, 0x74, 0x22, 0x3a, 0x20, 0x22, 0x41, 0x6d, 0x75, 0x6c,
  0x65, 0x74, 0x22, 0x2c, 0x0a, 0x20, 0x20, 0x20, 0x20, 0x20, 0x20, 0x20,
  0x20, 0x20, 0x20, 0x22, 0x69, 0x74, 0x65, 0x6d, 0x5f, 0x69, 0x64, 0x22,
  0x3a, 0x20, 0x38, 0x31, 0x31, 0x36, 0x39, 0x2c, 0x0a, 0x20, 0x20, 0x20,
  0x20, 0x20, 0x20, 0x20, 0x20, 0x20, 0x20, 0x22, 0x73, 0x74, 0x61, 0x74,
  0x5f, 0x69, 0x64, 0x22, 0x3a, 0x20, 0x31, 0x32, 0x36, 0x38, 0x2c, 0x0a,
  0x20, 0x20, 0x20, 0x20, 0x20, 0x20, 0x20, 0x20, 0x20, 0x20, 0x22, 0x75,
  0x70, 0x67, 0x72, 0x61, 0x64, 0x65, 0x5f, 0x69, 0x64, 0x22, 0x3a, 0x20,
  0x30, 0x2c, 0x0a, 0x20, 0x20, 0x20, 0x20, 0x20, 0x20, 0x20, 0x20, 0x20,
  0x20, 0x22, 0x69, 0x6e, 0x66, 0x75, 0x73, 0x69, 0x6f, 0x6e, 0x73, 0x22,
  0x3a, 0x20, 0x5b, 0x5d, 0x0a, 0x20, 0x20, 0x20, 0x20, 0x20, 0x20, 0x20,
  0x20, 0x7d, 0x2c, 0x0a, 0x20, 0x20, 0x20, 0x20, 0x20, 0x20, 0x20, 0x20,
  0x7b, 0x0a, 0x20, 0x20, 0x20, 0x20, 0x20, 0x20, 0x20, 0x20, 0x20, 0x20,
  0x22, 0x73, 0x6c, 0x6f, 0x74, 0x22, 0x3a, 0x20, 0x22, 0x52, 0x69, 0x6e,
  0x67, 0x31, 0x22, 0x2c, 0x0a, 0x20, 0x20, 0x20, 0x20, 0x20, 0x20, 0x20,
  0x20, 0x20, 0x20, 0x22, 0x69, 0x74, 0x65, 0x6d, 0x5f, 0x69, 0x64, 0x22,
  0x3a, 0x20, 0x37, 0x39, 0x37, 0x31, 0x30, 0x2c, 0x0a, 0x20, 0x20, 0x20,
  0x20, 0x20, 0x20, 0x20, 0x20, 0x20, 0x20, 0x22, 0x73, 0x74, 0x61, 0x74,
  0x5f, 0x69, 0x64, 0x22, 0x3a, 0x20, 0x31, 0x32, 0x36, 0x38, 0x2c, 0x0a,
  0x20, 0x20, 0x20, 0x20, 0x20, 0x20, 0x20, 0x20, 0x20, 0x20, 0x22, 0x75,
  0x70, 0x67, 0x72, 0x61, 0x64, 0x65, 0x5f, 0x69, 0x64, 0x22, 0x3a, 0x20,
  0x30, 0x2c, 0x0a, 0x20, 0x20, 0x20, 0x20, 0x20, 0x20, 0x20, 0x20, 0x20,
  0x20, 0x22, 0x69, 0x6e, 0x66, 0x75, 0x73, 0x69, 0x6f, 0x6e, 0x73, 0x22,
  0x3a, 0x20, 0x5b, 0x5d, 0x0a, 0x20, 0x20, 0x20, 0x20, 0x20, 0x20, 0x20,
  0x20, 0x7d, 0x2c, 0x0a, 0x20, 0x20, 0x20, 0x20, 0x20, 0x20, 0x20, 0x20,
  0x7b, 0x0a, 0x20, 0x20, 0x20, 0x20, 0x20, 0x20, 0x20, 0x20, 0x20, 0x20,
  0x22, 0x73, 0x6c, 0x6f, 0x74, 0x22, 0x3a, 0x20, 0x22, 0x52, 0x69, 0x6e,
  0x67, 0x32, 0x22, 0x2c, 0x0a, 0x20, 0x20, 0x20, 0x20, 0x20, 0x20, 0x20,
  0x20, 0x20, 0x20, 0x22, 0x69, 0x74, 0x65, 0x6d, 0x5f, 0x69, 0x64, 0x22,
  0x3a, 0x20, 0x38, 0x31, 0x31, 0x36, 0x37, 0x2c, 0x0a, 0x20, 0x20, 0x20,
  0x20, 0x20, 0x20, 0x20, 0x20, 0x20, 0x20, 0x22, 0x73, 0x74, 0x61, 0x74,
  0x5f, 0x69, 0x64, 0x22, 0x3a, 0x20, 0x31, 0x32, 0x36, 0x38, 0x2c, 0x0a,
  0x20, 0x20, 0x20, 0x20, 0x20, 0x20, 0x20, 0x20, 0x20, 0x20, 0x22, 0x75,
  0x70, 0x67, 0x72, 0x61, 0x64, 0x65, 0x5f, 0x69, 0x64, 0x22, 0x3a, 0x20,
  0x30, 0x2c, 0x0a, 0x20, 0x20, 0x20, 0x20, 0x20, 0x20, 0x20, 0x20, 0x20,
  0x20, 0x22, 0x69, 0x6e, 0x66, 0x75, 0x73, 0x69, 0x6f, 0x6e, 0x73, 0x22,
  0x3a, 0x20, 0x5b, 0x5d, 0x0a, 0x20, 0x20, 0x20, 0x20, 0x20, 0x20, 0x20,
  0x20, 0x7d, 0x2c, 0x0a, 0x20, 0x20, 0x20, 0x20, 0x20, 0x20, 0x20, 0x20,
  0x7b, 0x0a, 0x20, 0x20, 0x20, 0x20, 0x20, 0x20, 0x20, 0x20, 0x20, 0x20,
  0x22, 0x73, 0x6c, 0x6f, 0x74, 0x22, 0x3a, 0x20, 0x22, 0x57, 0x65, 0x61,
  0x70, 0x6f, 0x6e, 0x41, 0x31, 0x22, 0x2c, 0x0a, 0x20, 0x20, 0x20, 0x20,
  0x20, 0x20, 0x20, 0x20, 0x20, 0x20, 0x22, 0x69, 0x74, 0x65, 0x6d, 0x5f,
  0x69, 0x64, 0x22, 0x3a, 0x20, 0x37, 0x34, 0x35, 0x36, 0x39, 0x2c, 0x0a,
  0x20, 0x20, 0x20, 0x20, 0x20, 0x20, 0x20, 0x20, 0x20, 0x20, 0x22, 0x73,
  0x74, 0x61, 0x74, 0x5f, 0x69, 0x64, 0x22, 0x3a, 0x20, 0x31, 0x32, 0x36,
  0x38, 0x2c, 0x0a, 0x20, 0x20, 0x20, 0x20, 0x20, 0x20, 0x20, 0x20, 0x20,
  0x20, 0x22, 0x75, 0x70, 0x67, 0x72, 0x61, 0x64, 0x65, 0x5f, 0x69, 0x64,
  0x22, 0x3a, 0x20, 0x32, 0x34, 0x35, 0x36, 0x30, 0x2c, 0x0a, 0x20, 0x20,
  0x20, 0x20, 0x20, 0x20, 0x20, 0x20, 0x20, 0x20, 0x22, 0x69, 0x6e, 0x66,
  0x75, 0x73, 0x69, 0x6f, 0x6e, 0x73, 0x22, 0x3a, 0x20, 0x5b, 0x5d, 0x2c,
  0x0a, 0x20, 0x20, 0x20, 0x20, 0x20, 0x20, 0x20, 0x20, 0x20, 0x20, 0x22,
  0x75, 0x70, 0x67, 0x72, 0x61, 0x64, 0x65, 0x32, 0x5f, 0x69, 0x64, 0x22,
  0x3a, 0x20, 0x34, 0x34, 0x39, 0x35, 0x30, 0x0a, 0x20, 0x20, 0x20, 0x20,
  0x20, 0x20, 0x20, 0x20, 0x7d, 0x0a, 0x20, 0x20, 0x20, 0x20, 0x20, 0x20,
  0x5d, 0x0a, 0x20, 0x20, 0x20, 0x20, 0x7d, 0x2c, 0x0a, 0x20, 0x20, 0x20,
  0x20, 0x22, 0x72, 0x6f, 0x74, 0x61, 0x74, 0x69, 0x6f, 0x6e, 0x22, 0x3a,
  0x20, 0x7b, 0x0a, 0x20, 0x20, 0x20, 0x20, 0x20, 0x20, 0x22, 0x6f, 0x70,
  0x65, 0x6e, 0x65, 0x72, 0x22, 0x3a, 0x20, 0x5b, 0x5d, 0x2c, 0x0a, 0x20,
  0x20, 0x20, 0x20, 0x20, 0x20, 0x22, 0x6c, 0x6f, 0x6f, 0x70, 0x22, 0x3a,
  0x20, 0x5b, 0x5d, 0x0a, 0x20, 0x20, 0x20, 0x20, 0x7d, 0x0a, 0x20, 0x20,
  0x7d, 0x2c, 0x0a, 0x20, 0x20, 0x7b, 0x0a, 0x20, 0x20, 0x20, 0x20, 0x22,
  0x69, 0x64, 0x22, 0x3a, 0x20, 0x22, 0x72, 0x61, 0x6e, 0x67, 0x65, 0x72,
  0x2d, 0x70, 0x6f, 0x77, 0x65, 0x72, 0x2d, 0x73, 0x6f, 0x75, 0x6c, 0x62,
  0x65, 0x61, 0x73, 0x74, 0x22, 0x2c, 0x0a, 0x20, 0x20, 0x20, 0x20, 0x22,
  0x6e, 0x61, 0x6d, 0x65, 0x22, 0x3a, 0x20, 0x22, 0x50, 0x6f, 0x77, 0x65,
  0x72, 0x20, 0x53, 0x6f, 0x75, 0x6c, 0x62, 0x65, 0x61, 0x73, 0x74, 0x22,
  0x2c, 0x0a, 0x20, 0x20, 0x20, 0x20, 0x22, 0x70, 0x72, 0x6f, 0x66, 0x65,
  0x73, 0x73, 0x69, 0x6f, 0x6e, 0x22, 0x3a, 0x20, 0x22, 0x52, 0x61, 0x6e,
  0x67, 0x65, 0x72, 0x22, 0x2c, 0x0a, 0x20, 0x20, 0x20, 0x20, 0x22, 0x65,
  0x6c, 0x69, 0x74, 0x65, 0x5f, 0x73, 0x70, 0x65, 0x63, 0x22, 0x3a, 0x20,
  0x22, 0x53, 0x6f, 0x75, 0x6c, 0x62, 0x65, 0x61, 0x73, 0x74, 0x22, 0x2c,
  0x0a, 0x20, 0x20, 0x20, 0x20, 0x22, 0x62, 0x75, 0x69, 0x6c, 0x64, 0x5f,
  0x74, 0x79, 0x70, 0x65, 0x22, 0x3a, 0x20, 0x22, 0x50, 0x6f, 0x77, 0x65,
  0x72, 0x22, 0x2c, 0x0a, 0x20, 0x20, 0x20, 0x20, 0x22, 0x70, 0x61, 0x74,
  0x63, 0x68, 0x5f, 0x76, 0x65, 0x72, 0x73, 0x69, 0x6f, 0x6e, 0x22, 0x3a,
  0x20, 0x22, 0x22, 0x2c, 0x0a, 0x20, 0x20, 0x20, 0x20, 0x22, 0x62, 0x65,
  0x6e, 0x63, 0x68, 0x6d, 0x61, 0x72, 0x6b, 0x5f, 0x64, 0x70, 0x73, 0x22,
  0x3a, 0x20, 0x30, 0x2e, 0x30, 0x2c, 0x0a, 0x20, 0x20, 0x20, 0x20, 0x22,
  0x6e, 0x6f, 0x74, 0x65, 0x73, 0x22, 0x3a, 0x20, 0x22, 0x47, 0x75, 0x69,
  0x6c, 0x64, 0x20, 0x57, 0x61, 0x72, 0x73, 0x20, 0x32, 0x20, 0x50, 0x6f,
  0x77, 0x65, 0x72, 0x20, 0x53, 0x6f, 0x75, 0x6c, 0x62, 0x65, 0x61, 0x73,
  0x74, 0x20, 0x2d, 0x20, 0x53, 0x77, 0x6f, 0x72, 0x64, 0x20, 0x26, 0x20,
  0x41, 0x78, 0x65, 0x20, 0x4d, 0x65, 0x74, 0x61, 0x20, 0x62, 0x75, 0x69,
  0x6c, 0x64, 0x20, 0x66, 0x6f, 0x72, 0x20, 0x61, 0x63, 0x63, 0x65, 0x73,
  0x73, 0x69, 0x62, 0x75, 0x69, 0x6c, 0x64, 0x73, 0x3a, 0x20, 0x63, 0x6f,
  0x6d, 0x70, 0x6c, 0x65, 0x74, 0x65, 0x20, 0x67, 0x75, 0x69, 0x64, 0x65,
  0x20, 0x77, 0x69, 0x74, 0x68, 0x20, 0x67, 0x65, 0x61, 0x72, 0x2c, 0x20,
  0x72, 0x75, 0x6e, 0x65, 0x73, 0x2c, 0x20, 0x72, 0x65, 0x6c, 0x69, 0x63,
  0x73, 0x2c, 0x20, 0x74, 0x72, 0x61, 0x69, 0x74, 0x73, 0x2c, 0x20, 0x61,
  0x6e, 0x64, 0x20, 0x72, 0x6f, 0x74, 0x61, 0x74, 0x69, 0x6f, 0x6e, 0x20,
  0x74, 0x69, 0x70, 0x73, 0x2e, 0x22, 0x2c, 0x0a, 0x20, 0x20, 0x20, 0x20,
  0x22, 0x73, 0x6f, 0x75, 0x72, 0x63, 0x65, 0x5f, 0x75, 0x72, 0x6c, 0x22,
  0x3a, 0x20, 0x22, 0x68, 0x74, 0x74, 0x70, 0x73, 0x3a, 0x2f, 0x2f, 0x73,
  0x6e, 0x6f, 0x77, 0x63, 0x72, 0x6f, 0x77, 0x73, 0x2e, 0x63, 0x6f, 0x6d,
  0x2f, 0x62, 0x75, 0x69, 0x6c, 0x64, 0x73, 0x2f, 0x61, 0x63, 0x63, 0x65,
  0x73, 0x73, 0x69, 0x62, 0x75, 0x69, 0x6c, 0x64, 0x73, 0x2f, 0x72, 0x61,
  0x6e, 0x67, 0x65, 0x72, 0x2f, 0x70, 0x6f, 0x77, 0x65, 0x72, 0x2d, 0x73,
  0x6f, 0x75, 0x6c, 0x62, 0x65, 0x61, 0x73, 0x74, 0x22, 0x2c, 0x0a, 0x20,
  0x20, 0x20, 0x20, 0x22, 0x63, 0x68, 0x61, 0x74, 0x5f, 0x63, 0x6f, 0x64,
  0x65, 0x22, 0x3a, 0x20, 0x22, 0x5b, 0x26, 0x44, 0x51, 0x51, 0x65, 0x4f,
  0x53, 0x41, 0x2f, 0x4e, 0x7a, 0x70, 0x35, 0x41, 0x41, 0x41, 0x41, 0x70,
  0x51, 0x45, 0x41, 0x41, 0x4c, 0x55, 0x41, 0x41, 0x41, 0x43, 0x73, 0x41,
  0x51, 0x41, 0x41, 0x4c, 0x68, 0x59, 0x41, 0x41, 0x45, 0x4b, 0x46, 0x41,
  0x41, 0x41, 0x41, 0x41, 0x41, 0x41, 0x41, 0x41, 0x41, 0x41, 0x41, 0x41,
  0x41, 0x41, 0x41, 0x41, 0x41, 0x41, 0x3d, 0x5d, 0x22, 0x2c, 0x0a, 0x20,
  0x20, 0x20, 0x20, 0x22, 0x69, 0x73, 0x5f, 0x6c, 0x65, 0x67, 0x61, 0x63,
  0x79, 0x22, 0x3a, 0x20, 0x66, 0x61, 0x6c, 0x73, 0x65, 0x2c, 0x0a, 0x20,
  0x20, 0x20, 0x20, 0x22, 0x61, 0x63, 0x63, 0x65, 0x73, 0x73, 0x69, 0x62,
  0x69, 0x6c, 0x69, 0x74, 0x79, 0x22, 0x3a, 0x20, 0x74, 0x72, 0x75, 0x65,
  0x2c, 0x0a, 0x20, 0x20, 0x20, 0x20, 0x22, 0x74, 0x72, 0x61, 0x69, 0x74,
  0x73, 0x22, 0x3a, 0x20, 0x7b, 0x0a, 0x20, 0x20, 0x20, 0x20, 0x20, 0x20,
  0x22, 0x6c, 0x69, 0x6e, 0x65, 0x31, 0x22, 0x3a, 0x20, 0x7b, 0x0a, 0x20,
  0x20, 0x20, 0x20, 0x20, 0x20, 0x20, 0x20, 0x22, 0x73, 0x70, 0x65, 0x63,
  0x5f, 0x69, 0x64, 0x22, 0x3a, 0x20, 0x33, 0x30, 0x2c, 0x0a, 0x20, 0x20,
  0x20, 0x20, 0x20, 0x20, 0x20, 0x20, 0x22, 0x74, 0x72, 0x61, 0x69, 0x74,
  0x73, 0x22, 0x3a, 0x20, 0x5b, 0x0a, 0x20, 0x20, 0x20, 0x20, 0x20, 0x20,
  0x20, 0x20, 0x20, 0x20, 0x31, 0x30, 0x36, 0x39, 0x2c, 0x0a, 0x20, 0x20,
  0x20, 0x20, 0x20, 0x20, 0x20, 0x20, 0x20, 0x20, 0x31, 0x37, 0x30, 0x30,
  0x2c, 0x0a, 0x20, 0x20, 0x20, 0x20, 0x20, 0x20, 0x20, 0x20, 0x20, 0x20,
  0x31, 0x38, 0x38, 0x38, 0x0a, 0x20, 0x20, 0x20, 0x20, 0x20, 0x20, 0x20,
  0x20, 0x5d, 0x0a, 0x20, 0x20, 0x20, 0x20, 0x20, 0x20, 0x7d, 0x2c, 0x0a,
  0x20, 0x20, 0x20, 0x20, 0x20, 0x20, 0x22, 0x6c, 0x69, 0x6e, 0x65, 0x32,
  0x22, 0x3a, 0x20, 0x7b, 0x0a, 0x20, 0x20, 0x20, 0x20, 0x20, 0x20, 0x20,
  0x20, 0x22, 0x73, 0x70, 0x65, 0x63, 0x5f, 0x69, 0x64, 0x22, 0x3a, 0x20,
  0x33, 0x32, 0x2c, 0x0a, 0x20, 0x20, 0x20, 0x20, 0x20, 0x20, 0x20, 0x20,
  0x22, 0x74, 0x72, 0x61, 0x69, 0x74, 0x73, 0x22, 0x3a, 0x20, 0x5b, 0x0a,
  0x20, 0x20, 0x20, 0x20, 0x20, 0x20, 0x20, 0x20, 0x20, 0x20, 0x31, 0x36,
  0x30, 0x36, 0x2c, 0x0a, 0x20, 0x20, 0x20, 0x20, 0x20, 0x20, 0x20, 0x20,
  0x20, 0x20, 0x39, 0x37, 0x30, 0x2c, 0x0a, 0x20, 0x20, 0x20, 0x20, 0x20,
  0x20, 0x20, 0x20, 0x20, 0x20, 0x31, 0x30, 0x36, 0x36, 0x0a, 0x20, 0x20,
  0x20, 0x20, 0x20, 0x20, 0x20, 0x20, 0x5d, 0x0a, 0x20, 0x20, 0x20, 0x20,
  0x20, 0x20, 0x7d, 0x2c, 0x0a, 0x20, 0x20, 0x20, 0x20, 0x20, 0x20, 0x22,
  0x6c, 0x69, 0x6e, 0x65, 0x33, 0x22, 0x3a, 0x20, 0x7b, 0x0a, 0x20, 0x20,
  0x20, 0x20, 0x20, 0x20, 0x20, 0x20, 0x22, 0x73, 0x70, 0x65, 0x63, 0x5f,
  0x69, 0x64, 0x22, 0x3a, 0x20, 0x35, 0x35, 0x2c, 0x0a, 0x20, 0x20, 0x20,
  0x20, 0x20, 0x20, 0x20, 0x20, 0x22, 0x74, 0x72, 0x61, 0x69, 0x74, 0x73,
  0x22, 0x3a, 0x20, 0x5b, 0x0a, 0x20, 0x20, 0x20, 0x20, 0x20, 0x20, 0x20,
  0x20, 0x20, 0x20, 0x32, 0x30, 0x37, 0x31, 0x2c, 0x0a, 0x20, 0x20, 0x20,
  0x20, 0x20, 0x20, 0x20, 0x20, 0x20, 0x20, 0x32, 0x30, 0x38, 0x35, 0x2c,
  0x0a, 0x20, 0x20, 0x20, 0x20, 0x20, 0x20, 0x20, 0x20, 0x20, 0x20, 0x32,
  0x31, 0x34, 0x33, 0x0a, 0x20, 0x20, 0x20, 0x20, 0x20, 0x20, 0x20, 0x20,
  0x5d, 0x0a, 0x20, 0x20, 0x20, 0x20, 0x20, 0x20, 0x7d, 0x0a, 0x20, 0x20,
  0x20, 0x20, 0x7d, 0x2c, 0x0a, 0x20, 0x20, 0x20, 0x20, 0x22, 0x73, 0x6b,
  0x69, 0x6c, 0x6c, 0x73, 0x22, 0x3a, 0x20, 0x7b, 0x0a, 0x20, 0x20, 0x20,
  0x20, 0x20, 0x20, 0x22, 0x68, 0x65, 0x61, 0x6c, 0x22, 0x3a, 0x20, 0x33,
  0x31, 0x39, 0x31, 0x34, 0x2c, 0x0a, 0x20, 0x20, 0x20, 0x20, 0x20, 0x20,
  0x22, 0x75, 0x74, 0x69, 0x6c, 0x69, 0x74, 0x69, 0x65, 0x73, 0x22, 0x3a,
  0x20, 0x5b, 0x0a, 0x20, 0x20, 0x20, 0x20, 0x20, 0x20, 0x20, 0x20, 0x31,
  0x32, 0x36, 0x33, 0x33, 0x2c, 0x0a, 0x20, 0x20, 0x20, 0x20, 0x20, 0x20,
  0x20, 0x20, 0x31, 0x32, 0x34, 0x39, 0x32, 0x2c, 0x0a, 0x20, 0x20, 0x20,
  0x20, 0x20, 0x20, 0x20, 0x20, 0x31, 0x32, 0x34, 0x39, 0x31, 0x0a, 0x20,
  0x20, 0x20, 0x20, 0x20, 0x20, 0x5d, 0x2c, 0x0a, 0x20, 0x20, 0x20, 0x20,
  0x20, 0x20, 0x22, 0x65, 0x6c, 0x69, 0x74, 0x65, 0x22, 0x3a, 0x20, 0x34,
  0x35, 0x37, 0x31, 0x37, 0x0a, 0x20, 0x20, 0x20, 0x20, 0x7d, 0x2c, 0x0a,
  0x20, 0x20, 0x20, 0x20, 0x22, 0x6c, 0x65, 0x67, 0x65, 0x6e, 0x64, 0x73,
  0x22, 0x3a, 0x20, 0x5b, 0x0a, 0x20, 0x20, 0x20, 0x20, 0x20, 0x20, 0x30,
  0x2c, 0x0a, 0x20, 0x20, 0x20, 0x20, 0x20, 0x20, 0x30, 0x0a, 0x20, 0x20,
  0x20, 0x20, 0x5d, 0x2c, 0x0a, 0x20, 0x20, 0x20, 0x20, 0x22, 0x70, 0x65,
  0x74, 0x73, 0x22, 0x3a, 0x20, 0x5b, 0x0a, 0x20, 0x20, 0x20, 0x20, 0x20,
  0x20, 0x31, 0x30, 0x39, 0x30, 0x2c, 0x0a, 0x20, 0x20, 0x20, 0x20, 0x20,
  0x20, 0x39, 0x30, 0x31, 0x0a, 0x20, 0x20, 0x20, 0x20, 0x5d, 0x2c, 0x0a,
  0x20, 0x20, 0x20, 0x20, 0x22, 0x67, 0x65, 0x61, 0x72, 0x22, 0x3a, 0x20,
  0x7b, 0x0a, 0x20, 0x20, 0x20, 0x20, 0x20, 0x20, 0x22, 0x72, 0x65, 0x6c,
  0x69, 0x63, 0x5f, 0x69, 0x64, 0x22, 0x3a, 0x20, 0x31, 0x30, 0x30, 0x39,
  0x34, 0x37, 0x2c, 0x0a, 0x20, 0x20, 0x20, 0x20, 0x20, 0x20, 0x22, 0x66,
  0x6f, 0x6f, 0x64, 0x5f, 0x69, 0x64, 0x22, 0x3a, 0x20, 0x39, 0x31, 0x38,
  0x30, 0x35, 0x2c, 0x0a, 0x20, 0x20, 0x20, 0x20, 0x20, 0x20, 0x22, 0x75,
  0x74, 0x69, 0x6c, 0x69, 0x74, 0x79, 0x5f, 0x69, 0x64, 0x22, 0x3a, 0x20,
  0x34, 0x33, 0x34, 0x35, 0x31, 0x2c, 0x0a, 0x20, 0x20, 0x20, 0x20, 0x20,
  0x20, 0x22, 0x69, 0x74, 0x65, 0x6d, 0x73, 0x22, 0x3a, 0x20, 0x5b, 0x0a,
  0x20, 0x20, 0x20, 0x20, 0x20, 0x20, 0x20, 0x20, 0x7b, 0x0a, 0x20, 0x20,
  0x20, 0x20, 0x20, 0x20, 0x20, 0x20, 0x20, 0x20, 0x22, 0x73, 0x6c, 0x6f,
  0x74, 0x22, 0x3a, 0x20, 0x22, 0x48, 0x65, 0x6c, 0x6d, 0x22, 0x2c, 0x0a,
  0x20, 0x20, 0x20, 0x20, 0x20, 0x20, 0x20, 0x20, 0x20, 0x20, 0x22, 0x69,
  0x74, 0x65, 0x6d, 0x5f, 0x69, 0x64, 0x22, 0x3a, 0x20, 0x34, 0x38, 0x30,
  0x38, 0x37, 0x2c, 0x0a, 0x20, 0x20, 0x20, 0x20, 0x20, 0x20, 0x20, 0x20,
  0x20, 0x20, 0x22, 0x73, 0x74, 0x61, 0x74, 0x5f, 0x69, 0x64, 0x22, 0x3a,
  0x20, 0x31, 0x30, 0x37, 0x37, 0x2c, 0x0a, 0x20, 0x20, 0x20, 0x20, 0x20,
  0x20, 0x20, 0x20, 0x20, 0x20, 0x22, 0x75, 0x70, 0x67, 0x72, 0x61, 0x64,
  0x65, 0x5f, 0x69, 0x64, 0x22, 0x3a, 0x20, 0x32, 0x34, 0x38, 0x33, 0x36,
  0x2c, 0x0a, 0x20, 0x20, 0x20, 0x20, 0x20, 0x20, 0x20, 0x20, 0x20, 0x20,
  0x22, 0x69, 0x6e, 0x66, 0x75, 0x73, 0x69, 0x6f, 0x6e, 0x73, 0x22, 0x3a,
  0x20, 0x5b, 0x5d, 0x0a, 0x20, 0x20, 0x20, 0x20, 0x20, 0x20, 0x20, 0x20,
  0x7d, 0x2c, 0x0a, 0x20, 0x20, 0x20, 0x20, 0x20, 0x20, 0x20, 0x20, 0x7b,
  0x0a, 0x20, 0x20, 0x20, 0x20, 0x20, 0x20, 0x20, 0x20, 0x20, 0x20, 0x22,
  0x73, 0x6c, 0x6f, 0x74, 0x22, 0x3a, 0x20, 0x22, 0x53, 0x68, 0x6f, 0x75,
  0x6c, 0x64, 0x65, 0x72, 0x73, 0x22, 0x2c, 0x0a, 0x20, 0x20, 0x20, 0x20,
  0x20, 0x20, 0x20, 0x20, 0x20, 0x20, 0x22, 0x69, 0x74, 0x65, 0x6d, 0x5f,
  0x69, 0x64, 0x22, 0x3a, 0x20, 0x34, 0x38, 0x30, 0x38, 0x39, 0x2c, 0x0a,
  0x20, 0x20, 0x20, 0x20, 0x20, 0x20, 0x20, 0x20, 0x20, 0x20, 0x22, 0x73,
  0x74, 0x61, 0x74, 0x5f, 0x69, 0x64, 0x22, 0x3a, 0x20, 0x31, 0x30, 0x37,
  0x37, 0x2c, 0x0a, 0x20, 0x20, 0x20, 0x20, 0x20, 0x20, 0x20, 0x20, 0x20,
  0x20, 0x22, 0x75, 0x70, 0x67, 0x72, 0x61, 0x64, 0x65, 0x5f, 0x69, 0x64,
  0x22, 0x3a, 0x20, 0x32, 0x34, 0x38, 0x33, 0x36, 0x2c, 0x0a, 0x20, 0x20,
  0x20, 0x20, 0x20, 0x20, 0x20, 0x20, 0x20, 0x20, 0x22, 0x69, 0x6e, 0x66,
  0x75, 0x73, 0x69, 0x6f, 0x6e, 0x73, 0x22, 0x3a, 0x20, 0x5b, 0x5d, 0x0a,
  0x20, 0x20, 0x20, 0x20, 0x20, 0x20, 0x20, 0x20, 0x7d, 0x2c, 0x0a, 0x20,
  0x20, 0x20, 0x20, 0x20, 0x20, 0x20, 0x20, 0x7b, 0x0a, 0x20, 0x20, 0x20,
  0x20, 0x20, 0x20, 0x20, 0x20, 0x20, 0x20, 0x22, 0x73, 0x6c, 0x6f, 0x74,
  0x22, 0x3a, 0x20, 0x22, 0x43, 0x68, 0x65, 0x73, 0x74, 0x22, 0x2c, 0x0a,
  0x20, 0x20, 0x20, 0x20, 0x20, 0x20, 0x20, 0x20, 0x20, 0x20, 0x22, 0x69,
  0x74, 0x65, 0x6d, 0x5f, 0x69, 0x64, 0x22, 0x3a, 0x20, 0x34, 0x38, 0x30,
  0x38, 0x35, 0x2c, 0x0a, 0x20, 0x20, 0x20, 0x20, 0x20, 0x20, 0x20, 0x20,
  0x20, 0x20, 0x22, 0x73, 0x74, 0x61, 0x74, 0x5f, 0x69, 0x64, 0x22, 0x3a,
  0x20, 0x31, 0x30, 0x37, 0x37, 0x2c, 0x0a, 0x20, 0x20, 0x20, 0x20, 0x20,
  0x20, 0x20, 0x20, 0x20, 0x20, 0x22, 0x75, 0x70, 0x67, 0x72, 0x61, 0x64,
  0x65, 0x5f, 0x69, 0x64, 0x22, 0x3a, 0x20, 0x32, 0x34, 0x38, 0x33, 0x36,
  0x2c, 0x0a, 0x20, 0x20, 0x20, 0x20, 0x20, 0x20, 0x20, 0x20, 0x20, 0x20,
  0x22, 0x69, 0x6e, 0x66, 0x75, 0x73, 0x69, 0x6f, 0x6e, 0x73, 0x22, 0x3a,
  0x20, 0x5b, 0x5d, 0x0a, 0x20, 0x20, 0x20, 0x20, 0x20, 0x20, 0x20, 0x20,
  0x7d, 0x2c, 0x0a, 0x20, 0x20, 0x20, 0x20, 0x20, 0x20, 0x20, 0x20, 0x7b,
  0x0a, 0x20, 0x20, 0x20, 0x20, 0x20, 0x20, 0x20, 0x20, 0x20, 0x20, 0x22,
  0x73, 0x6c, 0x6f, 0x74, 0x22, 0x3a, 0x20, 0x22, 0x47, 0x6c, 0x6f, 0x76,
  0x65, 0x73, 0x22, 0x2c, 0x0a, 0x20, 0x20, 0x20, 0x20, 0x20, 0x20, 0x20,
  0x20, 0x20, 0x20, 0x22, 0x69, 0x74, 0x65, 0x6d, 0x5f, 0x69, 0x64, 0x22,
  0x3a, 0x20, 0x34, 0x38, 0x30, 0x38, 0x36, 0x2c, 0x0a, 0x20, 0x20, 0x20,
  0x20, 0x20, 0x20, 0x20, 0x20, 0x20, 0x20, 0x22, 0x73, 0x74, 0x61, 0x74,
  0x5f, 0x69, 0x64, 0x22, 0x3a, 0x20, 0x31, 0x30, 0x37, 0x37, 0x2c, 0x0a,
  0x20, 0x20, 0x20, 0x20, 0x20, 0x20, 0x20, 0x20, 0x20, 0x20, 0x22, 0x75,
  0x70, 0x67, 0x72, 0x61, 0x64, 0x65, 0x5f, 0x69, 0x64, 0x22, 0x3a, 0x20,
  0x32, 0x34, 0x38, 0x33, 0x36, 0x2c, 0x0a, 0x20, 0x20, 0x20, 0x20, 0x20,
  0x20, 0x20, 0x20, 0x20, 0x20, 0x22, 0x69, 0x6e, 0x66, 0x75, 0x73, 0x69,
  0x6f, 0x6e, 0x73, 0x22, 0x3a, 0x20, 0x5b, 0x5d, 0x0a, 0x20, 0x20, 0x20,
  0x20, 0x20, 0x20, 0x20, 0x20, 0x7d, 0x2c, 0x0a, 0x20, 0x20, 0x20, 0x20,
  0x20, 0x20, 0x20, 0x20, 0x7b, 0x0a, 0x20, 0x20, 0x20, 0x20, 0x20, 0x20,
  0x20, 0x20, 0x20, 0x20, 0x22, 0x73, 0x6c, 0x6f, 0x74, 0x22, 0x3a, 0x20,
  0x22, 0x4c, 0x65, 0x67, 0x67, 0x69, 0x6e, 0x67, 0x73, 0x22, 0x2c, 0x0a,
  0x20, 0x20, 0x20, 0x20, 0x20, 0x20, 0x20, 0x20, 0x20, 0x20, 0x22, 0x69,
  0x74, 0x65, 0x6d, 0x5f, 0x69, 0x64, 0x22, 0x3a, 0x20, 0x34, 0x38, 0x30,
  0x38, 0x38, 0x2c, 0x0a, 0x20, 0x20, 0x20, 0x20, 0x20, 0x20, 0x20, 0x20,
  0x20, 0x20, 0x22, 0x73, 0x74, 0x61, 0x74, 0x5f, 0x69, 0x64, 0x22, 0x3a,
  0x20, 0x31, 0x30, 0x37, 0x37, 0x2c, 0x0a, 0x20, 0x20, 0x20, 0x20, 0x20,
  0x20, 0x20, 0x20, 0x20, 0x20, 0x22, 0x75, 0x70, 0x67, 0x72, 0x61, 0x64,
  0x65, 0x5f, 0x69, 0x64, 0x22, 0x3a, 0x20, 0x32, 0x34, 0x38, 0x33, 0x36,
  0x2c, 0x0a, 0x20, 0x20, 0x20, 0x20, 0x20, 0x20, 0x20, 0x20, 0x20, 0x20,
  0x22, 0x69, 0x6e, 0x66, 0x75, 0x73, 0x69, 0x6f, 0x6e, 0x73, 0x22, 0x3a,
  0x20, 0x5b, 0x5d, 0x0a, 0x20, 0x20, 0x20, 0x20, 0x20, 0x20, 0x20, 0x20,
  0x7d, 0x2c, 0x0a, 0x20, 0x20, 0x20, 0x20, 0x20, 0x20, 0x20, 0x20, 0x7b,
  0x0a, 0x20, 0x20, 0x20, 0x20, 0x20, 0x20, 0x20, 0x20, 0x20, 0x20, 0x22,
  0x73, 0x6c, 0x6f, 0x74, 0x22, 0x3a, 0x20, 0x22, 0x42, 0x6f, 0x6f, 0x74,
  0x73, 0x22, 0x2c, 0x0a, 0x20, 0x20, 0x20, 0x20, 0x20, 0x20, 0x20, 0x20,
  0x20, 0x20, 0x22, 0x69, 0x74, 0x65, 0x6d, 0x5f, 0x69, 0x64, 0x22, 0x3a,
  0x20, 0x34, 0x38, 0x30, 0x38, 0x34, 0x2c, 0x0a, 0x20, 0x20, 0x20, 0x20,
  0x20, 0x20, 0x20, 0x20, 0x20, 0x20, 0x22, 0x73, 0x74, 0x61, 0x74, 0x5f,
  0x69, 0x64, 0x22, 0x3a, 0x20, 0x31, 0x30, 0x37, 0x37, 0x2c, 0x0a, 0x20,
  0x20, 0x20, 0x20, 0x20, 0x20, 0x20, 0x20, 0x20, 0x20, 0x22, 0x75, 0x70,
  0x67, 0x72, 0x61, 0x64, 0x65, 0x5f, 0x69, 0x64, 0x22, 0x3a, 0x20, 0x32,
  0x34, 0x38, 0x33, 0x36, 0x2c, 0x0a, 0x20, 0x20, 0x20, 0x20, 0x20, 0x20,
  0x20, 0x20, 0x20, 0x20, 0x22, 0x69, 0x6e, 0x66, 0x75, 0x73, 0x69, 0x6f,
  0x6e, 0x73, 0x22, 0x3a, 0x20, 0x5b, 0x5d, 0x0a, 0x20, 0x20, 0x20, 0x20,
  0x20, 0x20, 0x20, 0x20, 0x7d, 0x2c, 0x0a, 0x20, 0x20, 0x20, 0x20, 0x20,
  0x20, 0x20, 0x20, 0x7b, 0x0a, 0x20, 0x20, 0x20, 0x20, 0x20, 0x20, 0x20,
  0x20, 0x20, 0x20, 0x22, 0x73, 0x6c, 0x6f, 0x74, 0x22, 0x3a, 0x20, 0x22,
  0x42, 0x61, 0x63, 0x6b, 0x49, 0x74, 0x65, 0x6d, 0x22, 0x2c, 0x0a, 0x20,
  0x20, 0x20, 0x20, 0x20, 0x20, 0x20, 0x20, 0x20, 0x20, 0x22, 0x69, 0x74,
  0x65, 0x6d, 0x5f, 0x69, 0x64, 0x22, 0x3a, 0x20, 0x37, 0x39, 0x38, 0x33,
  0x37, 0x2c, 0x0a, 0x20, 0x20, 0x20, 0x20, 0x20, 0x20, 0x20, 0x20, 0x20,
  0x20, 0x22, 0x73, 0x74, 0x61, 0x74, 0x5f, 0x69, 0x64, 0x22, 0x3a, 0x20,
  0x31, 0x30, 0x37, 0x37, 0x2c, 0x0a, 0x20, 0x20, 0x20, 0x20, 0x20, 0x20,
  0x20, 0x20, 0x20, 0x20, 0x22, 0x75, 0x70, 0x67, 0x72, 0x61, 0x64, 0x65,
  0x5f, 0x69, 0x64, 0x22, 0x3a, 0x20, 0x30, 0x2c, 0x0a, 0x20, 0x20, 0x20,
  0x20, 0x20, 0x20, 0x20, 0x20, 0x20, 0x20, 0x22, 0x69, 0x6e, 0x66, 0x75,
  0x73, 0x69, 0x6f, 0x6e, 0x73, 0x22, 0x3a, 0x20, 0x5b, 0x5d, 0x0a, 0x20,
  0x20, 0x20, 0x20, 0x20, 0x20, 0x20, 0x20, 0x7d, 0x2c, 0x0a, 0x20, 0x20,
  0x20, 0x20, 0x20, 0x20, 0x20, 0x20, 0x7b, 0x0a, 0x20, 0x20, 0x20, 0x20,
  0x20, 0x20, 0x20, 0x20, 0x20, 0x20, 0x22, 0x73, 0x6c, 0x6f, 0x74, 0x22,
  0x3a, 0x20, 0x22, 0x41, 0x63, 0x63, 0x65, 0x73, 0x73, 0x6f, 0x72, 0x79,
  0x31, 0x22, 0x2c, 0x0a, 0x20, 0x20, 0x20, 0x20, 0x20, 0x20, 0x20, 0x20,
  0x20, 0x20, 0x22, 0x69, 0x74, 0x65, 0x6d, 0x5f, 0x69, 0x64, 0x22, 0x3a,
  0x20, 0x37, 0x39, 0x37, 0x34, 0x35, 0x2c, 0x0a, 0x20, 0x20, 0x20, 0x20,
  0x20, 0x20, 0x20, 0x20, 0x20, 0x20, 0x22, 0x73, 0x74, 0x61, 0x74, 0x5f,
  0x69, 0x64, 0x22, 0x3a, 0x20, 0x31, 0x30, 0x37, 0x37, 0x2c, 0x0a, 0x20,
  0x20, 0x20, 0x20, 0x20, 0x20, 0x20, 0x20, 0x20, 0x20, 0x22, 0x75, 0x70,
  0x67, 0x72, 0x61, 0x64, 0x65, 0x5f, 0x69, 0x64, 0x22, 0x3a, 0x20, 0x30,
  0x2c, 0x0a, 0x20, 0x20, 0x20, 0x20, 0x20, 0x20, 0x20, 0x20, 0x20, 0x20,
  0x22, 0x69, 0x6e, 0x66, 0x75, 0x73, 0x69, 0x6f, 0x6e, 0x73, 0x22, 0x3a,
  0x20, 0x5b, 0x5d, 0x0a, 0x20, 0x20, 0x20, 0x20, 0x20, 0x20, 0x20, 0x20,
  0x7d, 0x2c, 0x0a, 0x20, 0x20, 0x20, 0x20, 0x20, 0x20, 0x20, 0x20, 0x7b,
  0x0a, 0x20, 0x20, 0x20, 0x20, 0x20, 0x20, 0x20, 0x20, 0x20, 0x20, 0x22,
  0x73, 0x6c, 0x6f, 0x74, 0x22, 0x3a, 0x20, 0x22, 0x41, 0x63, 0x63, 0x65,
  0x73, 0x73, 0x6f, 0x72, 0x79, 0x32, 0x22, 0x2c, 0x0a, 0x20, 0x20, 0x20,
  0x20, 0x20, 0x20, 0x20, 0x20, 0x20, 0x20, 0x22, 0x69, 0x74, 0x65, 0x6d,
  0x5f, 0x69, 0x64, 0x22, 0x3a, 0x20, 0x37, 0x39, 0x34, 0x34, 0x34, 0x2c,
  0x0a, 0x20, 0x20, 0x20, 0x20, 0x20, 0x20, 0x20, 0x20, 0x20, 0x20, 0x22,
  0x73, 0x74, 0x61, 0x74, 0x5f, 0x69, 0x64, 0x22, 0x3a, 0x20, 0x31, 0x30,
  0x37, 0x37, 0x2c, 0x0a, 0x20, 0x20, 0x20, 0x20, 0x20, 0x20, 0x20, 0x20,
  0x20, 0x20, 0x22, 0x75, 0x70, 0x67, 0x72, 0x61, 0x64, 0x65, 0x5f, 0x69,
  0x64, 0x22, 0x3a, 0x20, 0x30, 0x2c, 0x0a, 0x20, 0x20, 0x20, 0x20, 0x20,
  0x20, 0x20, 0x20, 0x20, 0x20, 0x22, 0x69, 0x6e, 0x66, 0x75, 0x73, 0x69,
  0x6f, 0x6e, 0x73, 0x22, 0x3a, 0x20, 0x5b, 0x5d, 0x0a, 0x20, 0x20, 0x20,
  0x20, 0x20, 0x20, 0x20, 0x20, 0x7d, 0x2c, 0x0a, 0x20, 0x20, 0x20, 0x20,
  0x20, 0x20, 0x20, 0x20, 0x7b, 0x0a, 0x20, 0x20, 0x20, 0x20, 0x20, 0x20,
  0x20, 0x20, 0x20, 0x20, 0x22, 0x73, 0x6c, 0x6f, 0x74, 0x22, 0x3a, 0x20,
  0x22, 0x41, 0x6d, 0x75, 0x6c, 0x65, 0x74, 0x22, 0x2c, 0x0a, 0x20, 0x20,
  0x20, 0x20, 0x20, 0x20, 0x20, 0x20, 0x20, 0x20, 0x22, 0x69, 0x74, 0x65,
  0x6d, 0x5f, 0x69, 0x64, 0x22, 0x3a, 0x20, 0x38, 0x31, 0x31, 0x36, 0x39,
  0x2c, 0x0a, 0x20, 0x20, 0x20, 0x20, 0x20, 0x20, 0x20, 0x20, 0x20, 0x20,
  0x22, 0x73, 0x74, 0x61, 0x74, 0x5f, 0x69, 0x64, 0x22, 0x3a, 0x20, 0x31,
  0x30, 0x37, 0x37, 0x2c, 0x0a, 0x20, 0x20, 0x20, 0x20, 0x20, 0x20, 0x20,
  0x20, 0x20, 0x20, 0x22, 0x75, 0x70, 0x67, 0x72, 0x61, 0x64, 0x65, 0x5f,
  0x69, 0x64, 0x22, 0x3a, 0x20, 0x30, 0x2c, 0x0a, 0x20, 0x20, 0x20, 0x20,
  0x20, 0x20, 0x20, 0x20, 0x20, 0x20, 0x22, 0x69, 0x6e, 0x66, 0x75, 0x73,
  0x69, 0x6f, 0x6e, 0x73, 0x22, 0x3a, 0x20, 0x5b, 0x5d, 0x0a, 0x20, 0x20,
  0x20, 0x20, 0x20, 0x20, 0x20, 0x20, 0x7d, 0x2c, 0x0a, 0x20, 0x20, 0x20,
  0x20, 0x20, 0x20, 0x20, 0x20, 0x7b, 0x0a, 0x20, 0x20, 0x20, 0x20, 0x20,
  0x20, 0x20, 0x20, 0x20, 0x20, 0x22, 0x73, 0x6c, 0x6f, 0x74, 0x22, 0x3a,
  0x20, 0x22, 0x52, 0x69, 0x6e, 0x67, 0x31, 0x22, 0x2c, 0x0a, 0x20, 0x20,
  0x20, 0x20, 0x20, 0x20, 0x20, 0x20, 0x20, 0x20, 0x22, 0x69, 0x74, 0x65,
  0x6d, 0x5f, 0x69, 0x64, 0x22, 0x3a, 0x20, 0x37, 0x39, 0x37, 0x31, 0x30,
  0x2c, 0x0a, 0x20, 0x20, 0x20, 0x20, 0x20, 0x20, 0x20, 0x20, 0x20, 0x20,
  0x22, 0x73, 0x74, 0x61, 0x74, 0x5f, 0x69, 0x64, 0x22, 0x3a, 0x20, 0x31,
  0x30, 0x37, 0x37, 0x2c, 0x0a, 0x20, 0x20, 0x20, 0x20, 0x20, 0x20, 0x20,
  0x20, 0x20, 0x20, 0x22, 0x75, 0x70, 0x67, 0x72, 0x61, 0x64, 0x65, 0x5f,
  0x69, 0x64, 0x22, 0x3a, 0x20, 0x30, 0x2c, 0x0a, 0x20, 0x20, 0x20, 0x20,
  0x20, 0x20, 0x20, 0x20, 0x20, 0x20, 0x22, 0x69, 0x6e, 0x66, 0x75, 0x73,
  0x69, 0x6f, 0x6e, 0x73, 0x22, 0x3a, 0x20, 0x5b, 0x5d, 0x0a, 0x20, 0x20,
  0x20, 0x20, 0x20, 0x20, 0x20, 0x20, 0x7d, 0x2c, 0x0a, 0x20, 0x20, 0x20,
  0x20, 0x20, 0x20, 0x20, 0x20, 0x7b, 0x0a, 0x20, 0x20, 0x20, 0x20, 0x20,
  0x20, 0x20, 0x20, 0x20, 0x20, 0x22, 0x73, 0x6c, 0x6f, 0x74, 0x22, 0x3a,
  0x20, 0x22, 0x52, 0x69, 0x6e, 0x67, 0x32, 0x22, 0x2c, 0x0a, 0x20, 0x20,
  0x20, 0x20, 0x20, 0x20, 0x20, 0x20, 0x20, 0x20, 0x22, 0x69, 0x74, 0x65,
  0x6d, 0x5f, 0x69, 0x64, 0x22, 0x3a, 0x20, 0x38, 0x31, 0x31, 0x36, 0x37,
  0x2c, 0x0a, 0x20, 0x20, 0x20, 0x20, 0x20, 0x20, 0x20, 0x20, 0x20, 0x20,
  0x22, 0x73, 0x74, 0x61, 0x74, 0x5f, 0x69, 0x64, 0x22, 0x3a, 0x20, 0x31,
  0x30, 0x37, 0x37, 0x2c, 0x0a, 0x20, 0x20, 0x20, 0x20, 0x20, 0x20, 0x20,
  0x20, 0x20, 0x20, 0x22, 0x75, 0x70, 0x67, 0x72, 0x61, 0x64, 0x65, 0x5f,
  0x69, 0x64, 0x22, 0x3a, 0x20, 0x30, 0x2c, 0x0a, 0x20, 0x20, 0x20, 0x20,
  0x20, 0x20, 0x20, 0x20, 0x20, 0x20, 0x22, 0x69, 0x6e, 0x66, 0x75, 0x73,
  0x69, 0x6f, 0x6e, 0x73, 0x22, 0x3a, 0x20, 0x5b, 0x5d, 0x0a, 0x20, 0x20,
  0x20, 0x20, 0x20, 0x20, 0x20, 0x20, 0x7d, 0x2c, 0x0a, 0x20, 0x20, 0x20,
  0x20, 0x20, 0x20, 0x20, 0x20, 0x7b, 0x0a, 0x20, 0x20, 0x20, 0x20, 0x20,
  0x20, 0x20, 0x20, 0x20, 0x20, 0x22, 0x73, 0x6c, 0x6f, 0x74, 0x22, 0x3a,
  0x20, 0x22, 0x57, 0x65, 0x61, 0x70, 0x6f, 0x6e, 0x41, 0x31, 0x22, 0x2c,
  0x0a, 0x20, 0x20, 0x20, 0x20, 0x20, 0x20, 0x20, 0x20, 0x20, 0x20, 0x22,
  0x69, 0x74, 0x65, 0x6d, 0x5f, 0x69, 0x64, 0x22, 0x3a, 0x20, 0x34, 0x36,
  0x37, 0x37, 0x34, 0x2c, 0x0a, 0x20, 0x20, 0x20, 0x20, 0x20, 0x20, 0x20,
  0x20, 0x20, 0x20, 0x22, 0x73, 0x74, 0x61, 0x74, 0x5f, 0x69, 0x64, 0x22,
  0x3a, 0x20, 0x31, 0x30, 0x37, 0x37, 0x2c, 0x0a, 0x20, 0x20, 0x20, 0x20,
  0x20, 0x20, 0x20, 0x20, 0x20, 0x20, 0x22, 0x75, 0x70, 0x67, 0x72, 0x61,
  0x64, 0x65, 0x5f, 0x69, 0x64, 0x22, 0x3a, 0x20, 0x32, 0x34, 0x36, 0x31,
  0x35, 0x2c, 0x0a, 0x20, 0x20, 0x20, 0x20, 0x20, 0x20, 0x20, 0x20, 0x20,
  0x20, 0x22, 0x69, 0x6e, 0x66, 0x75, 0x73, 0x69, 0x6f, 0x6e, 0x73, 0x22,
  0x3a, 0x20, 0x5b, 0x5d, 0x0a, 0x20, 0x20, 0x20, 0x20, 0x20, 0x20, 0x20,
  0x20, 0x7d, 0x2c, 0x0a, 0x20, 0x20, 0x20, 0x20, 0x20, 0x20, 0x20, 0x20,
  0x7b, 0x0a, 0x20, 0x20, 0x20, 0x20, 0x20, 0x20, 0x20, 0x20, 0x20, 0x20,
  0x22, 0x73, 0x6c, 0x6f, 0x74, 0x22, 0x3a, 0x20, 0x22, 0x57, 0x65, 0x61,
  0x70, 0x6f, 0x6e, 0x41, 0x32, 0x22, 0x2c, 0x0a, 0x20, 0x20, 0x20, 0x20,
  0x20, 0x20, 0x20, 0x20, 0x20, 0x20, 0x22, 0x69, 0x74, 0x65, 0x6d, 0x5f,
  0x69, 0x64, 0x22, 0x3a, 0x20, 0x34, 0x36, 0x37, 0x35, 0x39, 0x2c, 0x0a,
  0x20, 0x20, 0x20, 0x20, 0x20, 0x20, 0x20, 0x20, 0x20, 0x20, 0x22, 0x73,
  0x74, 0x61, 0x74, 0x5f, 0x69, 0x64, 0x22, 0x3a, 0x20, 0x31, 0x30, 0x37,
  0x37, 0x2c, 0x0a, 0x20, 0x20, 0x20, 0x20, 0x20, 0x20, 0x20, 0x20, 0x20,
  0x20, 0x22, 0x75, 0x70, 0x67, 0x72, 0x61, 0x64, 0x65, 0x5f, 0x69, 0x64,
  0x22, 0x3a, 0x20, 0x32, 0x34, 0x38, 0x36, 0x38, 0x2c, 0x0a, 0x20, 0x20,
  0x20, 0x20, 0x20, 0x20, 0x20, 0x20, 0x20, 0x20, 0x22, 0x69, 0x6e, 0x66,
  0x75, 0x73, 0x69, 0x6f, 0x6e, 0x73, 0x22, 0x3a, 0x20, 0x5b, 0x5d, 0x0a,
  0x20, 0x20, 0x20, 0x20, 0x20, 0x20, 0x20, 0x20, 0x7d, 0x0a, 0x20, 0x20,
  0x20, 0x20, 0x20, 0x20, 0x5d, 0x0a, 0x20, 0x20, 0x20, 0x20, 0x7d, 0x2c,
  0x0a, 0x20, 0x20, 0x20, 0x20, 0x22, 0x72, 0x6f, 0x74, 0x61, 0x74, 0x69,
  0x6f, 0x6e, 0x22, 0x3a, 0x20, 0x7b, 0x0a, 0x20, 0x20, 0x20, 0x20, 0x20,
  0x20, 0x22, 0x6f, 0x70, 0x65, 0x6e, 0x65, 0x72, 0x22, 0x3a, 0x20, 0x5b,
  0x5d, 0x2c, 0x0a, 0x20, 0x20, 0x20, 0x20, 0x20, 0x20, 0x22, 0x6c, 0x6f,
  0x6f, 0x70, 0x22, 0x3a, 0x20, 0x5b, 0x5d, 0x0a, 0x20, 0x20, 0x20, 0x20,
  0x7d, 0x0a, 0x20, 0x20, 0x7d, 0x2c, 0x0a, 0x20, 0x20, 0x7b, 0x0a, 0x20,
  0x20, 0x20, 0x20, 0x22, 0x69, 0x64, 0x22, 0x3a, 0x20, 0x22, 0x74, 0x68,
  0x69, 0x65, 0x66, 0x2d, 0x63, 0x6f, 0x6e, 0x64, 0x69, 0x74, 0x69, 0x6f,
  0x6e, 0x2d, 0x64, 0x61, 0x72, 0x65, 0x64, 0x65, 0x76, 0x69, 0x6c, 0x22,
  0x2c, 0x0a, 0x20, 0x20, 0x20, 0x20, 0x22, 0x6e, 0x61, 0x6d, 0x65, 0x22,
  0x3a, 0x20, 0x22, 0x43, 0x6f, 0x6e, 0x64, 0x69, 0x74, 0x69, 0x6f, 0x6e,
  0x20, 0x44, 0x61, 0x72, 0x65, 0x64, 0x65, 0x76, 0x69, 0x6c, 0x22, 0x2c,
  0x0a, 0x20, 0x20, 0x20, 0x20, 0x22, 0x70, 0x72, 0x6f, 0x66, 0x65, 0x73,
  0x73, 0x69, 0x6f, 0x6e, 0x22, 0x3a, 0x20, 0x22, 0x54, 0x68, 0x69, 0x65,
  0x66, 0x22, 0x2c, 0x0a, 0x20, 0x20, 0x20, 0x20, 0x22, 0x65, 0x6c, 0x69,
  0x74, 0x65, 0x5f, 0x73, 0x70, 0x65, 0x63, 0x22, 0x3a, 0x20, 0x22, 0x44,
  0x61, 0x72, 0x65, 0x64, 0x65, 0x76, 0x69, 0x6c, 0x22, 0x2c, 0x0a, 0x20,
  0x20, 0x20, 0x20, 0x22, 0x62, 0x75, 0x69, 0x6c, 0x64, 0x5f, 0x74, 0x79,
  0x70, 0x65, 0x22, 0x3a, 0x20, 0x22, 0x43, 0x6f, 0x6e, 0x64, 0x69, 0x22,
  0x2c, 0x0a, 0x20, 0x20, 0x20, 0x20, 0x22, 0x70, 0x61, 0x74, 0x63, 0x68,
  0x5f, 0x76, 0x65, 0x72, 0x73, 0x69, 0x6f, 0x6e, 0x22, 0x3a, 0x20, 0x22,
  0x22, 0x2c, 0x0a, 0x20, 0x20, 0x20, 0x20, 0x22, 0x62, 0x65, 0x6e, 0x63,
  0x68, 0x6d, 0x61, 0x72, 0x6b, 0x5f, 0x64, 0x70, 0x73, 0x22, 0x3a, 0x20,
  0x30, 0x2e, 0x30, 0x2c, 0x0a, 0x20, 0x20, 0x20, 0x20, 0x22, 0x6e, 0x6f,
  0x74, 0x65, 0x73, 0x22, 0x3a, 0x20, 0x22, 0x47, 0x75, 0x69, 0x6c, 0x64,
  0x20, 0x57, 0x61, 0x72, 0x73, 0x20, 0x32, 0x20, 0x43, 0x6f, 0x6e, 0x64,
  0x69, 0x74, 0x69, 0x6f, 0x6e, 0x20, 0x44, 0x61, 0x72, 0x65, 0x64, 0x65,
  0x76, 0x69, 0x6c, 0x20, 0x2d, 0x20, 0x44, 0x61, 0x67, 0x67, 0x65, 0x72,
  0x20, 0x26, 0x20, 0x44, 0x61, 0x67, 0x67, 0x65, 0x72, 0x20, 0x4d, 0x65,
  0x74, 0x61, 0x20, 0x62, 0x75, 0x69, 0x6c, 0x64, 0x20, 0x66, 0x6f, 0x72,
  0x20, 0x61, 0x63, 0x63, 0x65, 0x73, 0x73, 0x69, 0x62, 0x75, 0x69, 0x6c,
  0x64, 0x73, 0x3a, 0x20, 0x63, 0x6f, 0x6d, 0x70, 0x6c, 0x65, 0x74, 0x65,
  0x20, 0x67, 0x75, 0x69, 0x64, 0x65, 0x20, 0x77, 0x69, 0x74, 0x68, 0x20,
  0x67, 0x65, 0x61, 0x72, 0x2c, 0x20, 0x72, 0x75, 0x6e, 0x65, 0x73, 0x2c,
  0x20, 0x72, 0x65, 0x6c, 0x69, 0x63, 0x73, 0x2c, 0x20, 0x74, 0x72, 0x61,
  0x69, 0x74, 0x73, 0x2c, 0x20, 0x61, 0x6e, 0x64, 0x20, 0x72, 0x6f, 0x74,
  0x61, 0x74, 0x69, 0x6f, 0x6e, 0x20, 0x74, 0x69, 0x70, 0x73, 0x2e, 0x22,
  0x2c, 0x0a, 0x20, 0x20, 0x20, 0x20, 0x22, 0x73, 0x6f, 0x75, 0x72, 0x63,
  0x65, 0x5f, 0x75, 0x72, 0x6c, 0x22, 0x3a, 0x20, 0x22, 0x68, 0x74, 0x74,
  0x70, 0x73, 0x3a, 0x2f, 0x2f, 0x73, 0x6e, 0x6f, 0x77, 0x63, 0x72, 0x6f,
  0x77, 0x73, 0x2e, 0x63, 0x6f, 0x6d, 0x2f, 0x62, 0x75, 0x69, 0x6c, 0x64,
  0x73, 0x2f, 0x61, 0x63, 0x63, 0x65, 0x73, 0x73, 0x69, 0x62, 0x75, 0x69,
  0x6c, 0x64, 0x73, 0x2f, 0x74, 0x68, 0x69, 0x65, 0x66, 0x2f, 0x63, 0x6f,
  0x6e, 0x64, 0x69, 0x74, 0x69, 0x6f, 0x6e, 0x2d, 0x64, 0x61, 0x72, 0x65,
  0x64, 0x65, 0x76, 0x69, 0x6c, 0x22, 0x2c, 0x0a, 0x20, 0x20, 0x20, 0x20,
  0x22, 0x63, 0x68, 0x61, 0x74, 0x5f, 0x63, 0x6f, 0x64, 0x65, 0x22, 0x3a,
  0x20, 0x22, 0x5b, 0x26, 0x44, 0x51, 0x55, 0x63, 0x47, 0x79, 0x77, 0x31,
  0x42, 0x78, 0x6d, 0x46, 0x41, 0x41, 0x41, 0x41, 0x44, 0x51, 0x45, 0x41,
  0x41, 0x43, 0x38, 0x42, 0x41, 0x41, 0x42, 0x56, 0x41, 0x51, 0x41, 0x41,
  0x44, 0x67, 0x45, 0x41, 0x41, 0x41, 0x41, 0x41, 0x41, 0x41, 0x41, 0x41,
  0x41, 0x41, 0x41, 0x41, 0x41, 0x41, 0x41, 0x41, 0x41, 0x41, 0x41, 0x41,
  0x41, 0x41, 0x41, 0x3d, 0x5d, 0x22, 0x2c, 0x0a, 0x20, 0x20, 0x20, 0x20,
  0x22, 0x69, 0x73, 0x5f, 0x6c, 0x65, 0x67, 0x61, 0x63, 0x79, 0x22, 0x3a,
  0x20, 0x66, 0x61, 0x6c, 0x73, 0x65, 0x2c, 0x0a, 0x20, 0x20, 0x20, 0x20,
  0x22, 0x61, 0x63, 0x63, 0x65, 0x73, 0x73, 0x69, 0x62, 0x69, 0x6c, 0x69,
  0x74, 0x79, 0x22, 0x3a, 0x20, 0x74, 0x72, 0x75, 0x65, 0x2c, 0x0a, 0x20,
  0x20, 0x20, 0x20, 0x22, 0x74, 0x72, 0x61, 0x69, 0x74, 0x73, 0x22, 0x3a,
  0x20, 0x7b, 0x0a, 0x20, 0x20, 0x20, 0x20, 0x20, 0x20, 0x22, 0x6c, 0x69,
  0x6e, 0x65, 0x31, 0x22, 0x3a, 0x20, 0x7b, 0x0a, 0x20, 0x20, 0x20, 0x20,
  0x20, 0x20, 0x20, 0x20, 0x22, 0x73, 0x70, 0x65, 0x63, 0x5f, 0x69, 0x64,
  0x22, 0x3a, 0x20, 0x32, 0x38, 0x2c, 0x0a, 0x20, 0x20, 0x20, 0x20, 0x20,
  0x20, 0x20, 0x20, 0x22, 0x74, 0x72, 0x61, 0x69, 0x74, 0x73, 0x22, 0x3a,
  0x20, 0x5b, 0x0a, 0x20, 0x20, 0x20, 0x20, 0x20, 0x20, 0x20, 0x20, 0x20,
  0x20, 0x31, 0x31, 0x36, 0x34, 0x2c, 0x0a, 0x20, 0x20, 0x20, 0x20, 0x20,
  0x20, 0x20, 0x20, 0x20, 0x20, 0x31, 0x32, 0x39, 0x32, 0x2c, 0x0a, 0x20,
  0x20, 0x20, 0x20, 0x20, 0x20, 0x20, 0x20, 0x20, 0x20, 0x31, 0x32, 0x39,
  0x31, 0x0a, 0x20, 0x20, 0x20, 0x20, 0x20, 0x20, 0x20, 0x20, 0x5d, 0x0a,
  0x20, 0x20, 0x20, 0x20, 0x20, 0x20, 0x7d, 0x2c, 0x0a, 0x20, 0x20, 0x20,
  0x20, 0x20, 0x20, 0x22, 0x6c, 0x69, 0x6e, 0x65, 0x32, 0x22, 0x3a, 0x20,
  0x7b, 0x0a, 0x20, 0x20, 0x20, 0x20, 0x20, 0x20, 0x20, 0x20, 0x22, 0x73,
  0x70, 0x65, 0x63, 0x5f, 0x69, 0x64, 0x22, 0x3a, 0x20, 0x34, 0x34, 0x2c,
  0x0a, 0x20, 0x20, 0x20, 0x20, 0x20, 0x20, 0x20, 0x20, 0x22, 0x74, 0x72,
  0x61, 0x69, 0x74, 0x73, 0x22, 0x3a, 0x20, 0x5b, 0x0a, 0x20, 0x20, 0x20,
  0x20, 0x20, 0x20, 0x20, 0x20, 0x20, 0x20, 0x31, 0x31, 0x35, 0x39, 0x2c,
  0x0a, 0x20, 0x20, 0x20, 0x20, 0x20, 0x20, 0x20, 0x20, 0x20, 0x20, 0x31,
  0x32, 0x37, 0x37, 0x2c, 0x0a, 0x20, 0x20, 0x20, 0x20, 0x20, 0x20, 0x20,
  0x20, 0x20, 0x20, 0x31, 0x37, 0x30, 0x36, 0x0a, 0x20, 0x20, 0x20, 0x20,
  0x20, 0x20, 0x20, 0x20, 0x5d, 0x0a, 0x20, 0x20, 0x20, 0x20, 0x20, 0x20,
  0x7d, 0x2c, 0x0a, 0x20, 0x20, 0x20, 0x20, 0x20, 0x20, 0x22, 0x6c, 0x69,
  0x6e, 0x65, 0x33, 0x22, 0x3a, 0x20, 0x7b, 0x0a, 0x20, 0x20, 0x20, 0x20,
  0x20, 0x20, 0x20, 0x20, 0x22, 0x73, 0x70, 0x65, 0x63, 0x5f, 0x69, 0x64,
  0x22, 0x3a, 0x20, 0x37, 0x2c, 0x0a, 0x20, 0x20, 0x20, 0x20, 0x20, 0x20,
  0x20, 0x20, 0x22, 0x74, 0x72, 0x61, 0x69, 0x74, 0x73, 0x22, 0x3a, 0x20,
  0x5b, 0x0a, 0x20, 0x20, 0x20, 0x20, 0x20, 0x20, 0x20, 0x20, 0x20, 0x20,
  0x31, 0x39, 0x33, 0x33, 0x2c, 0x0a, 0x20, 0x20, 0x20, 0x20, 0x20, 0x20,
  0x20, 0x20, 0x20, 0x20, 0x31, 0x38, 0x39, 0x33, 0x2c, 0x0a, 0x20, 0x20,
  0x20, 0x20, 0x20, 0x20, 0x20, 0x20, 0x20, 0x20, 0x31, 0x38, 0x33, 0x33,
  0x0a, 0x20, 0x20, 0x20, 0x20, 0x20, 0x20, 0x20, 0x20, 0x5d, 0x0a, 0x20,
  0x20, 0x20, 0x20, 0x20, 0x20, 0x7d, 0x0a, 0x20, 0x20, 0x20, 0x20, 0x7d,
  0x2c, 0x0a, 0x20, 0x20, 0x20, 0x20, 0x22, 0x73, 0x6b, 0x69, 0x6c, 0x6c,
  0x73, 0x22, 0x3a, 0x20, 0x7b, 0x0a, 0x20, 0x20, 0x20, 0x20, 0x20, 0x20,
  0x22, 0x68, 0x65, 0x61, 0x6c, 0x22, 0x3a, 0x20, 0x31, 0x33, 0x30, 0x35,
  0x30, 0x2c, 0x0a, 0x20, 0x20, 0x20, 0x20, 0x20, 0x20, 0x22, 0x75, 0x74,
  0x69, 0x6c, 0x69, 0x74, 0x69, 0x65, 0x73, 0x22, 0x3a, 0x20, 0x5b, 0x0a,
  0x20, 0x20, 0x20, 0x20, 0x20, 0x20, 0x20, 0x20, 0x31, 0x33, 0x30, 0x32,
  0x38, 0x2c, 0x0a, 0x20, 0x20, 0x20, 0x20, 0x20, 0x20, 0x20, 0x20, 0x31,
  0x33, 0x30, 0x33, 0x37, 0x2c, 0x0a, 0x20, 0x20, 0x20, 0x20, 0x20, 0x20,
  0x20, 0x20, 0x31, 0x33, 0x30, 0x39, 0x33, 0x0a, 0x20, 0x20, 0x20, 0x20,
  0x20, 0x20, 0x5d, 0x2c, 0x0a, 0x20, 0x20, 0x20, 0x20, 0x20, 0x20, 0x22,
  0x65, 0x6c, 0x69, 0x74, 0x65, 0x22, 0x3a, 0x20, 0x31, 0x33, 0x31, 0x33,
  0x32, 0x0a, 0x20, 0x20, 0x20, 0x20, 0x7d, 0x2c, 0x0a, 0x20, 0x20, 0x20,
  0x20, 0x22, 0x6c, 0x65, 0x67, 0x65, 0x6e, 0x64, 0x73, 0x22, 0x3a, 0x20,
  0x5b, 0x0a, 0x20, 0x20, 0x20, 0x20, 0x20, 0x20, 0x30, 0x2c, 0x0a, 0x20,
  0x20, 0x20, 0x20, 0x20, 0x20, 0x30, 0x0a, 0x20, 0x20, 0x20, 0x20, 0x5d,
  0x2c, 0x0a, 0x20, 0x20, 0x20, 0x20, 0x22, 0x70, 0x65, 0x74, 0x73, 0x22,
  0x3a, 0x20, 0x5b, 0x0a, 0x20, 0x20, 0x20, 0x20, 0x20, 0x20, 0x30, 0x2c,
  0x0a, 0x20, 0x20, 0x20, 0x20, 0x20, 0x20, 0x30, 0x0a, 0x20, 0x20, 0x20,
  0x20, 0x5d, 0x2c, 0x0a, 0x20, 0x20, 0x20, 0x20, 0x22, 0x67, 0x65, 0x61,
  0x72, 0x22, 0x3a, 0x20, 0x7b, 0x0a, 0x20, 0x20, 0x20, 0x20, 0x20, 0x20,
  0x22, 0x72, 0x65, 0x6c, 0x69, 0x63, 0x5f, 0x69, 0x64, 0x22, 0x3a, 0x20,
  0x31, 0x30, 0x30, 0x31, 0x35, 0x33, 0x2c, 0x0a, 0x20, 0x20, 0x20, 0x20,
  0x20, 0x20, 0x22, 0x66, 0x6f, 0x6f, 0x64, 0x5f, 0x69, 0x64, 0x22, 0x3a,
  0x20, 0x39, 0x36, 0x35, 0x37, 0x38, 0x2c, 0x0a, 0x20, 0x20, 0x20, 0x20,
  0x20, 0x20, 0x22, 0x75, 0x74, 0x69, 0x6c, 0x69, 0x74, 0x79, 0x5f, 0x69,
  0x64, 0x22, 0x3a, 0x20, 0x34, 0x38, 0x39, 0x31, 0x37, 0x2c, 0x0a, 0x20,
  0x20, 0x20, 0x20, 0x20, 0x20, 0x22, 0x69, 0x74, 0x65, 0x6d, 0x73, 0x22,
  0x3a, 0x20, 0x5b, 0x0a, 0x20, 0x20, 0x20, 0x20, 0x20, 0x20, 0x20, 0x20,
  0x7b, 0x0a, 0x20, 0x20, 0x20, 0x20, 0x20, 0x20, 0x20, 0x20, 0x20, 0x20,
  0x22, 0x73, 0x6c, 0x6f, 0x74, 0x22, 0x3a, 0x20, 0x22, 0x48, 0x65, 0x6c,
  0x6d, 0x22, 0x2c, 0x0a, 0x20, 0x20, 0x20, 0x20, 0x20, 0x20, 0x20, 0x20,
  0x20, 0x20, 0x22, 0x69, 0x74, 0x65, 0x6d, 0x5f, 0x69, 0x64, 0x22, 0x3a,
  0x20, 0x37, 0x34, 0x33, 0x35, 0x37, 0x2c, 0x0a, 0x20, 0x20, 0x20, 0x20,
  0x20, 0x20, 0x20, 0x20, 0x20, 0x20, 0x22, 0x73, 0x74, 0x61, 0x74, 0x5f,
  0x69, 0x64, 0x22, 0x3a, 0x20, 0x31, 0x32, 0x36, 0x38, 0x2c, 0x0a, 0x20,
  0x20, 0x20, 0x20, 0x20, 0x20, 0x20, 0x20, 0x20, 0x20, 0x22, 0x75, 0x70,
  0x67, 0x72, 0x61, 0x64, 0x65, 0x5f, 0x69, 0x64, 0x22, 0x3a, 0x20, 0x36,
  0x37, 0x33, 0x33, 0x39, 0x2c, 0x0a, 0x20, 0x20, 0x20, 0x20, 0x20, 0x20,
  0x20, 0x20, 0x20, 0x20, 0x22, 0x69, 0x6e, 0x66, 0x75, 0x73, 0x69, 0x6f,
  0x6e, 0x73, 0x22, 0x3a, 0x20, 0x5b, 0x5d, 0x0a, 0x20, 0x20, 0x20, 0x20,
  0x20, 0x20, 0x20, 0x20, 0x7d, 0x2c, 0x0a, 0x20, 0x20, 0x20, 0x20, 0x20,
  0x20, 0x20, 0x20, 0x7b, 0x0a, 0x20, 0x20, 0x20, 0x20, 0x20, 0x20, 0x20,
  0x20, 0x20, 0x20, 0x22, 0x73, 0x6c, 0x6f, 0x74, 0x22, 0x3a, 0x20, 0x22,
  0x53, 0x68, 0x6f, 0x75, 0x6c, 0x64, 0x65, 0x72, 0x73, 0x22, 0x2c, 0x0a,
  0x20, 0x20, 0x20, 0x20, 0x20, 0x20, 0x20, 0x20, 0x20, 0x20, 0x22, 0x69,
  0x74, 0x65, 0x6d, 0x5f, 0x69, 0x64, 0x22, 0x3a, 0x20, 0x37, 0x32, 0x32,
  0x35, 0x39, 0x2c, 0x0a, 0x20, 0x20, 0x20, 0x20, 0x20, 0x20, 0x20, 0x20,
  0x20, 0x20, 0x22, 0x73, 0x74, 0x61, 0x74, 0x5f, 0x69, 0x64, 0x22, 0x3a,
  0x20, 0x31, 0x32, 0x36, 0x38, 0x2c, 0x0a, 0x20, 0x20, 0x20, 0x20, 0x20,
  0x20, 0x20, 0x20, 0x20, 0x20, 0x22, 0x75, 0x70, 0x67, 0x72, 0x61, 0x64,
  0x65, 0x5f, 0x69, 0x64, 0x22, 0x3a, 0x20, 0x36, 0x37, 0x33, 0x33, 0x39,
  0x2c, 0x0a, 0x20, 0x20, 0x20, 0x20, 0x20, 0x20, 0x20, 0x20, 0x20, 0x20,
  0x22, 0x69, 0x6e, 0x66, 0x75, 0x73, 0x69, 0x6f, 0x6e, 0x73, 0x22, 0x3a,
  0x20, 0x5b, 0x5d, 0x0a, 0x20, 0x20, 0x20, 0x20, 0x20, 0x20, 0x20, 0x20,
  0x7d, 0x2c, 0x0a, 0x20, 0x20, 0x20, 0x20, 0x20, 0x20, 0x20, 0x20, 0x7b,
  0x0a, 0x20, 0x20, 0x20, 0x20, 0x20, 0x20, 0x20, 0x20, 0x20, 0x20, 0x22,
  0x73, 0x6c, 0x6f, 0x74, 0x22, 0x3a, 0x20, 0x22, 0x43, 0x68, 0x65, 0x73,
  0x74, 0x22, 0x2c, 0x0a, 0x20, 0x20, 0x20, 0x20, 0x20, 0x20, 0x20, 0x20,
  0x20, 0x20, 0x22, 0x69, 0x74, 0x65, 0x6d, 0x5f, 0x69, 0x64, 0x22, 0x3a,
  0x20, 0x37, 0x36, 0x37, 0x31, 0x30, 0x2c, 0x0a, 0x20, 0x20, 0x20, 0x20,
  0x20, 0x20, 0x20, 0x20, 0x20, 0x20, 0x22, 0x73, 0x74, 0x61, 0x74, 0x5f,
  0x69, 0x64, 0x22, 0x3a, 0x20, 0x31, 0x32, 0x36, 0x38, 0x2c, 0x0a, 0x20,
  0x20, 0x20, 0x20, 0x20, 0x20, 0x20, 0x20, 0x20, 0x20, 0x22, 0x75, 0x70,
  0x67, 0x72, 0x61, 0x64, 0x65, 0x5f, 0x69, 0x64, 0x22, 0x3a, 0x20, 0x36,
  0x37, 0x33, 0x33, 0x39, 0x2c, 0x0a, 0x20, 0x20, 0x20, 0x20, 0x20, 0x20,
  0x20, 0x20, 0x20, 0x20, 0x22, 0x69, 0x6e, 0x66, 0x75, 0x73, 0x69, 0x6f,
  0x6e, 0x73, 0x22, 0x3a, 0x20, 0x5b, 0x5d, 0x0a, 0x20, 0x20, 0x20, 0x20,
  0x20, 0x20, 0x20, 0x20, 0x7d, 0x2c, 0x0a, 0x20, 0x20, 0x20, 0x20, 0x20,
  0x20, 0x20, 0x20, 0x7b, 0x0a, 0x20, 0x20, 0x20, 0x20, 0x20, 0x20, 0x20,
  0x20, 0x20, 0x20, 0x22, 0x73, 0x6c, 0x6f, 0x74, 0x22, 0x3a, 0x20, 0x22,
  0x47, 0x6c, 0x6f, 0x76, 0x65, 0x73, 0x22, 0x2c, 0x0a, 0x20, 0x20, 0x20,
  0x20, 0x20, 0x20, 0x20, 0x20, 0x20, 0x20, 0x22, 0x69, 0x74, 0x65, 0x6d,
  0x5f, 0x69, 0x64, 0x22, 0x3a, 0x20, 0x37, 0x35, 0x36, 0x32, 0x36, 0x2c,
  0x0a, 0x20, 0x20, 0x20, 0x20, 0x20, 0x20, 0x20, 0x20, 0x20, 0x20, 0x22,
  0x73, 0x74, 0x61, 0x74, 0x5f, 0x69, 0x64, 0x22, 0x3a, 0x20, 0x31, 0x32,
  0x36, 0x38, 0x2c, 0x0a, 0x20, 0x20, 0x20, 0x20, 0x20, 0x20, 0x20, 0x20,
  0x20, 0x20, 0x22, 0x75, 0x70, 0x67, 0x72, 0x61, 0x64, 0x65, 0x5f, 0x69,
  0x64, 0x22, 0x3a, 0x20, 0x36, 0x37, 0x33, 0x33, 0x39, 0x2c, 0x0a, 0x20,
  0x20, 0x20, 0x20, 0x20, 0x20, 0x20, 0x20, 0x20, 0x20, 0x22, 0x69, 0x6e,
  0x66, 0x75, 0x73, 0x69, 0x6f, 0x6e, 0x73, 0x22, 0x3a, 0x20, 0x5b, 0x5d,
  0x0a, 0x20, 0x20, 0x20, 0x20, 0x20, 0x20, 0x20, 0x20, 0x7d, 0x2c, 0x0a,
  0x20, 0x20, 0x20, 0x20, 0x20, 0x20, 0x20, 0x20, 0x7b, 0x0a, 0x20, 0x20,
  0x20, 0x20, 0x20, 0x20, 0x20, 0x20, 0x20, 0x20, 0x22, 0x73, 0x6c, 0x6f,
  0x74, 0x22, 0x3a, 0x20, 0x22, 0x4c, 0x65, 0x67, 0x67, 0x69, 0x6e, 0x67,
  0x73, 0x22, 0x2c, 0x0a, 0x20, 0x20, 0x20, 0x20, 0x20, 0x20, 0x20, 0x20,
  0x20, 0x20, 0x22, 0x69, 0x74, 0x65, 0x6d, 0x5f, 0x69, 0x64, 0x22, 0x3a,
  0x20, 0x37, 0x30, 0x36, 0x34, 0x31, 0x2c, 0x0a, 0x20, 0x20, 0x20, 0x20,
  0x20, 0x20, 0x20, 0x20, 0x20, 0x20, 0x22, 0x73, 0x74, 0x61, 0x74, 0x5f,
  0x69, 0x64, 0x22, 0x3a, 0x20, 0x31, 0x32, 0x36, 0x38, 0x2c, 0x0a, 0x20,
  0x20, 0x20, 0x20, 0x20, 0x20, 0x20, 0x20, 0x20, 0x20, 0x22, 0x75, 0x70,
  0x67, 0x72, 0x61, 0x64, 0x65, 0x5f, 0x69, 0x64, 0x22, 0x3a, 0x20, 0x36,
  0x37, 0x33, 0x33, 0x39, 0x2c, 0x0a, 0x20, 0x20, 0x20, 0x20, 0x20, 0x20,
  0x20, 0x20, 0x20, 0x20, 0x22, 0x69, 0x6e, 0x66, 0x75, 0x73, 0x69, 0x6f,
  0x6e, 0x73, 0x22, 0x3a, 0x20, 0x5b, 0x5d, 0x0a, 0x20, 0x20, 0x20, 0x20,
  0x20, 0x20, 0x20, 0x20, 0x7d, 0x2c, 0x0a, 0x20, 0x20, 0x20, 0x20, 0x20,
  0x20, 0x20, 0x20, 0x7b, 0x0a, 0x20, 0x20, 0x20, 0x20, 0x20, 0x20, 0x20,
  0x20, 0x20, 0x20, 0x22, 0x73, 0x6c, 0x6f, 0x74, 0x22, 0x3a, 0x20, 0x22,
  0x42, 0x6f, 0x6f, 0x74, 0x73, 0x22, 0x2c, 0x0a, 0x20, 0x20, 0x20, 0x20,
  0x20, 0x20, 0x20, 0x20, 0x20, 0x20, 0x22, 0x69, 0x74, 0x65, 0x6d, 0x5f,
  0x69, 0x64, 0x22, 0x3a, 0x20, 0x37, 0x33, 0x38, 0x35, 0x34, 0x2c, 0x0a,
  0x20, 0x20, 0x20, 0x20, 0x20, 0x20, 0x20, 0x20, 0x20, 0x20, 0x22, 0x73,
  0x74, 0x61, 0x74, 0x5f, 0x69, 0x64, 0x22, 0x3a, 0x20, 0x31, 0x32, 0x36,
  0x38, 0x2c, 0x0a, 0x20, 0x20, 0x20, 0x20, 0x20, 0x20, 0x20, 0x20, 0x20,
  0x20, 0x22, 0x75, 0x70, 0x67, 0x72, 0x61, 0x64, 0x65, 0x5f, 0x69, 0x64,
  0x22, 0x3a, 0x20, 0x36, 0x37, 0x33, 0x33, 0x39, 0x2c, 0x0a, 0x20, 0x20,
  0x20, 0x20, 0x20, 0x20, 0x20, 0x20, 0x20, 0x20, 0x22, 0x69, 0x6e, 0x66,
  0x75, 0x73, 0x69, 0x6f, 0x6e, 0x73, 0x22, 0x3a, 0x20, 0x5b, 0x5d, 0x0a,
  0x20, 0x20, 0x20, 0x20, 0x20, 0x20, 0x20, 0x20, 0x7d, 0x2c, 0x0a, 0x20,
  0x20, 0x20, 0x20, 0x20, 0x20, 0x20, 0x20, 0x7b, 0x0a, 0x20, 0x20, 0x20,
  0x20, 0x20, 0x20, 0x20, 0x20, 0x20, 0x20, 0x22, 0x73, 0x6c, 0x6f, 0x74,
  0x22, 0x3a, 0x20, 0x22, 0x42, 0x61, 0x63, 0x6b, 0x49, 0x74, 0x65, 0x6d,
  0x22, 0x2c, 0x0a, 0x20, 0x20, 0x20, 0x20, 0x20, 0x20, 0x20, 0x20, 0x20,
  0x20, 0x22, 0x69, 0x74, 0x65, 0x6d, 0x5f, 0x69, 0x64, 0x22, 0x3a, 0x20,
  0x37, 0x39, 0x38, 0x33, 0x37, 0x2c, 0x0a, 0x20, 0x20, 0x20, 0x20, 0x20,
  0x20, 0x20, 0x20, 0x20, 0x20, 0x22, 0x73, 0x74, 0x61, 0x74, 0x5f, 0x69,
  0x64, 0x22, 0x3a, 0x20, 0x31, 0x32, 0x36, 0x38, 0x2c, 0x0a, 0x20, 0x20,
  0x20, 0x20, 0x20, 0x20, 0x20, 0x20, 0x20, 0x20, 0x22, 0x75, 0x70, 0x67,
  0x72, 0x61, 0x64, 0x65, 0x5f, 0x69, 0x64, 0x22, 0x3a, 0x20, 0x30, 0x2c,
  0x0a, 0x20, 0x20, 0x20, 0x20, 0x20, 0x20, 0x20, 0x20, 0x20, 0x20, 0x22,
  0x69, 0x6e, 0x66, 0x75, 0x73, 0x69, 0x6f, 0x6e, 0x73, 0x22, 0x3a, 0x20,
  0x5b, 0x5d, 0x0a, 0x20, 0x20, 0x20, 0x20, 0x20, 0x20, 0x20, 0x20, 0x7d,
  0x2c, 0x0a, 0x20, 0x20, 0x20, 0x20, 0x20, 0x20, 0x20, 0x20, 0x7b, 0x0a,
  0x20, 0x20, 0x20, 0x20, 0x20, 0x20, 0x20, 0x20, 0x20, 0x20, 0x22, 0x73,
  0x6c, 0x6f, 0x74, 0x22, 0x3a, 0x20, 0x22, 0x41, 0x63, 0x63, 0x65, 0x73,
  0x73, 0x6f, 0x72, 0x79, 0x31, 0x22, 0x2c, 0x0a, 0x20, 0x20, 0x20, 0x20,
  0x20, 0x20, 0x20, 0x20, 0x20, 0x20, 0x22, 0x69, 0x74, 0x65, 0x6d, 0x5f,
  0x69, 0x64, 0x22, 0x3a, 0x20, 0x37, 0x39, 0x37, 0x34, 0x35, 0x2c, 0x0a,
  0x20, 0x20, 0x20, 0x20, 0x20, 0x20, 0x20, 0x20, 0x20, 0x20, 0x22, 0x73,
  0x74, 0x61, 0x74, 0x5f, 0x69, 0x64, 0x22, 0x3a, 0x20, 0x31, 0x32, 0x36,
  0x38, 0x2c, 0x0a, 0x20, 0x20, 0x20, 0x20, 0x20, 0x20, 0x20, 0x20, 0x20,
  0x20, 0x22, 0x75, 0x70, 0x67, 0x72, 0x61, 0x64, 0x65, 0x5f, 0x69, 0x64,
  0x22, 0x3a, 0x20, 0x30, 0x2c, 0x0a, 0x20, 0x20, 0x20, 0x20, 0x20, 0x20,
  0x20, 0x20, 0x20, 0x20, 0x22, 0x69, 0x6e, 0x66, 0x75, 0x73, 0x69, 0x6f,
  0x6e, 0x73, 0x22, 0x3a, 0x20, 0x5b, 0x5d, 0x0a, 0x20, 0x20, 0x20, 0x20,
  0x20, 0x20, 0x20, 0x20, 0x7d, 0x2c, 0x0a, 0x20, 0x20, 0x20, 0x20, 0x20,
  0x20, 0x20, 0x20, 0x7b, 0x0a, 0x20, 0x20, 0x20, 0x20, 0x20, 0x20, 0x20,
  0x20, 0x20, 0x20, 0x22, 0x73, 0x6c, 0x6f, 0x74, 0x22, 0x3a, 0x20, 0x22,
  0x41, 0x63, 0x63, 0x65, 0x73, 0x73, 0x6f, 0x72, 0x79, 0x32, 0x22, 0x2c,
  0x0a, 0x20, 0x20, 0x20, 0x20, 0x20, 0x20, 0x20, 0x20, 0x20, 0x20, 0x22,
  0x69, 0x74, 0x65, 0x6d, 0x5f, 0x69, 0x64, 0x22, 0x3a, 0x20, 0x37, 0x39,
  0x34, 0x34, 0x34, 0x2c, 0x0a, 0x20, 0x20, 0x20, 0x20, 0x20, 0x20, 0x20,
  0x20, 0x20, 0x20, 0x22, 0x73, 0x74, 0x61, 0x74, 0x5f, 0x69, 0x64, 0x22,
  0x3a, 0x20, 0x31, 0x32, 0x36, 0x38, 0x2c, 0x0a, 0x20, 0x20, 0x20, 0x20,
  0x20, 0x20, 0x20, 0x20, 0x20, 0x20, 0x22, 0x75, 0x70, 0x67, 0x72, 0x61,
  0x64, 0x65, 0x5f, 0x69, 0x64, 0x22, 0x3a, 0x20, 0x30, 0x2c, 0x0a, 0x20,
  0x20, 0x20, 0x20, 0x20, 0x20, 0x20, 0x20, 0x20, 0x20, 0x22, 0x69, 0x6e,
  0x66, 0x75, 0x73, 0x69, 0x6f, 0x6e, 0x73, 0x22, 0x3a, 0x20, 0x5b, 0x5d,
  0x0a, 0x20, 0x20, 0x20, 0x20, 0x20, 0x20, 0x20, 0x20, 0x7d, 0x2c, 0x0a,
  0x20, 0x20, 0x20, 0x20, 0x20, 0x20, 0x20, 0x20, 0x7b, 0x0a, 0x20, 0x20,
  0x20, 0x20, 0x20, 0x20, 0x20, 0x20, 0x20, 0x20, 0x22, 0x73, 0x6c, 0x6f,
  0x74, 0x22, 0x3a, 0x20, 0x22, 0x41, 0x6d, 0x75, 0x6c, 0x65, 0x74, 0x22,
  0x2c, 0x0a, 0x20, 0x20, 0x20, 0x20, 0x20, 0x20, 0x20, 0x20, 0x20, 0x20,
  0x22, 0x69, 0x74, 0x65, 0x6d, 0x5f, 0x69, 0x64, 0x22, 0x3a, 0x20, 0x38,
  0x31, 0x31, 0x36, 0x39, 0x2c, 0x0a, 0x20, 0x20, 0x20, 0x20, 0x20, 0x20,
  0x20, 0x20, 0x20, 0x20, 0x22, 0x73, 0x74, 0x61, 0x74, 0x5f, 0x69, 0x64,
  0x22, 0x3a, 0x20, 0x31, 0x32, 0x36, 0x38, 0x2c, 0x0a, 0x20, 0x20, 0x20,
  0x20, 0x20, 0x20, 0x20, 0x20, 0x20, 0x20, 0x22, 0x75, 0x70, 0x67, 0x72,
  0x61, 0x64, 0x65, 0x5f, 0x69, 0x64, 0x22, 0x3a, 0x20, 0x30, 0x2c, 0x0a,
  0x20, 0x20, 0x20, 0x20, 0x20, 0x20, 0x20, 0x20, 0x20, 0x20, 0x22, 0x69,
  0x6e, 0x66, 0x75, 0x73, 0x69, 0x6f, 0x6e, 0x73, 0x22, 0x3a, 0x20, 0x5b,
  0x5d, 0x0a, 0x20, 0x20, 0x20, 0x20, 0x20, 0x20, 0x20, 0x20, 0x7d, 0x2c,
  0x0a, 0x20, 0x20, 0x20, 0x20, 0x20, 0x20, 0x20, 0x20, 0x7b, 0x0a, 0x20,
  0x20, 0x20, 0x20, 0x20, 0x20, 0x20, 0x20, 0x20, 0x20, 0x22, 0x73, 0x6c,
  0x6f, 0x74, 0x22, 0x3a, 0x20, 0x22, 0x52, 0x69, 0x6e, 0x67, 0x31, 0x22,
  0x2c, 0x0a, 0x20, 0x20, 0x20, 0x20, 0x20, 0x20, 0x20, 0x20, 0x20, 0x20,
  0x22, 0x69, 0x74, 0x65, 0x6d, 0x5f, 0x69, 0x64, 0x22, 0x3a, 0x20, 0x37,
  0x39, 0x37, 0x31, 0x30, 0x2c, 0x0a, 0x20, 0x20, 0x20, 0x20, 0x20, 0x20,
  0x20, 0x20, 0x20, 0x20, 0x22, 0x73, 0x74, 0x61, 0x74, 0x5f, 0x69, 0x64,
  0x22, 0x3a, 0x20, 0x31, 0x32, 0x36, 0x38, 0x2c, 0x0a, 0x20, 0x20, 0x20,
  0x20, 0x20, 0x20, 0x20, 0x20, 0x20, 0x20, 0x22, 0x75, 0x70, 0x67, 0x72,
  0x61, 0x64, 0x65, 0x5f, 0x69, 0x64, 0x22, 0x3a, 0x20, 0x30, 0x2c, 0x0a,
  0x20, 0x20, 0x20, 0x20, 0x20, 0x20, 0x20, 0x20, 0x20, 0x20, 0x22, 0x69,
  0x6e, 0x66, 0x75, 0x73, 0x69, 0x6f, 0x6e, 0x73, 0x22, 0x3a, 0x20, 0x5b,
  0x5d, 0x0a, 0x20, 0x20, 0x20, 0x20, 0x20, 0x20, 0x20, 0x20, 0x7d, 0x2c,
  0x0a, 0x20, 0x20, 0x20, 0x20, 0x20, 0x20, 0x20, 0x20, 0x7b, 0x0a, 0x20,
  0x20, 0x20, 0x20, 0x20, 0x20, 0x20, 0x20, 0x20, 0x20, 0x22, 0x73, 0x6c,
  0x6f, 0x74, 0x22, 0x3a, 0x20, 0x22, 0x52, 0x69, 0x6e, 0x67, 0x32, 0x22,
  0x2c, 0x0a, 0x20, 0x20, 0x20, 0x20, 0x20, 0x20, 0x20, 0x20, 0x20, 0x20,
  0x22, 0x69, 0x74, 0x65, 0x6d, 0x5f, 0x69, 0x64, 0x22, 0x3a, 0x20, 0x38,
  0x31, 0x31, 0x36, 0x37, 0x2c, 0x0a, 0x20, 0x20, 0x20, 0x20, 0x20, 0x20,
  0x20, 0x20, 0x20, 0x20, 0x22, 0x73, 0x74, 0x61, 0x74, 0x5f, 0x69, 0x64,
  0x22, 0x3a, 0x20, 0x31, 0x32, 0x36, 0x38, 0x2c, 0x0a, 0x20, 0x20, 0x20,
  0x20, 0x20, 0x20, 0x20, 0x20, 0x20, 0x20, 0x22, 0x75, 0x70, 0x67, 0x72,
  0x61, 0x64, 0x65, 0x5f, 0x69, 0x64, 0x22, 0x3a, 0x20, 0x30, 0x2c, 0x0a,
  0x20, 0x20, 0x20, 0x20, 0x20, 0x20, 0x20, 0x20, 0x20, 0x20, 0x22, 0x69,
  0x6e, 0x66, 0x75, 0x73, 0x69, 0x6f, 0x6e, 0x73, 0x22, 0x3a, 0x20, 0x5b,
  0x5d, 0x0a, 0x20, 0x20, 0x20, 0x20, 0x20, 0x20, 0x20, 0x20, 0x7d, 0x2c,
  0x0a, 0x20, 0x20, 0x20, 0x20, 0x20, 0x20, 0x20, 0x20, 0x7b, 0x0a, 0x20,
  0x20, 0x20, 0x20, 0x20, 0x20, 0x20, 0x20, 0x20, 0x20, 0x22, 0x73, 0x6c,
  0x6f, 0x74, 0x22, 0x3a, 0x20, 0x22, 0x57, 0x65, 0x61, 0x70, 0x6f, 0x6e,
  0x41, 0x31, 0x22, 0x2c, 0x0a, 0x20, 0x20, 0x20, 0x20, 0x20, 0x20, 0x20,
  0x20, 0x20, 0x20, 0x22, 0x69, 0x74, 0x65, 0x6d, 0x5f, 0x69, 0x64, 0x22,
  0x3a, 0x20, 0x37, 0x34, 0x31, 0x37, 0x39, 0x2c, 0x0a, 0x20, 0x20, 0x20,
  0x20, 0x20, 0x20, 0x20, 0x20, 0x20, 0x20, 0x22, 0x73, 0x74, 0x61, 0x74,
  0x5f, 0x69, 0x64, 0x22, 0x3a, 0x20, 0x31, 0x32, 0x36, 0x38, 0x2c, 0x0a,
  0x20, 0x20, 0x20, 0x20, 0x20, 0x20, 0x20, 0x20, 0x20, 0x20, 0x22, 0x75,
  0x70, 0x67, 0x72, 0x61, 0x64, 0x65, 0x5f, 0x69, 0x64, 0x22, 0x3a, 0x20,
  0x32, 0x34, 0x36, 0x31, 0x32, 0x2c, 0x0a, 0x20, 0x20, 0x20, 0x20, 0x20,
  0x20, 0x20, 0x20, 0x20, 0x20, 0x22, 0x69, 0x6e, 0x66, 0x75, 0x73, 0x69,
  0x6f, 0x6e, 0x73, 0x22, 0x3a, 0x20, 0x5b, 0x5d, 0x0a, 0x20, 0x20, 0x20,
  0x20, 0x20, 0x20, 0x20, 0x20, 0x7d, 0x2c, 0x0a, 0x20, 0x20, 0x20, 0x20,
  0x20, 0x20, 0x20, 0x20, 0x7b, 0x0a, 0x20, 0x20, 0x20, 0x20, 0x20, 0x20,
  0x20, 0x20, 0x20, 0x20, 0x22, 0x73, 0x6c, 0x6f, 0x74, 0x22, 0x3a, 0x20,
  0x22, 0x57, 0x65, 0x61, 0x70, 0x6f, 0x6e, 0x41, 0x32, 0x22, 0x2c, 0x0a,
  0x20, 0x20, 0x20, 0x20, 0x20, 0x20, 0x20, 0x20, 0x20, 0x20, 0x22, 0x69,
  0x74, 0x65, 0x6d, 0x5f, 0x69, 0x64, 0x22, 0x3a, 0x20, 0x37, 0x34, 0x31,
  0x37, 0x39, 0x2c, 0x0a, 0x20, 0x20, 0x20, 0x20, 0x20, 0x20, 0x20, 0x20,
  0x20, 0x20, 0x22, 0x73, 0x74, 0x61, 0x74, 0x5f, 0x69, 0x64, 0x22, 0x3a,
  0x20, 0x31, 0x32, 0x36, 0x38, 0x2c, 0x0a, 0x20, 0x20, 0x20, 0x20, 0x20,
  0x20, 0x20, 0x20, 0x20, 0x20, 0x22, 0x75, 0x70, 0x67, 0x72, 0x61, 0x64,
  0x65, 0x5f, 0x69, 0x64, 0x22, 0x3a, 0x20, 0x32, 0x34, 0x35, 0x36, 0x30,
  0x2c, 0x0a, 0x20, 0x20, 0x20, 0x20, 0x20, 0x20, 0x20, 0x20, 0x20, 0x20,
  0x22, 0x69, 0x6e, 0x66, 0x75, 0x73, 0x69, 0x6f, 0x6e, 0x73, 0x22, 0x3a,
  0x20, 0x5b, 0x5d, 0x0a, 0x20, 0x20, 0x20, 0x20, 0x20, 0x20, 0x20, 0x20,
  0x7d, 0x0a, 0x20, 0x20, 0x20, 0x20, 0x20, 0x20, 0x5d, 0x0a, 0x20, 0x20,
  0x20, 0x20, 0x7d, 0x2c, 0x0a, 0x20, 0x20, 0x20, 0x20, 0x22, 0x72, 0x6f,
  0x74, 0x61, 0x74, 0x69, 0x6f, 0x6e, 0x22, 0x3a, 0x20, 0x7b, 0x0a, 0x20,
  0x20, 0x20, 0x20, 0x20, 0x20, 0x22, 0x6f, 0x70, 0x65, 0x6e, 0x65, 0x72,
  0x22, 0x3a, 0x20, 0x5b, 0x5d, 0x2c, 0x0a, 0x20, 0x20, 0x20, 0x20, 0x20,
  0x20, 0x22, 0x6c, 0x6f, 0x6f, 0x70, 0x22, 0x3a, 0x20, 0x5b, 0x5d, 0x0a,
  0x20, 0x20, 0x20, 0x20, 0x7d, 0x0a, 0x20, 0x20, 0x7d, 0x2c, 0x0a, 0x20,
  0x20, 0x7b, 0x0a, 0x20, 0x20, 0x20, 0x20, 0x22, 0x69, 0x64, 0x22, 0x3a,
  0x20, 0x22, 0x74, 0x68, 0x69, 0x65, 0x66, 0x2d, 0x70, 0x6f, 0x77, 0x65,
  0x72, 0x2d, 0x64, 0x61, 0x72, 0x65, 0x64, 0x65, 0x76, 0x69, 0x6c, 0x22,
  0x2c, 0x0a, 0x20, 0x20, 0x20, 0x20, 0x22, 0x6e, 0x61, 0x6d, 0x65, 0x22,
  0x3a, 0x20, 0x22, 0x50, 0x6f, 0x77, 0x65, 0x72, 0x20, 0x44, 0x61, 0x72,
  0x65, 0x64, 0x65, 0x76, 0x69, 0x6c, 0x22, 0x2c, 0x0a, 0x20, 0x20, 0x20,
  0x20, 0x22, 0x70, 0x72, 0x6f, 0x66, 0x65, 0x73, 0x73, 0x69, 0x6f, 0x6e,
  0x22, 0x3a, 0x20, 0x22, 0x54, 0x68, 0x69, 0x65, 0x66, 0x22, 0x2c, 0x0a,
  0x20, 0x20, 0x20, 0x20, 0x22, 0x65, 0x6c, 0x69, 0x74, 0x65, 0x5f, 0x73,
  0x70, 0x65, 0x63, 0x22, 0x3a, 0x20, 0x22, 0x44, 0x61, 0x72, 0x65, 0x64,
  0x65, 0x76, 0x69, 0x6c, 0x22, 0x2c, 0x0a, 0x20, 0x20, 0x20, 0x20, 0x22,
  0x62, 0x75, 0x69, 0x6c, 0x64, 0x5f, 0x74, 0x79, 0x70, 0x65, 0x22, 0x3a,
  0x20, 0x22, 0x50, 0x6f, 0x77, 0x65, 0x72, 0x22, 0x2c, 0x0a, 0x20, 0x20,
  0x20, 0x20, 0x22, 0x70, 0x61, 0x74, 0x63, 0x68, 0x5f, 0x76, 0x65, 0x72,
  0x73, 0x69, 0x6f, 0x6e, 0x22, 0x3a, 0x20, 0x22, 0x22, 0x2c, 0x0a, 0x20,
  0x20, 0x20, 0x20, 0x22, 0x62, 0x65, 0x6e, 0x63, 0x68, 0x6d, 0x61, 0x72,
  0x6b, 0x5f, 0x64, 0x70, 0x73, 0x22, 0x3a, 0x20, 0x30, 0x2e, 0x30, 0x2c,
  0x0a, 0x20, 0x20, 0x20, 0x20, 0x22, 0x6e, 0x6f, 0x74, 0x65, 0x73, 0x22,
  0x3a, 0x20, 0x22, 0x47, 0x75, 0x69, 0x6c, 0x64, 0x20, 0x57, 0x61, 0x72,
  0x73, 0x20, 0x32, 0x20, 0x50, 0x6f, 0x77, 0x65, 0x72, 0x20, 0x44, 0x61,
  0x72, 0x65, 0x64, 0x65, 0x76, 0x69, 0x6c, 0x20, 0x2d, 0x20, 0x53, 0x74,
  0x61, 0x66, 0x66, 0x20, 0x4d, 0x65, 0x74, 0x61, 0x20, 0x62, 0x75, 0x69,
  0x6c, 0x64, 0x20, 0x66, 0x6f, 0x72, 0x20, 0x61, 0x63, 0x63, 0x65, 0x73,
  0x73, 0x69, 0x62, 0x75, 0x69, 0x6c, 0x64, 0x73, 0x3a, 0x20, 0x63, 0x6f,
  0x6d, 0x70, 0x6c, 0x65, 0x74, 0x65, 0x20, 0x67, 0x75, 0x69, 0x64, 0x65,
  0x20, 0x77, 0x69, 0x74, 0x68, 0x20, 0x67, 0x65, 0x61, 0x72, 0x2c, 0x20,
  0x72, 0x75, 0x6e, 0x65, 0x73, 0x2c, 0x20, 0x72, 0x65, 0x6c, 0x69, 0x63,
  0x73, 0x2c, 0x20, 0x74, 0x72, 0x61, 0x69, 0x74, 0x73, 0x2c, 0x20, 0x61,
  0x6e, 0x64, 0x20, 0x72, 0x6f, 0x74, 0x61, 0x74, 0x69, 0x6f, 0x6e, 0x20,
  0x74, 0x69, 0x70, 0x73, 0x2e, 0x22, 0x2c, 0x0a, 0x20, 0x20, 0x20, 0x20,
  0x22, 0x73, 0x6f, 0x75, 0x72, 0x63, 0x65, 0x5f, 0x75, 0x72, 0x6c, 0x22,
  0x3a, 0x20, 0x22, 0x68, 0x74, 0x74, 0x70, 0x73, 0x3a, 0x2f, 0x2f, 0x73,
  0x6e, 0x6f, 0x77, 0x63, 0x72, 0x6f, 0x77, 0x73, 0x2e, 0x63, 0x6f, 0x6d,
  0x2f, 0x62, 0x75, 0x69, 0x6c, 0x64, 0x73, 0x2f, 0x61, 0x63, 0x63, 0x65,
  0x73, 0x73, 0x69, 0x62, 0x75, 0x69, 0x6c, 0x64, 0x73, 0x2f, 0x74, 0x68,
  0x69, 0x65, 0x66, 0x2f, 0x70, 0x6f, 0x77, 0x65, 0x72, 0x2d, 0x64, 0x61,
  0x72, 0x65, 0x64, 0x65, 0x76, 0x69, 0x6c, 0x22, 0x2c, 0x0a, 0x20, 0x20,
  0x20, 0x20, 0x22, 0x63, 0x68, 0x61, 0x74, 0x5f, 0x63, 0x6f, 0x64, 0x65,
  0x22, 0x3a, 0x20, 0x22, 0x5b, 0x26, 0x44, 0x51, 0x55, 0x63, 0x50, 0x53,
  0x4d, 0x62, 0x42, 0x7a, 0x75, 0x46, 0x41, 0x41, 0x41, 0x41, 0x73, 0x42,
  0x49, 0x41, 0x41, 0x44, 0x4d, 0x42, 0x41, 0x41, 0x42, 0x59, 0x41, 0x41,
  0x41, 0x41, 0x44, 0x67, 0x45, 0x41, 0x41, 0x41, 0x41, 0x41, 0x41, 0x41,
  0x41, 0x41, 0x41, 0x41, 0x41, 0x41, 0x41, 0x41, 0x41, 0x41, 0x41, 0x41,
  0x41, 0x41, 0x41, 0x41, 0x41, 0x3d, 0x5d, 0x22, 0x2c, 0x0a, 0x20, 0x20,
  0x20, 0x20, 0x22, 0x69, 0x73, 0x5f, 0x6c, 0x65, 0x67, 0x61, 0x63, 0x79,
  0x22, 0x3a, 0x20, 0x66, 0x61, 0x6c, 0x73, 0x65, 0x2c, 0x0a, 0x20, 0x20,
  0x20, 0x20, 0x22, 0x61, 0x63, 0x63, 0x65, 0x73, 0x73, 0x69, 0x62, 0x69,
  0x6c, 0x69, 0x74, 0x79, 0x22, 0x3a, 0x20, 0x74, 0x72, 0x75, 0x65, 0x2c,
  0x0a, 0x20, 0x20, 0x20, 0x20, 0x22, 0x74, 0x72, 0x61, 0x69, 0x74, 0x73,
  0x22, 0x3a, 0x20, 0x7b, 0x0a, 0x20, 0x20, 0x20, 0x20, 0x20, 0x20, 0x22,
  0x6c, 0x69, 0x6e, 0x65, 0x31, 0x22, 0x3a, 0x20, 0x7b, 0x0a, 0x20, 0x20,
  0x20, 0x20, 0x20, 0x20, 0x20, 0x20, 0x22, 0x73, 0x70, 0x65, 0x63, 0x5f,
  0x69, 0x64, 0x22, 0x3a, 0x20, 0x32, 0x38, 0x2c, 0x0a, 0x20, 0x20, 0x20,
  0x20, 0x20, 0x20, 0x20, 0x20, 0x22, 0x74, 0x72, 0x61, 0x69, 0x74, 0x73,
  0x22, 0x3a, 0x20, 0x5b, 0x0a, 0x20, 0x20, 0x20, 0x20, 0x20, 0x20, 0x20,
  0x20, 0x20, 0x20, 0x31, 0x32, 0x34, 0x35, 0x2c, 0x0a, 0x20, 0x20, 0x20,
  0x20, 0x20, 0x20, 0x20, 0x20, 0x20, 0x20, 0x31, 0x37, 0x30, 0x34, 0x2c,
  0x0a, 0x20, 0x20, 0x20, 0x20, 0x20, 0x20, 0x20, 0x20, 0x20, 0x20, 0x31,
  0x32, 0x36, 0x39, 0x0a, 0x20, 0x20, 0x20, 0x20, 0x20, 0x20, 0x20, 0x20,
  0x5d, 0x0a, 0x20, 0x20, 0x20, 0x20, 0x20, 0x20, 0x7d, 0x2c, 0x0a, 0x20,
  0x20, 0x20, 0x20, 0x20, 0x20, 0x22, 0x6c, 0x69, 0x6e, 0x65, 0x32, 0x22,
  0x3a, 0x20, 0x7b, 0x0a, 0x20, 0x20, 0x20, 0x20, 0x20, 0x20, 0x20, 0x20,
  0x22, 0x73, 0x70, 0x65, 0x63, 0x5f, 0x69, 0x64, 0x22, 0x3a, 0x20, 0x33,
  0x35, 0x2c, 0x0a, 0x20, 0x20, 0x20, 0x20, 0x20, 0x20, 0x20, 0x20, 0x22,
  0x74, 0x72, 0x61, 0x69, 0x74, 0x73, 0x22, 0x3a, 0x20, 0x5b, 0x0a, 0x20,
  0x20, 0x20, 0x20, 0x20, 0x20, 0x20, 0x20, 0x20, 0x20, 0x31, 0x32, 0x36,
  0x38, 0x2c, 0x0a, 0x20, 0x20, 0x20, 0x20, 0x20, 0x20, 0x20, 0x20, 0x20,
  0x20, 0x31, 0x32, 0x37, 0x32, 0x2c, 0x0a, 0x20, 0x20, 0x20, 0x20, 0x20,
  0x20, 0x20, 0x20, 0x20, 0x20, 0x31, 0x39, 0x30, 0x34, 0x0a, 0x20, 0x20,
  0x20, 0x20, 0x20, 0x20, 0x20, 0x20, 0x5d, 0x0a, 0x20, 0x20, 0x20, 0x20,
  0x20, 0x20, 0x7d, 0x2c, 0x0a, 0x20, 0x20, 0x20, 0x20, 0x20, 0x20, 0x22,
  0x6c, 0x69, 0x6e, 0x65, 0x33, 0x22, 0x3a, 0x20, 0x7b, 0x0a, 0x20, 0x20,
  0x20, 0x20, 0x20, 0x20, 0x20, 0x20, 0x22, 0x73, 0x70, 0x65, 0x63, 0x5f,
  0x69, 0x64, 0x22, 0x3a, 0x20, 0x37, 0x2c, 0x0a, 0x20, 0x20, 0x20, 0x20,
  0x20, 0x20, 0x20, 0x20, 0x22, 0x74, 0x72, 0x61, 0x69, 0x74, 0x73, 0x22,
  0x3a, 0x20, 0x5b, 0x0a, 0x20, 0x20, 0x20, 0x20, 0x20, 0x20, 0x20, 0x20,
  0x20, 0x20, 0x31, 0x39, 0x34, 0x39, 0x2c, 0x0a, 0x20, 0x20, 0x20, 0x20,
  0x20, 0x20, 0x20, 0x20, 0x20, 0x20, 0x31, 0x38, 0x39, 0x33, 0x2c, 0x0a,
  0x20, 0x20, 0x20, 0x20, 0x20, 0x20, 0x20, 0x20, 0x20, 0x20, 0x32, 0x30,
  0x34, 0x37, 0x0a, 0x20, 0x20, 0x20, 0x20, 0x20, 0x20, 0x20, 0x20, 0x5d,
  0x0a, 0x20, 0x20, 0x20, 0x20, 0x20, 0x20, 0x7d, 0x0a, 0x20, 0x20, 0x20,
  0x20, 0x7d, 0x2c, 0x0a, 0x20, 0x20, 0x20, 0x20, 0x22, 0x73, 0x6b, 0x69,
  0x6c, 0x6c, 0x73, 0x22, 0x3a, 0x20, 0x7b, 0x0a, 0x20, 0x20, 0x20, 0x20,
  0x20, 0x20, 0x22, 0x68, 0x65, 0x61, 0x6c, 0x22, 0x3a, 0x20, 0x31, 0x33,
  0x30, 0x35, 0x30, 0x2c, 0x0a, 0x20, 0x20, 0x20, 0x20, 0x20, 0x20, 0x22,
  0x75, 0x74, 0x69, 0x6c, 0x69, 0x74, 0x69, 0x65, 0x73, 0x22, 0x3a, 0x20,
  0x5b, 0x0a, 0x20, 0x20, 0x20, 0x20, 0x20, 0x20, 0x20, 0x20, 0x33, 0x30,
  0x38, 0x36, 0x38, 0x2c, 0x0a, 0x20, 0x20, 0x20, 0x20, 0x20, 0x20, 0x20,
  0x20, 0x31, 0x33, 0x30, 0x34, 0x36, 0x2c, 0x0a, 0x20, 0x20, 0x20, 0x20,
  0x20, 0x20, 0x20, 0x20, 0x31, 0x33, 0x30, 0x30, 0x32, 0x0a, 0x20, 0x20,
  0x20, 0x20, 0x20, 0x20, 0x5d, 0x2c, 0x0a, 0x20, 0x20, 0x20, 0x20, 0x20,
  0x20, 0x22, 0x65, 0x6c, 0x69, 0x74, 0x65, 0x22, 0x3a, 0x20, 0x31, 0x33,
  0x31, 0x33, 0x32, 0x0a, 0x20, 0x20, 0x20, 0x20, 0x7d, 0x2c, 0x0a, 0x20,
  0x20, 0x20, 0x20, 0x22, 0x6c, 0x65, 0x67, 0x65, 0x6e, 0x64, 0x73, 0x22,
  0x3a, 0x20, 0x5b, 0x0a, 0x20, 0x20, 0x20, 0x20, 0x20, 0x20, 0x30, 0x2c,
  0x0a, 0x20, 0x20, 0x20, 0x20, 0x20, 0x20, 0x30, 0x0a, 0x20, 0x20, 0x20,
  0x20, 0x5d, 0x2c, 0x0a, 0x20, 0x20, 0x20, 0x20, 0x22, 0x70, 0x65, 0x74,
  0x73, 0x22, 0x3a, 0x20, 0x5b, 0x0a, 0x20, 0x20, 0x20, 0x20, 0x20, 0x20,
  0x30, 0x2c, 0x0a, 0x20, 0x20, 0x20, 0x20, 0x20, 0x20, 0x30, 0x0a, 0x20,
  0x20, 0x20, 0x20, 0x5d, 0x2c, 0x0a, 0x20, 0x20, 0x20, 0x20, 0x22, 0x67,
  0x65, 0x61, 0x72, 0x22, 0x3a, 0x20, 0x7b, 0x0a, 0x20, 0x20, 0x20, 0x20,
  0x20, 0x20, 0x22, 0x72, 0x65, 0x6c, 0x69, 0x63, 0x5f, 0x69, 0x64, 0x22,
  0x3a, 0x20, 0x31, 0x30, 0x34, 0x32, 0x34, 0x31, 0x2c, 0x0a, 0x20, 0x20,
  0x20, 0x20, 0x20, 0x20, 0x22, 0x66, 0x6f, 0x6f, 0x64, 0x5f, 0x69, 0x64,
  0x22, 0x3a, 0x20, 0x39, 0x31, 0x38, 0x30, 0x35, 0x2c, 0x0a, 0x20, 0x20,
  0x20, 0x20, 0x20, 0x20, 0x22, 0x75, 0x74, 0x69, 0x6c, 0x69, 0x74, 0x79,
  0x5f, 0x69, 0x64, 0x22, 0x3a, 0x20, 0x34, 0x33, 0x34, 0x35, 0x31, 0x2c,
  0x0a, 0x20, 0x20, 0x20, 0x20, 0x20, 0x20, 0x22, 0x69, 0x74, 0x65, 0x6d,
  0x73, 0x22, 0x3a, 0x20, 0x5b, 0x0a, 0x20, 0x20, 0x20, 0x20, 0x20, 0x20,
  0x20, 0x20, 0x7b, 0x0a, 0x20, 0x20, 0x20, 0x20, 0x20, 0x20, 0x20, 0x20,
  0x20, 0x20, 0x22, 0x73, 0x6c, 0x6f, 0x74, 0x22, 0x3a, 0x20, 0x22, 0x48,
  0x65, 0x6c, 0x6d, 0x22, 0x2c, 0x0a, 0x20, 0x20, 0x20, 0x20, 0x20, 0x20,
  0x20, 0x20, 0x20, 0x20, 0x22, 0x69, 0x74, 0x65, 0x6d, 0x5f, 0x69, 0x64,
  0x22, 0x3a, 0x20, 0x34, 0x38, 0x30, 0x38, 0x37, 0x2c, 0x0a, 0x20, 0x20,
  0x20, 0x20, 0x20, 0x20, 0x20, 0x20, 0x20, 0x20, 0x22, 0x73, 0x74, 0x61,
  0x74, 0x5f, 0x69, 0x64, 0x22, 0x3a, 0x20, 0x31, 0x30, 0x37, 0x37, 0x2c,
  0x0a, 0x20, 0x20, 0x20, 0x20, 0x20, 0x20, 0x20, 0x20, 0x20, 0x20, 0x22,
  0x75, 0x70, 0x67, 0x72, 0x61, 0x64, 0x65, 0x5f, 0x69, 0x64, 0x22, 0x3a,
  0x20, 0x37, 0x34, 0x39, 0x37, 0x38, 0x2c, 0x0a, 0x20, 0x20, 0x20, 0x20,
  0x20, 0x20, 0x20, 0x20, 0x20, 0x20, 0x22, 0x69, 0x6e, 0x66, 0x75, 0x73,
  0x69, 0x6f, 0x6e, 0x73, 0x22, 0x3a, 0x20, 0x5b, 0x5d, 0x0a, 0x20, 0x20,
  0x20, 0x20, 0x20, 0x20, 0x20, 0x20, 0x7d, 0x2c, 0x0a, 0x20, 0x20, 0x20,
  0x20, 0x20, 0x20, 0x20, 0x20, 0x7b, 0x0a, 0x20, 0x20, 0x20, 0x20, 0x20,
  0x20, 0x20, 0x20, 0x20, 0x20, 0x22, 0x73, 0x6c, 0x6f, 0x74, 0x22, 0x3a,
  0x20, 0x22, 0x53, 0x68, 0x6f, 0x75, 0x6c, 0x64, 0x65, 0x72, 0x73, 0x22,
  0x2c, 0x0a, 0x20, 0x20, 0x20, 0x20, 0x20, 0x20, 0x20, 0x20, 0x20, 0x20,
  0x22, 0x69, 0x74, 0x65, 0x6d, 0x5f, 0x69, 0x64, 0x22, 0x3a, 0x20, 0x34,
  0x38, 0x30, 0x38, 0x39, 0x2c, 0x0a, 0x20, 0x20, 0x20, 0x20, 0x20, 0x20,
  0x20, 0x20, 0x20, 0x20, 0x22, 0x73, 0x74, 0x61, 0x74, 0x5f, 0x69, 0x64,
  0x22, 0x3a, 0x20, 0x31, 0x30, 0x37, 0x37, 0x2c, 0x0a, 0x20, 0x20, 0x20,
  0x20, 0x20, 0x20, 0x20, 0x20, 0x20, 0x20, 0x22, 0x75, 0x70, 0x67, 0x72,
  0x61, 0x64, 0x65, 0x5f, 0x69, 0x64, 0x22, 0x3a, 0x20, 0x37, 0x34, 0x39,
  0x37, 0x38, 0x2c, 0x0a, 0x20, 0x20, 0x20, 0x20, 0x20, 0x20, 0x20, 0x20,
  0x20, 0x20, 0x22, 0x69, 0x6e, 0x66, 0x75, 0x73, 0x69, 0x6f, 0x6e, 0x73,
  0x22, 0x3a, 0x20, 0x5b, 0x5d, 0x0a, 0x20, 0x20, 0x20, 0x20, 0x20, 0x20,
  0x20, 0x20, 0x7d, 0x2c, 0x0a, 0x20, 0x20, 0x20, 0x20, 0x20, 0x20, 0x20,
  0x20, 0x7b, 0x0a, 0x20, 0x20, 0x20, 0x20, 0x20, 0x20, 0x20, 0x20, 0x20,
  0x20, 0x22, 0x73, 0x6c, 0x6f, 0x74, 0x22, 0x3a, 0x20, 0x22, 0x43, 0x68,
  0x65, 0x73, 0x74, 0x22, 0x2c, 0x0a, 0x20, 0x20, 0x20, 0x20, 0x20, 0x20,
  0x20, 0x20, 0x20, 0x20, 0x22, 0x69, 0x74, 0x65, 0x6d, 0x5f, 0x69, 0x64,
  0x22, 0x3a, 0x20, 0x34, 0x38, 0x30, 0x38, 0x35, 0x2c, 0x0a, 0x20, 0x20,
  0x20, 0x20, 0x20, 0x20, 0x20, 0x20, 0x20, 0x20, 0x22, 0x73, 0x74, 0x61,
  0x74, 0x5f, 0x69, 0x64, 0x22, 0x3a, 0x20, 0x31, 0x30, 0x37, 0x37, 0x2c,
  0x0a, 0x20, 0x20, 0x20, 0x20, 0x20, 0x20, 0x20, 0x20, 0x20, 0x20, 0x22,
  0x75, 0x70, 0x67, 0x72, 0x61, 0x64, 0x65, 0x5f, 0x69, 0x64, 0x22, 0x3a,
  0x20, 0x37, 0x34, 0x39, 0x37, 0x38, 0x2c, 0x0a, 0x20, 0x20, 0x20, 0x20,
  0x20, 0x20, 0x20, 0x20, 0x20, 0x20, 0x22, 0x69, 0x6e, 0x66, 0x75, 0x73,
  0x69, 0x6f, 0x6e, 0x73, 0x22, 0x3a, 0x20, 0x5b, 0x5d, 0x0a, 0x20, 0x20,
  0x20, 0x20, 0x20, 0x20, 0x20, 0x20, 0x7d, 0x2c, 0x0a, 0x20, 0x20, 0x20,
  0x20, 0x20, 0x20, 0x20, 0x20, 0x7b, 0x0a, 0x20, 0x20, 0x20, 0x20, 0x20,
  0x20, 0x20, 0x20, 0x20, 0x20, 0x22, 0x73, 0x6c, 0x6f, 0x74, 0x22, 0x3a,
  0x20, 0x22, 0x47, 0x6c, 0x6f, 0x76, 0x65, 0x73, 0x22, 0x2c, 0x0a, 0x20,
  0x20, 0x20, 0x20, 0x20, 0x20, 0x20, 0x20, 0x20, 0x20, 0x22, 0x69, 0x74,
  0x65, 0x6d, 0x5f, 0x69, 0x64, 0x22, 0x3a, 0x20, 0x34, 0x38, 0x30, 0x38,
  0x36, 0x2c, 0x0a, 0x20, 0x20, 0x20, 0x20, 0x20, 0x20, 0x20, 0x20, 0x20,
  0x20, 0x22, 0x73, 0x74, 0x61, 0x74, 0x5f, 0x69, 0x64, 0x22, 0x3a, 0x20,
  0x31, 0x30, 0x37, 0x37, 0x2c, 0x0a, 0x20, 0x20, 0x20, 0x20, 0x20, 0x20,
  0x20, 0x20, 0x20, 0x20, 0x22, 0x75, 0x70, 0x67, 0x72, 0x61, 0x64, 0x65,
  0x5f, 0x69, 0x64, 0x22, 0x3a, 0x20, 0x37, 0x34, 0x39, 0x37, 0x38, 0x2c,
  0x0a, 0x20, 0x20, 0x20, 0x20, 0x20, 0x20, 0x20, 0x20, 0x20, 0x20, 0x22,
  0x69, 0x6e, 0x66, 0x75, 0x73, 0x69, 0x6f, 0x6e, 0x73, 0x22, 0x3a, 0x20,
  0x5b, 0x5d, 0x0a, 0x20, 0x20, 0x20, 0x20, 0x20, 0x20, 0x20, 0x20, 0x7d,
  0x2c, 0x0a, 0x20, 0x20, 0x20, 0x20, 0x20, 0x20, 0x20, 0x20, 0x7b, 0x0a,
  0x20, 0x20, 0x20, 0x20, 0x20, 0x20, 0x20, 0x20, 0x20, 0x20, 0x22, 0x73,
  0x6c, 0x6f, 0x74, 0x22, 0x3a, 0x20, 0x22, 0x4c, 0x65, 0x67, 0x67, 0x69,
  0x6e, 0x67, 0x73, 0x22, 0x2c, 0x0a, 0x20, 0x20, 0x20, 0x20, 0x20, 0x20,
  0x20, 0x20, 0x20, 0x20, 0x22, 0x69, 0x74, 0x65, 0x6d, 0x5f, 0x69, 0x64,
  0x22, 0x3a, 0x20, 0x34, 0x38, 0x30, 0x38, 0x38, 0x2c, 0x0a, 0x20, 0x20,
  0x20, 0x20, 0x20, 0x20, 0x20, 0x20, 0x20, 0x20, 0x22, 0x73, 0x74, 0x61,
  0x74, 0x5f, 0x69, 0x64, 0x22, 0x3a, 0x20, 0x31, 0x30, 0x37, 0x37, 0x2c,
  0x0a, 0x20, 0x20, 0x20, 0x20, 0x20, 0x20, 0x20, 0x20, 0x20, 0x20, 0x22,
  0x75, 0x70, 0x67, 0x72, 0x61, 0x64, 0x65, 0x5f, 0x69, 0x64, 0x22, 0x3a,
  0x20, 0x37, 0x34, 0x39, 0x37, 0x38, 0x2c, 0x0a, 0x20, 0x20, 0x20, 0x20,
  0x20, 0x20, 0x20, 0x20, 0x20, 0x20, 0x22, 0x69, 0x6e, 0x66, 0x75, 0x73,
  0x69, 0x6f, 0x6e, 0x73, 0x22, 0x3a, 0x20, 0x5b, 0x5d, 0x0a, 0x20, 0x20,
  0x20, 0x20, 0x20, 0x20, 0x20, 0x20, 0x7d, 0x2c, 0x0a, 0x20, 0x20, 0x20,
  0x20, 0x20, 0x20, 0x20, 0x20, 0x7b, 0x0a, 0x20, 0x20, 0x20, 0x20, 0x20,
  0x20, 0x20, 0x20, 0x20, 0x20, 0x22, 0x73, 0x6c, 0x6f, 0x74, 0x22, 0x3a,
  0x20, 0x22, 0x42, 0x6f, 0x6f, 0x74, 0x73, 0x22, 0x2c, 0x0a, 0x20, 0x20,
  0x20, 0x20, 0x20, 0x20, 0x20, 0x20, 0x20, 0x20, 0x22, 0x69, 0x74, 0x65,
  0x6d, 0x5f, 0x69, 0x64, 0x22, 0x3a, 0x20, 0x34, 0x38, 0x30, 0x38, 0x34,
  0x2c, 0x0a, 0x20, 0x20, 0x20, 0x20, 0x20, 0x20, 0x20, 0x20, 0x20, 0x20,
  0x22, 0x73, 0x74, 0x61, 0x74, 0x5f, 0x69, 0x64, 0x22, 0x3a, 0x20, 0x31,
  0x30, 0x37, 0x37, 0x2c, 0x0a, 0x20, 0x20, 0x20, 0x20, 0x20, 0x20, 0x20,
  0x20, 0x20, 0x20, 0x22, 0x75, 0x70, 0x67, 0x72, 0x61, 0x64, 0x65, 0x5f,
  0x69, 0x64, 0x22, 0x3a, 0x20, 0x37, 0x34, 0x39, 0x37, 0x38, 0x2c, 0x0a,
  0x20, 0x20, 0x20, 0x20, 0x20, 0x20, 0x20, 0x20, 0x20, 0x20, 0x22, 0x69,
  0x6e, 0x66, 0x75, 0x73, 0x69, 0x6f, 0x6e, 0x73, 0x22, 0x3a, 0x20, 0x5b,
  0x5d, 0x0a, 0x20, 0x20, 0x20, 0x20, 0x20, 0x20, 0x20, 0x20, 0x7d, 0x2c,
  0x0a, 0x20, 0x20, 0x20, 0x20, 0x20, 0x20, 0x20, 0x20, 0x7b, 0x0a, 0x20,
  0x20, 0x20, 0x20, 0x20, 0x20, 0x20, 0x20, 0x20, 0x20, 0x22, 0x73, 0x6c,
  0x6f, 0x74, 0x22, 0x3a, 0x20, 0x22, 0x42, 0x61, 0x63, 0x6b, 0x49, 0x74,
  0x65, 0x6d, 0x22, 0x2c, 0x0a, 0x20, 0x20, 0x20, 0x20, 0x20, 0x20, 0x20,
  0x20, 0x20, 0x20, 0x22, 0x69, 0x74, 0x65, 0x6d, 0x5f, 0x69, 0x64, 0x22,
  0x3a, 0x20, 0x37, 0x39, 0x38, 0x33, 0x37, 0x2c, 0x0a, 0x20, 0x20, 0x20,
  0x20, 0x20, 0x20, 0x20, 0x20, 0x20, 0x20, 0x22, 0x73, 0x74, 0x61, 0x74,
  0x5f, 0x69, 0x64, 0x22, 0x3a, 0x20, 0x31, 0x30, 0x37, 0x37, 0x2c, 0x0a,
  0x20, 0x20, 0x20, 0x20, 0x20, 0x20, 0x20, 0x20, 0x20, 0x20, 0x22, 0x75,
  0x70, 0x67, 0x72, 0x61, 0x64, 0x65, 0x5f, 0x69, 0x64, 0x22, 0x3a, 0x20,
  0x30, 0x2c, 0x0a, 0x20, 0x20, 0x20, 0x20, 0x20, 0x20, 0x20, 0x20, 0x20,
  0x20, 0x22, 0x69, 0x6e, 0x66, 0x75, 0x73, 0x69, 0x6f, 0x6e, 0x73, 0x22,
  0x3a, 0x20, 0x5b, 0x5d, 0x0a, 0x20, 0x20, 0x20, 0x20, 0x20, 0x20, 0x20,
  0x20, 0x7d, 0x2c, 0x0a, 0x20, 0x20, 0x20, 0x20, 0x20, 0x20, 0x20, 0x20,
  0x7b, 0x0a, 0x20, 0x20, 0x20, 0x20, 0x20, 0x20, 0x20, 0x20, 0x20, 0x20,
  0x22, 0x73, 0x6c, 0x6f, 0x74, 0x22, 0x3a, 0x20, 0x22, 0x41, 0x63, 0x63,
  0x65, 0x73, 0x73, 0x6f, 0x72, 0x79, 0x31, 0x22, 0x2c, 0x0a, 0x20, 0x20,
  0x20, 0x20, 0x20, 0x20, 0x20, 0x20, 0x20, 0x20, 0x22, 0x69, 0x74, 0x65,
  0x6d, 0x5f, 0x69, 0x64, 0x22, 0x3a, 0x20, 0x37, 0x39, 0x37, 0x34, 0x35,
  0x2c, 0x0a, 0x20, 0x20, 0x20, 0x20, 0x20, 0x20, 0x20, 0x20, 0x20, 0x20,
  0x22, 0x73, 0x74, 0x61, 0x74, 0x5f, 0x69, 0x64, 0x22, 0x3a, 0x20, 0x31,
  0x30, 0x37, 0x37, 0x2c, 0x0a, 0x20, 0x20, 0x20, 0x20, 0x20, 0x20, 0x20,
  0x20, 0x20, 0x20, 0x22, 0x75, 0x70, 0x67, 0x72, 0x61, 0x64, 0x65, 0x5f,
  0x69, 0x64, 0x22, 0x3a, 0x20, 0x30, 0x2c, 0x0a, 0x20, 0x20, 0x20, 0x20,
  0x20, 0x20, 0x20, 0x20, 0x20, 0x20, 0x22, 0x69, 0x6e, 0x66, 0x75, 0x73,
  0x69, 0x6f, 0x6e, 0x73, 0x22, 0x3a, 0x20, 0x5b, 0x5d, 0x0a, 0x20, 0x20,
  0x20, 0x20, 0x20, 0x20, 0x20, 0x20, 0x7d, 0x2c, 0x0a, 0x20, 0x20, 0x20,
  0x20, 0x20, 0x20, 0x20, 0x20, 0x7b, 0x0a, 0x20, 0x20, 0x20, 0x20, 0x20,
  0x20, 0x20, 0x20, 0x20, 0x20, 0x22, 0x73, 0x6c, 0x6f, 0x74, 0x22, 0x3a,
  0x20, 0x22, 0x41, 0x63, 0x63, 0x65, 0x73, 0x73, 0x6f, 0x72, 0x79, 0x32,
  0x22, 0x2c, 0x0a, 0x20, 0x20, 0x20, 0x20, 0x20, 0x20, 0x20, 0x20, 0x20,
  0x20, 0x22, 0x69, 0x74, 0x65, 0x6d, 0x5f, 0x69, 0x64, 0x22, 0x3a, 0x20,
  0x37, 0x39, 0x34, 0x34, 0x34, 0x2c, 0x0a, 0x20, 0x20, 0x20, 0x20, 0x20,
  0x20, 0x20, 0x20, 0x20, 0x20, 0x22, 0x73, 0x74, 0x61, 0x74, 0x5f, 0x69,
  0x64, 0x22, 0x3a, 0x20, 0x31, 0x30, 0x37, 0x37, 0x2c, 0x0a, 0x20, 0x20,
  0x20, 0x20, 0x20, 0x20, 0x20, 0x20, 0x20, 0x20, 0x22, 0x75, 0x70, 0x67,
  0x72, 0x61, 0x64, 0x65, 0x5f, 0x69, 0x64, 0x22, 0x3a, 0x20, 0x30, 0x2c,
  0x0a, 0x20, 0x20, 0x20, 0x20, 0x20, 0x20, 0x20, 0x20, 0x20, 0x20, 0x22,
  0x69, 0x6e, 0x66, 0x75, 0x73, 0x69, 0x6f, 0x6e, 0x73, 0x22, 0x3a, 0x20,
  0x5b, 0x5d, 0x0a, 0x20, 0x20, 0x20, 0x20, 0x20, 0x20, 0x20, 0x20, 0x7d,
  0x2c, 0x0a, 0x20, 0x20, 0x20, 0x20, 0x20, 0x20, 0x20, 0x20, 0x7b, 0x0a,
  0x20, 0x20, 0x20, 0x20, 0x20, 0x20, 0x20, 0x20, 0x20, 0x20, 0x22, 0x73,
  0x6c, 0x6f, 0x74, 0x22, 0x3a, 0x20, 0x22, 0x41, 0x6d, 0x75, 0x6c, 0x65,
  0x74, 0x22, 0x2c, 0x0a, 0x20, 0x20, 0x20, 0x20, 0x20, 0x20, 0x20, 0x20,
  0x20, 0x20, 0x22, 0x69, 0x74, 0x65, 0x6d, 0x5f, 0x69, 0x64, 0x22, 0x3a,
  0x20, 0x38, 0x31, 0x31, 0x36, 0x39, 0x2c, 0x0a, 0x20, 0x20, 0x20, 0x20,
  0x20, 0x20, 0x20, 0x20, 0x20, 0x20, 0x22, 0x73, 0x74, 0x61, 0x74, 0x5f,
  0x69, 0x64, 0x22, 0x3a, 0x20, 0x37, 0x35, 0x33, 0x2c, 0x0a, 0x20, 0x20,
  0x20, 0x20, 0x20, 0x20, 0x20, 0x20, 0x20, 0x20, 0x22, 0x75, 0x70, 0x67,
  0x72, 0x61, 0x64, 0x65, 0x5f, 0x69, 0x64, 0x22, 0x3a, 0x20, 0x30, 0x2c,
  0x0a, 0x20, 0x20, 0x20, 0x20, 0x20, 0x20, 0x20, 0x20, 0x20, 0x20, 0x22,
  0x69, 0x6e, 0x66, 0x75, 0x73, 0x69, 0x6f, 0x6e, 0x73, 0x22, 0x3a, 0x20,
  0x5b, 0x5d, 0x0a, 0x20, 0x20, 0x20, 0x20, 0x20, 0x20, 0x20, 0x20, 0x7d,
  0x2c, 0x0a, 0x20, 0x20, 0x20, 0x20, 0x20, 0x20, 0x20, 0x20, 0x7b, 0x0a,
  0x20, 0x20, 0x20, 0x20, 0x20, 0x20, 0x20, 0x20, 0x20, 0x20, 0x22, 0x73,
  0x6c, 0x6f, 0x74, 0x22, 0x3a, 0x20, 0x22, 0x52, 0x69, 0x6e, 0x67, 0x31,
  0x22, 0x2c, 0x0a, 0x20, 0x20, 0x20, 0x20, 0x20, 0x20, 0x20, 0x20, 0x20,
  0x20, 0x22, 0x69, 0x74, 0x65, 0x6d, 0x5f, 0x69, 0x64, 0x22, 0x3a, 0x20,
  0x37, 0x39, 0x37, 0x31, 0x30, 0x2c, 0x0a, 0x20, 0x20, 0x20, 0x20, 0x20,
  0x20, 0x20, 0x20, 0x20, 0x20, 0x22, 0x73, 0x74, 0x61, 0x74, 0x5f, 0x69,
  0x64, 0x22, 0x3a, 0x20, 0x31, 0x30, 0x37, 0x37, 0x2c, 0x0a, 0x20, 0x20,
  0x20, 0x20, 0x20, 0x20, 0x20, 0x20, 0x20, 0x20, 0x22, 0x75, 0x70, 0x67,
  0x72, 0x61, 0x64, 0x65, 0x5f, 0x69, 0x64, 0x22, 0x3a, 0x20, 0x30, 0x2c,
  0x0a, 0x20, 0x20, 0x20, 0x20, 0x20, 0x20, 0x20, 0x20, 0x20, 0x20, 0x22,
  0x69, 0x6e, 0x66, 0x75, 0x73, 0x69, 0x6f, 0x6e, 0x73, 0x22, 0x3a, 0x20,
  0x5b, 0x5d, 0x0a, 0x20, 0x20, 0x20, 0x20, 0x20, 0x20, 0x20, 0x20, 0x7d,
  0x2c, 0x0a, 0x20, 0x20, 0x20, 0x20, 0x20, 0x20, 0x20, 0x20, 0x7b, 0x0a,
  0x20, 0x20, 0x20, 0x20, 0x20, 0x20, 0x20, 0x20, 0x20, 0x20, 0x22, 0x73,
  0x6c, 0x6f, 0x74, 0x22, 0x3a, 0x20, 0x22, 0x52, 0x69, 0x6e, 0x67, 0x32,
  0x22, 0x2c, 0x0a, 0x20, 0x20, 0x20, 0x20, 0x20, 0x20, 0x20, 0x20, 0x20,
  0x20, 0x22, 0x69, 0x74, 0x65, 0x6d, 0x5f, 0x69, 0x64, 0x22, 0x3a, 0x20,
  0x38, 0x31, 0x31, 0x36, 0x37, 0x2c, 0x0a, 0x20, 0x20, 0x20, 0x20, 0x20,
  0x20, 0x20, 0x20, 0x20, 0x20, 0x22, 0x73, 0x74, 0x61, 0x74, 0x5f, 0x69,
  0x64, 0x22, 0x3a, 0x20, 0x31, 0x30, 0x37, 0x37, 0x2c, 0x0a, 0x20, 0x20,
  0x20, 0x20, 0x20, 0x20, 0x20, 0x20, 0x20, 0x20, 0x22, 0x75, 0x70, 0x67,
  0x72, 0x61, 0x64, 0x65, 0x5f, 0x69, 0x64, 0x22, 0x3a, 0x20, 0x30, 0x2c,
  0x0a, 0x20, 0x20, 0x20, 0x20, 0x20, 0x20, 0x20, 0x20, 0x20, 0x20, 0x22,
  0x69, 0x6e, 0x66, 0x75, 0x73, 0x69, 0x6f, 0x6e, 0x73, 0x22, 0x3a, 0x20,
  0x5b, 0x5d, 0x0a, 0x20, 0x20, 0x20, 0x20, 0x20, 0x20, 0x20, 0x20, 0x7d,
  0x2c, 0x0a, 0x20, 0x20, 0x20, 0x20, 0x20, 0x20, 0x20, 0x20, 0x7b, 0x0a,
  0x20, 0x20, 0x20, 0x20, 0x20, 0x20, 0x20, 0x20, 0x20, 0x20, 0x22, 0x73,
  0x6c, 0x6f, 0x74, 0x22, 0x3a, 0x20, 0x22, 0x57, 0x65, 0x61, 0x70, 0x6f,
  0x6e, 0x41, 0x31, 0x22, 0x2c, 0x0a, 0x20, 0x20, 0x20, 0x20, 0x20, 0x20,
  0x20, 0x20, 0x20, 0x20, 0x22, 0x69, 0x74, 0x65, 0x6d, 0x5f, 0x69, 0x64,
  0x22, 0x3a, 0x20, 0x34, 0x36, 0x37, 0x37, 0x33, 0x2c, 0x0a, 0x20, 0x20,
  0x20, 0x20, 0x20, 0x20, 0x20, 0x20, 0x20, 0x20, 0x22, 0x73, 0x74, 0x61,
  0x74, 0x5f, 0x69, 0x64, 0x22, 0x3a, 0x20, 0x31, 0x30, 0x37, 0x37, 0x2c,
  0x0a, 0x20, 0x20, 0x20, 0x20, 0x20, 0x20, 0x20, 0x20, 0x20, 0x20, 0x22,
  0x75, 0x70, 0x67, 0x72, 0x61, 0x64, 0x65, 0x5f, 0x69, 0x64, 0x22, 0x3a,
  0x20, 0x32, 0x34, 0x36, 0x31, 0x35, 0x2c, 0x0a, 0x20, 0x20, 0x20, 0x20,
  0x20, 0x20, 0x20, 0x20, 0x20, 0x20, 0x22, 0x69, 0x6e, 0x66, 0x75, 0x73,
  0x69, 0x6f, 0x6e, 0x73, 0x22, 0x3a, 0x20, 0x5b, 0x5d, 0x2c, 0x0a, 0x20,
  0x20, 0x20, 0x20, 0x20, 0x20, 0x20, 0x20, 0x20, 0x20, 0x22, 0x75, 0x70,
  0x67, 0x72, 0x61, 0x64, 0x65, 0x32, 0x5f, 0x69, 0x64, 0x22, 0x3a, 0x20,
  0x32, 0x34, 0x38, 0x36, 0x38, 0x0a, 0x20, 0x20, 0x20, 0x20, 0x20, 0x20,
  0x20, 0x20, 0x7d, 0x0a, 0x20, 0x20, 0x20, 0x20, 0x20, 0x20, 0x5d, 0x0a,
  0x20, 0x20, 0x20, 0x20, 0x7d, 0x2c, 0x0a, 0x20, 0x20, 0x20, 0x20, 0x22,
  0x72, 0x6f, 0x74, 0x61, 0x74, 0x69, 0x6f, 0x6e, 0x22, 0x3a, 0x20, 0x7b,
  0x0a, 0x20, 0x20, 0x20, 0x20, 0x20, 0x20, 0x22, 0x6f, 0x70, 0x65, 0x6e,
  0x65, 0x72, 0x22, 0x3a, 0x20, 0x5b, 0x5d, 0x2c, 0x0a, 0x20, 0x20, 0x20,
  0x20, 0x20, 0x20, 0x22, 0x6c, 0x6f, 0x6f, 0x70, 0x22, 0x3a, 0x20, 0x5b,
  0x5d, 0x0a, 0x20, 0x20, 0x20, 0x20, 0x7d, 0x0a, 0x20, 0x20, 0x7d, 0x2c,
  0x0a, 0x20, 0x20, 0x7b, 0x0a, 0x20, 0x20, 0x20, 0x20, 0x22, 0x69, 0x64,
  0x22, 0x3a, 0x20, 0x22, 0x74, 0x68, 0x69, 0x65, 0x66, 0x2d, 0x70, 0x6f,
  0x77, 0x65, 0x72, 0x2d, 0x64, 0x65, 0x61, 0x64, 0x65, 0x79, 0x65, 0x22,
  0x2c, 0x0a, 0x20, 0x20, 0x20, 0x20, 0x22, 0x6e, 0x61, 0x6d, 0x65, 0x22,
  0x3a, 0x20, 0x22, 0x50, 0x6f, 0x77, 0x65, 0x72, 0x20, 0x44, 0x65, 0x61,
  0x64, 0x65, 0x79, 0x65, 0x22, 0x2c, 0x0a, 0x20, 0x20, 0x20, 0x20, 0x22,
  0x70, 0x72, 0x6f, 0x66, 0x65, 0x73, 0x73, 0x69, 0x6f, 0x6e, 0x22, 0x3a,
  0x20, 0x22, 0x54, 0x68, 0x69, 0x65, 0x66, 0x22, 0x2c, 0x0a, 0x20, 0x20,
  0x20, 0x20, 0x22, 0x65, 0x6c, 0x69, 0x74, 0x65, 0x5f, 0x73, 0x70, 0x65,
  0x63, 0x22, 0x3a, 0x20, 0x22, 0x44, 0x65, 0x61, 0x64, 0x65, 0x79, 0x65,
  0x22, 0x2c, 0x0a, 0x20, 0x20, 0x20, 0x20, 0x22, 0x62, 0x75, 0x69, 0x6c,
  0x64, 0x5f, 0x74, 0x79, 0x70, 0x65, 0x22, 0x3a, 0x20, 0x22, 0x50, 0x6f,
  0x77, 0x65, 0x72, 0x22, 0x2c, 0x0a, 0x20, 0x20, 0x20, 0x20, 0x22, 0x70,
  0x61, 0x74, 0x63, 0x68, 0x5f, 0x76, 0x65, 0x72, 0x73, 0x69, 0x6f, 0x6e,
  0x22, 0x3a, 0x20, 0x22, 0x22, 0x2c, 0x0a, 0x20, 0x20, 0x20, 0x20, 0x22,
  0x62, 0x65, 0x6e, 0x63, 0x68, 0x6d, 0x61, 0x72, 0x6b, 0x5f, 0x64, 0x70,
  0x73, 0x22, 0x3a, 0x20, 0x30, 0x2e, 0x30, 0x2c, 0x0a, 0x20, 0x20, 0x20,
  0x20, 0x22, 0x6e, 0x6f, 0x74, 0x65, 0x73, 0x22, 0x3a, 0x20, 0x22, 0x47,
  0x75, 0x69, 0x6c, 0x64, 0x20, 0x57, 0x61, 0x72, 0x73, 0x20, 0x32, 0x20,
  0x50, 0x6f, 0x77, 0x65, 0x72, 0x20, 0x44, 0x65, 0x61, 0x64, 0x65, 0x79,
  0x65, 0x20, 0x2d, 0x20, 0x50, 0x69, 0x73, 0x74, 0x6f, 0x6c, 0x20, 0x26,
  0x20, 0x50, 0x69, 0x73, 0x74, 0x6f, 0x6c, 0x20, 0x4d, 0x65, 0x74, 0x61,
  0x20, 0x62, 0x75, 0x69, 0x6c, 0x64, 0x20, 0x66, 0x6f, 0x72, 0x20, 0x61,
  0x63, 0x63, 0x65, 0x73, 0x73, 0x69, 0x62, 0x75, 0x69, 0x6c, 0x64, 0x73,
  0x3a, 0x20, 0x63, 0x6f, 0x6d, 0x70, 0x6c, 0x65, 0x74, 0x65, 0x20, 0x67,
  0x75, 0x69, 0x64, 0x65, 0x20, 0x77, 0x69, 0x74, 0x68, 0x20, 0x67, 0x65,
  0x61, 0x72, 0x2c, 0x20, 0x72, 0x75, 0x6e, 0x65, 0x73, 0x2c, 0x20, 0x72,
  0x65, 0x6c, 0x69, 0x63, 0x73, 0x2c, 0x20, 0x74, 0x72, 0x61, 0x69, 0x74,
  0x73, 0x2c, 0x20, 0x61, 0x6e, 0x64, 0x20, 0x72, 0x6f, 0x74, 0x61, 0x74,
  0x69, 0x6f, 0x6e, 0x20, 0x74, 0x69, 0x70, 0x73, 0x2e, 0x22, 0x2c, 0x0a,
  0x20, 0x20, 0x20, 0x20, 0x22, 0x73, 0x6f, 0x75, 0x72, 0x63, 0x65, 0x5f,
  0x75, 0x72, 0x6c, 0x22, 0x3a, 0x20, 0x22, 0x68, 0x74, 0x74, 0x70, 0x73,
  0x3a, 0x2f, 0x2f, 0x73, 0x6e, 0x6f, 0x77, 0x63, 0x72, 0x6f, 0x77, 0x73,
  0x2e, 0x63, 0x6f, 0x6d, 0x2f, 0x62, 0x75, 0x69, 0x6c, 0x64, 0x73, 0x2f,
  0x61, 0x63, 0x63, 0x65, 0x73, 0x73, 0x69, 0x62, 0x75, 0x69, 0x6c, 0x64,
  0x73, 0x2f, 0x74, 0x68, 0x69, 0x65, 0x66, 0x2f, 0x70, 0x6f, 0x77, 0x65,
  0x72, 0x2d, 0x64, 0x65, 0x61, 0x64, 0x65, 0x79, 0x65, 0x22, 0x2c, 0x0a,
  0x20, 0x20, 0x20, 0x20, 0x22, 0x63, 0x68, 0x61, 0x74, 0x5f, 0x63, 0x6f,
  0x64, 0x65, 0x22, 0x3a, 0x20, 0x22, 0x5b, 0x26, 0x44, 0x51, 0x55, 0x63,
  0x50, 0x53, 0x4d, 0x66, 0x4f, 0x69, 0x2b, 0x46, 0x41, 0x41, 0x41, 0x41,
  0x4d, 0x77, 0x45, 0x41, 0x41, 0x46, 0x67, 0x41, 0x41, 0x41, 0x41, 0x67,
  0x46, 0x77, 0x41, 0x41, 0x44, 0x67, 0x45, 0x41, 0x41, 0x41, 0x41, 0x41,
  0x41, 0x41, 0x41, 0x41, 0x41, 0x41, 0x41, 0x41, 0x41, 0x41, 0x41, 0x41,
  0x41, 0x41, 0x41, 0x41, 0x41, 0x41, 0x41, 0x3d, 0x5d, 0x22, 0x2c, 0x0a,
  0x20, 0x20, 0x20, 0x20, 0x22, 0x69, 0x73, 0x5f, 0x6c, 0x65, 0x67, 0x61,
  0x63, 0x79, 0x22, 0x3a, 0x20, 0x66, 0x61, 0x6c, 0x73, 0x65, 0x2c, 0x0a,
  0x20, 0x20, 0x20, 0x20, 0x22, 0x61, 0x63, 0x63, 0x65, 0x73, 0x73, 0x69,
  0x62, 0x69, 0x6c, 0x69, 0x74, 0x79, 0x22, 0x3a, 0x20, 0x74, 0x72, 0x75,
  0x65, 0x2c, 0x0a, 0x20, 0x20, 0x20, 0x20, 0x22, 0x74, 0x72, 0x61, 0x69,
  0x74, 0x73, 0x22, 0x3a, 0x20, 0x7b, 0x0a, 0x20, 0x20, 0x20, 0x20, 0x20,
  0x20, 0x22, 0x6c, 0x69, 0x6e, 0x65, 0x31, 0x22, 0x3a, 0x20, 0x7b, 0x0a,
  0x20, 0x20, 0x20, 0x20, 0x20, 0x20, 0x20, 0x20, 0x22, 0x73, 0x70, 0x65,
  0x63, 0x5f, 0x69, 0x64, 0x22, 0x3a, 0x20, 0x32, 0x38, 0x2c, 0x0a, 0x20,
  0x20, 0x20, 0x20, 0x20, 0x20, 0x20, 0x20, 0x22, 0x74, 0x72, 0x61, 0x69,
  0x74, 0x73, 0x22, 0x3a, 0x20, 0x5b, 0x0a, 0x20, 0x20, 0x20, 0x20, 0x20,
  0x20, 0x20, 0x20, 0x20, 0x20, 0x31, 0x32, 0x34, 0x35, 0x2c, 0x0a, 0x20,
  0x20, 0x20, 0x20, 0x20, 0x20, 0x20, 0x20, 0x20, 0x20, 0x31, 0x37, 0x30,
  0x34, 0x2c, 0x0a, 0x20, 0x20, 0x20, 0x20, 0x20, 0x20, 0x20, 0x20, 0x20,
  0x20, 0x31, 0x32, 0x36, 0x39, 0x0a, 0x20, 0x20, 0x20, 0x20, 0x20, 0x20,
  0x20, 0x20, 0x5d, 0x0a, 0x20, 0x20, 0x20, 0x20, 0x20, 0x20, 0x7d, 0x2c,
  0x0a, 0x20, 0x20, 0x20, 0x20, 0x20, 0x20, 0x22, 0x6c, 0x69, 0x6e, 0x65,
  0x32, 0x22, 0x3a, 0x20, 0x7b, 0x0a, 0x20, 0x20, 0x20, 0x20, 0x20, 0x20,
  0x20, 0x20, 0x22, 0x73, 0x70, 0x65, 0x63, 0x5f, 0x69, 0x64, 0x22, 0x3a,
  0x20, 0x33, 0x35, 0x2c, 0x0a, 0x20, 0x20, 0x20, 0x20, 0x20, 0x20, 0x20,
  0x20, 0x22, 0x74, 0x72, 0x61, 0x69, 0x74, 0x73, 0x22, 0x3a, 0x20, 0x5b,
  0x0a, 0x20, 0x20, 0x20, 0x20, 0x20, 0x20, 0x20, 0x20, 0x20, 0x20, 0x31,
  0x32, 0x36, 0x38, 0x2c, 0x0a, 0x20, 0x20, 0x20, 0x20, 0x20, 0x20, 0x20,
  0x20, 0x20, 0x20, 0x31, 0x32, 0x39, 0x39, 0x2c, 0x0a, 0x20, 0x20, 0x20,
  0x20, 0x20, 0x20, 0x20, 0x20, 0x20, 0x20, 0x31, 0x39, 0x30, 0x34, 0x0a,
  0x20, 0x20, 0x20, 0x20, 0x20, 0x20, 0x20, 0x20, 0x5d, 0x0a, 0x20, 0x20,
  0x20, 0x20, 0x20, 0x20, 0x7d, 0x2c, 0x0a, 0x20, 0x20, 0x20, 0x20, 0x20,
  0x20, 0x22, 0x6c, 0x69, 0x6e, 0x65, 0x33, 0x22, 0x3a, 0x20, 0x7b, 0x0a,
  0x20, 0x20, 0x20, 0x20, 0x20, 0x20, 0x20, 0x20, 0x22, 0x73, 0x70, 0x65,
  0x63, 0x5f, 0x69, 0x64, 0x22, 0x3a, 0x20, 0x35, 0x38, 0x2c, 0x0a, 0x20,
  0x20, 0x20, 0x20, 0x20, 0x20, 0x20, 0x20, 0x22, 0x74, 0x72, 0x61, 0x69,
  0x74, 0x73, 0x22, 0x3a, 0x20, 0x5b, 0x0a, 0x20, 0x20, 0x20, 0x20, 0x20,
  0x20, 0x20, 0x20, 0x20, 0x20, 0x32, 0x31, 0x33, 0x36, 0x2c, 0x0a, 0x20,
  0x20, 0x20, 0x20, 0x20, 0x20, 0x20, 0x20, 0x20, 0x20, 0x32, 0x31, 0x36,
  0x30, 0x2c, 0x0a, 0x20, 0x20, 0x20, 0x20, 0x20, 0x20, 0x20, 0x20, 0x20,
  0x20, 0x32, 0x30, 0x39, 0x33, 0x0a, 0x20, 0x20, 0x20, 0x20, 0x20, 0x20,
  0x20, 0x20, 0x5d, 0x0a, 0x20, 0x20, 0x20, 0x20, 0x20, 0x20, 0x7d, 0x0a,
  0x20, 0x20, 0x20, 0x20, 0x7d, 0x2c, 0x0a, 0x20, 0x20, 0x20, 0x20, 0x22,
  0x73, 0x6b, 0x69, 0x6c, 0x6c, 0x73, 0x22, 0x3a, 0x20, 0x7b, 0x0a, 0x20,
  0x20, 0x20, 0x20, 0x20, 0x20, 0x22, 0x68, 0x65, 0x61, 0x6c, 0x22, 0x3a,
  0x20, 0x31, 0x33, 0x30, 0x35, 0x30, 0x2c, 0x0a, 0x20, 0x20, 0x20, 0x20,
  0x20, 0x20, 0x22, 0x75, 0x74, 0x69, 0x6c, 0x69, 0x74, 0x69, 0x65, 0x73,
  0x22, 0x3a, 0x20, 0x5b, 0x0a, 0x20, 0x20, 0x20, 0x20, 0x20, 0x20, 0x20,
  0x20, 0x31, 0x33, 0x30, 0x34, 0x36, 0x2c, 0x0a, 0x20, 0x20, 0x20, 0x20,
  0x20, 0x20, 0x20, 0x20, 0x31, 0x33, 0x30, 0x30, 0x32, 0x2c, 0x0a, 0x20,
  0x20, 0x20, 0x20, 0x20, 0x20, 0x20, 0x20, 0x34, 0x31, 0x33, 0x37, 0x32,
  0x0a, 0x20, 0x20, 0x20, 0x20, 0x20, 0x20, 0x5d, 0x2c, 0x0a, 0x20, 0x20,
  0x20, 0x20, 0x20, 0x20, 0x22, 0x65, 0x6c, 0x69, 0x74, 0x65, 0x22, 0x3a,
  0x20, 0x31, 0x33, 0x31, 0x33, 0x32, 0x0a, 0x20, 0x20, 0x20, 0x20, 0x7d,
  0x2c, 0x0a, 0x20, 0x20, 0x20, 0x20, 0x22, 0x6c, 0x65, 0x67, 0x65, 0x6e,
  0x64, 0x73, 0x22, 0x3a, 0x20, 0x5b, 0x0a, 0x20, 0x20, 0x20, 0x20, 0x20,
  0x20, 0x30, 0x2c, 0x0a, 0x20, 0x20, 0x20, 0x20, 0x20, 0x20, 0x30, 0x0a,
  0x20, 0x20, 0x20, 0x20, 0x5d, 0x2c, 0x0a, 0x20, 0x20, 0x20, 0x20, 0x22,
  0x70, 0x65, 0x74, 0x73, 0x22, 0x3a, 0x20, 0x5b, 0x0a, 0x20, 0x20, 0x20,
  0x20, 0x20, 0x20, 0x30, 0x2c, 0x0a, 0x20, 0x20, 0x20, 0x20, 0x20, 0x20,
  0x30, 0x0a, 0x20, 0x20, 0x20, 0x20, 0x5d, 0x2c, 0x0a, 0x20, 0x20, 0x20,
  0x20, 0x22, 0x67, 0x65, 0x61, 0x72, 0x22, 0x3a, 0x20, 0x7b, 0x0a, 0x20,
  0x20, 0x20, 0x20, 0x20, 0x20, 0x22, 0x72, 0x65, 0x6c, 0x69, 0x63, 0x5f,
  0x69, 0x64, 0x22, 0x3a, 0x20, 0x31, 0x30, 0x30, 0x39, 0x31, 0x36, 0x2c,
  0x0a, 0x20, 0x20, 0x20, 0x20, 0x20, 0x20, 0x22, 0x66, 0x6f, 0x6f, 0x64,
  0x5f, 0x69, 0x64, 0x22, 0x3a, 0x20, 0x39, 0x31, 0x38, 0x30, 0x35, 0x2c,
  0x0a, 0x20, 0x20, 0x20, 0x20, 0x20, 0x20, 0x22, 0x75, 0x74, 0x69, 0x6c,
  0x69, 0x74, 0x79, 0x5f, 0x69, 0x64, 0x22, 0x3a, 0x20, 0x39, 0x34, 0x34,
  0x33, 0x2c, 0x0a, 0x20, 0x20, 0x20, 0x20, 0x20, 0x20, 0x22, 0x69, 0x74,
  0x65, 0x6d, 0x73, 0x22, 0x3a, 0x20, 0x5b, 0x0a, 0x20, 0x20, 0x20, 0x20,
  0x20, 0x20, 0x20, 0x20, 0x7b, 0x0a, 0x20, 0x20, 0x20, 0x20, 0x20, 0x20,
  0x20, 0x20, 0x20, 0x20, 0x22, 0x73, 0x6c, 0x6f, 0x74, 0x22, 0x3a, 0x20,
  0x22, 0x48, 0x65, 0x6c, 0x6d, 0x22, 0x2c, 0x0a, 0x20, 0x20, 0x20, 0x20,
  0x20, 0x20, 0x20, 0x20, 0x20, 0x20, 0x22, 0x69, 0x74, 0x65, 0x6d, 0x5f,
  0x69, 0x64, 0x22, 0x3a, 0x20, 0x34, 0x38, 0x30, 0x38, 0x37, 0x2c, 0x0a,
  0x20, 0x20, 0x20, 0x20, 0x20, 0x20, 0x20, 0x20, 0x20, 0x20, 0x22, 0x73,
  0x74, 0x61, 0x74, 0x5f, 0x69, 0x64, 0x22, 0x3a, 0x20, 0x31, 0x30, 0x37,
  0x37, 0x2c, 0x0a, 0x20, 0x20, 0x20, 0x20, 0x20, 0x20, 0x20, 0x20, 0x20,
  0x20, 0x22, 0x75, 0x70, 0x67, 0x72, 0x61, 0x64, 0x65, 0x5f, 0x69, 0x64,
  0x22, 0x3a, 0x20, 0x37, 0x34, 0x39, 0x37, 0x38, 0x2c, 0x0a, 0x20, 0x20,
  0x20, 0x20, 0x20, 0x20, 0x20, 0x20, 0x20, 0x20, 0x22, 0x69, 0x6e, 0x66,
  0x75, 0x73, 0x69, 0x6f, 0x6e, 0x73, 0x22, 0x3a, 0x20, 0x5b, 0x5d, 0x0a,
  0x20, 0x20, 0x20, 0x20, 0x20, 0x20, 0x20, 0x20, 0x7d, 0x2c, 0x0a, 0x20,
  0x20, 0x20, 0x20, 0x20, 0x20, 0x20, 0x20, 0x7b, 0x0a, 0x20, 0x20, 0x20,
  0x20, 0x20, 0x20, 0x20, 0x20, 0x20, 0x20, 0x22, 0x73, 0x6c, 0x6f, 0x74,
  0x22, 0x3a, 0x20, 0x22, 0x53, 0x68, 0x6f, 0x75, 0x6c, 0x64, 0x65, 0x72,
  0x73, 0x22, 0x2c, 0x0a, 0x20, 0x20, 0x20, 0x20, 0x20, 0x20, 0x20, 0x20,
  0x20, 0x20, 0x22, 0x69, 0x74, 0x65, 0x6d, 0x5f, 0x69, 0x64, 0x22, 0x3a,
  0x20, 0x34, 0x38, 0x30, 0x38, 0x39, 0x2c, 0x0a, 0x20, 0x20, 0x20, 0x20,
  0x20, 0x20, 0x20, 0x20, 0x20, 0x20, 0x22, 0x73, 0x74, 0x61, 0x74, 0x5f,
  0x69, 0x64, 0x22, 0x3a, 0x20, 0x31, 0x30, 0x37, 0x37, 0x2c, 0x0a, 0x20,
  0x20, 0x20, 0x20, 0x20, 0x20, 0x20, 0x20, 0x20, 0x20, 0x22, 0x75, 0x70,
  0x67, 0x72, 0x61, 0x64, 0x65, 0x5f, 0x69, 0x64, 0x22, 0x3a, 0x20, 0x37,
  0x34, 0x39, 0x37, 0x38, 0x2c, 0x0a, 0x20, 0x20, 0x20, 0x20, 0x20, 0x20,
  0x20, 0x20, 0x20, 0x20, 0x22, 0x69, 0x6e, 0x66, 0x75, 0x73, 0x69, 0x6f,
  0x6e, 0x73, 0x22, 0x3a, 0x20, 0x5b, 0x5d, 0x0a, 0x20, 0x20, 0x20, 0x20,
  0x20, 0x20, 0x20, 0x20, 0x7d, 0x2c, 0x0a, 0x20, 0x20, 0x20, 0x20, 0x20,
  0x20, 0x20, 0x20, 0x7b, 0x0a, 0x20, 0x20, 0x20, 0x20, 0x20, 0x20, 0x20,
  0x20, 0x20, 0x20, 0x22, 0x73, 0x6c, 0x6f, 0x74, 0x22, 0x3a, 0x20, 0x22,
  0x43, 0x68, 0x65, 0x73, 0x74, 0x22, 0x2c, 0x0a, 0x20, 0x20, 0x20, 0x20,
  0x20, 0x20, 0x20, 0x20, 0x20, 0x20, 0x22, 0x69, 0x74, 0x65, 0x6d, 0x5f,
  0x69, 0x64, 0x22, 0x3a, 0x20, 0x34, 0x38, 0x30, 0x38, 0x35, 0x2c, 0x0a,
  0x20, 0x20, 0x20, 0x20, 0x20, 0x20, 0x20, 0x20, 0x20, 0x20, 0x22, 0x73,
  0x74, 0x61, 0x74, 0x5f, 0x69, 0x64, 0x22, 0x3a, 0x20, 0x31, 0x30, 0x37,
  0x37, 0x2c, 0x0a, 0x20, 0x20, 0x20, 0x20, 0x20, 0x20, 0x20, 0x20, 0x20,
  0x20, 0x22, 0x75, 0x70, 0x67, 0x72, 0x61, 0x64, 0x65, 0x5f, 0x69, 0x64,
  0x22, 0x3a, 0x20, 0x37, 0x34, 0x39, 0x37, 0x38, 0x2c, 0x0a, 0x20, 0x20,
  0x20, 0x20, 0x20, 0x20, 0x20, 0x20, 0x20, 0x20, 0x22, 0x69, 0x6e, 0x66,
  0x75, 0x73, 0x69, 0x6f, 0x6e, 0x73, 0x22, 0x3a, 0x20, 0x5b, 0x5d, 0x0a,
  0x20, 0x20, 0x20, 0x20, 0x20, 0x20, 0x20, 0x20, 0x7d, 0x2c, 0x0a, 0x20,
  0x20, 0x20, 0x20, 0x20, 0x20, 0x20, 0x20, 0x7b, 0x0a, 0x20, 0x20, 0x20,
  0x20, 0x20, 0x20, 0x20, 0x20, 0x20, 0x20, 0x22, 0x73, 0x6c, 0x6f, 0x74,
  0x22, 0x3a, 0x20, 0x22, 0x47, 0x6c, 0x6f, 0x76, 0x65, 0x73, 0x22, 0x2c,
  0x0a, 0x20, 0x20, 0x20, 0x20, 0x20, 0x20, 0x20, 0x20, 0x20, 0x20, 0x22,
  0x69, 0x74, 0x65, 0x6d, 0x5f, 0x69, 0x64, 0x22, 0x3a, 0x20, 0x34, 0x38,
  0x30, 0x38, 0x36, 0x2c, 0x0a, 0x20, 0x20, 0x20, 0x20, 0x20, 0x20, 0x20,
  0x20, 0x20, 0x20, 0x22, 0x73, 0x74, 0x61, 0x74, 0x5f, 0x69, 0x64, 0x22,
  0x3a, 0x20, 0x31, 0x30, 0x37, 0x37, 0x2c, 0x0a, 0x20, 0x20, 0x20, 0x20,
  0x20, 0x20, 0x20, 0x20, 0x20, 0x20, 0x22, 0x75, 0x70, 0x67, 0x72, 0x61,
  0x64, 0x65, 0x5f, 0x69, 0x64, 0x22, 0x3a, 0x20, 0x37, 0x34, 0x39, 0x37,
  0x38, 0x2c, 0x0a, 0x20, 0x20, 0x20, 0x20, 0x20, 0x20, 0x20, 0x20, 0x20,
  0x20, 0x22, 0x69, 0x6e, 0x66, 0x75, 0x73, 0x69, 0x6f, 0x6e, 0x73, 0x22,
  0x3a, 0x20, 0x5b, 0x5d, 0x0a, 0x20, 0x20, 0x20, 0x20, 0x20, 0x20, 0x20,
  0x20, 0x7d, 0x2c, 0x0a, 0x20, 0x20, 0x20, 0x20, 0x20, 0x20, 0x20, 0x20,
  0x7b, 0x0a, 0x20, 0x20, 0x20, 0x20, 0x20, 0x20, 0x20, 0x20, 0x20, 0x20,
  0x22, 0x73, 0x6c, 0x6f, 0x74, 0x22, 0x3a, 0x20, 0x22, 0x4c, 0x65, 0x67,
  0x67, 0x69, 0x6e, 0x67, 0x73, 0x22, 0x2c, 0x0a, 0x20, 0x20, 0x20, 0x20,
  0x20, 0x20, 0x20, 0x20, 0x20, 0x20, 0x22, 0x69, 0x74, 0x65, 0x6d, 0x5f,
  0x69, 0x64, 0x22, 0x3a, 0x20, 0x34, 0x38, 0x30, 0x38, 0x38, 0x2c, 0x0a,
  0x20, 0x20, 0x20, 0x20, 0x20, 0x20, 0x20, 0x20, 0x20, 0x20, 0x22, 0x73,
  0x74, 0x61, 0x74, 0x5f, 0x69, 0x64, 0x22, 0x3a, 0x20, 0x31, 0x30, 0x37,
  0x37, 0x2c, 0x0a, 0x20, 0x20, 0x20, 0x20, 0x20, 0x20, 0x20, 0x20, 0x20,
  0x20, 0x22, 0x75, 0x70, 0x67, 0x72, 0x61, 0x64, 0x65, 0x5f, 0x69, 0x64,
  0x22, 0x3a, 0x20, 0x37, 0x34, 0x39, 0x37, 0x38, 0x2c, 0x0a, 0x20, 0x20,
  0x20, 0x20, 0x20, 0x20, 0x20, 0x20, 0x20, 0x20, 0x22, 0x69, 0x6e, 0x66,
  0x75, 0x73, 0x69, 0x6f, 0x6e, 0x73, 0x22, 0x3a, 0x20, 0x5b, 0x5d, 0x0a,
  0x20, 0x20, 0x20, 0x20, 0x20, 0x20, 0x20, 0x20, 0x7d, 0x2c, 0x0a, 0x20,
  0x20, 0x20, 0x20, 0x20, 0x20, 0x20, 0x20, 0x7b, 0x0a, 0x20, 0x20, 0x20,
  0x20, 0x20, 0x20, 0x20, 0x20, 0x20, 0x20, 0x22, 0x73, 0x6c, 0x6f, 0x74,
  0x22, 0x3a, 0x20, 0x22, 0x42, 0x6f, 0x6f, 0x74, 0x73, 0x22, 0x2c, 0x0a,
  0x20, 0x20, 0x20, 0x20, 0x20, 0x20, 0x20, 0x20, 0x20, 0x20, 0x22, 0x69,
  0x74, 0x65, 0x6d, 0x5f, 0x69, 0x64, 0x22, 0x3a, 0x20, 0x34, 0x38, 0x30,
  0x38, 0x34, 0x2c, 0x0a, 0x20, 0x20, 0x20, 0x20, 0x20, 0x20, 0x20, 0x20,
  0x20, 0x20, 0x22, 0x73, 0x74, 0x61, 0x74, 0x5f, 0x69, 0x64, 0x22, 0x3a,
  0x20, 0x31, 0x30, 0x37, 0x37, 0x2c, 0x0a, 0x20, 0x20, 0x20, 0x20, 0x20,
  0x20, 0x20, 0x20, 0x20, 0x20, 0x22, 0x75, 0x70, 0x67, 0x72, 0x61, 0x64,
  0x65, 0x5f, 0x69, 0x64, 0x22, 0x3a, 0x20, 0x37, 0x34, 0x39, 0x37, 0x38,
  0x2c, 0x0a, 0x20, 0x20, 0x20, 0x20, 0x20, 0x20, 0x20, 0x20, 0x20, 0x20,
  0x22, 0x69, 0x6e, 0x66, 0x75, 0x73, 0x69, 0x6f, 0x6e, 0x73, 0x22, 0x3a,
  0x20, 0x5b, 0x5d, 0x0a, 0x20, 0x20, 0x20, 0x20, 0x20, 0x20, 0x20, 0x20,
  0x7d, 0x2c, 0x0a, 0x20, 0x20, 0x20, 0x20, 0x20, 0x20, 0x20, 0x20, 0x7b,
  0x0a, 0x20, 0x20, 0x20, 0x20, 0x20, 0x20, 0x20, 0x20, 0x20, 0x20, 0x22,
  0x73, 0x6c, 0x6f, 0x74, 0x22, 0x3a, 0x20, 0x22, 0x42, 0x61, 0x63, 0x6b,
  0x49, 0x74, 0x65, 0x6d, 0x22, 0x2c, 0x0a, 0x20, 0x20, 0x20, 0x20, 0x20,
  0x20, 0x20, 0x20, 0x20, 0x20, 0x22, 0x69, 0x74, 0x65, 0x6d, 0x5f, 0x69,
  0x64, 0x22, 0x3a, 0x20, 0x37, 0x39, 0x38, 0x33, 0x37, 0x2c, 0x0a, 0x20,
  0x20, 0x20, 0x20, 0x20, 0x20, 0x20, 0x20, 0x20, 0x20, 0x22, 0x73, 0x74,
  0x61, 0x74, 0x5f, 0x69, 0x64, 0x22, 0x3a, 0x20, 0x31, 0x30, 0x37, 0x37,
  0x2c, 0x0a, 0x20, 0x20, 0x20, 0x20, 0x20, 0x20, 0x20, 0x20, 0x20, 0x20,
  0x22, 0x75, 0x70, 0x67, 0x72, 0x61, 0x64, 0x65, 0x5f, 0x69, 0x64, 0x22,
  0x3a, 0x20, 0x30, 0x2c, 0x0a, 0x20, 0x20, 0x20, 0x20, 0x20, 0x20, 0x20,
  0x20, 0x20, 0x20, 0x22, 0x69, 0x6e, 0x66, 0x75, 0x73, 0x69, 0x6f, 0x6e,
  0x73, 0x22, 0x3a, 0x20, 0x5b, 0x5d, 0x0a, 0x20, 0x20, 0x20, 0x20, 0x20,
  0x20, 0x20, 0x20, 0x7d, 0x2c, 0x0a, 0x20, 0x20, 0x20, 0x20, 0x20, 0x20,
  0x20, 0x20, 0x7b, 0x0a, 0x20, 0x20, 0x20, 0x20, 0x20, 0x20, 0x20, 0x20,
  0x20, 0x20, 0x22, 0x73, 0x6c, 0x6f, 0x74, 0x22, 0x3a, 0x20, 0x22, 0x41,
  0x63, 0x63, 0x65, 0x73, 0x73, 0x6f, 0x72, 0x79, 0x31, 0x22, 0x2c, 0x0a,
  0x20, 0x20, 0x20, 0x20, 0x20, 0x20, 0x20, 0x20, 0x20, 0x20, 0x22, 0x69,
  0x74, 0x65, 0x6d, 0x5f, 0x69, 0x64, 0x22, 0x3a, 0x20, 0x37, 0x39, 0x37,
  0x34, 0x35, 0x2c, 0x0a, 0x20, 0x20, 0x20, 0x20, 0x20, 0x20, 0x20, 0x20,
  0x20, 0x20, 0x22, 0x73, 0x74, 0x61, 0x74, 0x5f, 0x69, 0x64, 0x22, 0x3a,
  0x20, 0x31, 0x30, 0x37, 0x37, 0x2c, 0x0a, 0x20, 0x20, 0x20, 0x20, 0x20,
  0x20, 0x20, 0x20, 0x20, 0x20, 0x22, 0x75, 0x70, 0x67, 0x72, 0x61, 0x64,
  0x65, 0x5f, 0x69, 0x64, 0x22, 0x3a, 0x20, 0x30, 0x2c, 0x0a, 0x20, 0x20,
  0x20, 0x20, 0x20, 0x20, 0x20, 0x20, 0x20, 0x20, 0x22, 0x69, 0x6e, 0x66,
  0x75, 0x73, 0x69, 0x6f, 0x6e, 0x73, 0x22, 0x3a, 0x20, 0x5b, 0x5d, 0x0a,
  0x20, 0x20, 0x20, 0x20, 0x20, 0x20, 0x20, 0x20, 0x7d, 0x2c, 0x0a, 0x20,
  0x20, 0x20, 0x20, 0x20, 0x20, 0x20, 0x20, 0x7b, 0x0a, 0x20, 0x20, 0x20,
  0x20, 0x20, 0x20, 0x20, 0x20, 0x20, 0x20, 0x22, 0x73, 0x6c, 0x6f, 0x74,
  0x22, 0x3a, 0x20, 0x22, 0x41, 0x63, 0x63, 0x65, 0x73, 0x73, 0x6f, 0x72,
  0x79, 0x32, 0x22, 0x2c, 0x0a, 0x20, 0x20, 0x20, 0x20, 0x20, 0x20, 0x20,
  0x20, 0x20, 0x20, 0x22, 0x69, 0x74, 0x65, 0x6d, 0x5f, 0x69, 0x64, 0x22,
  0x3a, 0x20, 0x37, 0x39, 0x34, 0x34, 0x34, 0x2c, 0x0a, 0x20, 0x20, 0x20,
  0x20, 0x20, 0x20, 0x20, 0x20, 0x20, 0x20, 0x22, 0x73, 0x74, 0x61, 0x74,
  0x5f, 0x69, 0x64, 0x22, 0x3a, 0x20, 0x31, 0x30, 0x37, 0x37, 0x2c, 0x0a,
  0x20, 0x20, 0x20, 0x20, 0x20, 0x20, 0x20, 0x20, 0x20, 0x20, 0x22, 0x75,
  0x70, 0x67, 0x72, 0x61, 0x64, 0x65, 0x5f, 0x69, 0x64, 0x22, 0x3a, 0x20,
  0x30, 0x2c, 0x0a, 0x20, 0x20, 0x20, 0x20, 0x20, 0x20, 0x20, 0x20, 0x20,
  0x20, 0x22, 0x69, 0x6e, 0x66, 0x75, 0x73, 0x69, 0x6f, 0x6e, 0x73, 0x22,
  0x3a, 0x20, 0x5b, 0x5d, 0x0a, 0x20, 0x20, 0x20, 0x20, 0x20, 0x20, 0x20,
  0x20, 0x7d, 0x2c, 0x0a, 0x20, 0x20, 0x20, 0x20, 0x20, 0x20, 0x20, 0x20,
  0x7b, 0x0a, 0x20, 0x20, 0x20, 0x20, 0x20, 0x20, 0x20, 0x20, 0x20, 0x20,
  0x22, 0x73, 0x6c, 0x6f, 0x74, 0x22, 0x3a, 0x20, 0x22, 0x41, 0x6d, 0x75,
  0x6c, 0x65, 0x74, 0x22, 0x2c, 0x0a, 0x20, 0x20, 0x20, 0x20, 0x20, 0x20,
  0x20, 0x20, 0x20, 0x20, 0x22, 0x69, 0x74, 0x65, 0x6d, 0x5f, 0x69, 0x64,
  0x22, 0x3a, 0x20, 0x38, 0x31, 0x31, 0x36, 0x39, 0x2c, 0x0a, 0x20, 0x20,
  0x20, 0x20, 0x20, 0x20, 0x20, 0x20, 0x20, 0x20, 0x22, 0x73, 0x74, 0x61,
  0x74, 0x5f, 0x69, 0x64, 0x22, 0x3a, 0x20, 0x31, 0x30, 0x37, 0x37, 0x2c,
  0x0a, 0x20, 0x20, 0x20, 0x20, 0x20, 0x20, 0x20, 0x20, 0x20, 0x20, 0x22,
  0x75, 0x70, 0x67, 0x72, 0x61, 0x64, 0x65, 0x5f, 0x69, 0x64, 0x22, 0x3a,
  0x20, 0x30, 0x2c, 0x0a, 0x20, 0x20, 0x20, 0x20, 0x20, 0x20, 0x20, 0x20,
  0x20, 0x20, 0x22, 0x69, 0x6e, 0x66, 0x75, 0x73, 0x69, 0x6f, 0x6e, 0x73,
  0x22, 0x3a, 0x20, 0x5b, 0x5d, 0x0a, 0x20, 0x20, 0x20, 0x20, 0x20, 0x20,
  0x20, 0x20, 0x7d, 0x2c, 0x0a, 0x20, 0x20, 0x20, 0x20, 0x20, 0x20, 0x20,
  0x20, 0x7b, 0x0a, 0x20, 0x20, 0x20, 0x20, 0x20, 0x20, 0x20, 0x20, 0x20,
  0x20, 0x22, 0x73, 0x6c, 0x6f, 0x74, 0x22, 0x3a, 0x20, 0x22, 0x52, 0x69,
  0x6e, 0x67, 0x31, 0x22, 0x2c, 0x0a, 0x20, 0x20, 0x20, 0x20, 0x20, 0x20,
  0x20, 0x20, 0x20, 0x20, 0x22, 0x69, 0x74, 0x65, 0x6d, 0x5f, 0x69, 0x64,
  0x22, 0x3a, 0x20, 0x37, 0x39, 0x37, 0x31, 0x30, 0x2c, 0x0a, 0x20, 0x20,
  0x20, 0x20, 0x20, 0x20, 0x20, 0x20, 0x20, 0x20, 0x22, 0x73, 0x74, 0x61,
  0x74, 0x5f, 0x69, 0x64, 0x22, 0x3a, 0x20, 0x31, 0x30, 0x37, 0x37, 0x2c,
  0x0a, 0x20, 0x20, 0x20, 0x20, 0x20, 0x20, 0x20, 0x20, 0x20, 0x20, 0x22,
  0x75, 0x70, 0x67, 0x72, 0x61, 0x64, 0x65, 0x5f, 0x69, 0x64, 0x22, 0x3a,
  0x20, 0x30, 0x2c, 0x0a, 0x20, 0x20, 0x20, 0x20, 0x20, 0x20, 0x20, 0x20,
  0x20, 0x20, 0x22, 0x69, 0x6e, 0x66, 0x75, 0x73, 0x69, 0x6f, 0x6e, 0x73,
  0x22, 0x3a, 0x20, 0x5b, 0x5d, 0x0a, 0x20, 0x20, 0x20, 0x20, 0x20, 0x20,
  0x20, 0x20, 0x7d, 0x2c, 0x0a, 0x20, 0x20, 0x20, 0x20, 0x20, 0x20, 0x20,
  0x20, 0x7b, 0x0a, 0x20, 0x20, 0x20, 0x20, 0x20, 0x20, 0x20, 0x20, 0x20,
  0x20, 0x22, 0x73, 0x6c, 0x6f, 0x74, 0x22, 0x3a, 0x20, 0x22, 0x52, 0x69,
  0x6e, 0x67, 0x32, 0x22, 0x2c, 0x0a, 0x20, 0x20, 0x20, 0x20, 0x20, 0x20,
  0x20, 0x20, 0x20, 0x20, 0x22, 0x69, 0x74, 0x65, 0x6d, 0x5f, 0x69, 0x64,
  0x22, 0x3a, 0x20, 0x38, 0x31, 0x31, 0x36, 0x37, 0x2c, 0x0a, 0x20, 0x20,
  0x20, 0x20, 0x20, 0x20, 0x20, 0x20, 0x20, 0x20, 0x22, 0x73, 0x74, 0x61,
  0x74, 0x5f, 0x69, 0x64, 0x22, 0x3a, 0x20, 0x31, 0x30, 0x37, 0x37, 0x2c,
  0x0a, 0x20, 0x20, 0x20, 0x20, 0x20, 0x20, 0x20, 0x20, 0x20, 0x20, 0x22,
  0x75, 0x70, 0x67, 0x72, 0x61, 0x64, 0x65, 0x5f, 0x69, 0x64, 0x22, 0x3a,
  0x20, 0x30, 0x2c, 0x0a, 0x20, 0x20, 0x20, 0x20, 0x20, 0x20, 0x20, 0x20,
  0x20, 0x20, 0x22, 0x69, 0x6e, 0x66, 0x75, 0x73, 0x69, 0x6f, 0x6e, 0x73,
  0x22, 0x3a, 0x20, 0x5b, 0x5d, 0x0a, 0x20, 0x20, 0x20, 0x20, 0x20, 0x20,
  0x20, 0x20, 0x7d, 0x2c, 0x0a, 0x20, 0x20, 0x20, 0x20, 0x20, 0x20, 0x20,
  0x20, 0x7b, 0x0a, 0x20, 0x20, 0x20, 0x20, 0x20, 0x20, 0x20, 0x20, 0x20,
  0x20, 0x22, 0x73, 0x6c, 0x6f, 0x74, 0x22, 0x3a, 0x20, 0x22, 0x57, 0x65,
  0x61, 0x70, 0x6f, 0x6e, 0x41, 0x31, 0x22, 0x2c, 0x0a, 0x20, 0x20, 0x20,
  0x20, 0x20, 0x20, 0x20, 0x20, 0x20, 0x20, 0x22, 0x69, 0x74, 0x65, 0x6d,
  0x5f, 0x69, 0x64, 0x22, 0x3a, 0x20, 0x34, 0x36, 0x37, 0x36, 0x37, 0x2c,
  0x0a, 0x20, 0x20, 0x20, 0x20, 0x20, 0x20, 0x20, 0x20, 0x20, 0x20, 0x22,
  0x73, 0x74, 0x61, 0x74, 0x5f, 0x69, 0x64, 0x22, 0x3a, 0x20, 0x31, 0x30,
  0x37, 0x37, 0x2c, 0x0a, 0x20, 0x20, 0x20, 0x20, 0x20, 0x20, 0x20, 0x20,
  0x20, 0x20, 0x22, 0x75, 0x70, 0x67, 0x72, 0x61, 0x64, 0x65, 0x5f, 0x69,
  0x64, 0x22, 0x3a, 0x20, 0x32, 0x34, 0x36, 0x31, 0x35, 0x2c, 0x0a, 0x20,
  0x20, 0x20, 0x20, 0x20, 0x20, 0x20, 0x20, 0x20, 0x20, 0x22, 0x69, 0x6e,
  0x66, 0x75, 0x73, 0x69, 0x6f, 0x6e, 0x73, 0x22, 0x3a, 0x20, 0x5b, 0x5d,
  0x0a, 0x20, 0x20, 0x20, 0x20, 0x20, 0x20, 0x20, 0x20, 0x7d, 0x2c, 0x0a,
  0x20, 0x20, 0x20, 0x20, 0x20, 0x20, 0x20, 0x20, 0x7b, 0x0a, 0x20, 0x20,
  0x20, 0x20, 0x20, 0x20, 0x20, 0x20, 0x20, 0x20, 0x22, 0x73, 0x6c, 0x6f,
  0x74, 0x22, 0x3a, 0x20, 0x22, 0x57, 0x65, 0x61, 0x70, 0x6f, 0x6e, 0x41,
  0x32, 0x22, 0x2c, 0x0a, 0x20, 0x20, 0x20, 0x20, 0x20, 0x20, 0x20, 0x20,
  0x20, 0x20, 0x22, 0x69, 0x74, 0x65, 0x6d, 0x5f, 0x69, 0x64, 0x22, 0x3a,
  0x20, 0x34, 0x36, 0x37, 0x36, 0x37, 0x2c, 0x0a, 0x20, 0x20, 0x20, 0x20,
  0x20, 0x20, 0x20, 0x20, 0x20, 0x20, 0x22, 0x73, 0x74, 0x61, 0x74, 0x5f,
  0x69, 0x64, 0x22, 0x3a, 0x20, 0x31, 0x30, 0x37, 0x37, 0x2c, 0x0a, 0x20,
  0x20, 0x20, 0x20, 0x20, 0x20, 0x20, 0x20, 0x20, 0x20, 0x22, 0x75, 0x70,
  0x67, 0x72, 0x61, 0x64, 0x65, 0x5f, 0x69, 0x64, 0x22, 0x3a, 0x20, 0x32,
  0x34, 0x38, 0x36, 0x38, 0x2c, 0x0a, 0x20, 0x20, 0x20, 0x20, 0x20, 0x20,
  0x20, 0x20, 0x20, 0x20, 0x22, 0x69, 0x6e, 0x66, 0x75, 0x73, 0x69, 0x6f,
  0x6e, 0x73, 0x22, 0x3a, 0x20, 0x5b, 0x5d, 0x0a, 0x20, 0x20, 0x20, 0x20,
  0x20, 0x20, 0x20, 0x20, 0x7d, 0x0a, 0x20, 0x20, 0x20, 0x20, 0x20, 0x20,
  0x5d, 0x0a, 0x20, 0x20, 0x20, 0x20, 0x7d, 0x2c, 0x0a, 0x20, 0x20, 0x20,
  0x20, 0x22, 0x72, 0x6f, 0x74, 0x61, 0x74, 0x69, 0x6f, 0x6e, 0x22, 0x3a,
  0x20, 0x7b, 0x0a, 0x20, 0x20, 0x20, 0x20, 0x20, 0x20, 0x22, 0x6f, 0x70,
  0x65, 0x6e, 0x65, 0x72, 0x22, 0x3a, 0x20, 0x5b, 0x5d, 0x2c, 0x0a, 0x20,
  0x20, 0x20, 0x20, 0x20, 0x20, 0x22, 0x6c, 0x6f, 0x6f, 0x70, 0x22, 0x3a,
  0x20, 0x5b, 0x5d, 0x0a, 0x20, 0x20, 0x20, 0x20, 0x7d, 0x0a, 0x20, 0x20,
  0x7d, 0x2c, 0x0a, 0x20, 0x20, 0x7b, 0x0a, 0x20, 0x20, 0x20, 0x20, 0x22,
  0x69, 0x64, 0x22, 0x3a, 0x20, 0x22, 0x74, 0x68, 0x69, 0x65, 0x66, 0x2d,
  0x70, 0x6f, 0x77, 0x65, 0x72, 0x2d, 0x71, 0x75, 0x69, 0x63, 0x6b, 0x6e,
  0x65, 0x73, 0x73, 0x2d, 0x64, 0x65, 0x61, 0x64, 0x65, 0x79, 0x65, 0x22,
  0x2c, 0x0a, 0x20, 0x20, 0x20, 0x20, 0x22, 0x6e, 0x61, 0x6d, 0x65, 0x22,
  0x3a, 0x20, 0x22, 0x50, 0x6f, 0x77, 0x65, 0x72, 0x20, 0x51, 0x75, 0x69,
  0x63, 0x6b, 0x6e, 0x65, 0x73, 0x73, 0x20, 0x44, 0x65, 0x61, 0x64, 0x65,
  0x79, 0x65, 0x22, 0x2c, 0x0a, 0x20, 0x20, 0x20, 0x20, 0x22, 0x70, 0x72,
  0x6f, 0x66, 0x65, 0x73, 0x73, 0x69, 0x6f, 0x6e, 0x22, 0x3a, 0x20, 0x22,
  0x54, 0x68, 0x69, 0x65, 0x66, 0x22, 0x2c, 0x0a, 0x20, 0x20, 0x20, 0x20,
  0x22, 0x65, 0x6c, 0x69, 0x74, 0x65, 0x5f, 0x73, 0x70, 0x65, 0x63, 0x22,
  0x3a, 0x20, 0x22, 0x44, 0x65, 0x61, 0x64, 0x65, 0x79, 0x65, 0x22, 0x2c,
  0x0a, 0x20, 0x20, 0x20, 0x20, 0x22, 0x62, 0x75, 0x69, 0x6c, 0x64, 0x5f,
  0x74, 0x79, 0x70, 0x65, 0x22, 0x3a, 0x20, 0x22, 0x50, 0x6f, 0x77, 0x65,
  0x72, 0x22, 0x2c, 0x0a, 0x20, 0x20, 0x20, 0x20, 0x22, 0x70, 0x61, 0x74,
  0x63, 0x68, 0x5f, 0x76, 0x65, 0x72, 0x73, 0x69, 0x6f, 0x6e, 0x22, 0x3a,
  0x20, 0x22, 0x22, 0x2c, 0x0a, 0x20, 0x20, 0x20, 0x20, 0x22, 0x62, 0x65,
  0x6e, 0x63, 0x68, 0x6d, 0x61, 0x72, 0x6b, 0x5f, 0x64, 0x70, 0x73, 0x22,
  0x3a, 0x20, 0x30, 0x2e, 0x30, 0x2c, 0x0a, 0x20, 0x20, 0x20, 0x20, 0x22,
  0x6e, 0x6f, 0x74, 0x65, 0x73, 0x22, 0x3a, 0x20, 0x22, 0x47, 0x75, 0x69,
  0x6c, 0x64, 0x20, 0x57, 0x61, 0x72, 0x73, 0x20, 0x32, 0x20, 0x50, 0x6f,
  0x77, 0x65, 0x72, 0x20, 0x51, 0x75, 0x69, 0x63, 0x6b, 0x6e, 0x65, 0x73,
  0x73, 0x20, 0x44, 0x65, 0x61, 0x64, 0x65, 0x79, 0x65, 0x20, 0x2d, 0x20,
  0x50, 0x69, 0x73, 0x74, 0x6f, 0x6c, 0x20, 0x26, 0x20, 0x50, 0x69, 0x73,
  0x74, 0x6f, 0x6c, 0x20, 0x4d, 0x65, 0x74, 0x61, 0x20, 0x62, 0x75, 0x69,
  0x6c, 0x64, 0x20, 0x66, 0x6f, 0x72, 0x20, 0x61, 0x63, 0x63, 0x65, 0x73,
  0x73, 0x69, 0x62, 0x75, 0x69, 0x6c, 0x64, 0x73, 0x3a, 0x20, 0x63, 0x6f,
  0x6d, 0x70, 0x6c, 0x65, 0x74, 0x65, 0x20, 0x67, 0x75, 0x69, 0x64, 0x65,
  0x20, 0x77, 0x69, 0x74, 0x68, 0x20, 0x67, 0x65, 0x61, 0x72, 0x2c, 0x20,
  0x72, 0x75, 0x6e, 0x65, 0x73, 0x2c, 0x20, 0x72, 0x65, 0x6c, 0x69, 0x63,
  0x73, 0x2c, 0x20, 0x74, 0x72, 0x61, 0x69, 0x74, 0x73, 0x2c, 0x20, 0x61,
  0x6e, 0x64, 0x20, 0x72, 0x6f, 0x74, 0x61, 0x74, 0x69, 0x6f, 0x6e, 0x20,
  0x74, 0x69, 0x70, 0x73, 0x2e, 0x22, 0x2c, 0x0a, 0x20, 0x20, 0x20, 0x20,
  0x22, 0x73, 0x6f, 0x75, 0x72, 0x63, 0x65, 0x5f, 0x75, 0x72, 0x6c, 0x22,
  0x3a, 0x20, 0x22, 0x68, 0x74, 0x74, 0x70, 0x73, 0x3a, 0x2f, 0x2f, 0x73,
  0x6e, 0x6f, 0x77, 0x63, 0x72, 0x6f, 0x77, 0x73, 0x2e, 0x63, 0x6f, 0x6d,
  0x2f, 0x62, 0x75, 0x69, 0x6c, 0x64, 0x73, 0x2f, 0x61, 0x63, 0x63, 0x65,
  0x73, 0x73, 0x69, 0x62, 0x75, 0x69, 0x6c, 0x64, 0x73, 0x2f, 0x74, 0x68,
  0x69, 0x65, 0x66, 0x2f, 0x70, 0x6f, 0x77, 0x65, 0x72, 0x2d, 0x71, 0x75,
  0x69, 0x63, 0x6b, 0x6e, 0x65, 0x73, 0x73, 0x2d, 0x64, 0x65, 0x61, 0x64,
  0x65, 0x79, 0x65, 0x22, 0x2c, 0x0a, 0x20, 0x20, 0x20, 0x20, 0x22, 0x63,
  0x68, 0x61, 0x74, 0x5f, 0x63, 0x6f, 0x64, 0x65, 0x22, 0x3a, 0x20, 0x22,
  0x5b, 0x26, 0x44, 0x51, 0x55, 0x63, 0x4c, 0x53, 0x4d, 0x66, 0x4f, 0x6a,
  0x2b, 0x46, 0x41, 0x41, 0x41, 0x41, 0x4d, 0x77, 0x45, 0x41, 0x41, 0x4b,
  0x77, 0x57, 0x41, 0x41, 0x41, 0x67, 0x46, 0x77, 0x41, 0x41, 0x44, 0x67,
  0x45, 0x41, 0x41, 0x41, 0x41, 0x41, 0x41, 0x41, 0x41, 0x41, 0x41, 0x41,
  0x41, 0x41, 0x41, 0x41, 0x41, 0x41, 0x41, 0x41, 0x41, 0x41, 0x41, 0x41,
  0x41, 0x3d, 0x5d, 0x22, 0x2c, 0x0a, 0x20, 0x20, 0x20, 0x20, 0x22, 0x69,
  0x73, 0x5f, 0x6c, 0x65, 0x67, 0x61, 0x63, 0x79, 0x22, 0x3a, 0x20, 0x66,
  0x61, 0x6c, 0x73, 0x65, 0x2c, 0x0a, 0x20, 0x20, 0x20, 0x20, 0x22, 0x61,
  0x63, 0x63, 0x65, 0x73, 0x73, 0x69, 0x62, 0x69, 0x6c, 0x69, 0x74, 0x79,
  0x22, 0x3a, 0x20, 0x74, 0x72, 0x75, 0x65, 0x2c, 0x0a, 0x20, 0x20, 0x20,
  0x20, 0x22, 0x74, 0x72, 0x61, 0x69, 0x74, 0x73, 0x22, 0x3a, 0x20, 0x7b,
  0x0a, 0x20, 0x20, 0x20, 0x20, 0x20, 0x20, 0x22, 0x6c, 0x69, 0x6e, 0x65,
  0x31, 0x22, 0x3a, 0x20, 0x7b, 0x0a, 0x20, 0x20, 0x20, 0x20, 0x20, 0x20,
  0x20, 0x20, 0x22, 0x73, 0x70, 0x65, 0x63, 0x5f, 0x69, 0x64, 0x22, 0x3a,
  0x20, 0x32, 0x38, 0x2c, 0x0a, 0x20, 0x20, 0x20, 0x20, 0x20, 0x20, 0x20,
  0x20, 0x22, 0x74, 0x72, 0x61, 0x69, 0x74, 0x73, 0x22, 0x3a, 0x20, 0x5b,
  0x0a, 0x20, 0x20, 0x20, 0x20, 0x20, 0x20, 0x20, 0x20, 0x20, 0x20, 0x31,
  0x32, 0x34, 0x35, 0x2c, 0x0a, 0x20, 0x20, 0x20, 0x20, 0x20, 0x20, 0x20,
  0x20, 0x20, 0x20, 0x31, 0x37, 0x30, 0x34, 0x2c, 0x0a, 0x20, 0x20, 0x20,
  0x20, 0x20, 0x20, 0x20, 0x20, 0x20, 0x20, 0x31, 0x31, 0x36, 0x37, 0x0a,
  0x20, 0x20, 0x20, 0x20, 0x20, 0x20, 0x20, 0x20, 0x5d, 0x0a, 0x20, 0x20,
  0x20, 0x20, 0x20, 0x20, 0x7d, 0x2c, 0x0a, 0x20, 0x20, 0x20, 0x20, 0x20,
  0x20, 0x22, 0x6c, 0x69, 0x6e, 0x65, 0x32, 0x22, 0x3a, 0x20, 0x7b, 0x0a,
  0x20, 0x20, 0x20, 0x20, 0x20, 0x20, 0x20, 0x20, 0x22, 0x73, 0x70, 0x65,
  0x63, 0x5f, 0x69, 0x64, 0x22, 0x3a, 0x20, 0x33, 0x35, 0x2c, 0x0a, 0x20,
  0x20, 0x20, 0x20, 0x20, 0x20, 0x20, 0x20, 0x22, 0x74, 0x72, 0x61, 0x69,
  0x74, 0x73, 0x22, 0x3a, 0x20, 0x5b, 0x0a, 0x20, 0x20, 0x20, 0x20, 0x20,
  0x20, 0x20, 0x20, 0x20, 0x20, 0x31, 0x32, 0x36, 0x38, 0x2c, 0x0a, 0x20,
  0x20, 0x20, 0x20, 0x20, 0x20, 0x20, 0x20, 0x20, 0x20, 0x31, 0x32, 0x39,
  0x39, 0x2c, 0x0a, 0x20, 0x20, 0x20, 0x20, 0x20, 0x20, 0x20, 0x20, 0x20,
  0x20, 0x31, 0x39, 0x30, 0x34, 0x0a, 0x20, 0x20, 0x20, 0x20, 0x20, 0x20,
  0x20, 0x20, 0x5d, 0x0a, 0x20, 0x20, 0x20, 0x20, 0x20, 0x20, 0x7d, 0x2c,
  0x0a, 0x20, 0x20, 0x20, 0x20, 0x20, 0x20, 0x22, 0x6c, 0x69, 0x6e, 0x65,
  0x33, 0x22, 0x3a, 0x20, 0x7b, 0x0a, 0x20, 0x20, 0x20, 0x20, 0x20, 0x20,
  0x20, 0x20, 0x22, 0x73, 0x70, 0x65, 0x63, 0x5f, 0x69, 0x64, 0x22, 0x3a,
  0x20, 0x35, 0x38, 0x2c, 0x0a, 0x20, 0x20, 0x20, 0x20, 0x20, 0x20, 0x20,
  0x20, 0x22, 0x74, 0x72, 0x61, 0x69, 0x74, 0x73, 0x22, 0x3a, 0x20, 0x5b,
  0x0a, 0x20, 0x20, 0x20, 0x20, 0x20, 0x20, 0x20, 0x20, 0x20, 0x20, 0x32,
  0x31, 0x33, 0x36, 0x2c, 0x0a, 0x20, 0x20, 0x20, 0x20, 0x20, 0x20, 0x20,
  0x20, 0x20, 0x20, 0x32, 0x31, 0x36, 0x30, 0x2c, 0x0a, 0x20, 0x20, 0x20,
  0x20, 0x20, 0x20, 0x20, 0x20, 0x20, 0x20, 0x32, 0x31, 0x34, 0x36, 0x0a,
  0x20, 0x20, 0x20, 0x20, 0x20, 0x20, 0x20, 0x20, 0x5d, 0x0a, 0x20, 0x20,
  0x20, 0x20, 0x20, 0x20, 0x7d, 0x0a, 0x20, 0x20, 0x20, 0x20, 0x7d, 0x2c,
  0x0a, 0x20, 0x20, 0x20, 0x20, 0x22, 0x73, 0x6b, 0x69, 0x6c, 0x6c, 0x73,
  0x22, 0x3a, 0x20, 0x7b, 0x0a, 0x20, 0x20, 0x20, 0x20, 0x20, 0x20, 0x22,
  0x68, 0x65, 0x61, 0x6c, 0x22, 0x3a, 0x20, 0x31, 0x33, 0x30, 0x35, 0x30,
  0x2c, 0x0a, 0x20, 0x20, 0x20, 0x20, 0x20, 0x20, 0x22, 0x75, 0x74, 0x69,
  0x6c, 0x69, 0x74, 0x69, 0x65, 0x73, 0x22, 0x3a, 0x20, 0x5b, 0x0a, 0x20,
  0x20, 0x20, 0x20, 0x20, 0x20, 0x20, 0x20, 0x31, 0x33, 0x30, 0x34, 0x36,
  0x2c, 0x0a, 0x20, 0x20, 0x20, 0x20, 0x20, 0x20, 0x20, 0x20, 0x34, 0x31,
  0x31, 0x35, 0x38, 0x2c, 0x0a, 0x20, 0x20, 0x20, 0x20, 0x20, 0x20, 0x20,
  0x20, 0x34, 0x31, 0x33, 0x37, 0x32, 0x0a, 0x20, 0x20, 0x20, 0x20, 0x20,
  0x20, 0x5d, 0x2c, 0x0a, 0x20, 0x20, 0x20, 0x20, 0x20, 0x20, 0x22, 0x65,
  0x6c, 0x69, 0x74, 0x65, 0x22, 0x3a, 0x20, 0x31, 0x33, 0x31, 0x33, 0x32,
  0x0a, 0x20, 0x20, 0x20, 0x20, 0x7d, 0x2c, 0x0a, 0x20, 0x20, 0x20, 0x20,
  0x22, 0x6c, 0x65, 0x67, 0x65, 0x6e, 0x64, 0x73, 0x22, 0x3a, 0x20, 0x5b,
  0x0a, 0x20, 0x20, 0x20, 0x20, 0x20, 0x20, 0x30, 0x2c, 0x0a, 0x20, 0x20,
  0x20, 0x20, 0x20, 0x20, 0x30, 0x0a, 0x20, 0x20, 0x20, 0x20, 0x5d, 0x2c,
  0x0a, 0x20, 0x20, 0x20, 0x20, 0x22, 0x70, 0x65, 0x74, 0x73, 0x22, 0x3a,
  0x20, 0x5b, 0x0a, 0x20, 0x20, 0x20, 0x20, 0x20, 0x20, 0x30, 0x2c, 0x0a,
  0x20, 0x20, 0x20, 0x20, 0x20, 0x20, 0x30, 0x0a, 0x20, 0x20, 0x20, 0x20,
  0x5d, 0x2c, 0x0a, 0x20, 0x20, 0x20, 0x20, 0x22, 0x67, 0x65, 0x61, 0x72,
  0x22, 0x3a, 0x20, 0x7b, 0x0a, 0x20, 0x20, 0x20, 0x20, 0x20, 0x20, 0x22,
  0x72, 0x65, 0x6c, 0x69, 0x63, 0x5f, 0x69, 0x64, 0x22, 0x3a, 0x20, 0x31,
  0x30, 0x30, 0x39, 0x32, 0x34, 0x2c, 0x0a, 0x20, 0x20, 0x20, 0x20, 0x20,
  0x20, 0x22, 0x66, 0x6f, 0x6f, 0x64, 0x5f, 0x69, 0x64, 0x22, 0x3a, 0x20,
  0x39, 0x31, 0x38, 0x30, 0x35, 0x2c, 0x0a, 0x20, 0x20, 0x20, 0x20, 0x20,
  0x20, 0x22, 0x75, 0x74, 0x69, 0x6c, 0x69, 0x74, 0x79, 0x5f, 0x69, 0x64,
  0x22, 0x3a, 0x20, 0x39, 0x34, 0x34, 0x33, 0x2c, 0x0a, 0x20, 0x20, 0x20,
  0x20, 0x20, 0x20, 0x22, 0x69, 0x74, 0x65, 0x6d, 0x73, 0x22, 0x3a, 0x20,
  0x5b, 0x0a, 0x20, 0x20, 0x20, 0x20, 0x20, 0x20, 0x20, 0x20, 0x7b, 0x0a,
  0x20, 0x20, 0x20, 0x20, 0x20, 0x20, 0x20, 0x20, 0x20, 0x20, 0x22, 0x73,
  0x6c, 0x6f, 0x74, 0x22, 0x3a, 0x20, 0x22, 0x48, 0x65, 0x6c, 0x6d, 0x22,
  0x2c, 0x0a, 0x20, 0x20, 0x20, 0x20, 0x20, 0x20, 0x20, 0x20, 0x20, 0x20,
  0x22, 0x69, 0x74, 0x65, 0x6d, 0x5f, 0x69, 0x64, 0x22, 0x3a, 0x20, 0x34,
  0x38, 0x30, 0x38, 0x37, 0x2c, 0x0a, 0x20, 0x20, 0x20, 0x20, 0x20, 0x20,
  0x20, 0x20, 0x20, 0x20, 0x22, 0x73, 0x74, 0x61, 0x74, 0x5f, 0x69, 0x64,
  0x22, 0x3a, 0x20, 0x31, 0x30, 0x37, 0x37, 0x2c, 0x0a, 0x20, 0x20, 0x20,
  0x20, 0x20, 0x20, 0x20, 0x20, 0x20, 0x20, 0x22, 0x75, 0x70, 0x67, 0x72,
  0x61, 0x64, 0x65, 0x5f, 0x69, 0x64, 0x22, 0x3a, 0x20, 0x37, 0x34, 0x39,
  0x37, 0x38, 0x2c, 0x0a, 0x20, 0x20, 0x20, 0x20, 0x20, 0x20, 0x20, 0x20,
  0x20, 0x20, 0x22, 0x69, 0x6e, 0x66, 0x75, 0x73, 0x69, 0x6f, 0x6e, 0x73,
  0x22, 0x3a, 0x20, 0x5b, 0x5d, 0x0a, 0x20, 0x20, 0x20, 0x20, 0x20, 0x20,
  0x20, 0x20, 0x7d, 0x2c, 0x0a, 0x20, 0x20, 0x20, 0x20, 0x20, 0x20, 0x20,
  0x20, 0x7b, 0x0a, 0x20, 0x20, 0x20, 0x20, 0x20, 0x20, 0x20, 0x20, 0x20,
  0x20, 0x22, 0x73, 0x6c, 0x6f, 0x74, 0x22, 0x3a, 0x20, 0x22, 0x53, 0x68,
  0x6f, 0x75, 0x6c, 0x64, 0x65, 0x72, 0x73, 0x22, 0x2c, 0x0a, 0x20, 0x20,
  0x20, 0x20, 0x20, 0x20, 0x20, 0x20, 0x20, 0x20, 0x22, 0x69, 0x74, 0x65,
  0x6d, 0x5f, 0x69, 0x64, 0x22, 0x3a, 0x20, 0x34, 0x38, 0x30, 0x38, 0x39,
  0x2c, 0x0a, 0x20, 0x20, 0x20, 0x20, 0x20, 0x20, 0x20, 0x20, 0x20, 0x20,
  0x22, 0x73, 0x74, 0x61, 0x74, 0x5f, 0x69, 0x64, 0x22, 0x3a, 0x20, 0x31,
  0x30, 0x37, 0x37, 0x2c, 0x0a, 0x20, 0x20, 0x20, 0x20, 0x20, 0x20, 0x20,
  0x20, 0x20, 0x20, 0x22, 0x75, 0x70, 0x67, 0x72, 0x61, 0x64, 0x65, 0x5f,
  0x69, 0x64, 0x22, 0x3a, 0x20, 0x37, 0x34, 0x39, 0x37, 0x38, 0x2c, 0x0a,
  0x20, 0x20, 0x20, 0x20, 0x20, 0x20, 0x20, 0x20, 0x20, 0x20, 0x22, 0x69,
  0x6e, 0x66, 0x75, 0x73, 0x69, 0x6f, 0x6e, 0x73, 0x22, 0x3a, 0x20, 0x5b,
  0x5d, 0x0a, 0x20, 0x20, 0x20, 0x20, 0x20, 0x20, 0x20, 0x20, 0x7d, 0x2c,
  0x0a, 0x20, 0x20, 0x20, 0x20, 0x20, 0x20, 0x20, 0x20, 0x7b, 0x0a, 0x20,
  0x20, 0x20, 0x20, 0x20, 0x20, 0x20, 0x20, 0x20, 0x20, 0x22, 0x73, 0x6c,
  0x6f, 0x74, 0x22, 0x3a, 0x20, 0x22, 0x43, 0x68, 0x65, 0x73, 0x74, 0x22,
  0x2c, 0x0a, 0x20, 0x20, 0x20, 0x20, 0x20, 0x20, 0x20, 0x20, 0x20, 0x20,
  0x22, 0x69, 0x74, 0x65, 0x6d, 0x5f, 0x69, 0x64, 0x22, 0x3a, 0x20, 0x34,
  0x38, 0x30, 0x38, 0x35, 0x2c, 0x0a, 0x20, 0x20, 0x20, 0x20, 0x20, 0x20,
  0x20, 0x20, 0x20, 0x20, 0x22, 0x73, 0x74, 0x61, 0x74, 0x5f, 0x69, 0x64,
  0x22, 0x3a, 0x20, 0x31, 0x30, 0x37, 0x37, 0x2c, 0x0a, 0x20, 0x20, 0x20,
  0x20, 0x20, 0x20, 0x20, 0x20, 0x20, 0x20, 0x22, 0x75, 0x70, 0x67, 0x72,
  0x61, 0x64, 0x65, 0x5f, 0x69, 0x64, 0x22, 0x3a, 0x20, 0x37, 0x34, 0x39,
  0x37, 0x38, 0x2c, 0x0a, 0x20, 0x20, 0x20, 0x20, 0x20, 0x20, 0x20, 0x20,
  0x20, 0x20, 0x22, 0x69, 0x6e, 0x66, 0x75, 0x73, 0x69, 0x6f, 0x6e, 0x73,
  0x22, 0x3a, 0x20, 0x5b, 0x5d, 0x0a, 0x20, 0x20, 0x20, 0x20, 0x20, 0x20,
  0x20, 0x20, 0x7d, 0x2c, 0x0a, 0x20, 0x20, 0x20, 0x20, 0x20, 0x20, 0x20,
  0x20, 0x7b, 0x0a, 0x20, 0x20, 0x20, 0x20, 0x20, 0x20, 0x20, 0x20, 0x20,
  0x20, 0x22, 0x73, 0x6c, 0x6f, 0x74, 0x22, 0x3a, 0x20, 0x22, 0x47, 0x6c,
  0x6f, 0x76, 0x65, 0x73, 0x22, 0x2c, 0x0a, 0x20, 0x20, 0x20, 0x20, 0x20,
  0x20, 0x20, 0x20, 0x20, 0x20, 0x22, 0x69, 0x74, 0x65, 0x6d, 0x5f, 0x69,
  0x64, 0x22, 0x3a, 0x20, 0x34, 0x38, 0x30, 0x38, 0x36, 0x2c, 0x0a, 0x20,
  0x20, 0x20, 0x20, 0x20, 0x20, 0x20, 0x20, 0x20, 0x20, 0x22, 0x73, 0x74,
  0x61, 0x74, 0x5f, 0x69, 0x64, 0x22, 0x3a, 0x20, 0x31, 0x30, 0x37, 0x37,
  0x2c, 0x0a, 0x20, 0x20, 0x20, 0x20, 0x20, 0x20, 0x20, 0x20, 0x20, 0x20,
  0x22, 0x75, 0x70, 0x67, 0x72, 0x61, 0x64, 0x65, 0x5f, 0x69, 0x64, 0x22,
  0x3a, 0x20, 0x37, 0x34, 0x39, 0x37, 0x38, 0x2c, 0x0a, 0x20, 0x20, 0x20,
  0x20, 0x20, 0x20, 0x20, 0x20, 0x20, 0x20, 0x22, 0x69, 0x6e, 0x66, 0x75,
  0x73, 0x69, 0x6f, 0x6e, 0x73, 0x22, 0x3a, 0x20, 0x5b, 0x5d, 0x0a, 0x20,
  0x20, 0x20, 0x20, 0x20, 0x20, 0x20, 0x20, 0x7d, 0x2c, 0x0a, 0x20, 0x20,
  0x20, 0x20, 0x20, 0x20, 0x20, 0x20, 0x7b, 0x0a, 0x20, 0x20, 0x20, 0x20,
  0x20, 0x20, 0x20, 0x20, 0x20, 0x20, 0x22, 0x73, 0x6c, 0x6f, 0x74, 0x22,
  0x3a, 0x20, 0x22, 0x4c, 0x65, 0x67, 0x67, 0x69, 0x6e, 0x67, 0x73, 0x22,
  0x2c, 0x0a, 0x20, 0x20, 0x20, 0x20, 0x20, 0x20, 0x20, 0x20, 0x20, 0x20,
  0x22, 0x69, 0x74, 0x65, 0x6d, 0x5f, 0x69, 0x64, 0x22, 0x3a, 0x20, 0x34,
  0x38, 0x30, 0x38, 0x38, 0x2c, 0x0a, 0x20, 0x20, 0x20, 0x20, 0x20, 0x20,
  0x20, 0x20, 0x20, 0x20, 0x22, 0x73, 0x74, 0x61, 0x74, 0x5f, 0x69, 0x64,
  0x22, 0x3a, 0x20, 0x31, 0x30, 0x37, 0x37, 0x2c, 0x0a, 0x20, 0x20, 0x20,
  0x20, 0x20, 0x20, 0x20, 0x20, 0x20, 0x20, 0x22, 0x75, 0x70, 0x67, 0x72,
  0x61, 0x64, 0x65, 0x5f, 0x69, 0x64, 0x22, 0x3a, 0x20, 0x37, 0x34, 0x39,
  0x37, 0x38, 0x2c, 0x0a, 0x20, 0x20, 0x20, 0x20, 0x20, 0x20, 0x20, 0x20,
  0x20, 0x20, 0x22, 0x69, 0x6e, 0x66, 0x75, 0x73, 0x69, 0x6f, 0x6e, 0x73,
  0x22, 0x3a, 0x20, 0x5b, 0x5d, 0x0a, 0x20, 0x20, 0x20, 0x20, 0x20, 0x20,
  0x20, 0x20, 0x7d, 0x2c, 0x0a, 0x20, 0x20, 0x20, 0x20, 0x20, 0x20, 0x20,
  0x20, 0x7b, 0x0a, 0x20, 0x20, 0x20, 0x20, 0x20, 0x20, 0x20, 0x20, 0x20,
  0x20, 0x22, 0x73, 0x6c, 0x6f, 0x74, 0x22, 0x3a, 0x20, 0x22, 0x42, 0x6f,
  0x6f, 0x74, 0x73, 0x22, 0x2c, 0x0a, 0x20, 0x20, 0x20, 0x20, 0x20, 0x20,
  0x20, 0x20, 0x20, 0x20, 0x22, 0x69, 0x74, 0x65, 0x6d, 0x5f, 0x69, 0x64,
  0x22, 0x3a, 0x20, 0x34, 0x38, 0x30, 0x38, 0x34, 0x2c, 0x0a, 0x20, 0x20,
  0x20, 0x20, 0x20, 0x20, 0x20, 0x20, 0x20, 0x20, 0x22, 0x73, 0x74, 0x61,
  0x74, 0x5f, 0x69, 0x64, 0x22, 0x3a, 0x20, 0x31, 0x30, 0x37, 0x37, 0x2c,
  0x0a, 0x20, 0x20, 0x20, 0x20, 0x20, 0x20, 0x20, 0x20, 0x20, 0x20, 0x22,
  0x75, 0x70, 0x67, 0x72, 0x61, 0x64, 0x65, 0x5f, 0x69, 0x64, 0x22, 0x3a,
  0x20, 0x37, 0x34, 0x39, 0x37, 0x38, 0x2c, 0x0a, 0x20, 0x20, 0x20, 0x20,
  0x20, 0x20, 0x20, 0x20, 0x20, 0x20, 0x22, 0x69, 0x6e, 0x66, 0x75, 0x73,
  0x69, 0x6f, 0x6e, 0x73, 0x22, 0x3a, 0x20, 0x5b, 0x5d, 0x0a, 0x20, 0x20,
  0x20, 0x20, 0x20, 0x20, 0x20, 0x20, 0x7d, 0x2c, 0x0a, 0x20, 0x20, 0x20,
  0x20, 0x20, 0x20, 0x20, 0x20, 0x7b, 0x0a, 0x20, 0x20, 0x20, 0x20, 0x20,
  0x20, 0x20, 0x20, 0x20, 0x20, 0x22, 0x73, 0x6c, 0x6f, 0x74, 0x22, 0x3a,
  0x20, 0x22, 0x42, 0x61, 0x63, 0x6b, 0x49, 0x74, 0x65, 0x6d, 0x22, 0x2c,
  0x0a, 0x20, 0x20, 0x20, 0x20, 0x20, 0x20, 0x20, 0x20, 0x20, 0x20, 0x22,
  0x69, 0x74, 0x65, 0x6d, 0x5f, 0x69, 0x64, 0x22, 0x3a, 0x20, 0x37, 0x39,
  0x38, 0x33, 0x37, 0x2c, 0x0a, 0x20, 0x20, 0x20, 0x20, 0x20, 0x20, 0x20,
  0x20, 0x20, 0x20, 0x22, 0x73, 0x74, 0x61, 0x74, 0x5f, 0x69, 0x64, 0x22,
  0x3a, 0x20, 0x31, 0x30, 0x37, 0x37, 0x2c, 0x0a, 0x20, 0x20, 0x20, 0x20,
  0x20, 0x20, 0x20, 0x20, 0x20, 0x20, 0x22, 0x75, 0x70, 0x67, 0x72, 0x61,
  0x64, 0x65, 0x5f, 0x69, 0x64, 0x22, 0x3a, 0x20, 0x30, 0x2c, 0x0a, 0x20,
  0x20, 0x20, 0x20, 0x20, 0x20, 0x20, 0x20, 0x20, 0x20, 0x22, 0x69, 0x6e,
  0x66, 0x75, 0x73, 0x69, 0x6f, 0x6e, 0x73, 0x22, 0x3a, 0x20, 0x5b, 0x5d,
  0x0a, 0x20, 0x20, 0x20, 0x20, 0x20, 0x20, 0x20, 0x20, 0x7d, 0x2c, 0x0a,
  0x20, 0x20, 0x20, 0x20, 0x20, 0x20, 0x20, 0x20, 0x7b, 0x0a, 0x20, 0x20,
  0x20, 0x20, 0x20, 0x20, 0x20, 0x20, 0x20, 0x20, 0x22, 0x73, 0x6c, 0x6f,
  0x74, 0x22, 0x3a, 0x20, 0x22, 0x41, 0x63, 0x63, 0x65, 0x73, 0x73, 0x6f,
  0x72, 0x79, 0x31, 0x22, 0x2c, 0x0a, 0x20, 0x20, 0x20, 0x20, 0x20, 0x20,
  0x20, 0x20, 0x20, 0x20, 0x22, 0x69, 0x74, 0x65, 0x6d, 0x5f, 0x69, 0x64,
  0x22, 0x3a, 0x20, 0x37, 0x39, 0x37, 0x34, 0x35, 0x2c, 0x0a, 0x20, 0x20,
  0x20, 0x20, 0x20, 0x20, 0x20, 0x20, 0x20, 0x20, 0x22, 0x73, 0x74, 0x61,
  0x74, 0x5f, 0x69, 0x64, 0x22, 0x3a, 0x20, 0x31, 0x30, 0x37, 0x37, 0x2c,
  0x0a, 0x20, 0x20, 0x20, 0x20, 0x20, 0x20, 0x20, 0x20, 0x20, 0x20, 0x22,
  0x75, 0x70, 0x67, 0x72, 0x61, 0x64, 0x65, 0x5f, 0x69, 0x64, 0x22, 0x3a,
  0x20, 0x30, 0x2c, 0x0a, 0x20, 0x20, 0x20, 0x20, 0x20, 0x20, 0x20, 0x20,
  0x20, 0x20, 0x22, 0x69, 0x6e, 0x66, 0x75, 0x73, 0x69, 0x6f, 0x6e, 0x73,
  0x22, 0x3a, 0x20, 0x5b, 0x5d, 0x0a, 0x20, 0x20, 0x20, 0x20, 0x20, 0x20,
  0x20, 0x20, 0x7d, 0x2c, 0x0a, 0x20, 0x20, 0x20, 0x20, 0x20, 0x20, 0x20,
  0x20, 0x7b, 0x0a, 0x20, 0x20, 0x20, 0x20, 0x20, 0x20, 0x20, 0x20, 0x20,
  0x20, 0x22, 0x73, 0x6c, 0x6f, 0x74, 0x22, 0x3a, 0x20, 0x22, 0x41, 0x63,
  0x63, 0x65, 0x73, 0x73, 0x6f, 0x72, 0x79, 0x32, 0x22, 0x2c, 0x0a, 0x20,
  0x20, 0x20, 0x20, 0x20, 0x20, 0x20, 0x20, 0x20, 0x20, 0x22, 0x69, 0x74,
  0x65, 0x6d, 0x5f, 0x69, 0x64, 0x22, 0x3a, 0x20, 0x37, 0x39, 0x34, 0x34,
  0x34, 0x2c, 0x0a, 0x20, 0x20, 0x20, 0x20, 0x20, 0x20, 0x20, 0x20, 0x20,
  0x20, 0x22, 0x73, 0x74, 0x61, 0x74, 0x5f, 0x69, 0x64, 0x22, 0x3a, 0x20,
  0x31, 0x30, 0x37, 0x37, 0x2c, 0x0a, 0x20, 0x20, 0x20, 0x20, 0x20, 0x20,
  0x20, 0x20, 0x20, 0x20, 0x22, 0x75, 0x70, 0x67, 0x72, 0x61, 0x64, 0x65,
  0x5f, 0x69, 0x64, 0x22, 0x3a, 0x20, 0x30, 0x2c, 0x0a, 0x20, 0x20, 0x20,
  0x20, 0x20, 0x20, 0x20, 0x20, 0x20, 0x20, 0x22, 0x69, 0x6e, 0x66, 0x75,
  0x73, 0x69, 0x6f, 0x6e, 0x73, 0x22, 0x3a, 0x20, 0x5b, 0x5d, 0x0a, 0x20,
  0x20, 0x20, 0x20, 0x20, 0x20, 0x20, 0x20, 0x7d, 0x2c, 0x0a, 0x20, 0x20,
  0x20, 0x20, 0x20, 0x20, 0x20, 0x20, 0x7b, 0x0a, 0x20, 0x20, 0x20, 0x20,
  0x20, 0x20, 0x20, 0x20, 0x20, 0x20, 0x22, 0x73, 0x6c, 0x6f, 0x74, 0x22,
  0x3a, 0x20, 0x22, 0x41, 0x6d, 0x75, 0x6c, 0x65, 0x74, 0x22, 0x2c, 0x0a,
  0x20, 0x20, 0x20, 0x20, 0x20, 0x20, 0x20, 0x20, 0x20, 0x20, 0x22, 0x69,
  0x74, 0x65, 0x6d, 0x5f, 0x69, 0x64, 0x22, 0x3a, 0x20, 0x38, 0x31, 0x31,
  0x36, 0x39, 0x2c, 0x0a, 0x20, 0x20, 0x20, 0x20, 0x20, 0x20, 0x20, 0x20,
  0x20, 0x20, 0x22, 0x73, 0x74, 0x61, 0x74, 0x5f, 0x69, 0x64, 0x22, 0x3a,
  0x20, 0x31, 0x30, 0x37, 0x37, 0x2c, 0x0a, 0x20, 0x20, 0x20, 0x20, 0x20,
  0x20, 0x20, 0x20, 0x20, 0x20, 0x22, 0x75, 0x70, 0x67, 0x72, 0x61, 0x64,
  0x65, 0x5f, 0x69, 0x64, 0x22, 0x3a, 0x20, 0x30, 0x2c, 0x0a, 0x20, 0x20,
  0x20, 0x20, 0x20, 0x20, 0x20, 0x20, 0x20, 0x20, 0x22, 0x69, 0x6e, 0x66,
  0x75, 0x73, 0x69, 0x6f, 0x6e, 0x73, 0x22, 0x3a, 0x20, 0x5b, 0x5d, 0x0a,
  0x20, 0x20, 0x20, 0x20, 0x20, 0x20, 0x20, 0x20, 0x7d, 0x2c, 0x0a, 0x20,
  0x20, 0x20, 0x20, 0x20, 0x20, 0x20, 0x20, 0x7b, 0x0a, 0x20, 0x20, 0x20,
  0x20, 0x20, 0x20, 0x20, 0x20, 0x20, 0x20, 0x22, 0x73, 0x6c, 0x6f, 0x74,
  0x22, 0x3a, 0x20, 0x22, 0x52, 0x69, 0x6e, 0x67, 0x31, 0x22, 0x2c, 0x0a,
  0x20, 0x20, 0x20, 0x20, 0x20, 0x20, 0x20, 0x20, 0x20, 0x20, 0x22, 0x69,
  0x74, 0x65, 0x6d, 0x5f, 0x69, 0x64, 0x22, 0x3a, 0x20, 0x37, 0x39, 0x37,
  0x31, 0x30, 0x2c, 0x0a, 0x20, 0x20, 0x20, 0x20, 0x20, 0x20, 0x20, 0x20,
  0x20, 0x20, 0x22, 0x73, 0x74, 0x61, 0x74, 0x5f, 0x69, 0x64, 0x22, 0x3a,
  0x20, 0x31, 0x30, 0x37, 0x37, 0x2c, 0x0a, 0x20, 0x20, 0x20, 0x20, 0x20,
  0x20, 0x20, 0x20, 0x20, 0x20, 0x22, 0x75, 0x70, 0x67, 0x72, 0x61, 0x64,
  0x65, 0x5f, 0x69, 0x64, 0x22, 0x3a, 0x20, 0x30, 0x2c, 0x0a, 0x20, 0x20,
  0x20, 0x20, 0x20, 0x20, 0x20, 0x20, 0x20, 0x20, 0x22, 0x69, 0x6e, 0x66,
  0x75, 0x73, 0x69, 0x6f, 0x6e, 0x73, 0x22, 0x3a, 0x20, 0x5b, 0x5d, 0x0a,
  0x20, 0x20, 0x20, 0x20, 0x20, 0x20, 0x20, 0x20, 0x7d, 0x2c, 0x0a, 0x20,
  0x20, 0x20, 0x20, 0x20, 0x20, 0x20, 0x20, 0x7b, 0x0a, 0x20, 0x20, 0x20,
  0x20, 0x20, 0x20, 0x20, 0x20, 0x20, 0x20, 0x22, 0x73, 0x6c, 0x6f, 0x74,
  0x22, 0x3a, 0x20, 0x22, 0x52, 0x69, 0x6e, 0x67, 0x32, 0x22, 0x2c, 0x0a,
  0x20, 0x20, 0x20, 0x20, 0x20, 0x20, 0x20, 0x20, 0x20, 0x20, 0x22, 0x69,
  0x74, 0x65, 0x6d, 0x5f, 0x69, 0x64, 0x22, 0x3a, 0x20, 0x38, 0x31, 0x31,
  0x36, 0x37, 0x2c, 0x0a, 0x20, 0x20, 0x20, 0x20, 0x20, 0x20, 0x20, 0x20,
  0x20, 0x20, 0x22, 0x73, 0x74, 0x61, 0x74, 0x5f, 0x69, 0x64, 0x22, 0x3a,
  0x20, 0x31, 0x30, 0x37, 0x37, 0x2c, 0x0a, 0x20, 0x20, 0x20, 0x20, 0x20,
  0x20, 0x20, 0x20, 0x20, 0x20, 0x22, 0x75, 0x70, 0x67, 0x72, 0x61, 0x64,
  0x65, 0x5f, 0x69, 0x64, 0x22, 0x3a, 0x20, 0x30, 0x2c, 0x0a, 0x20, 0x20,
  0x20, 0x20, 0x20, 0x20, 0x20, 0x20, 0x20, 0x20, 0x22, 0x69, 0x6e, 0x66,
  0x75, 0x73, 0x69, 0x6f, 0x6e, 0x73, 0x22, 0x3a, 0x20, 0x5b, 0x5d, 0x0a,
  0x20, 0x20, 0x20, 0x20, 0x20, 0x20, 0x20, 0x20, 0x7d, 0x2c, 0x0a, 0x20,
  0x20, 0x20, 0x20, 0x20, 0x20, 0x20, 0x20, 0x7b, 0x0a, 0x20, 0x20, 0x20,
  0x20, 0x20, 0x20, 0x20, 0x20, 0x20, 0x20, 0x22, 0x73, 0x6c, 0x6f, 0x74,
  0x22, 0x3a, 0x20, 0x22, 0x57, 0x65, 0x61, 0x70, 0x6f, 0x6e, 0x41, 0x31,
  0x22, 0x2c, 0x0a, 0x20, 0x20, 0x20, 0x20, 0x20, 0x20, 0x20, 0x20, 0x20,
  0x20, 0x22, 0x69, 0x74, 0x65, 0x6d, 0x5f, 0x69, 0x64, 0x22, 0x3a, 0x20,
  0x34, 0x36, 0x37, 0x36, 0x37, 0x2c, 0x0a, 0x20, 0x20, 0x20, 0x20, 0x20,
  0x20, 0x20, 0x20, 0x20, 0x20, 0x22, 0x73, 0x74, 0x61, 0x74, 0x5f, 0x69,
  0x64, 0x22, 0x3a, 0x20, 0x31, 0x30, 0x37, 0x37, 0x2c, 0x0a, 0x20, 0x20,
  0x20, 0x20, 0x20, 0x20, 0x20, 0x20, 0x20, 0x20, 0x22, 0x75, 0x70, 0x67,
  0x72, 0x61, 0x64, 0x65, 0x5f, 0x69, 0x64, 0x22, 0x3a, 0x20, 0x32, 0x34,
  0x36, 0x31, 0x35, 0x2c, 0x0a, 0x20, 0x20, 0x20, 0x20, 0x20, 0x20, 0x20,
  0x20, 0x20, 0x20, 0x22, 0x69, 0x6e, 0x66, 0x75, 0x73, 0x69, 0x6f, 0x6e,
  0x73, 0x22, 0x3a, 0x20, 0x5b, 0x5d, 0x0a, 0x20, 0x20, 0x20, 0x20, 0x20,
  0x20, 0x20, 0x20, 0x7d, 0x2c, 0x0a, 0x20, 0x20, 0x20, 0x20, 0x20, 0x20,
  0x20, 0x20, 0x7b, 0x0a, 0x20, 0x20, 0x20, 0x20, 0x20, 0x20, 0x20, 0x20,
  0x20, 0x20, 0x22, 0x73, 0x6c, 0x6f, 0x74, 0x22, 0x3a, 0x20, 0x22, 0x57,
  0x65, 0x61, 0x70, 0x6f, 0x6e, 0x41, 0x32, 0x22, 0x2c, 0x0a, 0x20, 0x20,
  0x20, 0x20, 0x20, 0x20, 0x20, 0x20, 0x20, 0x20, 0x22, 0x69, 0x74, 0x65,
  0x6d, 0x5f, 0x69, 0x64, 0x22, 0x3a, 0x20, 0x34, 0x36, 0x37, 0x36, 0x37,
  0x2c, 0x0a, 0x20, 0x20, 0x20, 0x20, 0x20, 0x20, 0x20, 0x20, 0x20, 0x20,
  0x22, 0x73, 0x74, 0x61, 0x74, 0x5f, 0x69, 0x64, 0x22, 0x3a, 0x20, 0x31,
  0x30, 0x37, 0x37, 0x2c, 0x0a, 0x20, 0x20, 0x20, 0x20, 0x20, 0x20, 0x20,
  0x20, 0x20, 0x20, 0x22, 0x75, 0x70, 0x67, 0x72, 0x61, 0x64, 0x65, 0x5f,
  0x69, 0x64, 0x22, 0x3a, 0x20, 0x32, 0x34, 0x38, 0x36, 0x38, 0x2c, 0x0a,
  0x20, 0x20, 0x20, 0x20, 0x20, 0x20, 0x20, 0x20, 0x20, 0x20, 0x22, 0x69,
  0x6e, 0x66, 0x75, 0x73, 0x69, 0x6f, 0x6e, 0x73, 0x22, 0x3a, 0x20, 0x5b,
  0x5d, 0x0a, 0x20, 0x20, 0x20, 0x20, 0x20, 0x20, 0x20, 0x20, 0x7d, 0x0a,
  0x20, 0x20, 0x20, 0x20, 0x20, 0x20, 0x5d, 0x0a, 0x20, 0x20, 0x20, 0x20,
  0x7d, 0x2c, 0x0a, 0x20, 0x20, 0x20, 0x20, 0x22, 0x72, 0x6f, 0x74, 0x61,
  0x74, 0x69, 0x6f, 0x6e, 0x22, 0x3a, 0x20, 0x7b, 0x0a, 0x20, 0x20, 0x20,
  0x20, 0x20, 0x20, 0x22, 0x6f, 0x70, 0x65, 0x6e, 0x65, 0x72, 0x22, 0x3a,
  0x20, 0x5b, 0x5d, 0x2c, 0x0a, 0x20, 0x20, 0x20, 0x20, 0x20, 0x20, 0x22,
  0x6c, 0x6f, 0x6f, 0x70, 0x22, 0x3a, 0x20, 0x5b, 0x5d, 0x0a, 0x20, 0x20,
  0x20, 0x20, 0x7d, 0x0a, 0x20, 0x20, 0x7d, 0x2c, 0x0a, 0x20, 0x20, 0x7b,
  0x0a, 0x20, 0x20, 0x20, 0x20, 0x22, 0x69, 0x64, 0x22, 0x3a, 0x20, 0x22,
  0x74, 0x68, 0x69, 0x65, 0x66, 0x2d, 0x63, 0x6f, 0x6e, 0x64, 0x69, 0x74,
  0x69, 0x6f, 0x6e, 0x2d, 0x73, 0x70, 0x65, 0x63, 0x74, 0x65, 0x72, 0x22,
  0x2c, 0x0a, 0x20, 0x20, 0x20, 0x20, 0x22, 0x6e, 0x61, 0x6d, 0x65, 0x22,
  0x3a, 0x20, 0x22, 0x43, 0x6f, 0x6e, 0x64, 0x69, 0x74, 0x69, 0x6f, 0x6e,
  0x20, 0x53, 0x70, 0x65, 0x63, 0x74, 0x65, 0x72, 0x22, 0x2c, 0x0a, 0x20,
  0x20, 0x20, 0x20, 0x22, 0x70, 0x72, 0x6f, 0x66, 0x65, 0x73, 0x73, 0x69,
  0x6f, 0x6e, 0x22, 0x3a, 0x20, 0x22, 0x54, 0x68, 0x69, 0x65, 0x66, 0x22,
  0x2c, 0x0a, 0x20, 0x20, 0x20, 0x20, 0x22, 0x65, 0x6c, 0x69, 0x74, 0x65,
  0x5f, 0x73, 0x70, 0x65, 0x63, 0x22, 0x3a, 0x20, 0x22, 0x53, 0x70, 0x65,
  0x63, 0x74, 0x65, 0x72, 0x22, 0x2c, 0x0a, 0x20, 0x20, 0x20, 0x20, 0x22,
  0x62, 0x75, 0x69, 0x6c, 0x64, 0x5f, 0x74, 0x79, 0x70, 0x65, 0x22, 0x3a,
  0x20, 0x22, 0x43, 0x6f, 0x6e, 0x64, 0x69, 0x22, 0x2c, 0x0a, 0x20, 0x20,
  0x20, 0x20, 0x22, 0x70, 0x61, 0x74, 0x63, 0x68, 0x5f, 0x76, 0x65, 0x72,
  0x73, 0x69, 0x6f, 0x6e, 0x22, 0x3a, 0x20, 0x22, 0x22, 0x2c, 0x0a, 0x20,
  0x20, 0x20, 0x20, 0x22, 0x62, 0x65, 0x6e, 0x63, 0x68, 0x6d, 0x61, 0x72,
  0x6b, 0x5f, 0x64, 0x70, 0x73, 0x22, 0x3a, 0x20, 0x30, 0x2e, 0x30, 0x2c,
  0x0a, 0x20, 0x20, 0x20, 0x20, 0x22, 0x6e, 0x6f, 0x74, 0x65, 0x73, 0x22,
  0x3a, 0x20, 0x22, 0x47, 0x75, 0x69, 0x6c, 0x64, 0x20, 0x57, 0x61, 0x72,
  0x73, 0x20, 0x32, 0x20, 0x43, 0x6f, 0x6e, 0x64, 0x69, 0x74, 0x69, 0x6f,
  0x6e, 0x20, 0x53, 0x70, 0x65, 0x63, 0x74, 0x65, 0x72, 0x20, 0x2d, 0x20,
  0x53, 0x63, 0x65, 0x70, 0x74, 0x65, 0x72, 0x20, 0x26, 0x20, 0x44, 0x61,
  0x67, 0x67, 0x65, 0x72, 0x20, 0x4d, 0x65, 0x74, 0x61, 0x20, 0x62, 0x75,
  0x69, 0x6c, 0x64, 0x20, 0x66, 0x6f, 0x72, 0x20, 0x61, 0x63, 0x63, 0x65,
  0x73, 0x73, 0x69, 0x62, 0x75, 0x69, 0x6c, 0x64, 0x73, 0x3a, 0x20, 0x63,
  0x6f, 0x6d, 0x70, 0x6c, 0x65, 0x74, 0x65, 0x20, 0x67, 0x75, 0x69, 0x64,
  0x65, 0x20, 0x77, 0x69, 0x74, 0x68, 0x20, 0x67, 0x65, 0x61, 0x72, 0x2c,
  0x20, 0x72, 0x75, 0x6e, 0x65, 0x73, 0x2c, 0x20, 0x72, 0x65, 0x6c, 0x69,
  0x63, 0x73, 0x2c, 0x20, 0x74, 0x72, 0x61, 0x69, 0x74, 0x73, 0x2c, 0x20,
  0x61, 0x6e, 0x64, 0x20, 0x72, 0x6f, 0x74, 0x61, 0x74, 0x69, 0x6f, 0x6e,
  0x20, 0x74, 0x69, 0x70, 0x73, 0x2e, 0x22, 0x2c, 0x0a, 0x20, 0x20, 0x20,
  0x20, 0x22, 0x73, 0x6f, 0x75, 0x72, 0x63, 0x65, 0x5f, 0x75, 0x72, 0x6c,
  0x22, 0x3a, 0x20, 0x22, 0x68, 0x74, 0x74, 0x70, 0x73, 0x3a, 0x2f, 0x2f,
  0x73, 0x6e, 0x6f, 0x77, 0x63, 0x72, 0x6f, 0x77, 0x73, 0x2e, 0x63, 0x6f,
  0x6d, 0x2f, 0x62, 0x75, 0x69, 0x6c, 0x64, 0x73, 0x2f, 0x61, 0x63, 0x63,
  0x65, 0x73, 0x73, 0x69, 0x62, 0x75, 0x69, 0x6c, 0x64, 0x73, 0x2f, 0x74,
  0x68, 0x69, 0x65, 0x66, 0x2f, 0x63, 0x6f, 0x6e, 0x64, 0x69, 0x74, 0x69,
  0x6f, 0x6e, 0x2d, 0x73, 0x70, 0x65, 0x63, 0x74, 0x65, 0x72, 0x22, 0x2c,
  0x0a, 0x20, 0x20, 0x20, 0x20, 0x22, 0x63, 0x68, 0x61, 0x74, 0x5f, 0x63,
  0x6f, 0x64, 0x65, 0x22, 0x3a, 0x20, 0x22, 0x5b, 0x26, 0x44, 0x51, 0x55,
  0x63, 0x47, 0x79, 0x77, 0x33, 0x52, 0x78, 0x55, 0x6b, 0x44, 0x77, 0x41,
  0x41, 0x4c, 0x77, 0x45, 0x41, 0x41, 0x46, 0x55, 0x42, 0x41, 0x41, 0x41,
  0x2b, 0x41, 0x51, 0x41, 0x41, 0x44, 0x67, 0x45, 0x41, 0x41, 0x41, 0x41,
  0x41, 0x41, 0x41, 0x41, 0x41, 0x41, 0x41, 0x41, 0x41, 0x41, 0x41, 0x41,
  0x41, 0x41, 0x41, 0x41, 0x41, 0x41, 0x41, 0x41, 0x3d, 0x5d, 0x22, 0x2c,
  0x0a, 0x20, 0x20, 0x20, 0x20, 0x22, 0x69, 0x73, 0x5f, 0x6c, 0x65, 0x67,
  0x61, 0x63, 0x79, 0x22, 0x3a, 0x20, 0x66, 0x61, 0x6c, 0x73, 0x65, 0x2c,
  0x0a, 0x20, 0x20, 0x20, 0x20, 0x22, 0x61, 0x63, 0x63, 0x65, 0x73, 0x73,
  0x69, 0x62, 0x69, 0x6c, 0x69, 0x74, 0x79, 0x22, 0x3a, 0x20, 0x74, 0x72,
  0x75, 0x65, 0x2c, 0x0a, 0x20, 0x20, 0x20, 0x20, 0x22, 0x74, 0x72, 0x61,
  0x69, 0x74, 0x73, 0x22, 0x3a, 0x20, 0x7b, 0x0a, 0x20, 0x20, 0x20, 0x20,
  0x20, 0x20, 0x22, 0x6c, 0x69, 0x6e, 0x65, 0x31, 0x22, 0x3a, 0x20, 0x7b,
  0x0a, 0x20, 0x20, 0x20, 0x20, 0x20, 0x20, 0x20, 0x20, 0x22, 0x73, 0x70,
  0x65, 0x63, 0x5f, 0x69, 0x64, 0x22, 0x3a, 0x20, 0x32, 0x38, 0x2c, 0x0a,
  0x20, 0x20, 0x20, 0x20, 0x20, 0x20, 0x20, 0x20, 0x22, 0x74, 0x72, 0x61,
  0x69, 0x74, 0x73, 0x22, 0x3a, 0x20, 0x5b, 0x0a, 0x20, 0x20, 0x20, 0x20,
  0x20, 0x20, 0x20, 0x20, 0x20, 0x20, 0x31, 0x31, 0x36, 0x34, 0x2c, 0x0a,
  0x20, 0x20, 0x20, 0x20, 0x20, 0x20, 0x20, 0x20, 0x20, 0x20, 0x31, 0x32,
  0x39, 0x32, 0x2c, 0x0a, 0x20, 0x20, 0x20, 0x20, 0x20, 0x20, 0x20, 0x20,
  0x20, 0x20, 0x31, 0x32, 0x39, 0x31, 0x0a, 0x20, 0x20, 0x20, 0x20, 0x20,
  0x20, 0x20, 0x20, 0x5d, 0x0a, 0x20, 0x20, 0x20, 0x20, 0x20, 0x20, 0x7d,
  0x2c, 0x0a, 0x20, 0x20, 0x20, 0x20, 0x20, 0x20, 0x22, 0x6c, 0x69, 0x6e,
  0x65, 0x32, 0x22, 0x3a, 0x20, 0x7b, 0x0a, 0x20, 0x20, 0x20, 0x20, 0x20,
  0x20, 0x20, 0x20, 0x22, 0x73, 0x70, 0x65, 0x63, 0x5f, 0x69, 0x64, 0x22,
  0x3a, 0x20, 0x34, 0x34, 0x2c, 0x0a, 0x20, 0x20, 0x20, 0x20, 0x20, 0x20,
  0x20, 0x20, 0x22, 0x74, 0x72, 0x61, 0x69, 0x74, 0x73, 0x22, 0x3a, 0x20,
  0x5b, 0x0a, 0x20, 0x20, 0x20, 0x20, 0x20, 0x20, 0x20, 0x20, 0x20, 0x20,
  0x31, 0x31, 0x36, 0x33, 0x2c, 0x0a, 0x20, 0x20, 0x20, 0x20, 0x20, 0x20,
  0x20, 0x20, 0x20, 0x20, 0x31, 0x32, 0x37, 0x37, 0x2c, 0x0a, 0x20, 0x20,
  0x20, 0x20, 0x20, 0x20, 0x20, 0x20, 0x20, 0x20, 0x31, 0x37, 0x30, 0x36,
  0x0a, 0x20, 0x20, 0x20, 0x20, 0x20, 0x20, 0x20, 0x20, 0x5d, 0x0a, 0x20,
  0x20, 0x20, 0x20, 0x20, 0x20, 0x7d, 0x2c, 0x0a, 0x20, 0x20, 0x20, 0x20,
  0x20, 0x20, 0x22, 0x6c, 0x69, 0x6e, 0x65, 0x33, 0x22, 0x3a, 0x20, 0x7b,
  0x0a, 0x20, 0x20, 0x20, 0x20, 0x20, 0x20, 0x20, 0x20, 0x22, 0x73, 0x70,
  0x65, 0x63, 0x5f, 0x69, 0x64, 0x22, 0x3a, 0x20, 0x37, 0x31, 0x2c, 0x0a,
  0x20, 0x20, 0x20, 0x20, 0x20, 0x20, 0x20, 0x20, 0x22, 0x74, 0x72, 0x61,
  0x69, 0x74, 0x73, 0x22, 0x3a, 0x20, 0x5b, 0x0a, 0x20, 0x20, 0x20, 0x20,
  0x20, 0x20, 0x20, 0x20, 0x20, 0x20, 0x32, 0x32, 0x38, 0x34, 0x2c, 0x0a,
  0x20, 0x20, 0x20, 0x20, 0x20, 0x20, 0x20, 0x20, 0x20, 0x20, 0x32, 0x32,
  0x39, 0x30, 0x2c, 0x0a, 0x20, 0x20, 0x20, 0x20, 0x20, 0x20, 0x20, 0x20,
  0x20, 0x20, 0x32, 0x32, 0x36, 0x34, 0x0a, 0x20, 0x20, 0x20, 0x20, 0x20,
  0x20, 0x20, 0x20, 0x5d, 0x0a, 0x20, 0x20, 0x20, 0x20, 0x20, 0x20, 0x7d,
  0x0a, 0x20, 0x20, 0x20, 0x20, 0x7d, 0x2c, 0x0a, 0x20, 0x20, 0x20, 0x20,
  0x22, 0x73, 0x6b, 0x69, 0x6c, 0x6c, 0x73, 0x22, 0x3a, 0x20, 0x7b, 0x0a,
  0x20, 0x20, 0x20, 0x20, 0x20, 0x20, 0x22, 0x68, 0x65, 0x61, 0x6c, 0x22,
  0x3a, 0x20, 0x32, 0x31, 0x37, 0x37, 0x38, 0x2c, 0x0a, 0x20, 0x20, 0x20,
  0x20, 0x20, 0x20, 0x22, 0x75, 0x74, 0x69, 0x6c, 0x69, 0x74, 0x69, 0x65,
  0x73, 0x22, 0x3a, 0x20, 0x5b, 0x0a, 0x20, 0x20, 0x20, 0x20, 0x20, 0x20,
  0x20, 0x20, 0x31, 0x33, 0x30, 0x33, 0x37, 0x2c, 0x0a, 0x20, 0x20, 0x20,
  0x20, 0x20, 0x20, 0x20, 0x20, 0x31, 0x33, 0x30, 0x39, 0x33, 0x2c, 0x0a,
  0x20, 0x20, 0x20, 0x20, 0x20, 0x20, 0x20, 0x20, 0x31, 0x33, 0x30, 0x35,
  0x35, 0x0a, 0x20, 0x20, 0x20, 0x20, 0x20, 0x20, 0x5d, 0x2c, 0x0a, 0x20,
  0x20, 0x20, 0x20, 0x20, 0x20, 0x22, 0x65, 0x6c, 0x69, 0x74, 0x65, 0x22,
  0x3a, 0x20, 0x31, 0x33, 0x31, 0x33, 0x32, 0x0a, 0x20, 0x20, 0x20, 0x20,
  0x7d, 0x2c, 0x0a, 0x20, 0x20, 0x20, 0x20, 0x22, 0x6c, 0x65, 0x67, 0x65,
  0x6e, 0x64, 0x73, 0x22, 0x3a, 0x20, 0x5b, 0x0a, 0x20, 0x20, 0x20, 0x20,
  0x20, 0x20, 0x30, 0x2c, 0x0a, 0x20, 0x20, 0x20, 0x20, 0x20, 0x20, 0x30,
  0x0a, 0x20, 0x20, 0x20, 0x20, 0x5d, 0x2c, 0x0a, 0x20, 0x20, 0x20, 0x20,
  0x22, 0x70, 0x65, 0x74, 0x73, 0x22, 0x3a, 0x20, 0x5b, 0x0a, 0x20, 0x20,
  0x20, 0x20, 0x20, 0x20, 0x30, 0x2c, 0x0a, 0x20, 0x20, 0x20, 0x20, 0x20,
  0x20, 0x30, 0x0a, 0x20, 0x20, 0x20, 0x20, 0x5d, 0x2c, 0x0a, 0x20, 0x20,
  0x20, 0x20, 0x22, 0x67, 0x65, 0x61, 0x72, 0x22, 0x3a, 0x20, 0x7b, 0x0a,
  0x20, 0x20, 0x20, 0x20, 0x20, 0x20, 0x22, 0x72, 0x65, 0x6c, 0x69, 0x63,
  0x5f, 0x69, 0x64, 0x22, 0x3a, 0x20, 0x31, 0x30, 0x30, 0x31, 0x35, 0x33,
  0x2c, 0x0a, 0x20, 0x20, 0x20, 0x20, 0x20, 0x20, 0x22, 0x66, 0x6f, 0x6f,
  0x64, 0x5f, 0x69, 0x64, 0x22, 0x3a, 0x20, 0x39, 0x35, 0x39, 0x34, 0x32,
  0x2c, 0x0a, 0x20, 0x20, 0x20, 0x20, 0x20, 0x20, 0x22, 0x75, 0x74, 0x69,
  0x6c, 0x69, 0x74, 0x79, 0x5f, 0x69, 0x64, 0x22, 0x3a, 0x20, 0x34, 0x38,
  0x39, 0x31, 0x37, 0x2c, 0x0a, 0x20, 0x20, 0x20, 0x20, 0x20, 0x20, 0x22,
  0x69, 0x74, 0x65, 0x6d, 0x73, 0x22, 0x3a, 0x20, 0x5b, 0x0a, 0x20, 0x20,
  0x20, 0x20, 0x20, 0x20, 0x20, 0x20, 0x7b, 0x0a, 0x20, 0x20, 0x20, 0x20,
  0x20, 0x20, 0x20, 0x20, 0x20, 0x20, 0x22, 0x73, 0x6c, 0x6f, 0x74, 0x22,
  0x3a, 0x20, 0x22, 0x48, 0x65, 0x6c, 0x6d, 0x22, 0x2c, 0x0a, 0x20, 0x20,
  0x20, 0x20, 0x20, 0x20, 0x20, 0x20, 0x20, 0x20, 0x22, 0x69, 0x74, 0x65,
  0x6d, 0x5f, 0x69, 0x64, 0x22, 0x3a, 0x20, 0x37, 0x34, 0x33, 0x35, 0x37,
  0x2c, 0x0a, 0x20, 0x20, 0x20, 0x20, 0x20, 0x20, 0x20, 0x20, 0x20, 0x20,
  0x22, 0x73, 0x74, 0x61, 0x74, 0x5f, 0x69, 0x64, 0x22, 0x3a, 0x20, 0x31,
  0x32, 0x36, 0x38, 0x2c, 0x0a, 0x20, 0x20, 0x20, 0x20, 0x20, 0x20, 0x20,
  0x20, 0x20, 0x20, 0x22, 0x75, 0x70, 0x67, 0x72, 0x61, 0x64, 0x65, 0x5f,
  0x69, 0x64, 0x22, 0x3a, 0x20, 0x36, 0x37, 0x33, 0x33, 0x39, 0x2c, 0x0a,
  0x20, 0x20, 0x20, 0x20, 0x20, 0x20, 0x20, 0x20, 0x20, 0x20, 0x22, 0x69,
  0x6e, 0x66, 0x75, 0x73, 0x69, 0x6f, 0x6e, 0x73, 0x22, 0x3a, 0x20, 0x5b,
  0x5d, 0x0a, 0x20, 0x20, 0x20, 0x20, 0x20, 0x20, 0x20, 0x20, 0x7d, 0x2c,
  0x0a, 0x20, 0x20, 0x20, 0x20, 0x20, 0x20, 0x20, 0x20, 0x7b, 0x0a, 0x20,
  0x20, 0x20, 0x20, 0x20, 0x20, 0x20, 0x20, 0x20, 0x20, 0x22, 0x73, 0x6c,
  0x6f, 0x74, 0x22, 0x3a, 0x20, 0x22, 0x53, 0x68, 0x6f, 0x75, 0x6c, 0x64,
  0x65, 0x72, 0x73, 0x22, 0x2c, 0x0a, 0x20, 0x20, 0x20, 0x20, 0x20, 0x20,
  0x20, 0x20, 0x20, 0x20, 0x22, 0x69, 0x74, 0x65, 0x6d, 0x5f, 0x69, 0x64,
  0x22, 0x3a, 0x20, 0x37, 0x32, 0x32, 0x35, 0x39, 0x2c, 0x0a, 0x20, 0x20,
  0x20, 0x20, 0x20, 0x20, 0x20, 0x20, 0x20, 0x20, 0x22, 0x73, 0x74, 0x61,
  0x74, 0x5f, 0x69, 0x64, 0x22, 0x3a, 0x20, 0x31, 0x32, 0x36, 0x38, 0x2c,
  0x0a, 0x20, 0x20, 0x20, 0x20, 0x20, 0x20, 0x20, 0x20, 0x20, 0x20, 0x22,
  0x75, 0x70, 0x67, 0x72, 0x61, 0x64, 0x65, 0x5f, 0x69, 0x64, 0x22, 0x3a,
  0x20, 0x36, 0x37, 0x33, 0x33, 0x39, 0x2c, 0x0a, 0x20, 0x20, 0x20, 0x20,
  0x20, 0x20, 0x20, 0x20, 0x20, 0x20, 0x22, 0x69, 0x6e, 0x66, 0x75, 0x73,
  0x69, 0x6f, 0x6e, 0x73, 0x22, 0x3a, 0x20, 0x5b, 0x5d, 0x0a, 0x20, 0x20,
  0x20, 0x20, 0x20, 0x20, 0x20, 0x20, 0x7d, 0x2c, 0x0a, 0x20, 0x20, 0x20,
  0x20, 0x20, 0x20, 0x20, 0x20, 0x7b, 0x0a, 0x20, 0x20, 0x20, 0x20, 0x20,
  0x20, 0x20, 0x20, 0x20, 0x20, 0x22, 0x73, 0x6c, 0x6f, 0x74, 0x22, 0x3a,
  0x20, 0x22, 0x43, 0x68, 0x65, 0x73, 0x74, 0x22, 0x2c, 0x0a, 0x20, 0x20,
  0x20, 0x20, 0x20, 0x20, 0x20, 0x20, 0x20, 0x20, 0x22, 0x69, 0x74, 0x65,
  0x6d, 0x5f, 0x69, 0x64, 0x22, 0x3a, 0x20, 0x37, 0x36, 0x37, 0x31, 0x30,
  0x2c, 0x0a, 0x20, 0x20, 0x20, 0x20, 0x20, 0x20, 0x20, 0x20, 0x20, 0x20,
  0x22, 0x73, 0x74, 0x61, 0x74, 0x5f, 0x69, 0x64, 0x22, 0x3a, 0x20, 0x31,
  0x32, 0x36, 0x38, 0x2c, 0x0a, 0x20, 0x20, 0x20, 0x20, 0x20, 0x20, 0x20,
  0x20, 0x20, 0x20, 0x22, 0x75, 0x70, 0x67, 0x72, 0x61, 0x64, 0x65, 0x5f,
  0x69, 0x64, 0x22, 0x3a, 0x20, 0x36, 0x37, 0x33, 0x33, 0x39, 0x2c, 0x0a,
  0x20, 0x20, 0x20, 0x20, 0x20, 0x20, 0x20, 0x20, 0x20, 0x20, 0x22, 0x69,
  0x6e, 0x66, 0x75, 0x73, 0x69, 0x6f, 0x6e, 0x73, 0x22, 0x3a, 0x20, 0x5b,
  0x5d, 0x0a, 0x20, 0x20, 0x20, 0x20, 0x20, 0x20, 0x20, 0x20, 0x7d, 0x2c,
  0x0a, 0x20, 0x20, 0x20, 0x20, 0x20, 0x20, 0x20, 0x20, 0x7b, 0x0a, 0x20,
  0x20, 0x20, 0x20, 0x20, 0x20, 0x20, 0x20, 0x20, 0x20, 0x22, 0x73, 0x6c,
  0x6f, 0x74, 0x22, 0x3a, 0x20, 0x22, 0x47, 0x6c, 0x6f, 0x76, 0x65, 0x73,
  0x22, 0x2c, 0x0a, 0x20, 0x20, 0x20, 0x20, 0x20, 0x20, 0x20, 0x20, 0x20,
  0x20, 0x22, 0x69, 0x74, 0x65, 0x6d, 0x5f, 0x69, 0x64, 0x22, 0x3a, 0x20,
  0x37, 0x35, 0x36, 0x32, 0x36, 0x2c, 0x0a, 0x20, 0x20, 0x20, 0x20, 0x20,
  0x20, 0x20, 0x20, 0x20, 0x20, 0x22, 0x73, 0x74, 0x61, 0x74, 0x5f, 0x69,
  0x64, 0x22, 0x3a, 0x20, 0x31, 0x32, 0x36, 0x38, 0x2c, 0x0a, 0x20, 0x20,
  0x20, 0x20, 0x20, 0x20, 0x20, 0x20, 0x20, 0x20, 0x22, 0x75, 0x70, 0x67,
  0x72, 0x61, 0x64, 0x65, 0x5f, 0x69, 0x64, 0x22, 0x3a, 0x20, 0x36, 0x37,
  0x33, 0x33, 0x39, 0x2c, 0x0a, 0x20, 0x20, 0x20, 0x20, 0x20, 0x20, 0x20,
  0x20, 0x20, 0x20, 0x22, 0x69, 0x6e, 0x66, 0x75, 0x73, 0x69, 0x6f, 0x6e,
  0x73, 0x22, 0x3a, 0x20, 0x5b, 0x5d, 0x0a, 0x20, 0x20, 0x20, 0x20, 0x20,
  0x20, 0x20, 0x20, 0x7d, 0x2c, 0x0a, 0x20, 0x20, 0x20, 0x20, 0x20, 0x20,
  0x20, 0x20, 0x7b, 0x0a, 0x20, 0x20, 0x20, 0x20, 0x20, 0x20, 0x20, 0x20,
  0x20, 0x20, 0x22, 0x73, 0x6c, 0x6f, 0x74, 0x22, 0x3a, 0x20, 0x22, 0x4c,
  0x65, 0x67, 0x67, 0x69, 0x6e, 0x67, 0x73, 0x22, 0x2c, 0x0a, 0x20, 0x20,
  0x20, 0x20, 0x20, 0x20, 0x20, 0x20, 0x20, 0x20, 0x22, 0x69, 0x74, 0x65,
  0x6d, 0x5f, 0x69, 0x64, 0x22, 0x3a, 0x20, 0x37, 0x30, 0x36, 0x34, 0x31,
  0x2c, 0x0a, 0x20, 0x20, 0x20, 0x20, 0x20, 0x20, 0x20, 0x20, 0x20, 0x20,
  0x22, 0x73, 0x74, 0x61, 0x74, 0x5f, 0x69, 0x64, 0x22, 0x3a, 0x20, 0x31,
  0x32, 0x36, 0x38, 0x2c, 0x0a, 0x20, 0x20, 0x20, 0x20, 0x20, 0x20, 0x20,
  0x20, 0x20, 0x20, 0x22, 0x75, 0x70, 0x67, 0x72, 0x61, 0x64, 0x65, 0x5f,
  0x69, 0x64, 0x22, 0x3a, 0x20, 0x36, 0x37, 0x33, 0x33, 0x39, 0x2c, 0x0a,
  0x20, 0x20, 0x20, 0x20, 0x20, 0x20, 0x20, 0x20, 0x20, 0x20, 0x22, 0x69,
  0x6e, 0x66, 0x75, 0x73, 0x69, 0x6f, 0x6e, 0x73, 0x22, 0x3a, 0x20, 0x5b,
  0x5d, 0x0a, 0x20, 0x20, 0x20, 0x20, 0x20, 0x20, 0x20, 0x20, 0x7d, 0x2c,
  0x0a, 0x20, 0x20, 0x20, 0x20, 0x20, 0x20, 0x20, 0x20, 0x7b, 0x0a, 0x20,
  0x20, 0x20, 0x20, 0x20, 0x20, 0x20, 0x20, 0x20, 0x20, 0x22, 0x73, 0x6c,
  0x6f, 0x74, 0x22, 0x3a, 0x20, 0x22, 0x42, 0x6f, 0x6f, 0x74, 0x73, 0x22,
  0x2c, 0x0a, 0x20, 0x20, 0x20, 0x20, 0x20, 0x20, 0x20, 0x20, 0x20, 0x20,
  0x22, 0x69, 0x74, 0x65, 0x6d, 0x5f, 0x69, 0x64, 0x22, 0x3a, 0x20, 0x37,
  0x33, 0x38, 0x35, 0x34, 0x2c, 0x0a, 0x20, 0x20, 0x20, 0x20, 0x20, 0x20,
  0x20, 0x20, 0x20, 0x20, 0x22, 0x73, 0x74, 0x61, 0x74, 0x5f, 0x69, 0x64,
  0x22, 0x3a, 0x20, 0x31, 0x32, 0x36, 0x38, 0x2c, 0x0a, 0x20, 0x20, 0x20,
  0x20, 0x20, 0x20, 0x20, 0x20, 0x20, 0x20, 0x22, 0x75, 0x70, 0x67, 0x72,
  0x61, 0x64, 0x65, 0x5f, 0x69, 0x64, 0x22, 0x3a, 0x20, 0x36, 0x37, 0x33,
  0x33, 0x39, 0x2c, 0x0a, 0x20, 0x20, 0x20, 0x20, 0x20, 0x20, 0x20, 0x20,
  0x20, 0x20, 0x22, 0x69, 0x6e, 0x66, 0x75, 0x73, 0x69, 0x6f, 0x6e, 0x73,
  0x22, 0x3a, 0x20, 0x5b, 0x5d, 0x0a, 0x20, 0x20, 0x20, 0x20, 0x20, 0x20,
  0x20, 0x20, 0x7d, 0x2c, 0x0a, 0x20, 0x20, 0x20, 0x20, 0x20, 0x20, 0x20,
  0x20, 0x7b, 0x0a, 0x20, 0x20, 0x20, 0x20, 0x20, 0x20, 0x20, 0x20, 0x20,
  0x20, 0x22, 0x73, 0x6c, 0x6f, 0x74, 0x22, 0x3a, 0x20, 0x22, 0x42, 0x61,
  0x63, 0x6b, 0x49, 0x74, 0x65, 0x6d, 0x22, 0x2c, 0x0a, 0x20, 0x20, 0x20,
  0x20, 0x20, 0x20, 0x20, 0x20, 0x20, 0x20, 0x22, 0x69, 0x74, 0x65, 0x6d,
  0x5f, 0x69, 0x64, 0x22, 0x3a, 0x20, 0x37, 0x39, 0x38, 0x33, 0x37, 0x2c,
  0x0a, 0x20, 0x20, 0x20, 0x20, 0x20, 0x20, 0x20, 0x20, 0x20, 0x20, 0x22,
  0x73, 0x74, 0x61, 0x74, 0x5f, 0x69, 0x64, 0x22, 0x3a, 0x20, 0x31, 0x32,
  0x36, 0x38, 0x2c, 0x0a, 0x20, 0x20, 0x20, 0x20, 0x20, 0x20, 0x20, 0x20,
  0x20, 0x20, 0x22, 0x75, 0x70, 0x67, 0x72, 0x61, 0x64, 0x65, 0x5f, 0x69,
  0x64, 0x22, 0x3a, 0x20, 0x30, 0x2c, 0x0a, 0x20, 0x20, 0x20, 0x20, 0x20,
  0x20, 0x20, 0x20, 0x20, 0x20, 0x22, 0x69, 0x6e, 0x66, 0x75, 0x73, 0x69,
  0x6f, 0x6e, 0x73, 0x22, 0x3a, 0x20, 0x5b, 0x5d, 0x0a, 0x20, 0x20, 0x20,
  0x20, 0x20, 0x20, 0x20, 0x20, 0x7d, 0x2c, 0x0a, 0x20, 0x20, 0x20, 0x20,
  0x20, 0x20, 0x20, 0x20, 0x7b, 0x0a, 0x20, 0x20, 0x20, 0x20, 0x20, 0x20,
  0x20, 0x20, 0x20, 0x20, 0x22, 0x73, 0x6c, 0x6f, 0x74, 0x22, 0x3a, 0x20,
  0x22, 0x41, 0x63, 0x63, 0x65, 0x73, 0x73, 0x6f, 0x72, 0x79, 0x31, 0x22,
  0x2c, 0x0a, 0x20, 0x20, 0x20, 0x20, 0x20, 0x20, 0x20, 0x20, 0x20, 0x20,
  0x22, 0x69, 0x74, 0x65, 0x6d, 0x5f, 0x69, 0x64, 0x22, 0x3a, 0x20, 0x37,
  0x39, 0x37, 0x34, 0x35, 0x2c, 0x0a, 0x20, 0x20, 0x20, 0x20, 0x20, 0x20,
  0x20, 0x20, 0x20, 0x20, 0x22, 0x73, 0x74, 0x61, 0x74, 0x5f, 0x69, 0x64,
  0x22, 0x3a, 0x20, 0x31, 0x32, 0x36, 0x38, 0x2c, 0x0a, 0x20, 0x20, 0x20,
  0x20, 0x20, 0x20, 0x20, 0x20, 0x20, 0x20, 0x22, 0x75, 0x70, 0x67, 0x72,
  0x61, 0x64, 0x65, 0x5f, 0x69, 0x64, 0x22, 0x3a, 0x20, 0x30, 0x2c, 0x0a,
  0x20, 0x20, 0x20, 0x20, 0x20, 0x20, 0x20, 0x20, 0x20, 0x20, 0x22, 0x69,
  0x6e, 0x66, 0x75, 0x73, 0x69, 0x6f, 0x6e, 0x73, 0x22, 0x3a, 0x20, 0x5b,
  0x5d, 0x0a, 0x20, 0x20, 0x20, 0x20, 0x20, 0x20, 0x20, 0x20, 0x7d, 0x2c,
  0x0a, 0x20, 0x20, 0x20, 0x20, 0x20, 0x20, 0x20, 0x20, 0x7b, 0x0a, 0x20,
  0x20, 0x20, 0x20, 0x20, 0x20, 0x20, 0x20, 0x20, 0x20, 0x22, 0x73, 0x6c,
  0x6f, 0x74, 0x22, 0x3a, 0x20, 0x22, 0x41, 0x63, 0x63, 0x65, 0x73, 0x73,
  0x6f, 0x72, 0x79, 0x32, 0x22, 0x2c, 0x0a, 0x20, 0x20, 0x20, 0x20, 0x20,
  0x20, 0x20, 0x20, 0x20, 0x20, 0x22, 0x69, 0x74, 0x65, 0x6d, 0x5f, 0x69,
  0x64, 0x22, 0x3a, 0x20, 0x37, 0x39, 0x34, 0x34, 0x34, 0x2c, 0x0a, 0x20,
  0x20, 0x20, 0x20, 0x20, 0x20, 0x20, 0x20, 0x20, 0x20, 0x22, 0x73, 0x74,
  0x61, 0x74, 0x5f, 0x69, 0x64, 0x22, 0x3a, 0x20, 0x31, 0x32, 0x36, 0x38,
  0x2c, 0x0a, 0x20, 0x20, 0x20, 0x20, 0x20, 0x20, 0x20, 0x20, 0x20, 0x20,
  0x22, 0x75, 0x70, 0x67, 0x72, 0x61, 0x64, 0x65, 0x5f, 0x69, 0x64, 0x22,
  0x3a, 0x20, 0x30, 0x2c, 0x0a, 0x20, 0x20, 0x20, 0x20, 0x20, 0x20, 0x20,
  0x20, 0x20, 0x20, 0x22, 0x69, 0x6e, 0x66, 0x75, 0x73, 0x69, 0x6f, 0x6e,
  0x73, 0x22, 0x3a, 0x20, 0x5b, 0x5d, 0x0a, 0x20, 0x20, 0x20, 0x20, 0x20,
  0x20, 0x20, 0x20, 0x7d, 0x2c, 0x0a, 0x20, 0x20, 0x20, 0x20, 0x20, 0x20,
  0x20, 0x20, 0x7b, 0x0a, 0x20, 0x20, 0x20, 0x20, 0x20, 0x20, 0x20, 0x20,
  0x20, 0x20, 0x22, 0x73, 0x6c, 0x6f, 0x74, 0x22, 0x3a, 0x20, 0x22, 0x41,
  0x6d, 0x75, 0x6c, 0x65, 0x74, 0x22, 0x2c, 0x0a, 0x20, 0x20, 0x20, 0x20,
  0x20, 0x20, 0x20, 0x20, 0x20, 0x20, 0x22, 0x69, 0x74, 0x65, 0x6d, 0x5f,
  0x69, 0x64, 0x22, 0x3a, 0x20, 0x38, 0x31, 0x31, 0x36, 0x39, 0x2c, 0x0a,
  0x20, 0x20, 0x20, 0x20, 0x20, 0x20, 0x20, 0x20, 0x20, 0x20, 0x22, 0x73,
  0x74, 0x61, 0x74, 0x5f, 0x69, 0x64, 0x22, 0x3a, 0x20, 0x31, 0x32, 0x36,
  0x38, 0x2c, 0x0a, 0x20, 0x20, 0x20, 0x20, 0x20, 0x20, 0x20, 0x20, 0x20,
  0x20, 0x22, 0x75, 0x70, 0x67, 0x72, 0x61, 0x64, 0x65, 0x5f, 0x69, 0x64,
  0x22, 0x3a, 0x20, 0x30, 0x2c, 0x0a, 0x20, 0x20, 0x20, 0x20, 0x20, 0x20,
  0x20, 0x20, 0x20, 0x20, 0x22, 0x69, 0x6e, 0x66, 0x75, 0x73, 0x69, 0x6f,
  0x6e, 0x73, 0x22, 0x3a, 0x20, 0x5b, 0x5d, 0x0a, 0x20, 0x20, 0x20, 0x20,
  0x20, 0x20, 0x20, 0x20, 0x7d, 0x2c, 0x0a, 0x20, 0x20, 0x20, 0x20, 0x20,
  0x20, 0x20, 0x20, 0x7b, 0x0a, 0x20, 0x20, 0x20, 0x20, 0x20, 0x20, 0x20,
  0x20, 0x20, 0x20, 0x22, 0x73, 0x6c, 0x6f, 0x74, 0x22, 0x3a, 0x20, 0x22,
  0x52, 0x69, 0x6e, 0x67, 0x31, 0x22, 0x2c, 0x0a, 0x20, 0x20, 0x20, 0x20,
  0x20, 0x20, 0x20, 0x20, 0x20, 0x20, 0x22, 0x69, 0x74, 0x65, 0x6d, 0x5f,
  0x69, 0x64, 0x22, 0x3a, 0x20, 0x37, 0x39, 0x37, 0x31, 0x30, 0x2c, 0x0a,
  0x20, 0x20, 0x20, 0x20, 0x20, 0x20, 0x20, 0x20, 0x20, 0x20, 0x22, 0x73,
  0x74, 0x61, 0x74, 0x5f, 0x69, 0x64, 0x22, 0x3a, 0x20, 0x31, 0x32, 0x36,
  0x38, 0x2c, 0x0a, 0x20, 0x20, 0x20, 0x20, 0x20, 0x20, 0x20, 0x20, 0x20,
  0x20, 0x22, 0x75, 0x70, 0x67, 0x72, 0x61, 0x64, 0x65, 0x5f, 0x69, 0x64,
  0x22, 0x3a, 0x20, 0x30, 0x2c, 0x0a, 0x20, 0x20, 0x20, 0x20, 0x20, 0x20,
  0x20, 0x20, 0x20, 0x20, 0x22, 0x69, 0x6e, 0x66, 0x75, 0x73, 0x69, 0x6f,
  0x6e, 0x73, 0x22, 0x3a, 0x20, 0x5b, 0x5d, 0x0a, 0x20, 0x20, 0x20, 0x20,
  0x20, 0x20, 0x20, 0x20, 0x7d, 0x2c, 0x0a, 0x20, 0x20, 0x20, 0x20, 0x20,
  0x20, 0x20, 0x20, 0x7b, 0x0a, 0x20, 0x20, 0x20, 0x20, 0x20, 0x20, 0x20,
  0x20, 0x20, 0x20, 0x22, 0x73, 0x6c, 0x6f, 0x74, 0x22, 0x3a, 0x20, 0x22,
  0x52, 0x69, 0x6e, 0x67, 0x32, 0x22, 0x2c, 0x0a, 0x20, 0x20, 0x20, 0x20,
  0x20, 0x20, 0x20, 0x20, 0x20, 0x20, 0x22, 0x69, 0x74, 0x65, 0x6d, 0x5f,
  0x69, 0x64, 0x22, 0x3a, 0x20, 0x38, 0x31, 0x31, 0x36, 0x37, 0x2c, 0x0a,
  0x20, 0x20, 0x20, 0x20, 0x20, 0x20, 0x20, 0x20, 0x20, 0x20, 0x22, 0x73,
  0x74, 0x61, 0x74, 0x5f, 0x69, 0x64, 0x22, 0x3a, 0x20, 0x31, 0x32, 0x36,
  0x38, 0x2c, 0x0a, 0x20, 0x20, 0x20, 0x20, 0x20, 0x20, 0x20, 0x20, 0x20,
  0x20, 0x22, 0x75, 0x70, 0x67, 0x72, 0x61, 0x64, 0x65, 0x5f, 0x69, 0x64,
  0x22, 0x3a, 0x20, 0x30, 0x2c, 0x0a, 0x20, 0x20, 0x20, 0x20, 0x20, 0x20,
  0x20, 0x20, 0x20, 0x20, 0x22, 0x69, 0x6e, 0x66, 0x75, 0x73, 0x69, 0x6f,
  0x6e, 0x73, 0x22, 0x3a, 0x20, 0x5b, 0x5d, 0x0a, 0x20, 0x20, 0x20, 0x20,
  0x20, 0x20, 0x20, 0x20, 0x7d, 0x2c, 0x0a, 0x20, 0x20, 0x20, 0x20, 0x20,
  0x20, 0x20, 0x20, 0x7b, 0x0a, 0x20, 0x20, 0x20, 0x20, 0x20, 0x20, 0x20,
  0x20, 0x20, 0x20, 0x22, 0x73, 0x6c, 0x6f, 0x74, 0x22, 0x3a, 0x20, 0x22,
  0x57, 0x65, 0x61, 0x70, 0x6f, 0x6e, 0x41, 0x31, 0x22, 0x2c, 0x0a, 0x20,
  0x20, 0x20, 0x20, 0x20, 0x20, 0x20, 0x20, 0x20, 0x20, 0x22, 0x69, 0x74,
  0x65, 0x6d, 0x5f, 0x69, 0x64, 0x22, 0x3a, 0x20, 0x37, 0x36, 0x36, 0x38,
  0x38, 0x2c, 0x0a, 0x20, 0x20, 0x20, 0x20, 0x20, 0x20, 0x20, 0x20, 0x20,
  0x20, 0x22, 0x73, 0x74, 0x61, 0x74, 0x5f, 0x69, 0x64, 0x22, 0x3a, 0x20,
  0x31, 0x32, 0x36, 0x38, 0x2c, 0x0a, 0x20, 0x20, 0x20, 0x20, 0x20, 0x20,
  0x20, 0x20, 0x20, 0x20, 0x22, 0x75, 0x70, 0x67, 0x72, 0x61, 0x64, 0x65,
  0x5f, 0x69, 0x64, 0x22, 0x3a, 0x20, 0x34, 0x38, 0x39, 0x31, 0x31, 0x2c,
  0x0a, 0x20, 0x20, 0x20, 0x20, 0x20, 0x20, 0x20, 0x20, 0x20, 0x20, 0x22,
  0x69, 0x6e, 0x66, 0x75, 0x73, 0x69, 0x6f, 0x6e, 0x73, 0x22, 0x3a, 0x20,
  0x5b, 0x5d, 0x0a, 0x20, 0x20, 0x20, 0x20, 0x20, 0x20, 0x20, 0x20, 0x7d,
  0x2c, 0x0a, 0x20, 0x20, 0x20, 0x20, 0x20, 0x20, 0x20, 0x20, 0x7b, 0x0a,
  0x20, 0x20, 0x20, 0x20, 0x20, 0x20, 0x20, 0x20, 0x20, 0x20, 0x22, 0x73,
  0x6c, 0x6f, 0x74, 0x22, 0x3a, 0x20, 0x22, 0x57, 0x65, 0x61, 0x70, 0x6f,
  0x6e, 0x41, 0x32, 0x22, 0x2c, 0x0a, 0x20, 0x20, 0x20, 0x20, 0x20, 0x20,
  0x20, 0x20, 0x20, 0x20, 0x22, 0x69, 0x74, 0x65, 0x6d, 0x5f, 0x69, 0x64,
  0x22, 0x3a, 0x20, 0x37, 0x34, 0x31, 0x37, 0x39, 0x2c, 0x0a, 0x20, 0x20,
  0x20, 0x20, 0x20, 0x20, 0x20, 0x20, 0x20, 0x20, 0x22, 0x73, 0x74, 0x61,
  0x74, 0x5f, 0x69, 0x64, 0x22, 0x3a, 0x20, 0x31, 0x32, 0x36, 0x38, 0x2c,
  0x0a, 0x20, 0x20, 0x20, 0x20, 0x20, 0x20, 0x20, 0x20, 0x20, 0x20, 0x22,
  0x75, 0x70, 0x67, 0x72, 0x61, 0x64, 0x65, 0x5f, 0x69, 0x64, 0x22, 0x3a,
  0x20, 0x32, 0x34, 0x35, 0x36, 0x30, 0x2c, 0x0a, 0x20, 0x20, 0x20, 0x20,
  0x20, 0x20, 0x20, 0x20, 0x20, 0x20, 0x22, 0x69, 0x6e, 0x66, 0x75, 0x73,
  0x69, 0x6f, 0x6e, 0x73, 0x22, 0x3a, 0x20, 0x5b, 0x5d, 0x0a, 0x20, 0x20,
  0x20, 0x20, 0x20, 0x20, 0x20, 0x20, 0x7d, 0x0a, 0x20, 0x20, 0x20, 0x20,
  0x20, 0x20, 0x5d, 0x0a, 0x20, 0x20, 0x20, 0x20, 0x7d, 0x2c, 0x0a, 0x20,
  0x20, 0x20, 0x20, 0x22, 0x72, 0x6f, 0x74, 0x61, 0x74, 0x69, 0x6f, 0x6e,
  0x22, 0x3a, 0x20, 0x7b, 0x0a, 0x20, 0x20, 0x20, 0x20, 0x20, 0x20, 0x22,
  0x6f, 0x70, 0x65, 0x6e, 0x65, 0x72, 0x22, 0x3a, 0x20, 0x5b, 0x5d, 0x2c,
  0x0a, 0x20, 0x20, 0x20, 0x20, 0x20, 0x20, 0x22, 0x6c, 0x6f, 0x6f, 0x70,
  0x22, 0x3a, 0x20, 0x5b, 0x5d, 0x0a, 0x20, 0x20, 0x20, 0x20, 0x7d, 0x0a,
  0x20, 0x20, 0x7d, 0x2c, 0x0a, 0x20, 0x20, 0x7b, 0x0a, 0x20, 0x20, 0x20,
  0x20, 0x22, 0x69, 0x64, 0x22, 0x3a, 0x20, 0x22, 0x74, 0x68, 0x69, 0x65,
  0x66, 0x2d, 0x68, 0x65, 0x61, 0x6c, 0x2d, 0x61, 0x6c, 0x61, 0x63, 0x72,
  0x69, 0x74, 0x79, 0x2d, 0x73, 0x70, 0x65, 0x63, 0x74, 0x65, 0x72, 0x22,
  0x2c, 0x0a, 0x20, 0x20, 0x20, 0x20, 0x22, 0x6e, 0x61, 0x6d, 0x65, 0x22,
  0x3a, 0x20, 0x22, 0x48, 0x65, 0x61, 0x6c, 0x20, 0x41, 0x6c, 0x61, 0x63,
  0x72, 0x69, 0x74, 0x79, 0x20, 0x53, 0x70, 0x65, 0x63, 0x74, 0x65, 0x72,
  0x22, 0x2c, 0x0a, 0x20, 0x20, 0x20, 0x20, 0x22, 0x70, 0x72, 0x6f, 0x66,
  0x65, 0x73, 0x73, 0x69, 0x6f, 0x6e, 0x22, 0x3a, 0x20, 0x22, 0x54, 0x68,
  0x69, 0x65, 0x66, 0x22, 0x2c, 0x0a, 0x20, 0x20, 0x20, 0x20, 0x22, 0x65,
  0x6c, 0x69, 0x74, 0x65, 0x5f, 0x73, 0x70, 0x65, 0x63, 0x22, 0x3a, 0x20,
  0x22, 0x53, 0x70, 0x65, 0x63, 0x74, 0x65, 0x72, 0x22, 0x2c, 0x0a, 0x20,
  0x20, 0x20, 0x20, 0x22, 0x62, 0x75, 0x69, 0x6c, 0x64, 0x5f, 0x74, 0x79,
  0x70, 0x65, 0x22, 0x3a, 0x20, 0x22, 0x48, 0x65, 0x61, 0x6c, 0x22, 0x2c,
  0x0a, 0x20, 0x20, 0x20, 0x20, 0x22, 0x70, 0x61, 0x74, 0x63, 0x68, 0x5f,
  0x76, 0x65, 0x72, 0x73, 0x69, 0x6f, 0x6e, 0x22, 0x3a, 0x20, 0x22, 0x22,
  0x2c, 0x0a, 0x20, 0x20, 0x20, 0x20, 0x22, 0x62, 0x65, 0x6e, 0x63, 0x68,
  0x6d, 0x61, 0x72, 0x6b, 0x5f, 0x64, 0x70, 0x73, 0x22, 0x3a, 0x20, 0x30,
  0x2e, 0x30, 0x2c, 0x0a, 0x20, 0x20, 0x20, 0x20, 0x22, 0x6e, 0x6f, 0x74,
  0x65, 0x73, 0x22, 0x3a, 0x20, 0x22, 0x47, 0x75, 0x69, 0x6c, 0x64, 0x20,
  0x57, 0x61, 0x72, 0x73, 0x20, 0x32, 0x20, 0x48, 0x65, 0x61, 0x6c, 0x20,
  0x41, 0x6c, 0x61, 0x63, 0x72, 0x69, 0x74, 0x79, 0x20, 0x53, 0x70, 0x65,
  0x63, 0x74, 0x65, 0x72, 0x20, 0x2d, 0x20, 0x53, 0x63, 0x65, 0x70, 0x74,
  0x65, 0x72, 0x20, 0x26, 0x20, 0x50, 0x69, 0x73, 0x74, 0x6f, 0x6c, 0x20,
  0x4d, 0x65, 0x74, 0x61, 0x20, 0x62, 0x75, 0x69, 0x6c, 0x64, 0x20, 0x66,
  0x6f, 0x72, 0x20, 0x61, 0x63, 0x63, 0x65, 0x73, 0x73, 0x69, 0x62, 0x75,
  0x69, 0x6c, 0x64, 0x73, 0x3a, 0x20, 0x63, 0x6f, 0x6d, 0x70, 0x6c, 0x65,
  0x74, 0x65, 0x20, 0x67, 0x75, 0x69, 0x64, 0x65, 0x20, 0x77, 0x69, 0x74,
  0x68, 0x20, 0x67, 0x65, 0x61, 0x72, 0x2c, 0x20, 0x72, 0x75, 0x6e, 0x65,
  0x73, 0x2c, 0x20, 0x72, 0x65, 0x6c, 0x69, 0x63, 0x73, 0x2c, 0x20, 0x74,
  0x72, 0x61, 0x69, 0x74, 0x73, 0x2c, 0x20, 0x61, 0x6e, 0x64, 0x20, 0x72,
  0x6f, 0x74, 0x61, 0x74, 0x69, 0x6f, 0x6e, 0x20, 0x74, 0x69, 0x70, 0x73,
  0x2e, 0x22, 0x2c, 0x0a, 0x20, 0x20, 0x20, 0x20, 0x22, 0x73, 0x6f, 0x75,
  0x72, 0x63, 0x65, 0x5f, 0x75, 0x72, 0x6c, 0x22, 0x3a, 0x20, 0x22, 0x68,
  0x74, 0x74, 0x70, 0x73, 0x3a, 0x2f, 0x2f, 0x73, 0x6e, 0x6f, 0x77, 0x63,
  0x72, 0x6f, 0x77, 0x73, 0x2e, 0x63, 0x6f, 0x6d, 0x2f, 0x62, 0x75, 0x69,
  0x6c, 0x64, 0x73, 0x2f, 0x61, 0x63, 0x63, 0x65, 0x73, 0x73, 0x69, 0x62,
  0x75, 0x69, 0x6c, 0x64, 0x73, 0x2f, 0x74, 0x68, 0x69, 0x65, 0x66, 0x2f,
  0x68, 0x65, 0x61, 0x6c, 0x2d, 0x61, 0x6c, 0x61, 0x63, 0x72, 0x69, 0x74,
  0x79, 0x2d, 0x73, 0x70, 0x65, 0x63, 0x74, 0x65, 0x72, 0x22, 0x2c, 0x0a,
  0x20, 0x20, 0x20, 0x20, 0x22, 0x63, 0x68, 0x61, 0x74, 0x5f, 0x63, 0x6f,
  0x64, 0x65, 0x22, 0x3a, 0x20, 0x22, 0x5b, 0x26, 0x44, 0x51, 0x55, 0x55,
  0x46, 0x53, 0x77, 0x6e, 0x52, 0x7a, 0x30, 0x56, 0x47, 0x77, 0x41, 0x41,
  0x43, 0x42, 0x73, 0x41, 0x41, 0x41, 0x63, 0x62, 0x41, 0x41, 0x42, 0x55,
  0x41, 0x51, 0x41, 0x41, 0x44, 0x67, 0x45, 0x41, 0x41, 0x41, 0x41, 0x41,
  0x41, 0x41, 0x41, 0x41, 0x41, 0x41, 0x41, 0x41, 0x41, 0x41, 0x41, 0x41,
  0x41, 0x41, 0x41, 0x41, 0x41, 0x41, 0x41, 0x3d, 0x5d, 0x22, 0x2c, 0x0a,
  0x20, 0x20, 0x20, 0x20, 0x22, 0x69, 0x73, 0x5f, 0x6c, 0x65, 0x67, 0x61,
  0x63, 0x79, 0x22, 0x3a, 0x20, 0x66, 0x61, 0x6c, 0x73, 0x65, 0x2c, 0x0a,
  0x20, 0x20, 0x20, 0x20, 0x22, 0x61, 0x63, 0x63, 0x65, 0x73, 0x73, 0x69,
  0x62, 0x69, 0x6c, 0x69, 0x74, 0x79, 0x22, 0x3a, 0x20, 0x74, 0x72, 0x75,
  0x65, 0x2c, 0x0a, 0x20, 0x20, 0x20, 0x20, 0x22, 0x74, 0x72, 0x61, 0x69,
  0x74, 0x73, 0x22, 0x3a, 0x20, 0x7b, 0x0a, 0x20, 0x20, 0x20, 0x20, 0x20,
  0x20, 0x22, 0x6c, 0x69, 0x6e, 0x65, 0x31, 0x22, 0x3a, 0x20, 0x7b, 0x0a,
  0x20, 0x20, 0x20, 0x20, 0x20, 0x20, 0x20, 0x20, 0x22, 0x73, 0x70, 0x65,
  0x63, 0x5f, 0x69, 0x64, 0x22, 0x3a, 0x20, 0x32, 0x30, 0x2c, 0x0a, 0x20,
  0x20, 0x20, 0x20, 0x20, 0x20, 0x20, 0x20, 0x22, 0x74, 0x72, 0x61, 0x69,
  0x74, 0x73, 0x22, 0x3a, 0x20, 0x5b, 0x0a, 0x20, 0x20, 0x20, 0x20, 0x20,
  0x20, 0x20, 0x20, 0x20, 0x20, 0x31, 0x31, 0x36, 0x30, 0x2c, 0x0a, 0x20,
  0x20, 0x20, 0x20, 0x20, 0x20, 0x20, 0x20, 0x20, 0x20, 0x31, 0x32, 0x39,
  0x37, 0x2c, 0x0a, 0x20, 0x20, 0x20, 0x20, 0x20, 0x20, 0x20, 0x20, 0x20,
  0x20, 0x31, 0x31, 0x33, 0x34, 0x0a, 0x20, 0x20, 0x20, 0x20, 0x20, 0x20,
  0x20, 0x20, 0x5d, 0x0a, 0x20, 0x20, 0x20, 0x20, 0x20, 0x20, 0x7d, 0x2c,
  0x0a, 0x20, 0x20, 0x20, 0x20, 0x20, 0x20, 0x22, 0x6c, 0x69, 0x6e, 0x65,
  0x32, 0x22, 0x3a, 0x20, 0x7b, 0x0a, 0x20, 0x20, 0x20, 0x20, 0x20, 0x20,
  0x20, 0x20, 0x22, 0x73, 0x70, 0x65, 0x63, 0x5f, 0x69, 0x64, 0x22, 0x3a,
  0x20, 0x34, 0x34, 0x2c, 0x0a, 0x20, 0x20, 0x20, 0x20, 0x20, 0x20, 0x20,
  0x20, 0x22, 0x74, 0x72, 0x61, 0x69, 0x74, 0x73, 0x22, 0x3a, 0x20, 0x5b,
  0x0a, 0x20, 0x20, 0x20, 0x20, 0x20, 0x20, 0x20, 0x20, 0x20, 0x20, 0x31,
  0x31, 0x36, 0x33, 0x2c, 0x0a, 0x20, 0x20, 0x20, 0x20, 0x20, 0x20, 0x20,
  0x20, 0x20, 0x20, 0x31, 0x32, 0x37, 0x37, 0x2c, 0x0a, 0x20, 0x20, 0x20,
  0x20, 0x20, 0x20, 0x20, 0x20, 0x20, 0x20, 0x31, 0x31, 0x35, 0x38, 0x0a,
  0x20, 0x20, 0x20, 0x20, 0x20, 0x20, 0x20, 0x20, 0x5d, 0x0a, 0x20, 0x20,
  0x20, 0x20, 0x20, 0x20, 0x7d, 0x2c, 0x0a, 0x20, 0x20, 0x20, 0x20, 0x20,
  0x20, 0x22, 0x6c, 0x69, 0x6e, 0x65, 0x33, 0x22, 0x3a, 0x20, 0x7b, 0x0a,
  0x20, 0x20, 0x20, 0x20, 0x20, 0x20, 0x20, 0x20, 0x22, 0x73, 0x70, 0x65,
  0x63, 0x5f, 0x69, 0x64, 0x22, 0x3a, 0x20, 0x37, 0x31, 0x2c, 0x0a, 0x20,
  0x20, 0x20, 0x20, 0x20, 0x20, 0x20, 0x20, 0x22, 0x74, 0x72, 0x61, 0x69,
  0x74, 0x73, 0x22, 0x3a, 0x20, 0x5b, 0x0a, 0x20, 0x20, 0x20, 0x20, 0x20,
  0x20, 0x20, 0x20, 0x20, 0x20, 0x32, 0x32, 0x38, 0x34, 0x2c, 0x0a, 0x20,
  0x20, 0x20, 0x20, 0x20, 0x20, 0x20, 0x20, 0x20, 0x20, 0x32, 0x32, 0x38,
  0x35, 0x2c, 0x0a, 0x20, 0x20, 0x20, 0x20, 0x20, 0x20, 0x20, 0x20, 0x20,
  0x20, 0x32, 0x32, 0x38, 0x39, 0x0a, 0x20, 0x20, 0x20, 0x20, 0x20, 0x20,
  0x20, 0x20, 0x5d, 0x0a, 0x20, 0x20, 0x20, 0x20, 0x20, 0x20, 0x7d, 0x0a,
  0x20, 0x20, 0x20, 0x20, 0x7d, 0x2c, 0x0a, 0x20, 0x20, 0x20, 0x20, 0x22,
  0x73, 0x6b, 0x69, 0x6c, 0x6c, 0x73, 0x22, 0x3a, 0x20, 0x7b, 0x0a, 0x20,
  0x20, 0x20, 0x20, 0x20, 0x20, 0x22, 0x68, 0x65, 0x61, 0x6c, 0x22, 0x3a,
  0x20, 0x36, 0x33, 0x32, 0x39, 0x32, 0x2c, 0x0a, 0x20, 0x20, 0x20, 0x20,
  0x20, 0x20, 0x22, 0x75, 0x74, 0x69, 0x6c, 0x69, 0x74, 0x69, 0x65, 0x73,
  0x22, 0x3a, 0x20, 0x5b, 0x0a, 0x20, 0x20, 0x20, 0x20, 0x20, 0x20, 0x20,
  0x20, 0x36, 0x33, 0x33, 0x32, 0x33, 0x2c, 0x0a, 0x20, 0x20, 0x20, 0x20,
  0x20, 0x20, 0x20, 0x20, 0x36, 0x33, 0x32, 0x33, 0x30, 0x2c, 0x0a, 0x20,
  0x20, 0x20, 0x20, 0x20, 0x20, 0x20, 0x20, 0x31, 0x33, 0x30, 0x35, 0x37,
  0x0a, 0x20, 0x20, 0x20, 0x20, 0x20, 0x20, 0x5d, 0x2c, 0x0a, 0x20, 0x20,
  0x20, 0x20, 0x20, 0x20, 0x22, 0x65, 0x6c, 0x69, 0x74, 0x65, 0x22, 0x3a,
  0x20, 0x31, 0x33, 0x31, 0x33, 0x32, 0x0a, 0x20, 0x20, 0x20, 0x20, 0x7d,
  0x2c, 0x0a, 0x20, 0x20, 0x20, 0x20, 0x22, 0x6c, 0x65, 0x67, 0x65, 0x6e,
  0x64, 0x73, 0x22, 0x3a, 0x20, 0x5b, 0x0a, 0x20, 0x20, 0x20, 0x20, 0x20,
  0x20, 0x30, 0x2c, 0x0a, 0x20, 0x20, 0x20, 0x20, 0x20, 0x20, 0x30, 0x0a,
  0x20, 0x20, 0x20, 0x20, 0x5d, 0x2c, 0x0a, 0x20, 0x20, 0x20, 0x20, 0x22,
  0x70, 0x65, 0x74, 0x73, 0x22, 0x3a, 0x20, 0x5b, 0x0a, 0x20, 0x20, 0x20,
  0x20, 0x20, 0x20, 0x30, 0x2c, 0x0a, 0x20, 0x20, 0x20, 0x20, 0x20, 0x20,
  0x30, 0x0a, 0x20, 0x20, 0x20, 0x20, 0x5d, 0x2c, 0x0a, 0x20, 0x20, 0x20,
  0x20, 0x22, 0x67, 0x65, 0x61, 0x72, 0x22, 0x3a, 0x20, 0x7b, 0x0a, 0x20,
  0x20, 0x20, 0x20, 0x20, 0x20, 0x22, 0x72, 0x65, 0x6c, 0x69, 0x63, 0x5f,
  0x69, 0x64, 0x22, 0x3a, 0x20, 0x31, 0x30, 0x31, 0x32, 0x36, 0x38, 0x2c,
  0x0a, 0x20, 0x20, 0x20, 0x20, 0x20, 0x20, 0x22, 0x66, 0x6f, 0x6f, 0x64,
  0x5f, 0x69, 0x64, 0x22, 0x3a, 0x20, 0x39, 0x31, 0x36, 0x39, 0x30, 0x2c,
  0x0a, 0x20, 0x20, 0x20, 0x20, 0x20, 0x20, 0x22, 0x75, 0x74, 0x69, 0x6c,
  0x69, 0x74, 0x79, 0x5f, 0x69, 0x64, 0x22, 0x3a, 0x20, 0x36, 0x37, 0x35,
  0x32, 0x38, 0x2c, 0x0a, 0x20, 0x20, 0x20, 0x20, 0x20, 0x20, 0x22, 0x69,
  0x74, 0x65, 0x6d, 0x73, 0x22, 0x3a, 0x20, 0x5b, 0x0a, 0x20, 0x20, 0x20,
  0x20, 0x20, 0x20, 0x20, 0x20, 0x7b, 0x0a, 0x20, 0x20, 0x20, 0x20, 0x20,
  0x20, 0x20, 0x20, 0x20, 0x20, 0x22, 0x73, 0x6c, 0x6f, 0x74, 0x22, 0x3a,
  0x20, 0x22, 0x48, 0x65, 0x6c, 0x6d, 0x22, 0x2c, 0x0a, 0x20, 0x20, 0x20,
  0x20, 0x20, 0x20, 0x20, 0x20, 0x20, 0x20, 0x22, 0x69, 0x74, 0x65, 0x6d,
  0x5f, 0x69, 0x64, 0x22, 0x3a, 0x20, 0x38, 0x35, 0x31, 0x37, 0x32, 0x2c,
  0x0a, 0x20, 0x20, 0x20, 0x20, 0x20, 0x20, 0x20, 0x20, 0x20, 0x20, 0x22,
  0x73, 0x74, 0x61, 0x74, 0x5f, 0x69, 0x64, 0x22, 0x3a, 0x20, 0x31, 0x33,
  0x37, 0x37, 0x2c, 0x0a, 0x20, 0x20, 0x20, 0x20, 0x20, 0x20, 0x20, 0x20,
  0x20, 0x20, 0x22, 0x75, 0x70, 0x67, 0x72, 0x61, 0x64, 0x65, 0x5f, 0x69,
  0x64, 0x22, 0x3a, 0x20, 0x32, 0x34, 0x38, 0x33, 0x39, 0x2c, 0x0a, 0x20,
  0x20, 0x20, 0x20, 0x20, 0x20, 0x20, 0x20, 0x20, 0x20, 0x22, 0x69, 0x6e,
  0x66, 0x75, 0x73, 0x69, 0x6f, 0x6e, 0x73, 0x22, 0x3a, 0x20, 0x5b, 0x5d,
  0x0a, 0x20, 0x20, 0x20, 0x20, 0x20, 0x20, 0x20, 0x20, 0x7d, 0x2c, 0x0a,
  0x20, 0x20, 0x20, 0x20, 0x20, 0x20, 0x20, 0x20, 0x7b, 0x0a, 0x20, 0x20,
  0x20, 0x20, 0x20, 0x20, 0x20, 0x20, 0x20, 0x20, 0x22, 0x73, 0x6c, 0x6f,
  0x74, 0x22, 0x3a, 0x20, 0x22, 0x53, 0x68, 0x6f, 0x75, 0x6c, 0x64, 0x65,
  0x72, 0x73, 0x22, 0x2c, 0x0a, 0x20, 0x20, 0x20, 0x20, 0x20, 0x20, 0x20,
  0x20, 0x20, 0x20, 0x22, 0x69, 0x74, 0x65, 0x6d, 0x5f, 0x69, 0x64, 0x22,
  0x3a, 0x20, 0x38, 0x35, 0x31, 0x38, 0x33, 0x2c, 0x0a, 0x20, 0x20, 0x20,
  0x20, 0x20, 0x20, 0x20, 0x20, 0x20, 0x20, 0x22, 0x73, 0x74, 0x61, 0x74,
  0x5f, 0x69, 0x64, 0x22, 0x3a, 0x20, 0x31, 0x33, 0x37, 0x37, 0x2c, 0x0a,
  0x20, 0x20, 0x20, 0x20, 0x20, 0x20, 0x20, 0x20, 0x20, 0x20, 0x22, 0x75,
  0x70, 0x67, 0x72, 0x61, 0x64, 0x65, 0x5f, 0x69, 0x64, 0x22, 0x3a, 0x20,
  0x32, 0x34, 0x38, 0x33, 0x39, 0x2c, 0x0a, 0x20, 0x20, 0x20, 0x20, 0x20,
  0x20, 0x20, 0x20, 0x20, 0x20, 0x22, 0x69, 0x6e, 0x66, 0x75, 0x73, 0x69,
  0x6f, 0x6e, 0x73, 0x22, 0x3a, 0x20, 0x5b, 0x5d, 0x0a, 0x20, 0x20, 0x20,
  0x20, 0x20, 0x20, 0x20, 0x20, 0x7d, 0x2c, 0x0a, 0x20, 0x20, 0x20, 0x20,
  0x20, 0x20, 0x20, 0x20, 0x7b, 0x0a, 0x20, 0x20, 0x20, 0x20, 0x20, 0x20,
  0x20, 0x20, 0x20, 0x20, 0x22, 0x73, 0x6c, 0x6f, 0x74, 0x22, 0x3a, 0x20,
  0x22, 0x43, 0x68, 0x65, 0x73, 0x74, 0x22, 0x2c, 0x0a, 0x20, 0x20, 0x20,
  0x20, 0x20, 0x20, 0x20, 0x20, 0x20, 0x20, 0x22, 0x69, 0x74, 0x65, 0x6d,
  0x5f, 0x69, 0x64, 0x22, 0x3a, 0x20, 0x38, 0x34, 0x39, 0x32, 0x33, 0x2c,
  0x0a, 0x20, 0x20, 0x20, 0x20, 0x20, 0x20, 0x20, 0x20, 0x20, 0x20, 0x22,
  0x73, 0x74, 0x61, 0x74, 0x5f, 0x69, 0x64, 0x22, 0x3a, 0x20, 0x31, 0x33,
  0x37, 0x37, 0x2c, 0x0a, 0x20, 0x20, 0x20, 0x20, 0x20, 0x20, 0x20, 0x20,
  0x20, 0x20, 0x22, 0x75, 0x70, 0x67, 0x72, 0x61, 0x64, 0x65, 0x5f, 0x69,
  0x64, 0x22, 0x3a, 0x20, 0x32, 0x34, 0x38, 0x33, 0x39, 0x2c, 0x0a, 0x20,
  0x20, 0x20, 0x20, 0x20, 0x20, 0x20, 0x20, 0x20, 0x20, 0x22, 0x69, 0x6e,
  0x66, 0x75, 0x73, 0x69, 0x6f, 0x6e, 0x73, 0x22, 0x3a, 0x20, 0x5b, 0x5d,
  0x0a, 0x20, 0x20, 0x20, 0x20, 0x20, 0x20, 0x20, 0x20, 0x7d, 0x2c, 0x0a,
  0x20, 0x20, 0x20, 0x20, 0x20, 0x20, 0x20, 0x20, 0x7b, 0x0a, 0x20, 0x20,
  0x20, 0x20, 0x20, 0x20, 0x20, 0x20, 0x20, 0x20, 0x22, 0x73, 0x6c, 0x6f,
  0x74, 0x22, 0x3a, 0x20, 0x22, 0x47, 0x6c, 0x6f, 0x76, 0x65, 0x73, 0x22,
  0x2c, 0x0a, 0x20, 0x20, 0x20, 0x20, 0x20, 0x20, 0x20, 0x20, 0x20, 0x20,
  0x22, 0x69, 0x74, 0x65, 0x6d, 0x5f, 0x69, 0x64, 0x22, 0x3a, 0x20, 0x38,
  0x34, 0x39, 0x38, 0x33, 0x2c, 0x0a, 0x20, 0x20, 0x20, 0x20, 0x20, 0x20,
  0x20, 0x20, 0x20, 0x20, 0x22, 0x73, 0x74, 0x61, 0x74, 0x5f, 0x69, 0x64,
  0x22, 0x3a, 0x20, 0x31, 0x33, 0x37, 0x37, 0x2c, 0x0a, 0x20, 0x20, 0x20,
  0x20, 0x20, 0x20, 0x20, 0x20, 0x20, 0x20, 0x22, 0x75, 0x70, 0x67, 0x72,
  0x61, 0x64, 0x65, 0x5f, 0x69, 0x64, 0x22, 0x3a, 0x20, 0x32, 0x34, 0x38,
  0x33, 0x39, 0x2c, 0x0a, 0x20, 0x20, 0x20, 0x20, 0x20, 0x20, 0x20, 0x20,
  0x20, 0x20, 0x22, 0x69, 0x6e, 0x66, 0x75, 0x73, 0x69, 0x6f, 0x6e, 0x73,
  0x22, 0x3a, 0x20, 0x5b, 0x5d, 0x0a, 0x20, 0x20, 0x20, 0x20, 0x20, 0x20,
  0x20, 0x20, 0x7d, 0x2c, 0x0a, 0x20, 0x20, 0x20, 0x20, 0x20, 0x20, 0x20,
  0x20, 0x7b, 0x0a, 0x20, 0x20, 0x20, 0x20, 0x20, 0x20, 0x20, 0x20, 0x20,
  0x20, 0x22, 0x73, 0x6c, 0x6f, 0x74, 0x22, 0x3a, 0x20, 0x22, 0x4c, 0x65,
  0x67, 0x67, 0x69, 0x6e, 0x67, 0x73, 0x22, 0x2c, 0x0a, 0x20, 0x20, 0x20,
  0x20, 0x20, 0x20, 0x20, 0x20, 0x20, 0x20, 0x22, 0x69, 0x74, 0x65, 0x6d,
  0x5f, 0x69, 0x64, 0x22, 0x3a, 0x20, 0x38, 0x35, 0x31, 0x34, 0x39, 0x2c,
  0x0a, 0x20, 0x20, 0x20, 0x20, 0x20, 0x20, 0x20, 0x20, 0x20, 0x20, 0x22,
  0x73, 0x74, 0x61, 0x74, 0x5f, 0x69, 0x64, 0x22, 0x3a, 0x20, 0x31, 0x33,
  0x37, 0x37, 0x2c, 0x0a, 0x20, 0x20, 0x20, 0x20, 0x20, 0x20, 0x20, 0x20,
  0x20, 0x20, 0x22, 0x75, 0x70, 0x67, 0x72, 0x61, 0x64, 0x65, 0x5f, 0x69,
  0x64, 0x22, 0x3a, 0x20, 0x32, 0x34, 0x38, 0x33, 0x39, 0x2c, 0x0a, 0x20,
  0x20, 0x20, 0x20, 0x20, 0x20, 0x20, 0x20, 0x20, 0x20, 0x22, 0x69, 0x6e,
  0x66, 0x75, 0x73, 0x69, 0x6f, 0x6e, 0x73, 0x22, 0x3a, 0x20, 0x5b, 0x5d,
  0x0a, 0x20, 0x20, 0x20, 0x20, 0x20, 0x20, 0x20, 0x20, 0x7d, 0x2c, 0x0a,
  0x20, 0x20, 0x20, 0x20, 0x20, 0x20, 0x20, 0x20, 0x7b, 0x0a, 0x20, 0x20,
  0x20, 0x20, 0x20, 0x20, 0x20, 0x20, 0x20, 0x20, 0x22, 0x73, 0x6c, 0x6f,
  0x74, 0x22, 0x3a, 0x20, 0x22, 0x42, 0x6f, 0x6f, 0x74, 0x73, 0x22, 0x2c,
  0x0a, 0x20, 0x20, 0x20, 0x20, 0x20, 0x20, 0x20, 0x20, 0x20, 0x20, 0x22,
  0x69, 0x74, 0x65, 0x6d, 0x5f, 0x69, 0x64, 0x22, 0x3a, 0x20, 0x38, 0x35,
  0x33, 0x34, 0x33, 0x2c, 0x0a, 0x20, 0x20, 0x20, 0x20, 0x20, 0x20, 0x20,
  0x20, 0x20, 0x20, 0x22, 0x73, 0x74, 0x61, 0x74, 0x5f, 0x69, 0x64, 0x22,
  0x3a, 0x20, 0x31, 0x33, 0x37, 0x37, 0x2c, 0x0a, 0x20, 0x20, 0x20, 0x20,
  0x20, 0x20, 0x20, 0x20, 0x20, 0x20, 0x22, 0x75, 0x70, 0x67, 0x72, 0x61,
  0x64, 0x65, 0x5f, 0x69, 0x64, 0x22, 0x3a, 0x20, 0x32, 0x34, 0x38, 0x33,
  0x39, 0x2c, 0x0a, 0x20, 0x20, 0x20, 0x20, 0x20, 0x20, 0x20, 0x20, 0x20,
  0x20, 0x22, 0x69, 0x6e, 0x66, 0x75, 0x73, 0x69, 0x6f, 0x6e, 0x73, 0x22,
  0x3a, 0x20, 0x5b, 0x5d, 0x0a, 0x20, 0x20, 0x20, 0x20, 0x20, 0x20, 0x20,
  0x20, 0x7d, 0x2c, 0x0a, 0x20, 0x20, 0x20, 0x20, 0x20, 0x20, 0x20, 0x20,
  0x7b, 0x0a, 0x20, 0x20, 0x20, 0x20, 0x20, 0x20, 0x20, 0x20, 0x20, 0x20,
  0x22, 0x73, 0x6c, 0x6f, 0x74, 0x22, 0x3a, 0x20, 0x22, 0x42, 0x61, 0x63,
  0x6b, 0x49, 0x74, 0x65, 0x6d, 0x22, 0x2c, 0x0a, 0x20, 0x20, 0x20, 0x20,
  0x20, 0x20, 0x20, 0x20, 0x20, 0x20, 0x22, 0x69, 0x74, 0x65, 0x6d, 0x5f,
  0x69, 0x64, 0x22, 0x3a, 0x20, 0x37, 0x39, 0x38, 0x33, 0x37, 0x2c, 0x0a,
  0x20, 0x20, 0x20, 0x20, 0x20, 0x20, 0x20, 0x20, 0x20, 0x20, 0x22, 0x73,
  0x74, 0x61, 0x74, 0x5f, 0x69, 0x64, 0x22, 0x3a, 0x20, 0x31, 0x33, 0x37,
  0x37, 0x2c, 0x0a, 0x20, 0x20, 0x20, 0x20, 0x20, 0x20, 0x20, 0x20, 0x20,
  0x20, 0x22, 0x75, 0x70, 0x67, 0x72, 0x61, 0x64, 0x65, 0x5f, 0x69, 0x64,
  0x22, 0x3a, 0x20, 0x30, 0x2c, 0x0a, 0x20, 0x20, 0x20, 0x20, 0x20, 0x20,
  0x20, 0x20, 0x20, 0x20, 0x22, 0x69, 0x6e, 0x66, 0x75, 0x73, 0x69, 0x6f,
  0x6e, 0x73, 0x22, 0x3a, 0x20, 0x5b, 0x5d, 0x0a, 0x20, 0x20, 0x20, 0x20,
  0x20, 0x20, 0x20, 0x20, 0x7d, 0x2c, 0x0a, 0x20, 0x20, 0x20, 0x20, 0x20,
  0x20, 0x20, 0x20, 0x7b, 0x0a, 0x20, 0x20, 0x20, 0x20, 0x20, 0x20, 0x20,
  0x20, 0x20, 0x20, 0x22, 0x73, 0x6c, 0x6f, 0x74, 0x22, 0x3a, 0x20, 0x22,
  0x41, 0x63, 0x63, 0x65, 0x73, 0x73, 0x6f, 0x72, 0x79, 0x31, 0x22, 0x2c,
  0x0a, 0x20, 0x20, 0x20, 0x20, 0x20, 0x20, 0x20, 0x20, 0x20, 0x20, 0x22,
  0x69, 0x74, 0x65, 0x6d, 0x5f, 0x69, 0x64, 0x22, 0x3a, 0x20, 0x37, 0x39,
  0x37, 0x34, 0x35, 0x2c, 0x0a, 0x20, 0x20, 0x20, 0x20, 0x20, 0x20, 0x20,
  0x20, 0x20, 0x20, 0x22, 0x73, 0x74, 0x61, 0x74, 0x5f, 0x69, 0x64, 0x22,
  0x3a, 0x20, 0x31, 0x33, 0x37, 0x37, 0x2c, 0x0a, 0x20, 0x20, 0x20, 0x20,
  0x20, 0x20, 0x20, 0x20, 0x20, 0x20, 0x22, 0x75, 0x70, 0x67, 0x72, 0x61,
  0x64, 0x65, 0x5f, 0x69, 0x64, 0x22, 0x3a, 0x20, 0x30, 0x2c, 0x0a, 0x20,
  0x20, 0x20, 0x20, 0x20, 0x20, 0x20, 0x20, 0x20, 0x20, 0x22, 0x69, 0x6e,
  0x66, 0x75, 0x73, 0x69, 0x6f, 0x6e, 0x73, 0x22, 0x3a, 0x20, 0x5b, 0x5d,
  0x0a, 0x20, 0x20, 0x20, 0x20, 0x20, 0x20, 0x20, 0x20, 0x7d, 0x2c, 0x0a,
  0x20, 0x20, 0x20, 0x20, 0x20, 0x20, 0x20, 0x20, 0x7b, 0x0a, 0x20, 0x20,
  0x20, 0x20, 0x20, 0x20, 0x20, 0x20, 0x20, 0x20, 0x22, 0x73, 0x6c, 0x6f,
  0x74, 0x22, 0x3a, 0x20, 0x22, 0x41, 0x63, 0x63, 0x65, 0x73, 0x73, 0x6f,
  0x72, 0x79, 0x32, 0x22, 0x2c, 0x0a, 0x20, 0x20, 0x20, 0x20, 0x20, 0x20,
  0x20, 0x20, 0x20, 0x20, 0x22, 0x69, 0x74, 0x65, 0x6d, 0x5f, 0x69, 0x64,
  0x22, 0x3a, 0x20, 0x37, 0x39, 0x34, 0x34, 0x34, 0x2c, 0x0a, 0x20, 0x20,
  0x20, 0x20, 0x20, 0x20, 0x20, 0x20, 0x20, 0x20, 0x22, 0x73, 0x74, 0x61,
  0x74, 0x5f, 0x69, 0x64, 0x22, 0x3a, 0x20, 0x31, 0x33, 0x37, 0x37, 0x2c,
  0x0a, 0x20, 0x20, 0x20, 0x20, 0x20, 0x20, 0x20, 0x20, 0x20, 0x20, 0x22,
  0x75, 0x70, 0x67, 0x72, 0x61, 0x64, 0x65, 0x5f, 0x69, 0x64, 0x22, 0x3a,
  0x20, 0x30, 0x2c, 0x0a, 0x20, 0x20, 0x20, 0x20, 0x20, 0x20, 0x20, 0x20,
  0x20, 0x20, 0x22, 0x69, 0x6e, 0x66, 0x75, 0x73, 0x69, 0x6f, 0x6e, 0x73,
  0x22, 0x3a, 0x20, 0x5b, 0x5d, 0x0a, 0x20, 0x20, 0x20, 0x20, 0x20, 0x20,
  0x20, 0x20, 0x7d, 0x2c, 0x0a, 0x20, 0x20, 0x20, 0x20, 0x20, 0x20, 0x20,
  0x20, 0x7b, 0x0a, 0x20, 0x20, 0x20, 0x20, 0x20, 0x20, 0x20, 0x20, 0x20,
  0x20, 0x22, 0x73, 0x6c, 0x6f, 0x74, 0x22, 0x3a, 0x20, 0x22, 0x41, 0x6d,
  0x75, 0x6c, 0x65, 0x74, 0x22, 0x2c, 0x0a, 0x20, 0x20, 0x20, 0x20, 0x20,
  0x20, 0x20, 0x20, 0x20, 0x20, 0x22, 0x69, 0x74, 0x65, 0x6d, 0x5f, 0x69,
  0x64, 0x22, 0x3a, 0x20, 0x38, 0x31, 0x31, 0x36, 0x39, 0x2c, 0x0a, 0x20,
  0x20, 0x20, 0x20, 0x20, 0x20, 0x20, 0x20, 0x20, 0x20, 0x22, 0x73, 0x74,
  0x61, 0x74, 0x5f, 0x69, 0x64, 0x22, 0x3a, 0x20, 0x31, 0x33, 0x37, 0x37,
  0x2c, 0x0a, 0x20, 0x20, 0x20, 0x20, 0x20, 0x20, 0x20, 0x20, 0x20, 0x20,
  0x22, 0x75, 0x70, 0x67, 0x72, 0x61, 0x64, 0x65, 0x5f, 0x69, 0x64, 0x22,
  0x3a, 0x20, 0x30, 0x2c, 0x0a, 0x20, 0x20, 0x20, 0x20, 0x20, 0x20, 0x20,
  0x20, 0x20, 0x20, 0x22, 0x69, 0x6e, 0x66, 0x75, 0x73, 0x69, 0x6f, 0x6e,
  0x73, 0x22, 0x3a, 0x20, 0x5b, 0x5d, 0x0a, 0x20, 0x20, 0x20, 0x20, 0x20,
  0x20, 0x20, 0x20, 0x7d, 0x2c, 0x0a, 0x20, 0x20, 0x20, 0x20, 0x20, 0x20,
  0x20, 0x20, 0x7b, 0x0a, 0x20, 0x20, 0x20, 0x20, 0x20, 0x20, 0x20, 0x20,
  0x20, 0x20, 0x22, 0x73, 0x6c, 0x6f, 0x74, 0x22, 0x3a, 0x20, 0x22, 0x52,
  0x69, 0x6e, 0x67, 0x31, 0x22, 0x2c, 0x0a, 0x20, 0x20, 0x20, 0x20, 0x20,
  0x20, 0x20, 0x20, 0x20, 0x20, 0x22, 0x69, 0x74, 0x65, 0x6d, 0x5f, 0x69,
  0x64, 0x22, 0x3a, 0x20, 0x37, 0x39, 0x37, 0x31, 0x30, 0x2c, 0x0a, 0x20,
  0x20, 0x20, 0x20, 0x20, 0x20, 0x20, 0x20, 0x20, 0x20, 0x22, 0x73, 0x74,
  0x61, 0x74, 0x5f, 0x69, 0x64, 0x22, 0x3a, 0x20, 0x31, 0x33, 0x37, 0x37,
  0x2c, 0x0a, 0x20, 0x20, 0x20, 0x20, 0x20, 0x20, 0x20, 0x20, 0x20, 0x20,
  0x22, 0x75, 0x70, 0x67, 0x72, 0x61, 0x64, 0x65, 0x5f, 0x69, 0x64, 0x22,
  0x3a, 0x20, 0x30, 0x2c, 0x0a, 0x20, 0x20, 0x20, 0x20, 0x20, 0x20, 0x20,
  0x20, 0x20, 0x20, 0x22, 0x69, 0x6e, 0x66, 0x75, 0x73, 0x69, 0x6f, 0x6e,
  0x73, 0x22, 0x3a, 0x20, 0x5b, 0x5d, 0x0a, 0x20, 0x20, 0x20, 0x20, 0x20,
  0x20, 0x20, 0x20, 0x7d, 0x2c, 0x0a, 0x20, 0x20, 0x20, 0x20, 0x20, 0x20,
  0x20, 0x20, 0x7b, 0x0a, 0x20, 0x20, 0x20, 0x20, 0x20, 0x20, 0x20, 0x20,
  0x20, 0x20, 0x22, 0x73, 0x6c, 0x6f, 0x74, 0x22, 0x3a, 0x20, 0x22, 0x52,
  0x69, 0x6e, 0x67, 0x32, 0x22, 0x2c, 0x0a, 0x20, 0x20, 0x20, 0x20, 0x20,
  0x20, 0x20, 0x20, 0x20, 0x20, 0x22, 0x69, 0x74, 0x65, 0x6d, 0x5f, 0x69,
  0x64, 0x22, 0x3a, 0x20, 0x38, 0x31, 0x31, 0x36, 0x37, 0x2c, 0x0a, 0x20,
  0x20, 0x20, 0x20, 0x20, 0x20, 0x20, 0x20, 0x20, 0x20, 0x22, 0x73, 0x74,
  0x61, 0x74, 0x5f, 0x69, 0x64, 0x22, 0x3a, 0x20, 0x31, 0x33, 0x37, 0x37,
  0x2c, 0x0a, 0x20, 0x20, 0x20, 0x20, 0x20, 0x20, 0x20, 0x20, 0x20, 0x20,
  0x22, 0x75, 0x70, 0x67, 0x72, 0x61, 0x64, 0x65, 0x5f, 0x69, 0x64, 0x22,
  0x3a, 0x20, 0x30, 0x2c, 0x0a, 0x20, 0x20, 0x20, 0x20, 0x20, 0x20, 0x20,
  0x20, 0x20, 0x20, 0x22, 0x69, 0x6e, 0x66, 0x75, 0x73, 0x69, 0x6f, 0x6e,
  0x73, 0x22, 0x3a, 0x20, 0x5b, 0x5d, 0x0a, 0x20, 0x20, 0x20, 0x20, 0x20,
  0x20, 0x20, 0x20, 0x7d, 0x2c, 0x0a, 0x20, 0x20, 0x20, 0x20, 0x20, 0x20,
  0x20, 0x20, 0x7b, 0x0a, 0x20, 0x20, 0x20, 0x20, 0x20, 0x20, 0x20, 0x20,
  0x20, 0x20, 0x22, 0x73, 0x6c, 0x6f, 0x74, 0x22, 0x3a, 0x20, 0x22, 0x57,
  0x65, 0x61, 0x70, 0x6f, 0x6e, 0x41, 0x31, 0x22, 0x2c, 0x0a, 0x20, 0x20,
  0x20, 0x20, 0x20, 0x20, 0x20, 0x20, 0x20, 0x20, 0x22, 0x69, 0x74, 0x65,
  0x6d, 0x5f, 0x69, 0x64, 0x22, 0x3a, 0x20, 0x38, 0x35, 0x30, 0x32, 0x37,
  0x2c, 0x0a, 0x20, 0x20, 0x20, 0x20, 0x20, 0x20, 0x20, 0x20, 0x20, 0x20,
  0x22, 0x73, 0x74, 0x61, 0x74, 0x5f, 0x69, 0x64, 0x22, 0x3a, 0x20, 0x31,
  0x33, 0x37, 0x37, 0x2c, 0x0a, 0x20, 0x20, 0x20, 0x20, 0x20, 0x20, 0x20,
  0x20, 0x20, 0x20, 0x22, 0x75, 0x70, 0x67, 0x72, 0x61, 0x64, 0x65, 0x5f,
  0x69, 0x64, 0x22, 0x3a, 0x20, 0x37, 0x32, 0x33, 0x33, 0x39, 0x2c, 0x0a,
  0x20, 0x20, 0x20, 0x20, 0x20, 0x20, 0x20, 0x20, 0x20, 0x20, 0x22, 0x69,
  0x6e, 0x66, 0x75, 0x73, 0x69, 0x6f, 0x6e, 0x73, 0x22, 0x3a, 0x20, 0x5b,
  0x5d, 0x0a, 0x20, 0x20, 0x20, 0x20, 0x20, 0x20, 0x20, 0x20, 0x7d, 0x2c,
  0x0a, 0x20, 0x20, 0x20, 0x20, 0x20, 0x20, 0x20, 0x20, 0x7b, 0x0a, 0x20,
  0x20, 0x20, 0x20, 0x20, 0x20, 0x20, 0x20, 0x20, 0x20, 0x22, 0x73, 0x6c,
  0x6f, 0x74, 0x22, 0x3a, 0x20, 0x22, 0x57, 0x65, 0x61, 0x70, 0x6f, 0x6e,
  0x41, 0x32, 0x22, 0x2c, 0x0a, 0x20, 0x20, 0x20, 0x20, 0x20, 0x20, 0x20,
  0x20, 0x20, 0x20, 0x22, 0x69, 0x74, 0x65, 0x6d, 0x5f, 0x69, 0x64, 0x22,
  0x3a, 0x20, 0x38, 0x34, 0x38, 0x37, 0x38, 0x2c, 0x0a, 0x20, 0x20, 0x20,
  0x20, 0x20, 0x20, 0x20, 0x20, 0x20, 0x20, 0x22, 0x73, 0x74, 0x61, 0x74,
  0x5f, 0x69, 0x64, 0x22, 0x3a, 0x20, 0x31, 0x33, 0x37, 0x37, 0x2c, 0x0a,
  0x20, 0x20, 0x20, 0x20, 0x20, 0x20, 0x20, 0x20, 0x20, 0x20, 0x22, 0x75,
  0x70, 0x67, 0x72, 0x61, 0x64, 0x65, 0x5f, 0x69, 0x64, 0x22, 0x3a, 0x20,
  0x37, 0x34, 0x33, 0x32, 0x36, 0x2c, 0x0a, 0x20, 0x20, 0x20, 0x20, 0x20,
  0x20, 0x20, 0x20, 0x20, 0x20, 0x22, 0x69, 0x6e, 0x66, 0x75, 0x73, 0x69,
  0x6f, 0x6e, 0x73, 0x22, 0x3a, 0x20, 0x5b, 0x5d, 0x0a, 0x20, 0x20, 0x20,
  0x20, 0x20, 0x20, 0x20, 0x20, 0x7d, 0x0a, 0x20, 0x20, 0x20, 0x20, 0x20,
  0x20, 0x5d, 0x0a, 0x20, 0x20, 0x20, 0x20, 0x7d, 0x2c, 0x0a, 0x20, 0x20,
  0x20, 0x20, 0x22, 0x72, 0x6f, 0x74, 0x61, 0x74, 0x69, 0x6f, 0x6e, 0x22,
  0x3a, 0x20, 0x7b, 0x0a, 0x20, 0x20, 0x20, 0x20, 0x20, 0x20, 0x22, 0x6f,
  0x70, 0x65, 0x6e, 0x65, 0x72, 0x22, 0x3a, 0x20, 0x5b, 0x5d, 0x2c, 0x0a,
  0x20, 0x20, 0x20, 0x20, 0x20, 0x20, 0x22, 0x6c, 0x6f, 0x6f, 0x70, 0x22,
  0x3a, 0x20, 0x5b, 0x5d, 0x0a, 0x20, 0x20, 0x20, 0x20, 0x7d, 0x0a, 0x20,
  0x20, 0x7d, 0x2c, 0x0a, 0x20, 0x20, 0x7b, 0x0a, 0x20, 0x20, 0x20, 0x20,
  0x22, 0x69, 0x64, 0x22, 0x3a, 0x20, 0x22, 0x67, 0x75, 0x61, 0x72, 0x64,
  0x69, 0x61, 0x6e, 0x2d, 0x70, 0x6f, 0x77, 0x65, 0x72, 0x2d, 0x64, 0x72,
  0x61, 0x67, 0x6f, 0x6e, 0x68, 0x75, 0x6e, 0x74, 0x65, 0x72, 0x22, 0x2c,
  0x0a, 0x20, 0x20, 0x20, 0x20, 0x22, 0x6e, 0x61, 0x6d, 0x65, 0x22, 0x3a,
  0x20, 0x22, 0x50, 0x6f, 0x77, 0x65, 0x72, 0x20, 0x44, 0x72, 0x61, 0x67,
  0x6f, 0x6e, 0x68, 0x75, 0x6e, 0x74, 0x65, 0x72, 0x22, 0x2c, 0x0a, 0x20,
  0x20, 0x20, 0x20, 0x22, 0x70, 0x72, 0x6f, 0x66, 0x65, 0x73, 0x73, 0x69,
  0x6f, 0x6e, 0x22, 0x3a, 0x20, 0x22, 0x47, 0x75, 0x61, 0x72, 0x64, 0x69,
  0x61, 0x6e, 0x22, 0x2c, 0x0a, 0x20, 0x20, 0x20, 0x20, 0x22, 0x65, 0x6c,
  0x69, 0x74, 0x65, 0x5f, 0x73, 0x70, 0x65, 0x63, 0x22, 0x3a, 0x20, 0x22,
  0x44, 0x72, 0x61, 0x67, 0x6f, 0x6e, 0x68, 0x75, 0x6e, 0x74, 0x65, 0x72,
  0x22, 0x2c, 0x0a, 0x20, 0x20, 0x20, 0x20, 0x22, 0x62, 0x75, 0x69, 0x6c,
  0x64, 0x5f, 0x74, 0x79, 0x70, 0x65, 0x22, 0x3a, 0x20, 0x22, 0x50, 0x6f,
  0x77, 0x65, 0x72, 0x22, 0x2c, 0x0a, 0x20, 0x20, 0x20, 0x20, 0x22, 0x70,
  0x61, 0x74, 0x63, 0x68, 0x5f, 0x76, 0x65, 0x72, 0x73, 0x69, 0x6f, 0x6e,
  0x22, 0x3a, 0x20, 0x22, 0x22, 0x2c, 0x0a, 0x20, 0x20, 0x20, 0x20, 0x22,
  0x62, 0x65, 0x6e, 0x63, 0x68, 0x6d, 0x61, 0x72, 0x6b, 0x5f, 0x64, 0x70,
  0x73, 0x22, 0x3a, 0x20, 0x30, 0x2e, 0x30, 0x2c, 0x0a, 0x20, 0x20, 0x20,
  0x20, 0x22, 0x6e, 0x6f, 0x74, 0x65, 0x73, 0x22, 0x3a, 0x20, 0x22, 0x47,
  0x75, 0x69, 0x6c, 0x64, 0x20, 0x57, 0x61, 0x72, 0x73, 0x20, 0x32, 0x20,
  0x50, 0x6f, 0x77, 0x65, 0x72, 0x20, 0x44, 0x72, 0x61, 0x67, 0x6f, 0x6e,
  0x68, 0x75, 0x6e, 0x74, 0x65, 0x72, 0x20, 0x2d, 0x20, 0x48, 0x61, 0x6d,
  0x6d, 0x65, 0x72, 0x20, 0x4d, 0x65, 0x74, 0x61, 0x20, 0x62, 0x75, 0x69,
  0x6c, 0x64, 0x20, 0x66, 0x6f, 0x72, 0x20, 0x61, 0x63, 0x63, 0x65, 0x73,
  0x73, 0x69, 0x62, 0x75, 0x69, 0x6c, 0x64, 0x73, 0x3a, 0x20, 0x63, 0x6f,
  0x6d, 0x70, 0x6c, 0x65, 0x74, 0x65, 0x20, 0x67, 0x75, 0x69, 0x64, 0x65,
  0x20, 0x77, 0x69, 0x74, 0x68, 0x20, 0x67, 0x65, 0x61, 0x72, 0x2c, 0x20,
  0x72, 0x75, 0x6e, 0x65, 0x73, 0x2c, 0x20, 0x72, 0x65, 0x6c, 0x69, 0x63,
  0x73, 0x2c, 0x20, 0x74, 0x72, 0x61, 0x69, 0x74, 0x73, 0x2c, 0x20, 0x61,
  0x6e, 0x64, 0x20, 0x72, 0x6f, 0x74, 0x61, 0x74, 0x69, 0x6f, 0x6e, 0x20,
  0x74, 0x69, 0x70, 0x73, 0x2e, 0x22, 0x2c, 0x0a, 0x20, 0x20, 0x20, 0x20,
  0x22, 0x73, 0x6f, 0x75, 0x72, 0x63, 0x65, 0x5f, 0x75, 0x72, 0x6c, 0x22,
  0x3a, 0x20, 0x22, 0x68, 0x74, 0x74, 0x70, 0x73, 0x3a, 0x2f, 0x2f, 0x73,
  0x6e, 0x6f, 0x77, 0x63, 0x72, 0x6f, 0x77, 0x73, 0x2e, 0x63, 0x6f, 0x6d,
  0x2f, 0x62, 0x75, 0x69, 0x6c, 0x64, 0x73, 0x2f, 0x61, 0x63, 0x63, 0x65,
  0x73, 0x73, 0x69, 0x62, 0x75, 0x69, 0x6c, 0x64, 0x73, 0x2f, 0x67, 0x75,
  0x61, 0x72, 0x64, 0x69, 0x61, 0x6e, 0x2f, 0x70, 0x6f, 0x77, 0x65, 0x72,
  0x2d, 0x64, 0x72, 0x61, 0x67, 0x6f, 0x6e, 0x68, 0x75, 0x6e, 0x74, 0x65,
  0x72, 0x22, 0x2c, 0x0a, 0x20, 0x20, 0x20, 0x20, 0x22, 0x63, 0x68, 0x61,
  0x74, 0x5f, 0x63, 0x6f, 0x64, 0x65, 0x22, 0x3a, 0x20, 0x22, 0x5b, 0x26,
  0x44, 0x51, 0x45, 0x78, 0x4c, 0x79, 0x6f, 0x36, 0x47, 0x79, 0x6b, 0x6d,
  0x44, 0x77, 0x41, 0x41, 0x69, 0x68, 0x49, 0x41, 0x41, 0x49, 0x51, 0x53,
  0x41, 0x41, 0x44, 0x2b, 0x41, 0x41, 0x41, 0x41, 0x74, 0x52, 0x49, 0x41,
  0x41, 0x41, 0x41, 0x41, 0x41, 0x41, 0x41, 0x41, 0x41, 0x41, 0x41, 0x41,
  0x41, 0x41, 0x41, 0x41, 0x41, 0x41, 0x41, 0x41, 0x41, 0x41, 0x41, 0x3d,
  0x5d, 0x22, 0x2c, 0x0a, 0x20, 0x20, 0x20, 0x20, 0x22, 0x69, 0x73, 0x5f,
  0x6c, 0x65, 0x67, 0x61, 0x63, 0x79, 0x22, 0x3a, 0x20, 0x66, 0x61, 0x6c,
  0x73, 0x65, 0x2c, 0x0a, 0x20, 0x20, 0x20, 0x20, 0x22, 0x61, 0x63, 0x63,
  0x65, 0x73, 0x73, 0x69, 0x62, 0x69, 0x6c, 0x69, 0x74, 0x79, 0x22, 0x3a,
  0x20, 0x74, 0x72, 0x75, 0x65, 0x2c, 0x0a, 0x20, 0x20, 0x20, 0x20, 0x22,
  0x74, 0x72, 0x61, 0x69, 0x74, 0x73, 0x22, 0x3a, 0x20, 0x7b, 0x0a, 0x20,
  0x20, 0x20, 0x20, 0x20, 0x20, 0x22, 0x6c, 0x69, 0x6e, 0x65, 0x31, 0x22,
  0x3a, 0x20, 0x7b, 0x0a, 0x20, 0x20, 0x20, 0x20, 0x20, 0x20, 0x20, 0x20,
  0x22, 0x73, 0x70, 0x65, 0x63, 0x5f, 0x69, 0x64, 0x22, 0x3a, 0x20, 0x34,
  0x39, 0x2c, 0x0a, 0x20, 0x20, 0x20, 0x20, 0x20, 0x20, 0x20, 0x20, 0x22,
  0x74, 0x72, 0x61, 0x69, 0x74, 0x73, 0x22, 0x3a, 0x20, 0x5b, 0x0a, 0x20,
  0x20, 0x20, 0x20, 0x20, 0x20, 0x20, 0x20, 0x20, 0x20, 0x36, 0x35, 0x34,
  0x2c, 0x0a, 0x20, 0x20, 0x20, 0x20, 0x20, 0x20, 0x20, 0x20, 0x20, 0x20,
  0x35, 0x36, 0x32, 0x2c, 0x0a, 0x20, 0x20, 0x20, 0x20, 0x20, 0x20, 0x20,
  0x20, 0x20, 0x20, 0x35, 0x35, 0x38, 0x0a, 0x20, 0x20, 0x20, 0x20, 0x20,
  0x20, 0x20, 0x20, 0x5d, 0x0a, 0x20, 0x20, 0x20, 0x20, 0x20, 0x20, 0x7d,
  0x2c, 0x0a, 0x20, 0x20, 0x20, 0x20, 0x20, 0x20, 0x22, 0x6c, 0x69, 0x6e,
  0x65, 0x32, 0x22, 0x3a, 0x20, 0x7b, 0x0a, 0x20, 0x20, 0x20, 0x20, 0x20,
  0x20, 0x20, 0x20, 0x22, 0x73, 0x70, 0x65, 0x63, 0x5f, 0x69, 0x64, 0x22,
  0x3a, 0x20, 0x34, 0x32, 0x2c, 0x0a, 0x20, 0x20, 0x20, 0x20, 0x20, 0x20,
  0x20, 0x20, 0x22, 0x74, 0x72, 0x61, 0x69, 0x74, 0x73, 0x22, 0x3a, 0x20,
  0x5b, 0x0a, 0x20, 0x20, 0x20, 0x20, 0x20, 0x20, 0x20, 0x20, 0x20, 0x20,
  0x36, 0x33, 0x34, 0x2c, 0x0a, 0x20, 0x20, 0x20, 0x20, 0x20, 0x20, 0x20,
  0x20, 0x20, 0x20, 0x36, 0x35, 0x33, 0x2c, 0x0a, 0x20, 0x20, 0x20, 0x20,
  0x20, 0x20, 0x20, 0x20, 0x20, 0x20, 0x32, 0x30, 0x31, 0x37, 0x0a, 0x20,
  0x20, 0x20, 0x20, 0x20, 0x20, 0x20, 0x20, 0x5d, 0x0a, 0x20, 0x20, 0x20,
  0x20, 0x20, 0x20, 0x7d, 0x2c, 0x0a, 0x20, 0x20, 0x20, 0x20, 0x20, 0x20,
  0x22, 0x6c, 0x69, 0x6e, 0x65, 0x33, 0x22, 0x3a, 0x20, 0x7b, 0x0a, 0x20,
  0x20, 0x20, 0x20, 0x20, 0x20, 0x20, 0x20, 0x22, 0x73, 0x70, 0x65, 0x63,
  0x5f, 0x69, 0x64, 0x22, 0x3a, 0x20, 0x32, 0x37, 0x2c, 0x0a, 0x20, 0x20,
  0x20, 0x20, 0x20, 0x20, 0x20, 0x20, 0x22, 0x74, 0x72, 0x61, 0x69, 0x74,
  0x73, 0x22, 0x3a, 0x20, 0x5b, 0x0a, 0x20, 0x20, 0x20, 0x20, 0x20, 0x20,
  0x20, 0x20, 0x20, 0x20, 0x31, 0x38, 0x39, 0x38, 0x2c, 0x0a, 0x20, 0x20,
  0x20, 0x20, 0x20, 0x20, 0x20, 0x20, 0x20, 0x20, 0x31, 0x38, 0x33, 0x35,
  0x2c, 0x0a, 0x20, 0x20, 0x20, 0x20, 0x20, 0x20, 0x20, 0x20, 0x20, 0x20,
  0x31, 0x39, 0x36, 0x33, 0x0a, 0x20, 0x20, 0x20, 0x20, 0x20, 0x20, 0x20,
  0x20, 0x5d, 0x0a, 0x20, 0x20, 0x20, 0x20, 0x20, 0x20, 0x7d, 0x0a, 0x20,
  0x20, 0x20, 0x20, 0x7d, 0x2c, 0x0a, 0x20, 0x20, 0x20, 0x20, 0x22, 0x73,
  0x6b, 0x69, 0x6c, 0x6c, 0x73, 0x22, 0x3a, 0x20, 0x7b, 0x0a, 0x20, 0x20,
  0x20, 0x20, 0x20, 0x20, 0x22, 0x68, 0x65, 0x61, 0x6c, 0x22, 0x3a, 0x20,
  0x32, 0x31, 0x36, 0x36, 0x34, 0x2c, 0x0a, 0x20, 0x20, 0x20, 0x20, 0x20,
  0x20, 0x22, 0x75, 0x74, 0x69, 0x6c, 0x69, 0x74, 0x69, 0x65, 0x73, 0x22,
  0x3a, 0x20, 0x5b, 0x0a, 0x20, 0x20, 0x20, 0x20, 0x20, 0x20, 0x20, 0x20,
  0x33, 0x30, 0x33, 0x36, 0x34, 0x2c, 0x0a, 0x20, 0x20, 0x20, 0x20, 0x20,
  0x20, 0x20, 0x20, 0x33, 0x30, 0x35, 0x35, 0x33, 0x2c, 0x0a, 0x20, 0x20,
  0x20, 0x20, 0x20, 0x20, 0x20, 0x20, 0x39, 0x30, 0x39, 0x33, 0x0a, 0x20,
  0x20, 0x20, 0x20, 0x20, 0x20, 0x5d, 0x2c, 0x0a, 0x20, 0x20, 0x20, 0x20,
  0x20, 0x20, 0x22, 0x65, 0x6c, 0x69, 0x74, 0x65, 0x22, 0x3a, 0x20, 0x33,
  0x30, 0x32, 0x37, 0x33, 0x0a, 0x20, 0x20, 0x20, 0x20, 0x7d, 0x2c, 0x0a,
  0x20, 0x20, 0x20, 0x20, 0x22, 0x6c, 0x65, 0x67, 0x65, 0x6e, 0x64, 0x73,
  0x22, 0x3a, 0x20, 0x5b, 0x0a, 0x20, 0x20, 0x20, 0x20, 0x20, 0x20, 0x30,
  0x2c, 0x0a, 0x20, 0x20, 0x20, 0x20, 0x20, 0x20, 0x30, 0x0a, 0x20, 0x20,
  0x20, 0x20, 0x5d, 0x2c, 0x0a, 0x20, 0x20, 0x20, 0x20, 0x22, 0x70, 0x65,
  0x74, 0x73, 0x22, 0x3a, 0x20, 0x5b, 0x0a, 0x20, 0x20, 0x20, 0x20, 0x20,
  0x20, 0x30, 0x2c, 0x0a, 0x20, 0x20, 0x20, 0x20, 0x20, 0x20, 0x30, 0x0a,
  0x20, 0x20, 0x20, 0x20, 0x5d, 0x2c, 0x0a, 0x20, 0x20, 0x20, 0x20, 0x22,
  0x67, 0x65, 0x61, 0x72, 0x22, 0x3a, 0x20, 0x7b, 0x0a, 0x20, 0x20, 0x20,
  0x20, 0x20, 0x20, 0x22, 0x72, 0x65, 0x6c, 0x69, 0x63, 0x5f, 0x69, 0x64,
  0x22, 0x3a, 0x20, 0x31, 0x30, 0x30, 0x30, 0x39, 0x30, 0x2c, 0x0a, 0x20,
  0x20, 0x20, 0x20, 0x20, 0x20, 0x22, 0x66, 0x6f, 0x6f, 0x64, 0x5f, 0x69,
  0x64, 0x22, 0x3a, 0x20, 0x39, 0x31, 0x38, 0x30, 0x35, 0x2c, 0x0a, 0x20,
  0x20, 0x20, 0x20, 0x20, 0x20, 0x22, 0x75, 0x74, 0x69, 0x6c, 0x69, 0x74,
  0x79, 0x5f, 0x69, 0x64, 0x22, 0x3a, 0x20, 0x34, 0x33, 0x34, 0x35, 0x31,
  0x2c, 0x0a, 0x20, 0x20, 0x20, 0x20, 0x20, 0x20, 0x22, 0x69, 0x74, 0x65,
  0x6d, 0x73, 0x22, 0x3a, 0x20, 0x5b, 0x0a, 0x20, 0x20, 0x20, 0x20, 0x20,
  0x20, 0x20, 0x20, 0x7b, 0x0a, 0x20, 0x20, 0x20, 0x20, 0x20, 0x20, 0x20,
  0x20, 0x20, 0x20, 0x22, 0x73, 0x6c, 0x6f, 0x74, 0x22, 0x3a, 0x20, 0x22,
  0x48, 0x65, 0x6c, 0x6d, 0x22, 0x2c, 0x0a, 0x20, 0x20, 0x20, 0x20, 0x20,
  0x20, 0x20, 0x20, 0x20, 0x20, 0x22, 0x69, 0x74, 0x65, 0x6d, 0x5f, 0x69,
  0x64, 0x22, 0x3a, 0x20, 0x34, 0x38, 0x30, 0x37, 0x35, 0x2c, 0x0a, 0x20,
  0x20, 0x20, 0x20, 0x20, 0x20, 0x20, 0x20, 0x20, 0x20, 0x22, 0x73, 0x74,
  0x61, 0x74, 0x5f, 0x69, 0x64, 0x22, 0x3a, 0x20, 0x31, 0x30, 0x37, 0x37,
  0x2c, 0x0a, 0x20, 0x20, 0x20, 0x20, 0x20, 0x20, 0x20, 0x20, 0x20, 0x20,
  0x22, 0x75, 0x70, 0x67, 0x72, 0x61, 0x64, 0x65, 0x5f, 0x69, 0x64, 0x22,
  0x3a, 0x20, 0x37, 0x34, 0x39, 0x37, 0x38, 0x2c, 0x0a, 0x20, 0x20, 0x20,
  0x20, 0x20, 0x20, 0x20, 0x20, 0x20, 0x20, 0x22, 0x69, 0x6e, 0x66, 0x75,
  0x73, 0x69, 0x6f, 0x6e, 0x73, 0x22, 0x3a, 0x20, 0x5b, 0x5d, 0x0a, 0x20,
  0x20, 0x20, 0x20, 0x20, 0x20, 0x20, 0x20, 0x7d, 0x2c, 0x0a, 0x20, 0x20,
  0x20, 0x20, 0x20, 0x20, 0x20, 0x20, 0x7b, 0x0a, 0x20, 0x20, 0x20, 0x20,
  0x20, 0x20, 0x20, 0x20, 0x20, 0x20, 0x22, 0x73, 0x6c, 0x6f, 0x74, 0x22,
  0x3a, 0x20, 0x22, 0x53, 0x68, 0x6f, 0x75, 0x6c, 0x64, 0x65, 0x72, 0x73,
  0x22, 0x2c, 0x0a, 0x20, 0x20, 0x20, 0x20, 0x20, 0x20, 0x20, 0x20, 0x20,
  0x20, 0x22, 0x69, 0x74, 0x65, 0x6d, 0x5f, 0x69, 0x64, 0x22, 0x3a, 0x20,
  0x34, 0x38, 0x31, 0x33, 0x31, 0x2c, 0x0a, 0x20, 0x20, 0x20, 0x20, 0x20,
  0x20, 0x20, 0x20, 0x20, 0x20, 0x22, 0x73, 0x74, 0x61, 0x74, 0x5f, 0x69,
  0x64, 0x22, 0x3a, 0x20, 0x37, 0x35, 0x33, 0x2c, 0x0a, 0x20, 0x20, 0x20,
  0x20, 0x20, 0x20, 0x20, 0x20, 0x20, 0x20, 0x22, 0x75, 0x70, 0x67, 0x72,
  0x61, 0x64, 0x65, 0x5f, 0x69, 0x64, 0x22, 0x3a, 0x20, 0x37, 0x34, 0x39,
  0x37, 0x38, 0x2c, 0x0a, 0x20, 0x20, 0x20, 0x20, 0x20, 0x20, 0x20, 0x20,
  0x20, 0x20, 0x22, 0x69, 0x6e, 0x66, 0x75, 0x73, 0x69, 0x6f, 0x6e, 0x73,
  0x22, 0x3a, 0x20, 0x5b, 0x5d, 0x0a, 0x20, 0x20, 0x20, 0x20, 0x20, 0x20,
  0x20, 0x20, 0x7d, 0x2c, 0x0a, 0x20, 0x20, 0x20, 0x20, 0x20, 0x20, 0x20,
  0x20, 0x7b, 0x0a, 0x20, 0x20, 0x20, 0x20, 0x20, 0x20, 0x20, 0x20, 0x20,
  0x20, 0x22, 0x73, 0x6c, 0x6f, 0x74, 0x22, 0x3a, 0x20, 0x22, 0x43, 0x68,
  0x65, 0x73, 0x74, 0x22, 0x2c, 0x0a, 0x20, 0x20, 0x20, 0x20, 0x20, 0x20,
  0x20, 0x20, 0x20, 0x20, 0x22, 0x69, 0x74, 0x65, 0x6d, 0x5f, 0x69, 0x64,
  0x22, 0x3a, 0x20, 0x34, 0x38, 0x31, 0x32, 0x37, 0x2c, 0x0a, 0x20, 0x20,
  0x20, 0x20, 0x20, 0x20, 0x20, 0x20, 0x20, 0x20, 0x22, 0x73, 0x74, 0x61,
  0x74, 0x5f, 0x69, 0x64, 0x22, 0x3a, 0x20, 0x37, 0x35, 0x33, 0x2c, 0x0a,
  0x20, 0x20, 0x20, 0x20, 0x20, 0x20, 0x20, 0x20, 0x20, 0x20, 0x22, 0x75,
  0x70, 0x67, 0x72, 0x61, 0x64, 0x65, 0x5f, 0x69, 0x64, 0x22, 0x3a, 0x20,
  0x37, 0x34, 0x39, 0x37, 0x38, 0x2c, 0x0a, 0x20, 0x20, 0x20, 0x20, 0x20,
  0x20, 0x20, 0x20, 0x20, 0x20, 0x22, 0x69, 0x6e, 0x66, 0x75, 0x73, 0x69,
  0x6f, 0x6e, 0x73, 0x22, 0x3a, 0x20, 0x5b, 0x5d, 0x0a, 0x20, 0x20, 0x20,
  0x20, 0x20, 0x20, 0x20, 0x20, 0x7d, 0x2c, 0x0a, 0x20, 0x20, 0x20, 0x20,
  0x20, 0x20, 0x20, 0x20, 0x7b, 0x0a, 0x20, 0x20, 0x20, 0x20, 0x20, 0x20,
  0x20, 0x20, 0x20, 0x20, 0x22, 0x73, 0x6c, 0x6f, 0x74, 0x22, 0x3a, 0x20,
  0x22, 0x47, 0x6c, 0x6f, 0x76, 0x65, 0x73, 0x22, 0x2c, 0x0a, 0x20, 0x20,
  0x20, 0x20, 0x20, 0x20, 0x20, 0x20, 0x20, 0x20, 0x22, 0x69, 0x74, 0x65,
  0x6d, 0x5f, 0x69, 0x64, 0x22, 0x3a, 0x20, 0x34, 0x38, 0x31, 0x32, 0x38,
  0x2c, 0x0a, 0x20, 0x20, 0x20, 0x20, 0x20, 0x20, 0x20, 0x20, 0x20, 0x20,
  0x22, 0x73, 0x74, 0x61, 0x74, 0x5f, 0x69, 0x64, 0x22, 0x3a, 0x20, 0x37,
  0x35, 0x33, 0x2c, 0x0a, 0x20, 0x20, 0x20, 0x20, 0x20, 0x20, 0x20, 0x20,
  0x20, 0x20, 0x22, 0x75, 0x70, 0x67, 0x72, 0x61, 0x64, 0x65, 0x5f, 0x69,
  0x64, 0x22, 0x3a, 0x20, 0x37, 0x34, 0x39, 0x37, 0x38, 0x2c, 0x0a, 0x20,
  0x20, 0x20, 0x20, 0x20, 0x20, 0x20, 0x20, 0x20, 0x20, 0x22, 0x69, 0x6e,
  0x66, 0x75, 0x73, 0x69, 0x6f, 0x6e, 0x73, 0x22, 0x3a, 0x20, 0x5b, 0x5d,
  0x0a, 0x20, 0x20, 0x20, 0x20, 0x20, 0x20, 0x20, 0x20, 0x7d, 0x2c, 0x0a,
  0x20, 0x20, 0x20, 0x20, 0x20, 0x20, 0x20, 0x20, 0x7b, 0x0a, 0x20, 0x20,
  0x20, 0x20, 0x20, 0x20, 0x20, 0x20, 0x20, 0x20, 0x22, 0x73, 0x6c, 0x6f,
  0x74, 0x22, 0x3a, 0x20, 0x22, 0x4c, 0x65, 0x67, 0x67, 0x69, 0x6e, 0x67,
  0x73, 0x22, 0x2c, 0x0a, 0x20, 0x20, 0x20, 0x20, 0x20, 0x20, 0x20, 0x20,
  0x20, 0x20, 0x22, 0x69, 0x74, 0x65, 0x6d, 0x5f, 0x69, 0x64, 0x22, 0x3a,
  0x20, 0x34, 0x38, 0x31, 0x33, 0x30, 0x2c, 0x0a, 0x20, 0x20, 0x20, 0x20,
  0x20, 0x20, 0x20, 0x20, 0x20, 0x20, 0x22, 0x73, 0x74, 0x61, 0x74, 0x5f,
  0x69, 0x64, 0x22, 0x3a, 0x20, 0x37, 0x35, 0x33, 0x2c, 0x0a, 0x20, 0x20,
  0x20, 0x20, 0x20, 0x20, 0x20, 0x20, 0x20, 0x20, 0x22, 0x75, 0x70, 0x67,
  0x72, 0x61, 0x64, 0x65, 0x5f, 0x69, 0x64, 0x22, 0x3a, 0x20, 0x37, 0x34,
  0x39, 0x37, 0x38, 0x2c, 0x0a, 0x20, 0x20, 0x20, 0x20, 0x20, 0x20, 0x20,
  0x20, 0x20, 0x20, 0x22, 0x69, 0x6e, 0x66, 0x75, 0x73, 0x69, 0x6f, 0x6e,
  0x73, 0x22, 0x3a, 0x20, 0x5b, 0x5d, 0x0a, 0x20, 0x20, 0x20, 0x20, 0x20,
  0x20, 0x20, 0x20, 0x7d, 0x2c, 0x0a, 0x20, 0x20, 0x20, 0x20, 0x20, 0x20,
  0x20, 0x20, 0x7b, 0x0a, 0x20, 0x20, 0x20, 0x20, 0x20, 0x20, 0x20, 0x20,
  0x20, 0x20, 0x22, 0x73, 0x6c, 0x6f, 0x74, 0x22, 0x3a, 0x20, 0x22, 0x42,
  0x6f, 0x6f, 0x74, 0x73, 0x22, 0x2c, 0x0a, 0x20, 0x20, 0x20, 0x20, 0x20,
  0x20, 0x20, 0x20, 0x20, 0x20, 0x22, 0x69, 0x74, 0x65, 0x6d, 0x5f, 0x69,
  0x64, 0x22, 0x3a, 0x20, 0x34, 0x38, 0x31, 0x32, 0x36, 0x2c, 0x0a, 0x20,
  0x20, 0x20, 0x20, 0x20, 0x20, 0x20, 0x20, 0x20, 0x20, 0x22, 0x73, 0x74,
  0x61, 0x74, 0x5f, 0x69, 0x64, 0x22, 0x3a, 0x20, 0x37, 0x35, 0x33, 0x2c,
  0x0a, 0x20, 0x20, 0x20, 0x20, 0x20, 0x20, 0x20, 0x20, 0x20, 0x20, 0x22,
  0x75, 0x70, 0x67, 0x72, 0x61, 0x64, 0x65, 0x5f, 0x69, 0x64, 0x22, 0x3a,
  0x20, 0x37, 0x34, 0x39, 0x37, 0x38, 0x2c, 0x0a, 0x20, 0x20, 0x20, 0x20,
  0x20, 0x20, 0x20, 0x20, 0x20, 0x20, 0x22, 0x69, 0x6e, 0x66, 0x75, 0x73,
  0x69, 0x6f, 0x6e, 0x73, 0x22, 0x3a, 0x20, 0x5b, 0x5d, 0x0a, 0x20, 0x20,
  0x20, 0x20, 0x20, 0x20, 0x20, 0x20, 0x7d, 0x2c, 0x0a, 0x20, 0x20, 0x20,
  0x20, 0x20, 0x20, 0x20, 0x20, 0x7b, 0x0a, 0x20, 0x20, 0x20, 0x20, 0x20,
  0x20, 0x20, 0x20, 0x20, 0x20, 0x22, 0x73, 0x6c, 0x6f, 0x74, 0x22, 0x3a,
  0x20, 0x22, 0x42, 0x61, 0x63, 0x6b, 0x49, 0x74, 0x65, 0x6d, 0x22, 0x2c,
  0x0a, 0x20, 0x20, 0x20, 0x20, 0x20, 0x20, 0x20, 0x20, 0x20, 0x20, 0x22,
  0x69, 0x74, 0x65, 0x6d, 0x5f, 0x69, 0x64, 0x22, 0x3a, 0x20, 0x37, 0x39,
  0x38, 0x33, 0x37, 0x2c, 0x0a, 0x20, 0x20, 0x20, 0x20, 0x20, 0x20, 0x20,
  0x20, 0x20, 0x20, 0x22, 0x73, 0x74, 0x61, 0x74, 0x5f, 0x69, 0x64, 0x22,
  0x3a, 0x20, 0x37, 0x35, 0x33, 0x2c, 0x0a, 0x20, 0x20, 0x20, 0x20, 0x20,
  0x20, 0x20, 0x20, 0x20, 0x20, 0x22, 0x75, 0x70, 0x67, 0x72, 0x61, 0x64,
  0x65, 0x5f, 0x69, 0x64, 0x22, 0x3a, 0x20, 0x30, 0x2c, 0x0a, 0x20, 0x20,
  0x20, 0x20, 0x20, 0x20, 0x20, 0x20, 0x20, 0x20, 0x22, 0x69, 0x6e, 0x66,
  0x75, 0x73, 0x69, 0x6f, 0x6e, 0x73, 0x22, 0x3a, 0x20, 0x5b, 0x5d, 0x0a,
  0x20, 0x20, 0x20, 0x20, 0x20, 0x20, 0x20, 0x20, 0x7d, 0x2c, 0x0a, 0x20,
  0x20, 0x20, 0x20, 0x20, 0x20, 0x20, 0x20, 0x7b, 0x0a, 0x20, 0x20, 0x20,
  0x20, 0x20, 0x20, 0x20, 0x20, 0x20, 0x20, 0x22, 0x73, 0x6c, 0x6f, 0x74,
  0x22, 0x3a, 0x20, 0x22, 0x41, 0x63, 0x63, 0x65, 0x73, 0x73, 0x6f, 0x72,
  0x79, 0x31, 0x22, 0x2c, 0x0a, 0x20, 0x20, 0x20, 0x20, 0x20, 0x20, 0x20,
  0x20, 0x20, 0x20, 0x22, 0x69, 0x74, 0x65, 0x6d, 0x5f, 0x69, 0x64, 0x22,
  0x3a, 0x20, 0x37, 0x39, 0x37, 0x34, 0x35, 0x2c, 0x0a, 0x20, 0x20, 0x20,
  0x20, 0x20, 0x20, 0x20, 0x20, 0x20, 0x20, 0x22, 0x73, 0x74, 0x61, 0x74,
  0x5f, 0x69, 0x64, 0x22, 0x3a, 0x20, 0x37, 0x35, 0x33, 0x2c, 0x0a, 0x20,
  0x20, 0x20, 0x20, 0x20, 0x20, 0x20, 0x20, 0x20, 0x20, 0x22, 0x75, 0x70,
  0x67, 0x72, 0x61, 0x64, 0x65, 0x5f, 0x69, 0x64, 0x22, 0x3a, 0x20, 0x30,
  0x2c, 0x0a, 0x20, 0x20, 0x20, 0x20, 0x20, 0x20, 0x20, 0x20, 0x20, 0x20,
  0x22, 0x69, 0x6e, 0x66, 0x75, 0x73, 0x69, 0x6f, 0x6e, 0x73, 0x22, 0x3a,
  0x20, 0x5b, 0x5d, 0x0a, 0x20, 0x20, 0x20, 0x20, 0x20, 0x20, 0x20, 0x20,
  0x7d, 0x2c, 0x0a, 0x20, 0x20, 0x20, 0x20, 0x20, 0x20, 0x20, 0x20, 0x7b,
  0x0a, 0x20, 0x20, 0x20, 0x20, 0x20, 0x20, 0x20, 0x20, 0x20, 0x20, 0x22,
  0x73, 0x6c, 0x6f, 0x74, 0x22, 0x3a, 0x20, 0x22, 0x41, 0x63, 0x63, 0x65,
  0x73, 0x73, 0x6f, 0x72, 0x79, 0x32, 0x22, 0x2c, 0x0a, 0x20, 0x20, 0x20,
  0x20, 0x20, 0x20, 0x20, 0x20, 0x20, 0x20, 0x22, 0x69, 0x74, 0x65, 0x6d,
  0x5f, 0x69, 0x64, 0x22, 0x3a, 0x20, 0x37, 0x39, 0x34, 0x34, 0x34, 0x2c,
  0x0a, 0x20, 0x20, 0x20, 0x20, 0x20, 0x20, 0x20, 0x20, 0x20, 0x20, 0x22,
  0x73, 0x74, 0x61, 0x74, 0x5f, 0x69, 0x64, 0x22, 0x3a, 0x20, 0x37, 0x35,
  0x33, 0x2c, 0x0a, 0x20, 0x20, 0x20, 0x20, 0x20, 0x20, 0x20, 0x20, 0x20,
  0x20, 0x22, 0x75, 0x70, 0x67, 0x72, 0x61, 0x64, 0x65, 0x5f, 0x69, 0x64,
  0x22, 0x3a, 0x20, 0x30, 0x2c, 0x0a, 0x20, 0x20, 0x20, 0x20, 0x20, 0x20,
  0x20, 0x20, 0x20, 0x20, 0x22, 0x69, 0x6e, 0x66, 0x75, 0x73, 0x69, 0x6f,
  0x6e, 0x73, 0x22, 0x3a, 0x20, 0x5b, 0x5d, 0x0a, 0x20, 0x20, 0x20, 0x20,
  0x20, 0x20, 0x20, 0x20, 0x7d, 0x2c, 0x0a, 0x20, 0x20, 0x20, 0x20, 0x20,
  0x20, 0x20, 0x20, 0x7b, 0x0a, 0x20, 0x20, 0x20, 0x20, 0x20, 0x20, 0x20,
  0x20, 0x20, 0x20, 0x22, 0x73, 0x6c, 0x6f, 0x74, 0x22, 0x3a, 0x20, 0x22,
  0x41, 0x6d, 0x75, 0x6c, 0x65, 0x74, 0x22, 0x2c, 0x0a, 0x20, 0x20, 0x20,
  0x20, 0x20, 0x20, 0x20, 0x20, 0x20, 0x20, 0x22, 0x69, 0x74, 0x65, 0x6d,
  0x5f, 0x69, 0x64, 0x22, 0x3a, 0x20, 0x38, 0x31, 0x31, 0x36, 0x39, 0x2c,
  0x0a, 0x20, 0x20, 0x20, 0x20, 0x20, 0x20, 0x20, 0x20, 0x20, 0x20, 0x22,
  0x73, 0x74, 0x61, 0x74, 0x5f, 0x69, 0x64, 0x22, 0x3a, 0x20, 0x37, 0x35,
  0x33, 0x2c, 0x0a, 0x20, 0x20, 0x20, 0x20, 0x20, 0x20, 0x20, 0x20, 0x20,
  0x20, 0x22, 0x75, 0x70, 0x67, 0x72, 0x61, 0x64, 0x65, 0x5f, 0x69, 0x64,
  0x22, 0x3a, 0x20, 0x30, 0x2c, 0x0a, 0x20, 0x20, 0x20, 0x20, 0x20, 0x20,
  0x20, 0x20, 0x20, 0x20, 0x22, 0x69, 0x6e, 0x66, 0x75, 0x73, 0x69, 0x6f,
  0x6e, 0x73, 0x22, 0x3a, 0x20, 0x5b, 0x5d, 0x0a, 0x20, 0x20, 0x20, 0x20,
  0x20, 0x20, 0x20, 0x20, 0x7d, 0x2c, 0x0a, 0x20, 0x20, 0x20, 0x20, 0x20,
  0x20, 0x20, 0x20, 0x7b, 0x0a, 0x20, 0x20, 0x20, 0x20, 0x20, 0x20, 0x20,
  0x20, 0x20, 0x20, 0x22, 0x73, 0x6c, 0x6f, 0x74, 0x22, 0x3a, 0x20, 0x22,
  0x52, 0x69, 0x6e, 0x67, 0x31, 0x22, 0x2c, 0x0a, 0x20, 0x20, 0x20, 0x20,
  0x20, 0x20, 0x20, 0x20, 0x20, 0x20, 0x22, 0x69, 0x74, 0x65, 0x6d, 0x5f,
  0x69, 0x64, 0x22, 0x3a, 0x20, 0x37, 0x39, 0x37, 0x31, 0x30, 0x2c, 0x0a,
  0x20, 0x20, 0x20, 0x20, 0x20, 0x20, 0x20, 0x20, 0x20, 0x20, 0x22, 0x73,
  0x74, 0x61, 0x74, 0x5f, 0x69, 0x64, 0x22, 0x3a, 0x20, 0x31, 0x30, 0x37,
  0x37, 0x2c, 0x0a, 0x20, 0x20, 0x20, 0x20, 0x20, 0x20, 0x20, 0x20, 0x20,
  0x20, 0x22, 0x75, 0x70, 0x67, 0x72, 0x61, 0x64, 0x65, 0x5f, 0x69, 0x64,
  0x22, 0x3a, 0x20, 0x30, 0x2c, 0x0a, 0x20, 0x20, 0x20, 0x20, 0x20, 0x20,
  0x20, 0x20, 0x20, 0x20, 0x22, 0x69, 0x6e, 0x66, 0x75, 0x73, 0x69, 0x6f,
  0x6e, 0x73, 0x22, 0x3a, 0x20, 0x5b, 0x5d, 0x0a, 0x20, 0x20, 0x20, 0x20,
  0x20, 0x20, 0x20, 0x20, 0x7d, 0x2c, 0x0a, 0x20, 0x20, 0x20, 0x20, 0x20,
  0x20, 0x20, 0x20, 0x7b, 0x0a, 0x20, 0x20, 0x20, 0x20, 0x20, 0x20, 0x20,
  0x20, 0x20, 0x20, 0x22, 0x73, 0x6c, 0x6f, 0x74, 0x22, 0x3a, 0x20, 0x22,
  0x52, 0x69, 0x6e, 0x67, 0x32, 0x22, 0x2c, 0x0a, 0x20, 0x20, 0x20, 0x20,
  0x20, 0x20, 0x20, 0x20, 0x20, 0x20, 0x22, 0x69, 0x74, 0x65, 0x6d, 0x5f,
  0x69, 0x64, 0x22, 0x3a, 0x20, 0x38, 0x31, 0x31, 0x36, 0x37, 0x2c, 0x0a,
  0x20, 0x20, 0x20, 0x20, 0x20, 0x20, 0x20, 0x20, 0x20, 0x20, 0x22, 0x73,
  0x74, 0x61, 0x74, 0x5f, 0x69, 0x64, 0x22, 0x3a, 0x20, 0x37, 0x35, 0x33,
  0x2c, 0x0a, 0x20, 0x20, 0x20, 0x20, 0x20, 0x20, 0x20, 0x20, 0x20, 0x20,
  0x22, 0x75, 0x70, 0x67, 0x72, 0x61, 0x64, 0x65, 0x5f, 0x69, 0x64, 0x22,
  0x3a, 0x20, 0x30, 0x2c, 0x0a, 0x20, 0x20, 0x20, 0x20, 0x20, 0x20, 0x20,
  0x20, 0x20, 0x20, 0x22, 0x69, 0x6e, 0x66, 0x75, 0x73, 0x69, 0x6f, 0x6e,
  0x73, 0x22, 0x3a, 0x20, 0x5b, 0x5d, 0x0a, 0x20, 0x20, 0x20, 0x20, 0x20,
  0x20, 0x20, 0x20, 0x7d, 0x2c, 0x0a, 0x20, 0x20, 0x20, 0x20, 0x20, 0x20,
  0x20, 0x20, 0x7b, 0x0a, 0x20, 0x20, 0x20, 0x20, 0x20, 0x20, 0x20, 0x20,
  0x20, 0x20, 0x22, 0x73, 0x6c, 0x6f, 0x74, 0x22, 0x3a, 0x20, 0x22, 0x57,
  0x65, 0x61, 0x70, 0x6f, 0x6e, 0x41, 0x31, 0x22, 0x2c, 0x0a, 0x20, 0x20,
  0x20, 0x20, 0x20, 0x20, 0x20, 0x20, 0x20, 0x20, 0x22, 0x69, 0x74, 0x65,
  0x6d, 0x5f, 0x69, 0x64, 0x22, 0x3a, 0x20, 0x34, 0x37, 0x30, 0x34, 0x38,
  0x2c, 0x0a, 0x20, 0x20, 0x20, 0x20, 0x20, 0x20, 0x20, 0x20, 0x20, 0x20,
  0x22, 0x73, 0x74, 0x61, 0x74, 0x5f, 0x69, 0x64, 0x22, 0x3a, 0x20, 0x37,
  0x35, 0x33, 0x2c, 0x0a, 0x20, 0x20, 0x20, 0x20, 0x20, 0x20, 0x20, 0x20,
  0x20, 0x20, 0x22, 0x75, 0x70, 0x67, 0x72, 0x61, 0x64, 0x65, 0x5f, 0x69,
  0x64, 0x22, 0x3a, 0x20, 0x32, 0x34, 0x36, 0x31, 0x35, 0x2c, 0x0a, 0x20,
  0x20, 0x20, 0x20, 0x20, 0x20, 0x20, 0x20, 0x20, 0x20, 0x22, 0x69, 0x6e,
  0x66, 0x75, 0x73, 0x69, 0x6f, 0x6e, 0x73, 0x22, 0x3a, 0x20, 0x5b, 0x5d,
  0x2c, 0x0a, 0x20, 0x20, 0x20, 0x20, 0x20, 0x20, 0x20, 0x20, 0x20, 0x20,
  0x22, 0x75, 0x70, 0x67, 0x72, 0x61, 0x64, 0x65, 0x32, 0x5f, 0x69, 0x64,
  0x22, 0x3a, 0x20, 0x32, 0x34, 0x36, 0x31, 0x38, 0x0a, 0x20, 0x20, 0x20,
  0x20, 0x20, 0x20, 0x20, 0x20, 0x7d, 0x0a, 0x20, 0x20, 0x20, 0x20, 0x20,
  0x20, 0x5d, 0x0a, 0x20, 0x20, 0x20, 0x20, 0x7d, 0x2c, 0x0a, 0x20, 0x20,
  0x20, 0x20, 0x22, 0x72, 0x6f, 0x74, 0x61, 0x74, 0x69, 0x6f, 0x6e, 0x22,
  0x3a, 0x20, 0x7b, 0x0a, 0x20, 0x20, 0x20, 0x20, 0x20, 0x20, 0x22, 0x6f,
  0x70, 0x65, 0x6e, 0x65, 0x72, 0x22, 0x3a, 0x20, 0x5b, 0x5d, 0x2c, 0x0a,
  0x20, 0x20, 0x20, 0x20, 0x20, 0x20, 0x22, 0x6c, 0x6f, 0x6f, 0x70, 0x22,
  0x3a, 0x20, 0x5b, 0x5d, 0x0a, 0x20, 0x20, 0x20, 0x20, 0x7d, 0x0a, 0x20,
  0x20, 0x7d, 0x2c, 0x0a, 0x20, 0x20, 0x7b, 0x0a, 0x20, 0x20, 0x20, 0x20,
  0x22, 0x69, 0x64, 0x22, 0x3a, 0x20, 0x22, 0x67, 0x75, 0x61, 0x72, 0x64,
  0x69, 0x61, 0x6e, 0x2d, 0x63, 0x6f, 0x6e, 0x64, 0x69, 0x74, 0x69, 0x6f,
  0x6e, 0x2d, 0x77, 0x69, 0x6c, 0x6c, 0x62, 0x65, 0x6e, 0x64, 0x65, 0x72,
  0x22, 0x2c, 0x0a, 0x20, 0x20, 0x20, 0x20, 0x22, 0x6e, 0x61, 0x6d, 0x65,
  0x22, 0x3a, 0x20, 0x22, 0x43, 0x6f, 0x6e, 0x64, 0x69, 0x74, 0x69, 0x6f,
  0x6e, 0x20, 0x57, 0x69, 0x6c, 0x6c, 0x62, 0x65, 0x6e, 0x64, 0x65, 0x72,
  0x22, 0x2c, 0x0a, 0x20, 0x20, 0x20, 0x20, 0x22, 0x70, 0x72, 0x6f, 0x66,
  0x65, 0x73, 0x73, 0x69, 0x6f, 0x6e, 0x22, 0x3a, 0x20, 0x22, 0x47, 0x75,
  0x61, 0x72, 0x64, 0x69, 0x61, 0x6e, 0x22, 0x2c, 0x0a, 0x20, 0x20, 0x20,
  0x20, 0x22, 0x65, 0x6c, 0x69, 0x74, 0x65, 0x5f, 0x73, 0x70, 0x65, 0x63,
  0x22, 0x3a, 0x20, 0x22, 0x57, 0x69, 0x6c, 0x6c, 0x62, 0x65, 0x6e, 0x64,
  0x65, 0x72, 0x22, 0x2c, 0x0a, 0x20, 0x20, 0x20, 0x20, 0x22, 0x62, 0x75,
  0x69, 0x6c, 0x64, 0x5f, 0x74, 0x79, 0x70, 0x65, 0x22, 0x3a, 0x20, 0x22,
  0x43, 0x6f, 0x6e, 0x64, 0x69, 0x22, 0x2c, 0x0a, 0x20, 0x20, 0x20, 0x20,
  0x22, 0x70, 0x61, 0x74, 0x63, 0x68, 0x5f, 0x76, 0x65, 0x72, 0x73, 0x69,
  0x6f, 0x6e, 0x22, 0x3a, 0x20, 0x22, 0x22, 0x2c, 0x0a, 0x20, 0x20, 0x20,
  0x20, 0x22, 0x62, 0x65, 0x6e, 0x63, 0x68, 0x6d, 0x61, 0x72, 0x6b, 0x5f,
  0x64, 0x70, 0x73, 0x22, 0x3a, 0x20, 0x30, 0x2e, 0x30, 0x2c, 0x0a, 0x20,
  0x20, 0x20, 0x20, 0x22, 0x6e, 0x6f, 0x74, 0x65, 0x73, 0x22, 0x3a, 0x20,
  0x22, 0x47, 0x75, 0x69, 0x6c, 0x64, 0x20, 0x57, 0x61, 0x72, 0x73, 0x20,
  0x32, 0x20, 0x43, 0x6f, 0x6e, 0x64, 0x69, 0x74, 0x69, 0x6f, 0x6e, 0x20,
  0x57, 0x69, 0x6c, 0x6c, 0x62, 0x65, 0x6e, 0x64, 0x65, 0x72, 0x20, 0x2d,
  0x20, 0x50, 0x69, 0x73, 0x74, 0x6f, 0x6c, 0x20, 0x26, 0x20, 0x50, 0x69,
  0x73, 0x74, 0x6f, 0x6c, 0x20, 0x4d, 0x65, 0x74, 0x61, 0x20, 0x62, 0x75,
  0x69, 0x6c, 0x64, 0x20, 0x66, 0x6f, 0x72, 0x20, 0x61, 0x63, 0x63, 0x65,
  0x73, 0x73, 0x69, 0x62, 0x75, 0x69, 0x6c, 0x64, 0x73, 0x3a, 0x20, 0x63,
  0x6f, 0x6d, 0x70, 0x6c, 0x65, 0x74, 0x65, 0x20, 0x67, 0x75, 0x69, 0x64,
  0x65, 0x20, 0x77, 0x69, 0x74, 0x68, 0x20, 0x67, 0x65, 0x61, 0x72, 0x2c,
  0x20, 0x72, 0x75, 0x6e, 0x65, 0x73, 0x2c, 0x20, 0x72, 0x65, 0x6c, 0x69,
  0x63, 0x73, 0x2c, 0x20, 0x74, 0x72, 0x61, 0x69, 0x74, 0x73, 0x2c, 0x20,
  0x61, 0x6e, 0x64, 0x20, 0x72, 0x6f, 0x74, 0x61, 0x74, 0x69, 0x6f, 0x6e,
  0x20, 0x74, 0x69, 0x70, 0x73, 0x2e, 0x22, 0x2c, 0x0a, 0x20, 0x20, 0x20,
  0x20, 0x22, 0x73, 0x6f, 0x75, 0x72, 0x63, 0x65, 0x5f, 0x75, 0x72, 0x6c,
  0x22, 0x3a, 0x20, 0x22, 0x68, 0x74, 0x74, 0x70, 0x73, 0x3a, 0x2f, 0x2f,
  0x73, 0x6e, 0x6f, 0x77, 0x63, 0x72, 0x6f, 0x77, 0x73, 0x2e, 0x63, 0x6f,
  0x6d, 0x2f, 0x62, 0x75, 0x69, 0x6c, 0x64, 0x73, 0x2f, 0x61, 0x63, 0x63,
  0x65, 0x73, 0x73, 0x69, 0x62, 0x75, 0x69, 0x6c, 0x64, 0x73, 0x2f, 0x67,
  0x75, 0x61, 0x72, 0x64, 0x69, 0x61, 0x6e, 0x2f, 0x63, 0x6f, 0x6e, 0x64,
  0x69, 0x74, 0x69, 0x6f, 0x6e, 0x2d, 0x77, 0x69, 0x6c, 0x6c, 0x62, 0x65,
  0x6e, 0x64, 0x65, 0x72, 0x22, 0x2c, 0x0a, 0x20, 0x20, 0x20, 0x20, 0x22,
  0x63, 0x68, 0x61, 0x74, 0x5f, 0x63, 0x6f, 0x64, 0x65, 0x22, 0x3a, 0x20,
  0x22, 0x5b, 0x26, 0x44, 0x51, 0x45, 0x51, 0x47, 0x69, 0x34, 0x58, 0x51,
  0x53, 0x55, 0x6d, 0x44, 0x77, 0x41, 0x41, 0x54, 0x41, 0x45, 0x41, 0x41,
  0x4e, 0x67, 0x61, 0x41, 0x41, 0x41, 0x78, 0x41, 0x51, 0x41, 0x41, 0x36,
  0x52, 0x6f, 0x41, 0x41, 0x41, 0x41, 0x41, 0x41, 0x41, 0x41, 0x41, 0x41,
  0x41, 0x41, 0x41, 0x41, 0x41, 0x41, 0x41, 0x41, 0x41, 0x41, 0x41, 0x41,
  0x41, 0x41, 0x3d, 0x5d, 0x22, 0x2c, 0x0a, 0x20, 0x20, 0x20, 0x20, 0x22,
  0x69, 0x73, 0x5f, 0x6c, 0x65, 0x67, 0x61, 0x63, 0x79, 0x22, 0x3a, 0x20,
  0x66, 0x61, 0x6c, 0x73, 0x65, 0x2c, 0x0a, 0x20, 0x20, 0x20, 0x20, 0x22,
  0x61, 0x63, 0x63, 0x65, 0x73, 0x73, 0x69, 0x62, 0x69, 0x6c, 0x69, 0x74,
  0x79, 0x22, 0x3a, 0x20, 0x74, 0x72, 0x75, 0x65, 0x2c, 0x0a, 0x20, 0x20,
  0x20, 0x20, 0x22, 0x74, 0x72, 0x61, 0x69, 0x74, 0x73, 0x22, 0x3a, 0x20,
  0x7b, 0x0a, 0x20, 0x20, 0x20, 0x20, 0x20, 0x20, 0x22, 0x6c, 0x69, 0x6e,
  0x65, 0x31, 0x22, 0x3a, 0x20, 0x7b, 0x0a, 0x20, 0x20, 0x20, 0x20, 0x20,
  0x20, 0x20, 0x20, 0x22, 0x73, 0x70, 0x65, 0x63, 0x5f, 0x69, 0x64, 0x22,
  0x3a, 0x20, 0x31, 0x36, 0x2c, 0x0a, 0x20, 0x20, 0x20, 0x20, 0x20, 0x20,
  0x20, 0x20, 0x22, 0x74, 0x72, 0x61, 0x69, 0x74, 0x73, 0x22, 0x3a, 0x20,
  0x5b, 0x0a, 0x20, 0x20, 0x20, 0x20, 0x20, 0x20, 0x20, 0x20, 0x20, 0x20,
  0x35, 0x36, 0x36, 0x2c, 0x0a, 0x20, 0x20, 0x20, 0x20, 0x20, 0x20, 0x20,
  0x20, 0x20, 0x20, 0x35, 0x36, 0x37, 0x2c, 0x0a, 0x20, 0x20, 0x20, 0x20,
  0x20, 0x20, 0x20, 0x20, 0x20, 0x20, 0x31, 0x36, 0x38, 0x36, 0x0a, 0x20,
  0x20, 0x20, 0x20, 0x20, 0x20, 0x20, 0x20, 0x5d, 0x0a, 0x20, 0x20, 0x20,
  0x20, 0x20, 0x20, 0x7d, 0x2c, 0x0a, 0x20, 0x20, 0x20, 0x20, 0x20, 0x20,
  0x22, 0x6c, 0x69, 0x6e, 0x65, 0x32, 0x22, 0x3a, 0x20, 0x7b, 0x0a, 0x20,
  0x20, 0x20, 0x20, 0x20, 0x20, 0x20, 0x20, 0x22, 0x73, 0x70, 0x65, 0x63,
  0x5f, 0x69, 0x64, 0x22, 0x3a, 0x20, 0x34, 0x36, 0x2c, 0x0a, 0x20, 0x20,
  0x20, 0x20, 0x20, 0x20, 0x20, 0x20, 0x22, 0x74, 0x72, 0x61, 0x69, 0x74,
  0x73, 0x22, 0x3a, 0x20, 0x5b, 0x0a, 0x20, 0x20, 0x20, 0x20, 0x20, 0x20,
  0x20, 0x20, 0x20, 0x20, 0x36, 0x31, 0x37, 0x2c, 0x0a, 0x20, 0x20, 0x20,
  0x20, 0x20, 0x20, 0x20, 0x20, 0x20, 0x20, 0x36, 0x30, 0x33, 0x2c, 0x0a,
  0x20, 0x20, 0x20, 0x20, 0x20, 0x20, 0x20, 0x20, 0x20, 0x20, 0x36, 0x32,
  0x32, 0x0a, 0x20, 0x20, 0x20, 0x20, 0x20, 0x20, 0x20, 0x20, 0x5d, 0x0a,
  0x20, 0x20, 0x20, 0x20, 0x20, 0x20, 0x7d, 0x2c, 0x0a, 0x20, 0x20, 0x20,
  0x20, 0x20, 0x20, 0x22, 0x6c, 0x69, 0x6e, 0x65, 0x33, 0x22, 0x3a, 0x20,
  0x7b, 0x0a, 0x20, 0x20, 0x20, 0x20, 0x20, 0x20, 0x20, 0x20, 0x22, 0x73,
  0x70, 0x65, 0x63, 0x5f, 0x69, 0x64, 0x22, 0x3a, 0x20, 0x36, 0x35, 0x2c,
  0x0a, 0x20, 0x20, 0x20, 0x20, 0x20, 0x20, 0x20, 0x20, 0x22, 0x74, 0x72,
  0x61, 0x69, 0x74, 0x73, 0x22, 0x3a, 0x20, 0x5b, 0x0a, 0x20, 0x20, 0x20,
  0x20, 0x20, 0x20, 0x20, 0x20, 0x20, 0x20, 0x32, 0x31, 0x39, 0x31, 0x2c,
  0x0a, 0x20, 0x20, 0x20, 0x20, 0x20, 0x20, 0x20, 0x20, 0x20, 0x20, 0x32,
  0x31, 0x39, 0x37, 0x2c, 0x0a, 0x20, 0x20, 0x20, 0x20, 0x20, 0x20, 0x20,
  0x20, 0x20, 0x20, 0x32, 0x32, 0x30, 0x31, 0x0a, 0x20, 0x20, 0x20, 0x20,
  0x20, 0x20, 0x20, 0x20, 0x5d, 0x0a, 0x20, 0x20, 0x20, 0x20, 0x20, 0x20,
  0x7d, 0x0a, 0x20, 0x20, 0x20, 0x20, 0x7d, 0x2c, 0x0a, 0x20, 0x20, 0x20,
  0x20, 0x22, 0x73, 0x6b, 0x69, 0x6c, 0x6c, 0x73, 0x22, 0x3a, 0x20, 0x7b,
  0x0a, 0x20, 0x20, 0x20, 0x20, 0x20, 0x20, 0x22, 0x68, 0x65, 0x61, 0x6c,
  0x22, 0x3a, 0x20, 0x32, 0x31, 0x36, 0x36, 0x34, 0x2c, 0x0a, 0x20, 0x20,
  0x20, 0x20, 0x20, 0x20, 0x22, 0x75, 0x74, 0x69, 0x6c, 0x69, 0x74, 0x69,
  0x65, 0x73, 0x22, 0x3a, 0x20, 0x5b, 0x0a, 0x20, 0x20, 0x20, 0x20, 0x20,
  0x20, 0x20, 0x20, 0x39, 0x31, 0x38, 0x37, 0x2c, 0x0a, 0x20, 0x20, 0x20,
  0x20, 0x20, 0x20, 0x20, 0x20, 0x36, 0x32, 0x35, 0x36, 0x35, 0x2c, 0x0a,
  0x20, 0x20, 0x20, 0x20, 0x20, 0x20, 0x20, 0x20, 0x39, 0x31, 0x35, 0x31,
  0x0a, 0x20, 0x20, 0x20, 0x20, 0x20, 0x20, 0x5d, 0x2c, 0x0a, 0x20, 0x20,
  0x20, 0x20, 0x20, 0x20, 0x22, 0x65, 0x6c, 0x69, 0x74, 0x65, 0x22, 0x3a,
  0x20, 0x36, 0x32, 0x35, 0x36, 0x31, 0x0a, 0x20, 0x20, 0x20, 0x20, 0x7d,
  0x2c, 0x0a, 0x20, 0x20, 0x20, 0x20, 0x22, 0x6c, 0x65, 0x67, 0x65, 0x6e,
  0x64, 0x73, 0x22, 0x3a, 0x20, 0x5b, 0x0a, 0x20, 0x20, 0x20, 0x20, 0x20,
  0x20, 0x30, 0x2c, 0x0a, 0x20, 0x20, 0x20, 0x20, 0x20, 0x20, 0x30, 0x0a,
  0x20, 0x20, 0x20, 0x20, 0x5d, 0x2c, 0x0a, 0x20, 0x20, 0x20, 0x20, 0x22,
  0x70, 0x65, 0x74, 0x73, 0x22, 0x3a, 0x20, 0x5b, 0x0a, 0x20, 0x20, 0x20,
  0x20, 0x20, 0x20, 0x30, 0x2c, 0x0a, 0x20, 0x20, 0x20, 0x20, 0x20, 0x20,
  0x30, 0x0a, 0x20, 0x20, 0x20, 0x20, 0x5d, 0x2c, 0x0a, 0x20, 0x20, 0x20,
  0x20, 0x22, 0x67, 0x65, 0x61, 0x72, 0x22, 0x3a, 0x20, 0x7b, 0x0a, 0x20,
  0x20, 0x20, 0x20, 0x20, 0x20, 0x22, 0x72, 0x65, 0x6c, 0x69, 0x63, 0x5f,
  0x69, 0x64, 0x22, 0x3a, 0x20, 0x31, 0x30, 0x30, 0x31, 0x35, 0x33, 0x2c,
  0x0a, 0x20, 0x20, 0x20, 0x20, 0x20, 0x20, 0x22, 0x66, 0x6f, 0x6f, 0x64,
  0x5f, 0x69, 0x64, 0x22, 0x3a, 0x20, 0x39, 0x31, 0x38, 0x37, 0x38, 0x2c,
  0x0a, 0x20, 0x20, 0x20, 0x20, 0x20, 0x20, 0x22, 0x75, 0x74, 0x69, 0x6c,
  0x69, 0x74, 0x79, 0x5f, 0x69, 0x64, 0x22, 0x3a, 0x20, 0x34, 0x38, 0x39,
  0x31, 0x37, 0x2c, 0x0a, 0x20, 0x20, 0x20, 0x20, 0x20, 0x20, 0x22, 0x69,
  0x74, 0x65, 0x6d, 0x73, 0x22, 0x3a, 0x20, 0x5b, 0x0a, 0x20, 0x20, 0x20,
  0x20, 0x20, 0x20, 0x20, 0x20, 0x7b, 0x0a, 0x20, 0x20, 0x20, 0x20, 0x20,
  0x20, 0x20, 0x20, 0x20, 0x20, 0x22, 0x73, 0x6c, 0x6f, 0x74, 0x22, 0x3a,
  0x20, 0x22, 0x48, 0x65, 0x6c, 0x6d, 0x22, 0x2c, 0x0a, 0x20, 0x20, 0x20,
  0x20, 0x20, 0x20, 0x20, 0x20, 0x20, 0x20, 0x22, 0x69, 0x74, 0x65, 0x6d,
  0x5f, 0x69, 0x64, 0x22, 0x3a, 0x20, 0x37, 0x34, 0x34, 0x31, 0x32, 0x2c,
  0x0a, 0x20, 0x20, 0x20, 0x20, 0x20, 0x20, 0x20, 0x20, 0x20, 0x20, 0x22,
  0x73, 0x74, 0x61, 0x74, 0x5f, 0x69, 0x64, 0x22, 0x3a, 0x20, 0x31, 0x32,
  0x36, 0x38, 0x2c, 0x0a, 0x20, 0x20, 0x20, 0x20, 0x20, 0x20, 0x20, 0x20,
  0x20, 0x20, 0x22, 0x75, 0x70, 0x67, 0x72, 0x61, 0x64, 0x65, 0x5f, 0x69,
  0x64, 0x22, 0x3a, 0x20, 0x32, 0x34, 0x37, 0x36, 0x35, 0x2c, 0x0a, 0x20,
  0x20, 0x20, 0x20, 0x20, 0x20, 0x20, 0x20, 0x20, 0x20, 0x22, 0x69, 0x6e,
  0x66, 0x75, 0x73, 0x69, 0x6f, 0x6e, 0x73, 0x22, 0x3a, 0x20, 0x5b, 0x5d,
  0x0a, 0x20, 0x20, 0x20, 0x20, 0x20, 0x20, 0x20, 0x20, 0x7d, 0x2c, 0x0a,
  0x20, 0x20, 0x20, 0x20, 0x20, 0x20, 0x20, 0x20, 0x7b, 0x0a, 0x20, 0x20,
  0x20, 0x20, 0x20, 0x20, 0x20, 0x20, 0x20, 0x20, 0x22, 0x73, 0x6c, 0x6f,
  0x74, 0x22, 0x3a, 0x20, 0x22, 0x53, 0x68, 0x6f, 0x75, 0x6c, 0x64, 0x65,
  0x72, 0x73, 0x22, 0x2c, 0x0a, 0x20, 0x20, 0x20, 0x20, 0x20, 0x20, 0x20,
  0x20, 0x20, 0x20, 0x22, 0x69, 0x74, 0x65, 0x6d, 0x5f, 0x69, 0x64, 0x22,
  0x3a, 0x20, 0x37, 0x32, 0x35, 0x35, 0x37, 0x2c, 0x0a, 0x20, 0x20, 0x20,
  0x20, 0x20, 0x20, 0x20, 0x20, 0x20, 0x20, 0x22, 0x73, 0x74, 0x61, 0x74,
  0x5f, 0x69, 0x64, 0x22, 0x3a, 0x20, 0x31, 0x32, 0x36, 0x38, 0x2c, 0x0a,
  0x20, 0x20, 0x20, 0x20, 0x20, 0x20, 0x20, 0x20, 0x20, 0x20, 0x22, 0x75,
  0x70, 0x67, 0x72, 0x61, 0x64, 0x65, 0x5f, 0x69, 0x64, 0x22, 0x3a, 0x20,
  0x32, 0x34, 0x37, 0x36, 0x35, 0x2c, 0x0a, 0x20, 0x20, 0x20, 0x20, 0x20,
  0x20, 0x20, 0x20, 0x20, 0x20, 0x22, 0x69, 0x6e, 0x66, 0x75, 0x73, 0x69,
  0x6f, 0x6e, 0x73, 0x22, 0x3a, 0x20, 0x5b, 0x5d, 0x0a, 0x20, 0x20, 0x20,
  0x20, 0x20, 0x20, 0x20, 0x20, 0x7d, 0x2c, 0x0a, 0x20, 0x20, 0x20, 0x20,
  0x20, 0x20, 0x20, 0x20, 0x7b, 0x0a, 0x20, 0x20, 0x20, 0x20, 0x20, 0x20,
  0x20, 0x20, 0x20, 0x20, 0x22, 0x73, 0x6c, 0x6f, 0x74, 0x22, 0x3a, 0x20,
  0x22, 0x43, 0x68, 0x65, 0x73, 0x74, 0x22, 0x2c, 0x0a, 0x20, 0x20, 0x20,
  0x20, 0x20, 0x20, 0x20, 0x20, 0x20, 0x20, 0x22, 0x69, 0x74, 0x65, 0x6d,
  0x5f, 0x69, 0x64, 0x22, 0x3a, 0x20, 0x37, 0x36, 0x33, 0x37, 0x37, 0x2c,
  0x0a, 0x20, 0x20, 0x20, 0x20, 0x20, 0x20, 0x20, 0x20, 0x20, 0x20, 0x22,
  0x73, 0x74, 0x61, 0x74, 0x5f, 0x69, 0x64, 0x22, 0x3a, 0x20, 0x31, 0x32,
  0x36, 0x38, 0x2c, 0x0a, 0x20, 0x20, 0x20, 0x20, 0x20, 0x20, 0x20, 0x20,
  0x20, 0x20, 0x22, 0x75, 0x70, 0x67, 0x72, 0x61, 0x64, 0x65, 0x5f, 0x69,
  0x64, 0x22, 0x3a, 0x20, 0x32, 0x34, 0x37, 0x36, 0x35, 0x2c, 0x0a, 0x20,
  0x20, 0x20, 0x20, 0x20, 0x20, 0x20, 0x20, 0x20, 0x20, 0x22, 0x69, 0x6e,
  0x66, 0x75, 0x73, 0x69, 0x6f, 0x6e, 0x73, 0x22, 0x3a, 0x20, 0x5b, 0x5d,
  0x0a, 0x20, 0x20, 0x20, 0x20, 0x20, 0x20, 0x20, 0x20, 0x7d, 0x2c, 0x0a,
  0x20, 0x20, 0x20, 0x20, 0x20, 0x20, 0x20, 0x20, 0x7b, 0x0a, 0x20, 0x20,
  0x20, 0x20, 0x20, 0x20, 0x20, 0x20, 0x20, 0x20, 0x22, 0x73, 0x6c, 0x6f,
  0x74, 0x22, 0x3a, 0x20, 0x22, 0x47, 0x6c, 0x6f, 0x76, 0x65, 0x73, 0x22,
  0x2c, 0x0a, 0x20, 0x20, 0x20, 0x20, 0x20, 0x20, 0x20, 0x20, 0x20, 0x20,
  0x22, 0x69, 0x74, 0x65, 0x6d, 0x5f, 0x69, 0x64, 0x22, 0x3a, 0x20, 0x37,
  0x36, 0x37, 0x37, 0x36, 0x2c, 0x0a, 0x20, 0x20, 0x20, 0x20, 0x20, 0x20,
  0x20, 0x20, 0x20, 0x20, 0x22, 0x73, 0x74, 0x61, 0x74, 0x5f, 0x69, 0x64,
  0x22, 0x3a, 0x20, 0x31, 0x32, 0x36, 0x38, 0x2c, 0x0a, 0x20, 0x20, 0x20,
  0x20, 0x20, 0x20, 0x20, 0x20, 0x20, 0x20, 0x22, 0x75, 0x70, 0x67, 0x72,
  0x61, 0x64, 0x65, 0x5f, 0x69, 0x64, 0x22, 0x3a, 0x20, 0x32, 0x34, 0x37,
  0x36, 0x35, 0x2c, 0x0a, 0x20, 0x20, 0x20, 0x20, 0x20, 0x20, 0x20, 0x20,
  0x20, 0x20, 0x22, 0x69, 0x6e, 0x66, 0x75, 0x73, 0x69, 0x6f, 0x6e, 0x73,
  0x22, 0x3a, 0x20, 0x5b, 0x5d, 0x0a, 0x20, 0x20, 0x20, 0x20, 0x20, 0x20,
  0x20, 0x20, 0x7d, 0x2c, 0x0a, 0x20, 0x20, 0x20, 0x20, 0x20, 0x20, 0x20,
  0x20, 0x7b, 0x0a, 0x20, 0x20, 0x20, 0x20, 0x20, 0x20, 0x20, 0x20, 0x20,
  0x20, 0x22, 0x73, 0x6c, 0x6f, 0x74, 0x22, 0x3a, 0x20, 0x22, 0x4c, 0x65,
  0x67, 0x67, 0x69, 0x6e, 0x67, 0x73, 0x22, 0x2c, 0x0a, 0x20, 0x20, 0x20,
  0x20, 0x20, 0x20, 0x20, 0x20, 0x20, 0x20, 0x22, 0x69, 0x74, 0x65, 0x6d,
  0x5f, 0x69, 0x64, 0x22, 0x3a, 0x20, 0x37, 0x37, 0x31, 0x34, 0x33, 0x2c,
  0x0a, 0x20, 0x20, 0x20, 0x20, 0x20, 0x20, 0x20, 0x20, 0x20, 0x20, 0x22,
  0x73, 0x74, 0x61, 0x74, 0x5f, 0x69, 0x64, 0x22, 0x3a, 0x20, 0x31, 0x32,
  0x36, 0x38, 0x2c, 0x0a, 0x20, 0x20, 0x20, 0x20, 0x20, 0x20, 0x20, 0x20,
  0x20, 0x20, 0x22, 0x75, 0x70, 0x67, 0x72, 0x61, 0x64, 0x65, 0x5f, 0x69,
  0x64, 0x22, 0x3a, 0x20, 0x32, 0x34, 0x37, 0x36, 0x35, 0x2c, 0x0a, 0x20,
  0x20, 0x20, 0x20, 0x20, 0x20, 0x20, 0x20, 0x20, 0x20, 0x22, 0x69, 0x6e,
  0x66, 0x75, 0x73, 0x69, 0x6f, 0x6e, 0x73, 0x22, 0x3a, 0x20, 0x5b, 0x5d,
  0x0a, 0x20, 0x20, 0x20, 0x20, 0x20, 0x20, 0x20, 0x20, 0x7d, 0x2c, 0x0a,
  0x20, 0x20, 0x20, 0x20, 0x20, 0x20, 0x20, 0x20, 0x7b, 0x0a, 0x20, 0x20,
  0x20, 0x20, 0x20, 0x20, 0x20, 0x20, 0x20, 0x20, 0x22, 0x73, 0x6c, 0x6f,
  0x74, 0x22, 0x3a, 0x20, 0x22, 0x42, 0x6f, 0x6f, 0x74, 0x73, 0x22, 0x2c,
  0x0a, 0x20, 0x20, 0x20, 0x20, 0x20, 0x20, 0x20, 0x20, 0x20, 0x20, 0x22,
  0x69, 0x74, 0x65, 0x6d, 0x5f, 0x69, 0x64, 0x22, 0x3a, 0x20, 0x37, 0x32,
  0x35, 0x34, 0x38, 0x2c, 0x0a, 0x20, 0x20, 0x20, 0x20, 0x20, 0x20, 0x20,
  0x20, 0x20, 0x20, 0x22, 0x73, 0x74, 0x61, 0x74, 0x5f, 0x69, 0x64, 0x22,
  0x3a, 0x20, 0x31, 0x32, 0x36, 0x38, 0x2c, 0x0a, 0x20, 0x20, 0x20, 0x20,
  0x20, 0x20, 0x20, 0x20, 0x20, 0x20, 0x22, 0x75, 0x70, 0x67, 0x72, 0x61,
  0x64, 0x65, 0x5f, 0x69, 0x64, 0x22, 0x3a, 0x20, 0x32, 0x34, 0x37, 0x36,
  0x35, 0x2c, 0x0a, 0x20, 0x20, 0x20, 0x20, 0x20, 0x20, 0x20, 0x20, 0x20,
  0x20, 0x22, 0x69, 0x6e, 0x66, 0x75, 0x73, 0x69, 0x6f, 0x6e, 0x73, 0x22,
  0x3a, 0x20, 0x5b, 0x5d, 0x0a, 0x20, 0x20, 0x20, 0x20, 0x20, 0x20, 0x20,
  0x20, 0x7d, 0x2c, 0x0a, 0x20, 0x20, 0x20, 0x20, 0x20, 0x20, 0x20, 0x20,
  0x7b, 0x0a, 0x20, 0x20, 0x20, 0x20, 0x20, 0x20, 0x20, 0x20, 0x20, 0x20,
  0x22, 0x73, 0x6c, 0x6f, 0x74, 0x22, 0x3a, 0x20, 0x22, 0x42, 0x61, 0x63,
  0x6b, 0x49, 0x74, 0x65, 0x6d, 0x22, 0x2c, 0x0a, 0x20, 0x20, 0x20, 0x20,
  0x20, 0x20, 0x20, 0x20, 0x20, 0x20, 0x22, 0x69, 0x74, 0x65, 0x6d, 0x5f,
  0x69, 0x64, 0x22, 0x3a, 0x20, 0x37, 0x39, 0x38, 0x33, 0x37, 0x2c, 0x0a,
  0x20, 0x20, 0x20, 0x20, 0x20, 0x20, 0x20, 0x20, 0x20, 0x20, 0x22, 0x73,
  0x74, 0x61, 0x74, 0x5f, 0x69, 0x64, 0x22, 0x3a, 0x20, 0x31, 0x30, 0x36,
  0x37, 0x2c, 0x0a, 0x20, 0x20, 0x20, 0x20, 0x20, 0x20, 0x20, 0x20, 0x20,
  0x20, 0x22, 0x75, 0x70, 0x67, 0x72, 0x61, 0x64, 0x65, 0x5f, 0x69, 0x64,
  0x22, 0x3a, 0x20, 0x30, 0x2c, 0x0a, 0x20, 0x20, 0x20, 0x20, 0x20, 0x20,
  0x20, 0x20, 0x20, 0x20, 0x22, 0x69, 0x6e, 0x66, 0x75, 0x73, 0x69, 0x6f,
  0x6e, 0x73, 0x22, 0x3a, 0x20, 0x5b, 0x5d, 0x0a, 0x20, 0x20, 0x20, 0x20,
  0x20, 0x20, 0x20, 0x20, 0x7d, 0x2c, 0x0a, 0x20, 0x20, 0x20, 0x20, 0x20,
  0x20, 0x20, 0x20, 0x7b, 0x0a, 0x20, 0x20, 0x20, 0x20, 0x20, 0x20, 0x20,
  0x20, 0x20, 0x20, 0x22, 0x73, 0x6c, 0x6f, 0x74, 0x22, 0x3a, 0x20, 0x22,
  0x41, 0x63, 0x63, 0x65, 0x73, 0x73, 0x6f, 0x72, 0x79, 0x31, 0x22, 0x2c,
  0x0a, 0x20, 0x20, 0x20, 0x20, 0x20, 0x20, 0x20, 0x20, 0x20, 0x20, 0x22,
  0x69, 0x74, 0x65, 0x6d, 0x5f, 0x69, 0x64, 0x22, 0x3a, 0x20, 0x37, 0x39,
  0x37, 0x34, 0x35, 0x2c, 0x0a, 0x20, 0x20, 0x20, 0x20, 0x20, 0x20, 0x20,
  0x20, 0x20, 0x20, 0x22, 0x73, 0x74, 0x61, 0x74, 0x5f, 0x69, 0x64, 0x22,
  0x3a, 0x20, 0x31, 0x30, 0x36, 0x37, 0x2c, 0x0a, 0x20, 0x20, 0x20, 0x20,
  0x20, 0x20, 0x20, 0x20, 0x20, 0x20, 0x22, 0x75, 0x70, 0x67, 0x72, 0x61,
  0x64, 0x65, 0x5f, 0x69, 0x64, 0x22, 0x3a, 0x20, 0x30, 0x2c, 0x0a, 0x20,
  0x20, 0x20, 0x20, 0x20, 0x20, 0x20, 0x20, 0x20, 0x20, 0x22, 0x69, 0x6e,
  0x66, 0x75, 0x73, 0x69, 0x6f, 0x6e, 0x73, 0x22, 0x3a, 0x20, 0x5b, 0x5d,
  0x0a, 0x20, 0x20, 0x20, 0x20, 0x20, 0x20, 0x20, 0x20, 0x7d, 0x2c, 0x0a,
  0x20, 0x20, 0x20, 0x20, 0x20, 0x20, 0x20, 0x20, 0x7b, 0x0a, 0x20, 0x20,
  0x20, 0x20, 0x20, 0x20, 0x20, 0x20, 0x20, 0x20, 0x22, 0x73, 0x6c, 0x6f,
  0x74, 0x22, 0x3a, 0x20, 0x22, 0x41, 0x63, 0x63, 0x65, 0x73, 0x73, 0x6f,
  0x72, 0x79, 0x32, 0x22, 0x2c, 0x0a, 0x20, 0x20, 0x20, 0x20, 0x20, 0x20,
  0x20, 0x20, 0x20, 0x20, 0x22, 0x69, 0x74, 0x65, 0x6d, 0x5f, 0x69, 0x64,
  0x22, 0x3a, 0x20, 0x37, 0x39, 0x34, 0x34, 0x34, 0x2c, 0x0a, 0x20, 0x20,
  0x20, 0x20, 0x20, 0x20, 0x20, 0x20, 0x20, 0x20, 0x22, 0x73, 0x74, 0x61,
  0x74, 0x5f, 0x69, 0x64, 0x22, 0x3a, 0x20, 0x31, 0x30, 0x36, 0x37, 0x2c,
  0x0a, 0x20, 0x20, 0x20, 0x20, 0x20, 0x20, 0x20, 0x20, 0x20, 0x20, 0x22,
  0x75, 0x70, 0x67, 0x72, 0x61, 0x64, 0x65, 0x5f, 0x69, 0x64, 0x22, 0x3a,
  0x20, 0x30, 0x2c, 0x0a, 0x20, 0x20, 0x20, 0x20, 0x20, 0x20, 0x20, 0x20,
  0x20, 0x20, 0x22, 0x69, 0x6e, 0x66, 0x75, 0x73, 0x69, 0x6f, 0x6e, 0x73,
  0x22, 0x3a, 0x20, 0x5b, 0x5d, 0x0a, 0x20, 0x20, 0x20, 0x20, 0x20, 0x20,
  0x20, 0x20, 0x7d, 0x2c, 0x0a, 0x20, 0x20, 0x20, 0x20, 0x20, 0x20, 0x20,
  0x20, 0x7b, 0x0a, 0x20, 0x20, 0x20, 0x20, 0x20, 0x20, 0x20, 0x20, 0x20,
  0x20, 0x22, 0x73, 0x6c, 0x6f, 0x74, 0x22, 0x3a, 0x20, 0x22, 0x41, 0x6d,
  0x75, 0x6c, 0x65, 0x74, 0x22, 0x2c, 0x0a, 0x20, 0x20, 0x20, 0x20, 0x20,
  0x20, 0x20, 0x20, 0x20, 0x20, 0x22, 0x69, 0x74, 0x65, 0x6d, 0x5f, 0x69,
  0x64, 0x22, 0x3a, 0x20, 0x38, 0x31, 0x31, 0x36, 0x39, 0x2c, 0x0a, 0x20,
  0x20, 0x20, 0x20, 0x20, 0x20, 0x20, 0x20, 0x20, 0x20, 0x22, 0x73, 0x74,
  0x61, 0x74, 0x5f, 0x69, 0x64, 0x22, 0x3a, 0x20, 0x31, 0x30, 0x36, 0x37,
  0x2c, 0x0a, 0x20, 0x20, 0x20, 0x20, 0x20, 0x20, 0x20, 0x20, 0x20, 0x20,
  0x22, 0x75, 0x70, 0x67, 0x72, 0x61, 0x64, 0x65, 0x5f, 0x69, 0x64, 0x22,
  0x3a, 0x20, 0x30, 0x2c, 0x0a, 0x20, 0x20, 0x20, 0x20, 0x20, 0x20, 0x20,
  0x20, 0x20, 0x20, 0x22, 0x69, 0x6e, 0x66, 0x75, 0x73, 0x69, 0x6f, 0x6e,
  0x73, 0x22, 0x3a, 0x20, 0x5b, 0x5d, 0x0a, 0x20, 0x20, 0x20, 0x20, 0x20,
  0x20, 0x20, 0x20, 0x7d, 0x2c, 0x0a, 0x20, 0x20, 0x20, 0x20, 0x20, 0x20,
  0x20, 0x20, 0x7b, 0x0a, 0x20, 0x20, 0x20, 0x20, 0x20, 0x20, 0x20, 0x20,
  0x20, 0x20, 0x22, 0x73, 0x6c, 0x6f, 0x74, 0x22, 0x3a, 0x20, 0x22, 0x52,
  0x69, 0x6e, 0x67, 0x31, 0x22, 0x2c, 0x0a, 0x20, 0x20, 0x20, 0x20, 0x20,
  0x20, 0x20, 0x20, 0x20, 0x20, 0x22, 0x69, 0x74, 0x65, 0x6d, 0x5f, 0x69,
  0x64, 0x22, 0x3a, 0x20, 0x37, 0x39, 0x37, 0x31, 0x30, 0x2c, 0x0a, 0x20,
  0x20, 0x20, 0x20, 0x20, 0x20, 0x20, 0x20, 0x20, 0x20, 0x22, 0x73, 0x74,
  0x61, 0x74, 0x5f, 0x69, 0x64, 0x22, 0x3a, 0x20, 0x31, 0x30, 0x36, 0x37,
  0x2c, 0x0a, 0x20, 0x20, 0x20, 0x20, 0x20, 0x20, 0x20, 0x20, 0x20, 0x20,
  0x22, 0x75, 0x70, 0x67, 0x72, 0x61, 0x64, 0x65, 0x5f, 0x69, 0x64, 0x22,
  0x3a, 0x20, 0x30, 0x2c, 0x0a, 0x20, 0x20, 0x20, 0x20, 0x20, 0x20, 0x20,
  0x20, 0x20, 0x20, 0x22, 0x69, 0x6e, 0x66, 0x75, 0x73, 0x69, 0x6f, 0x6e,
  0x73, 0x22, 0x3a, 0x20, 0x5b, 0x5d, 0x0a, 0x20, 0x20, 0x20, 0x20, 0x20,
  0x20, 0x20, 0x20, 0x7d, 0x2c, 0x0a, 0x20, 0x20, 0x20, 0x20, 0x20, 0x20,
  0x20, 0x20, 0x7b, 0x0a, 0x20, 0x20, 0x20, 0x20, 0x20, 0x20, 0x20, 0x20,
  0x20, 0x20, 0x22, 0x73, 0x6c, 0x6f, 0x74, 0x22, 0x3a, 0x20, 0x22, 0x52,
  0x69, 0x6e, 0x67, 0x32, 0x22, 0x2c, 0x0a, 0x20, 0x20, 0x20, 0x20, 0x20,
  0x20, 0x20, 0x20, 0x20, 0x20, 0x22, 0x69, 0x74, 0x65, 0x6d, 0x5f, 0x69,
  0x64, 0x22, 0x3a, 0x20, 0x38, 0x31, 0x31, 0x36, 0x37, 0x2c, 0x0a, 0x20,
  0x20, 0x20, 0x20, 0x20, 0x20, 0x20, 0x20, 0x20, 0x20, 0x22, 0x73, 0x74,
  0x61, 0x74, 0x5f, 0x69, 0x64, 0x22, 0x3a, 0x20, 0x31, 0x32, 0x36, 0x38,
  0x2c, 0x0a, 0x20, 0x20, 0x20, 0x20, 0x20, 0x20, 0x20, 0x20, 0x20, 0x20,
  0x22, 0x75, 0x70, 0x67, 0x72, 0x61, 0x64, 0x65, 0x5f, 0x69, 0x64, 0x22,
  0x3a, 0x20, 0x30, 0x2c, 0x0a, 0x20, 0x20, 0x20, 0x20, 0x20, 0x20, 0x20,
  0x20, 0x20, 0x20, 0x22, 0x69, 0x6e, 0x66, 0x75, 0x73, 0x69, 0x6f, 0x6e,
  0x73, 0x22, 0x3a, 0x20, 0x5b, 0x5d, 0x0a, 0x20, 0x20, 0x20, 0x20, 0x20,
  0x20, 0x20, 0x20, 0x7d, 0x2c, 0x0a, 0x20, 0x20, 0x20, 0x20, 0x20, 0x20,
  0x20, 0x20, 0x7b, 0x0a, 0x20, 0x20, 0x20, 0x20, 0x20, 0x20, 0x20, 0x20,
  0x20, 0x20, 0x22, 0x73, 0x6c, 0x6f, 0x74, 0x22, 0x3a, 0x20, 0x22, 0x57,
  0x65, 0x61, 0x70, 0x6f, 0x6e, 0x41, 0x31, 0x22, 0x2c, 0x0a, 0x20, 0x20,
  0x20, 0x20, 0x20, 0x20, 0x20, 0x20, 0x20, 0x20, 0x22, 0x69, 0x74, 0x65,
  0x6d, 0x5f, 0x69, 0x64, 0x22, 0x3a, 0x20, 0x37, 0x32, 0x32, 0x33, 0x39,
  0x2c, 0x0a, 0x20, 0x20, 0x20, 0x20, 0x20, 0x20, 0x20, 0x20, 0x20, 0x20,
  0x22, 0x73, 0x74, 0x61, 0x74, 0x5f, 0x69, 0x64, 0x22, 0x3a, 0x20, 0x31,
  0x32, 0x36, 0x38, 0x2c, 0x0a, 0x20, 0x20, 0x20, 0x20, 0x20, 0x20, 0x20,
  0x20, 0x20, 0x20, 0x22, 0x75, 0x70, 0x67, 0x72, 0x61, 0x64, 0x65, 0x5f,
  0x69, 0x64, 0x22, 0x3a, 0x20, 0x34, 0x34, 0x39, 0x34, 0x34, 0x2c, 0x0a,
  0x20, 0x20, 0x20, 0x20, 0x20, 0x20, 0x20, 0x20, 0x20, 0x20, 0x22, 0x69,
  0x6e, 0x66, 0x75, 0x73, 0x69, 0x6f, 0x6e, 0x73, 0x22, 0x3a, 0x20, 0x5b,
  0x5d, 0x0a, 0x20, 0x20, 0x20, 0x20, 0x20, 0x20, 0x20, 0x20, 0x7d, 0x2c,
  0x0a, 0x20, 0x20, 0x20, 0x20, 0x20, 0x20, 0x20, 0x20, 0x7b, 0x0a, 0x20,
  0x20, 0x20, 0x20, 0x20, 0x20, 0x20, 0x20, 0x20, 0x20, 0x22, 0x73, 0x6c,
  0x6f, 0x74, 0x22, 0x3a, 0x20, 0x22, 0x57, 0x65, 0x61, 0x70, 0x6f, 0x6e,
  0x41, 0x32, 0x22, 0x2c, 0x0a, 0x20, 0x20, 0x20, 0x20, 0x20, 0x20, 0x20,
  0x20, 0x20, 0x20, 0x22, 0x69, 0x74, 0x65, 0x6d, 0x5f, 0x69, 0x64, 0x22,
  0x3a, 0x20, 0x37, 0x32, 0x32, 0x33, 0x39, 0x2c, 0x0a, 0x20, 0x20, 0x20,
  0x20, 0x20, 0x20, 0x20, 0x20, 0x20, 0x20, 0x22, 0x73, 0x74, 0x61, 0x74,
  0x5f, 0x69, 0x64, 0x22, 0x3a, 0x20, 0x31, 0x32, 0x36, 0x38, 0x2c, 0x0a,
  0x20, 0x20, 0x20, 0x20, 0x20, 0x20, 0x20, 0x20, 0x20, 0x20, 0x22, 0x75,
  0x70, 0x67, 0x72, 0x61, 0x64, 0x65, 0x5f, 0x69, 0x64, 0x22, 0x3a, 0x20,
  0x34, 0x38, 0x39, 0x31, 0x31, 0x2c, 0x0a, 0x20, 0x20, 0x20, 0x20, 0x20,
  0x20, 0x20, 0x20, 0x20, 0x20, 0x22, 0x69, 0x6e, 0x66, 0x75, 0x73, 0x69,
  0x6f, 0x6e, 0x73, 0x22, 0x3a, 0x20, 0x5b, 0x5d, 0x0a, 0x20, 0x20, 0x20,
  0x20, 0x20, 0x20, 0x20, 0x20, 0x7d, 0x0a, 0x20, 0x20, 0x20, 0x20, 0x20,
  0x20, 0x5d, 0x0a, 0x20, 0x20, 0x20, 0x20, 0x7d, 0x2c, 0x0a, 0x20, 0x20,
  0x20, 0x20, 0x22, 0x72, 0x6f, 0x74, 0x61, 0x74, 0x69, 0x6f, 0x6e, 0x22,
  0x3a, 0x20, 0x7b, 0x0a, 0x20, 0x20, 0x20, 0x20, 0x20, 0x20, 0x22, 0x6f,
  0x70, 0x65, 0x6e, 0x65, 0x72, 0x22, 0x3a, 0x20, 0x5b, 0x5d, 0x2c, 0x0a,
  0x20, 0x20, 0x20, 0x20, 0x20, 0x20, 0x22, 0x6c, 0x6f, 0x6f, 0x70, 0x22,
  0x3a, 0x20, 0x5b, 0x5d, 0x0a, 0x20, 0x20, 0x20, 0x20, 0x7d, 0x0a, 0x20,
  0x20, 0x7d, 0x2c, 0x0a, 0x20, 0x20, 0x7b, 0x0a, 0x20, 0x20, 0x20, 0x20,
  0x22, 0x69, 0x64, 0x22, 0x3a, 0x20, 0x22, 0x72, 0x65, 0x76, 0x65, 0x6e,
  0x61, 0x6e, 0x74, 0x2d, 0x68, 0x65, 0x61, 0x6c, 0x2d, 0x71, 0x75, 0x69,
  0x63, 0x6b, 0x6e, 0x65, 0x73, 0x73, 0x2d, 0x68, 0x65, 0x72, 0x61, 0x6c,
  0x64, 0x22, 0x2c, 0x0a, 0x20, 0x20, 0x20, 0x20, 0x22, 0x6e, 0x61, 0x6d,
  0x65, 0x22, 0x3a, 0x20, 0x22, 0x48, 0x65, 0x61, 0x6c, 0x20, 0x51, 0x75,
  0x69, 0x63, 0x6b, 0x6e, 0x65, 0x73, 0x73, 0x20, 0x48, 0x65, 0x72, 0x61,
  0x6c, 0x64, 0x22, 0x2c, 0x0a, 0x20, 0x20, 0x20, 0x20, 0x22, 0x70, 0x72,
  0x6f, 0x66, 0x65, 0x73, 0x73, 0x69, 0x6f, 0x6e, 0x22, 0x3a, 0x20, 0x22,
  0x52, 0x65, 0x76, 0x65, 0x6e, 0x61, 0x6e, 0x74, 0x22, 0x2c, 0x0a, 0x20,
  0x20, 0x20, 0x20, 0x22, 0x65, 0x6c, 0x69, 0x74, 0x65, 0x5f, 0x73, 0x70,
  0x65, 0x63, 0x22, 0x3a, 0x20, 0x22, 0x48, 0x65, 0x72, 0x61, 0x6c, 0x64,
  0x22, 0x2c, 0x0a, 0x20, 0x20, 0x20, 0x20, 0x22, 0x62, 0x75, 0x69, 0x6c,
  0x64, 0x5f, 0x74, 0x79, 0x70, 0x65, 0x22, 0x3a, 0x20, 0x22, 0x48, 0x65,
  0x61, 0x6c, 0x22, 0x2c, 0x0a, 0x20, 0x20, 0x20, 0x20, 0x22, 0x70, 0x61,
  0x74, 0x63, 0x68, 0x5f, 0x76, 0x65, 0x72, 0x73, 0x69, 0x6f, 0x6e, 0x22,
  0x3a, 0x20, 0x22, 0x22, 0x2c, 0x0a, 0x20, 0x20, 0x20, 0x20, 0x22, 0x62,
  0x65, 0x6e, 0x63, 0x68, 0x6d, 0x61, 0x72, 0x6b, 0x5f, 0x64, 0x70, 0x73,
  0x22, 0x3a, 0x20, 0x30, 0x2e, 0x30, 0x2c, 0x0a, 0x20, 0x20, 0x20, 0x20,
  0x22, 0x6e, 0x6f, 0x74, 0x65, 0x73, 0x22, 0x3a, 0x20, 0x22, 0x47, 0x75,
  0x69, 0x6c, 0x64, 0x20, 0x57, 0x61, 0x72, 0x73, 0x20, 0x32, 0x20, 0x48,
  0x65, 0x61, 0x6c, 0x20, 0x51, 0x75, 0x69, 0x63, 0x6b, 0x6e, 0x65, 0x73,
  0x73, 0x20, 0x48, 0x65, 0x72, 0x61, 0x6c, 0x64, 0x20, 0x2d, 0x20, 0x53,
  0x63, 0x65, 0x70, 0x74, 0x65, 0x72, 0x20, 0x26, 0x20, 0x53, 0x68, 0x69,
  0x65, 0x6c, 0x64, 0x20, 0x4d, 0x65, 0x74, 0x61, 0x20, 0x62, 0x75, 0x69,
  0x6c, 0x64, 0x20, 0x66, 0x6f, 0x72, 0x20, 0x61, 0x63, 0x63, 0x65, 0x73,
  0x73, 0x69, 0x62, 0x75, 0x69, 0x6c, 0x64, 0x73, 0x3a, 0x20, 0x63, 0x6f,
  0x6d, 0x70, 0x6c, 0x65, 0x74, 0x65, 0x20, 0x67, 0x75, 0x69, 0x64, 0x65,
  0x20, 0x77, 0x69, 0x74, 0x68, 0x20, 0x67, 0x65, 0x61, 0x72, 0x2c, 0x20,
  0x72, 0x75, 0x6e, 0x65, 0x73, 0x2c, 0x20, 0x72, 0x65, 0x6c, 0x69, 0x63,
  0x73, 0x2c, 0x20, 0x74, 0x72, 0x61, 0x69, 0x74, 0x73, 0x2c, 0x20, 0x61,
  0x6e, 0x64, 0x20, 0x72, 0x6f, 0x74, 0x61, 0x74, 0x69, 0x6f, 0x6e, 0x20,
  0x74, 0x69, 0x70, 0x73, 0x2e, 0x22, 0x2c, 0x0a, 0x20, 0x20, 0x20, 0x20,
  0x22, 0x73, 0x6f, 0x75, 0x72, 0x63, 0x65, 0x5f, 0x75, 0x72, 0x6c, 0x22,
  0x3a, 0x20, 0x22, 0x68, 0x74, 0x74, 0x70, 0x73, 0x3a, 0x2f, 0x2f, 0x73,
  0x6e, 0x6f, 0x77, 0x63, 0x72, 0x6f, 0x77, 0x73, 0x2e, 0x63, 0x6f, 0x6d,
  0x2f, 0x62, 0x75, 0x69, 0x6c, 0x64, 0x73, 0x2f, 0x61, 0x63, 0x63, 0x65,
  0x73, 0x73, 0x69, 0x62, 0x75, 0x69, 0x6c, 0x64, 0x73, 0x2f, 0x72, 0x65,
  0x76, 0x65, 0x6e, 0x61, 0x6e, 0x74, 0x2f, 0x68, 0x65, 0x61, 0x6c, 0x2d,
  0x71, 0x75, 0x69, 0x63, 0x6b, 0x6e, 0x65, 0x73, 0x73, 0x2d, 0x68, 0x65,
  0x72, 0x61, 0x6c, 0x64, 0x22, 0x2c, 0x0a, 0x20, 0x20, 0x20, 0x20, 0x22,
  0x63, 0x68, 0x61, 0x74, 0x5f, 0x63, 0x6f, 0x64, 0x65, 0x22, 0x3a, 0x20,
  0x22, 0x5b, 0x26, 0x44, 0x51, 0x6b, 0x4d, 0x47, 0x51, 0x4d, 0x57, 0x4e,
  0x42, 0x55, 0x41, 0x41, 0x41, 0x41, 0x41, 0x41, 0x41, 0x41, 0x41, 0x41,
  0x41, 0x41, 0x41, 0x41, 0x41, 0x41, 0x41, 0x41, 0x41, 0x41, 0x41, 0x41,
  0x41, 0x41, 0x41, 0x41, 0x41, 0x49, 0x44, 0x41, 0x41, 0x41, 0x41, 0x41,
  0x41, 0x41, 0x41, 0x41, 0x41, 0x41, 0x41, 0x41, 0x41, 0x41, 0x41, 0x41,
  0x41, 0x41, 0x3d, 0x5d, 0x22, 0x2c, 0x0a, 0x20, 0x20, 0x20, 0x20, 0x22,
  0x69, 0x73, 0x5f, 0x6c, 0x65, 0x67, 0x61, 0x63, 0x79, 0x22, 0x3a, 0x20,
  0x66, 0x61, 0x6c, 0x73, 0x65, 0x2c, 0x0a, 0x20, 0x20, 0x20, 0x20, 0x22,
  0x61, 0x63, 0x63, 0x65, 0x73, 0x73, 0x69, 0x62, 0x69, 0x6c, 0x69, 0x74,
  0x79, 0x22, 0x3a, 0x20, 0x74, 0x72, 0x75, 0x65, 0x2c, 0x0a, 0x20, 0x20,
  0x20, 0x20, 0x22, 0x74, 0x72, 0x61, 0x69, 0x74, 0x73, 0x22, 0x3a, 0x20,
  0x7b, 0x0a, 0x20, 0x20, 0x20, 0x20, 0x20, 0x20, 0x22, 0x6c, 0x69, 0x6e,
  0x65, 0x31, 0x22, 0x3a, 0x20, 0x7b, 0x0a, 0x20, 0x20, 0x20, 0x20, 0x20,
  0x20, 0x20, 0x20, 0x22, 0x73, 0x70, 0x65, 0x63, 0x5f, 0x69, 0x64, 0x22,
  0x3a, 0x20, 0x31, 0x32, 0x2c, 0x0a, 0x20, 0x20, 0x20, 0x20, 0x20, 0x20,
  0x20, 0x20, 0x22, 0x74, 0x72, 0x61, 0x69, 0x74, 0x73, 0x22, 0x3a, 0x20,
  0x5b, 0x0a, 0x20, 0x20, 0x20, 0x20, 0x20, 0x20, 0x20, 0x20, 0x20, 0x20,
  0x31, 0x38, 0x31, 0x37, 0x2c, 0x0a, 0x20, 0x20, 0x20, 0x20, 0x20, 0x20,
  0x20, 0x20, 0x20, 0x20, 0x31, 0x38, 0x31, 0x35, 0x2c, 0x0a, 0x20, 0x20,
  0x20, 0x20, 0x20, 0x20, 0x20, 0x20, 0x20, 0x20, 0x31, 0x38, 0x32, 0x33,
  0x0a, 0x20, 0x20, 0x20, 0x20, 0x20, 0x20, 0x20, 0x20, 0x5d, 0x0a, 0x20,
  0x20, 0x20, 0x20, 0x20, 0x20, 0x7d, 0x2c, 0x0a, 0x20, 0x20, 0x20, 0x20,
  0x20, 0x20, 0x22, 0x6c, 0x69, 0x6e, 0x65, 0x32, 0x22, 0x3a, 0x20, 0x7b,
  0x0a, 0x20, 0x20, 0x20, 0x20, 0x20, 0x20, 0x20, 0x20, 0x22, 0x73, 0x70,
  0x65, 0x63, 0x5f, 0x69, 0x64, 0x22, 0x3a, 0x20, 0x33, 0x2c, 0x0a, 0x20,
  0x20, 0x20, 0x20, 0x20, 0x20, 0x20, 0x20, 0x22, 0x74, 0x72, 0x61, 0x69,
  0x74, 0x73, 0x22, 0x3a, 0x20, 0x5b, 0x0a, 0x20, 0x20, 0x20, 0x20, 0x20,
  0x20, 0x20, 0x20, 0x20, 0x20, 0x31, 0x37, 0x36, 0x31, 0x2c, 0x0a, 0x20,
  0x20, 0x20, 0x20, 0x20, 0x20, 0x20, 0x20, 0x20, 0x20, 0x31, 0x37, 0x37,
  0x34, 0x2c, 0x0a, 0x20, 0x20, 0x20, 0x20, 0x20, 0x20, 0x20, 0x20, 0x20,
  0x20, 0x31, 0x37, 0x34, 0x39, 0x0a, 0x20, 0x20, 0x20, 0x20, 0x20, 0x20,
  0x20, 0x20, 0x5d, 0x0a, 0x20, 0x20, 0x20, 0x20, 0x20, 0x20, 0x7d, 0x2c,
  0x0a, 0x20, 0x20, 0x20, 0x20, 0x20, 0x20, 0x22, 0x6c, 0x69, 0x6e, 0x65,
  0x33, 0x22, 0x3a, 0x20, 0x7b, 0x0a, 0x20, 0x20, 0x20, 0x20, 0x20, 0x20,
  0x20, 0x20, 0x22, 0x73, 0x70, 0x65, 0x63, 0x5f, 0x69, 0x64, 0x22, 0x3a,
  0x20, 0x35, 0x32, 0x2c, 0x0a, 0x20, 0x20, 0x20, 0x20, 0x20, 0x20, 0x20,
  0x20, 0x22, 0x74, 0x72, 0x61, 0x69, 0x74, 0x73, 0x22, 0x3a, 0x20, 0x5b,
  0x0a, 0x20, 0x20, 0x20, 0x20, 0x20, 0x20, 0x20, 0x20, 0x20, 0x20, 0x31,
  0x38, 0x31, 0x33, 0x2c, 0x0a, 0x20, 0x20, 0x20, 0x20, 0x20, 0x20, 0x20,
  0x20, 0x20, 0x20, 0x31, 0x37, 0x33, 0x38, 0x2c, 0x0a, 0x20, 0x20, 0x20,
  0x20, 0x20, 0x20, 0x20, 0x20, 0x20, 0x20, 0x31, 0x37, 0x34, 0x36, 0x0a,
  0x20, 0x20, 0x20, 0x20, 0x20, 0x20, 0x20, 0x20, 0x5d, 0x0a, 0x20, 0x20,
  0x20, 0x20, 0x20, 0x20, 0x7d, 0x0a, 0x20, 0x20, 0x20, 0x20, 0x7d, 0x2c,
  0x0a, 0x20, 0x20, 0x20, 0x20, 0x22, 0x73, 0x6b, 0x69, 0x6c, 0x6c, 0x73,
  0x22, 0x3a, 0x20, 0x7b, 0x0a, 0x20, 0x20, 0x20, 0x20, 0x20, 0x20, 0x22,
  0x68, 0x65, 0x61, 0x6c, 0x22, 0x3a, 0x20, 0x30, 0x2c, 0x0a, 0x20, 0x20,
  0x20, 0x20, 0x20, 0x20, 0x22, 0x75, 0x74, 0x69, 0x6c, 0x69, 0x74, 0x69,
  0x65, 0x73, 0x22, 0x3a, 0x20, 0x5b, 0x0a, 0x20, 0x20, 0x20, 0x20, 0x20,
  0x20, 0x20, 0x20, 0x30, 0x2c, 0x0a, 0x20, 0x20, 0x20, 0x20, 0x20, 0x20,
  0x20, 0x20, 0x30, 0x2c, 0x0a, 0x20, 0x20, 0x20, 0x20, 0x20, 0x20, 0x20,
  0x20, 0x30, 0x0a, 0x20, 0x20, 0x20, 0x20, 0x20, 0x20, 0x5d, 0x2c, 0x0a,
  0x20, 0x20, 0x20, 0x20, 0x20, 0x20, 0x22, 0x65, 0x6c, 0x69, 0x74, 0x65,
  0x22, 0x3a, 0x20, 0x30, 0x0a, 0x20, 0x20, 0x20, 0x20, 0x7d, 0x2c, 0x0a,
  0x20, 0x20, 0x20, 0x20, 0x22, 0x6c, 0x65, 0x67, 0x65, 0x6e, 0x64, 0x73,
  0x22, 0x3a, 0x20, 0x5b, 0x0a, 0x20, 0x20, 0x20, 0x20, 0x20, 0x20, 0x32,
  0x38, 0x30, 0x38, 0x35, 0x2c, 0x0a, 0x20, 0x20, 0x20, 0x20, 0x20, 0x20,
  0x32, 0x38, 0x34, 0x31, 0x39, 0x0a, 0x20, 0x20, 0x20, 0x20, 0x5d, 0x2c,
  0x0a, 0x20, 0x20, 0x20, 0x20, 0x22, 0x70, 0x65, 0x74, 0x73, 0x22, 0x3a,
  0x20, 0x5b, 0x0a, 0x20, 0x20, 0x20, 0x20, 0x20, 0x20, 0x30, 0x2c, 0x0a,
  0x20, 0x20, 0x20, 0x20, 0x20, 0x20, 0x30, 0x0a, 0x20, 0x20, 0x20, 0x20,
  0x5d, 0x2c, 0x0a, 0x20, 0x20, 0x20, 0x20, 0x22, 0x67, 0x65, 0x61, 0x72,
  0x22, 0x3a, 0x20, 0x7b, 0x0a, 0x20, 0x20, 0x20, 0x20, 0x20, 0x20, 0x22,
  0x72, 0x65, 0x6c, 0x69, 0x63, 0x5f, 0x69, 0x64, 0x22, 0x3a, 0x20, 0x31,
  0x30, 0x30, 0x30, 0x33, 0x31, 0x2c, 0x0a, 0x20, 0x20, 0x20, 0x20, 0x20,
  0x20, 0x22, 0x66, 0x6f, 0x6f, 0x64, 0x5f, 0x69, 0x64, 0x22, 0x3a, 0x20,
  0x39, 0x31, 0x36, 0x39, 0x30, 0x2c, 0x0a, 0x20, 0x20, 0x20, 0x20, 0x20,
  0x20, 0x22, 0x75, 0x74, 0x69, 0x6c, 0x69, 0x74, 0x79, 0x5f, 0x69, 0x64,
  0x22, 0x3a, 0x20, 0x36, 0x37, 0x35, 0x32, 0x38, 0x2c, 0x0a, 0x20, 0x20,
  0x20, 0x20, 0x20, 0x20, 0x22, 0x69, 0x74, 0x65, 0x6d, 0x73, 0x22, 0x3a,
  0x20, 0x5b, 0x0a, 0x20, 0x20, 0x20, 0x20, 0x20, 0x20, 0x20, 0x20, 0x7b,
  0x0a, 0x20, 0x20, 0x20, 0x20, 0x20, 0x20, 0x20, 0x20, 0x20, 0x20, 0x22,
  0x73, 0x6c, 0x6f, 0x74, 0x22, 0x3a, 0x20, 0x22, 0x48, 0x65, 0x6c, 0x6d,
  0x22, 0x2c, 0x0a, 0x20, 0x20, 0x20, 0x20, 0x20, 0x20, 0x20, 0x20, 0x20,
  0x20, 0x22, 0x69, 0x74, 0x65, 0x6d, 0x5f, 0x69, 0x64, 0x22, 0x3a, 0x20,
  0x38, 0x34, 0x38, 0x37, 0x39, 0x2c, 0x0a, 0x20, 0x20, 0x20, 0x20, 0x20,
  0x20, 0x20, 0x20, 0x20, 0x20, 0x22, 0x73, 0x74, 0x61, 0x74, 0x5f, 0x69,
  0x64, 0x22, 0x3a, 0x20, 0x31, 0x33, 0x37, 0x37, 0x2c, 0x0a, 0x20, 0x20,
  0x20, 0x20, 0x20, 0x20, 0x20, 0x20, 0x20, 0x20, 0x22, 0x75, 0x70, 0x67,
  0x72, 0x61, 0x64, 0x65, 0x5f, 0x69, 0x64, 0x22, 0x3a, 0x20, 0x32, 0x34,
  0x38, 0x34, 0x32, 0x2c, 0x0a, 0x20, 0x20, 0x20, 0x20, 0x20, 0x20, 0x20,
  0x20, 0x20, 0x20, 0x22, 0x69, 0x6e, 0x66, 0x75, 0x73, 0x69, 0x6f, 0x6e,
  0x73, 0x22, 0x3a, 0x20, 0x5b, 0x5d, 0x0a, 0x20, 0x20, 0x20, 0x20, 0x20,
  0x20, 0x20, 0x20, 0x7d, 0x2c, 0x0a, 0x20, 0x20, 0x20, 0x20, 0x20, 0x20,
  0x20, 0x20, 0x7b, 0x0a, 0x20, 0x20, 0x20, 0x20, 0x20, 0x20, 0x20, 0x20,
  0x20, 0x20, 0x22, 0x73, 0x6c, 0x6f, 0x74, 0x22, 0x3a, 0x20, 0x22, 0x53,
  0x68, 0x6f, 0x75, 0x6c, 0x64, 0x65, 0x72, 0x73, 0x22, 0x2c, 0x0a, 0x20,
  0x20, 0x20, 0x20, 0x20, 0x20, 0x20, 0x20, 0x20, 0x20, 0x22, 0x69, 0x74,
  0x65, 0x6d, 0x5f, 0x69, 0x64, 0x22, 0x3a, 0x20, 0x38, 0x35, 0x32, 0x38,
  0x36, 0x2c, 0x0a, 0x20, 0x20, 0x20, 0x20, 0x20, 0x20, 0x20, 0x20, 0x20,
  0x20, 0x22, 0x73, 0x74, 0x61, 0x74, 0x5f, 0x69, 0x64, 0x22, 0x3a, 0x20,
  0x31, 0x33, 0x37, 0x37, 0x2c, 0x0a, 0x20, 0x20, 0x20, 0x20, 0x20, 0x20,
  0x20, 0x20, 0x20, 0x20, 0x22, 0x75, 0x70, 0x67, 0x72, 0x61, 0x64, 0x65,
  0x5f, 0x69, 0x64, 0x22, 0x3a, 0x20, 0x32, 0x34, 0x38, 0x34, 0x32, 0x2c,
  0x0a, 0x20, 0x20, 0x20, 0x20, 0x20, 0x20, 0x20, 0x20, 0x20, 0x20, 0x22,
  0x69, 0x6e, 0x66, 0x75, 0x73, 0x69, 0x6f, 0x6e, 0x73, 0x22, 0x3a, 0x20,
  0x5b, 0x5d, 0x0a, 0x20, 0x20, 0x20, 0x20, 0x20, 0x20, 0x20, 0x20, 0x7d,
  0x2c, 0x0a, 0x20, 0x20, 0x20, 0x20, 0x20, 0x20, 0x20, 0x20, 0x7b, 0x0a,
  0x20, 0x20, 0x20, 0x20, 0x20, 0x20, 0x20, 0x20, 0x20, 0x20, 0x22, 0x73,
  0x6c, 0x6f, 0x74, 0x22, 0x3a, 0x20, 0x22, 0x43, 0x68, 0x65, 0x73, 0x74,
  0x22, 0x2c, 0x0a, 0x20, 0x20, 0x20, 0x20, 0x20, 0x20, 0x20, 0x20, 0x20,
  0x20, 0x22, 0x69, 0x74, 0x65, 0x6d, 0x5f, 0x69, 0x64, 0x22, 0x3a, 0x20,
  0x38, 0x35, 0x31, 0x32, 0x36, 0x2c, 0x0a, 0x20, 0x20, 0x20, 0x20, 0x20,
  0x20, 0x20, 0x20, 0x20, 0x20, 0x22, 0x73, 0x74, 0x61, 0x74, 0x5f, 0x69,
  0x64, 0x22, 0x3a, 0x20, 0x31, 0x33, 0x37, 0x37, 0x2c, 0x0a, 0x20, 0x20,
  0x20, 0x20, 0x20, 0x20, 0x20, 0x20, 0x20, 0x20, 0x22, 0x75, 0x70, 0x67,
  0x72, 0x61, 0x64, 0x65, 0x5f, 0x69, 0x64, 0x22, 0x3a, 0x20, 0x32, 0x34,
  0x38, 0x34, 0x32, 0x2c, 0x0a, 0x20, 0x20, 0x20, 0x20, 0x20, 0x20, 0x20,
  0x20, 0x20, 0x20, 0x22, 0x69, 0x6e, 0x66, 0x75, 0x73, 0x69, 0x6f, 0x6e,
  0x73, 0x22, 0x3a, 0x20, 0x5b, 0x5d, 0x0a, 0x20, 0x20, 0x20, 0x20, 0x20,
  0x20, 0x20, 0x20, 0x7d, 0x2c, 0x0a, 0x20, 0x20, 0x20, 0x20, 0x20, 0x20,
  0x20, 0x20, 0x7b, 0x0a, 0x20, 0x20, 0x20, 0x20, 0x20, 0x20, 0x20, 0x20,
  0x20, 0x20, 0x22, 0x73, 0x6c, 0x6f, 0x74, 0x22, 0x3a, 0x20, 0x22, 0x47,
  0x6c, 0x6f, 0x76, 0x65, 0x73, 0x22, 0x2c, 0x0a, 0x20, 0x20, 0x20, 0x20,
  0x20, 0x20, 0x20, 0x20, 0x20, 0x20, 0x22, 0x69, 0x74, 0x65, 0x6d, 0x5f,
  0x69, 0x64, 0x22, 0x3a, 0x20, 0x38, 0x35, 0x33, 0x33, 0x30, 0x2c, 0x0a,
  0x20, 0x20, 0x20, 0x20, 0x20, 0x20, 0x20, 0x20, 0x20, 0x20, 0x22, 0x73,
  0x74, 0x61, 0x74, 0x5f, 0x69, 0x64, 0x22, 0x3a, 0x20, 0x31, 0x33, 0x37,
  0x37, 0x2c, 0x0a, 0x20, 0x20, 0x20, 0x20, 0x20, 0x20, 0x20, 0x20, 0x20,
  0x20, 0x22, 0x75, 0x70, 0x67, 0x72, 0x61, 0x64, 0x65, 0x5f, 0x69, 0x64,
  0x22, 0x3a, 0x20, 0x32, 0x34, 0x38, 0x34, 0x32, 0x2c, 0x0a, 0x20, 0x20,
  0x20, 0x20, 0x20, 0x20, 0x20, 0x20, 0x20, 0x20, 0x22, 0x69, 0x6e, 0x66,
  0x75, 0x73, 0x69, 0x6f, 0x6e, 0x73, 0x22, 0x3a, 0x20, 0x5b, 0x5d, 0x0a,
  0x20, 0x20, 0x20, 0x20, 0x20, 0x20, 0x20, 0x20, 0x7d, 0x2c, 0x0a, 0x20,
  0x20, 0x20, 0x20, 0x20, 0x20, 0x20, 0x20, 0x7b, 0x0a, 0x20, 0x20, 0x20,
  0x20, 0x20, 0x20, 0x20, 0x20, 0x20, 0x20, 0x22, 0x73, 0x6c, 0x6f, 0x74,
  0x22, 0x3a, 0x20, 0x22, 0x4c, 0x65, 0x67, 0x67, 0x69, 0x6e, 0x67, 0x73,
  0x22, 0x2c, 0x0a, 0x20, 0x20, 0x20, 0x20, 0x20, 0x20, 0x20, 0x20, 0x20,
  0x20, 0x22, 0x69, 0x74, 0x65, 0x6d, 0x5f, 0x69, 0x64, 0x22, 0x3a, 0x20,
  0x38, 0x35, 0x30, 0x32, 0x34, 0x2c, 0x0a, 0x20, 0x20, 0x20, 0x20, 0x20,
  0x20, 0x20, 0x20, 0x20, 0x20, 0x22, 0x73, 0x74, 0x61, 0x74, 0x5f, 0x69,
  0x64, 0x22, 0x3a, 0x20, 0x31, 0x33, 0x37, 0x37, 0x2c, 0x0a, 0x20, 0x20,
  0x20, 0x20, 0x20, 0x20, 0x20, 0x20, 0x20, 0x20, 0x22, 0x75, 0x70, 0x67,
  0x72, 0x61, 0x64, 0x65, 0x5f, 0x69, 0x64, 0x22, 0x3a, 0x20, 0x32, 0x34,
  0x38, 0x34, 0x32, 0x2c, 0x0a, 0x20, 0x20, 0x20, 0x20, 0x20, 0x20, 0x20,
  0x20, 0x20, 0x20, 0x22, 0x69, 0x6e, 0x66, 0x75, 0x73, 0x69, 0x6f, 0x6e,
  0x73, 0x22, 0x3a, 0x20, 0x5b, 0x5d, 0x0a, 0x20, 0x20, 0x20, 0x20, 0x20,
  0x20, 0x20, 0x20, 0x7d, 0x2c, 0x0a, 0x20, 0x20, 0x20, 0x20, 0x20, 0x20,
  0x20, 0x20, 0x7b, 0x0a, 0x20, 0x20, 0x20, 0x20, 0x20, 0x20, 0x20, 0x20,
  0x20, 0x20, 0x22, 0x73, 0x6c, 0x6f, 0x74, 0x22, 0x3a, 0x20, 0x22, 0x42,
  0x6f, 0x6f, 0x74, 0x73, 0x22, 0x2c, 0x0a, 0x20, 0x20, 0x20, 0x20, 0x20,
  0x20, 0x20, 0x20, 0x20, 0x20, 0x22, 0x69, 0x74, 0x65, 0x6d, 0x5f, 0x69,
  0x64, 0x22, 0x3a, 0x20, 0x38, 0x35, 0x31, 0x39, 0x36, 0x2c, 0x0a, 0x20,
  0x20, 0x20, 0x20, 0x20, 0x20, 0x20, 0x20, 0x20, 0x20, 0x22, 0x73, 0x74,
  0x61, 0x74, 0x5f, 0x69, 0x64, 0x22, 0x3a, 0x20, 0x31, 0x33, 0x37, 0x37,
  0x2c, 0x0a, 0x20, 0x20, 0x20, 0x20, 0x20, 0x20, 0x20, 0x20, 0x20, 0x20,
  0x22, 0x75, 0x70, 0x67, 0x72, 0x61, 0x64, 0x65, 0x5f, 0x69, 0x64, 0x22,
  0x3a, 0x20, 0x32, 0x34, 0x38, 0x34, 0x32, 0x2c, 0x0a, 0x20, 0x20, 0x20,
  0x20, 0x20, 0x20, 0x20, 0x20, 0x20, 0x20, 0x22, 0x69, 0x6e, 0x66, 0x75,
  0x73, 0x69, 0x6f, 0x6e, 0x73, 0x22, 0x3a, 0x20, 0x5b, 0x5d, 0x0a, 0x20,
  0x20, 0x20, 0x20, 0x20, 0x20, 0x20, 0x20, 0x7d, 0x2c, 0x0a, 0x20, 0x20,
  0x20, 0x20, 0x20, 0x20, 0x20, 0x20, 0x7b, 0x0a, 0x20, 0x20, 0x20, 0x20,
  0x20, 0x20, 0x20, 0x20, 0x20, 0x20, 0x22, 0x73, 0x6c, 0x6f, 0x74, 0x22,
  0x3a, 0x20, 0x22, 0x42, 0x61, 0x63, 0x6b, 0x49, 0x74, 0x65, 0x6d, 0x22,
  0x2c, 0x0a, 0x20, 0x20, 0x20, 0x20, 0x20, 0x20, 0x20, 0x20, 0x20, 0x20,
  0x22, 0x69, 0x74, 0x65, 0x6d, 0x5f, 0x69, 0x64, 0x22, 0x3a, 0x20, 0x37,
  0x39, 0x38, 0x33, 0x37, 0x2c, 0x0a, 0x20, 0x20, 0x20, 0x20, 0x20, 0x20,
  0x20, 0x20, 0x20, 0x20, 0x22, 0x73, 0x74, 0x61, 0x74, 0x5f, 0x69, 0x64,
  0x22, 0x3a, 0x20, 0x31, 0x33, 0x37, 0x37, 0x2c, 0x0a, 0x20, 0x20, 0x20,
  0x20, 0x20, 0x20, 0x20, 0x20, 0x20, 0x20, 0x22, 0x75, 0x70, 0x67, 0x72,
  0x61, 0x64, 0x65, 0x5f, 0x69, 0x64, 0x22, 0x3a, 0x20, 0x30, 0x2c, 0x0a,
  0x20, 0x20, 0x20, 0x20, 0x20, 0x20, 0x20, 0x20, 0x20, 0x20, 0x22, 0x69,
  0x6e, 0x66, 0x75, 0x73, 0x69, 0x6f, 0x6e, 0x73, 0x22, 0x3a, 0x20, 0x5b,
  0x5d, 0x0a, 0x20, 0x20, 0x20, 0x20, 0x20, 0x20, 0x20, 0x20, 0x7d, 0x2c,
  0x0a, 0x20, 0x20, 0x20, 0x20, 0x20, 0x20, 0x20, 0x20, 0x7b, 0x0a, 0x20,
  0x20, 0x20, 0x20, 0x20, 0x20, 0x20, 0x20, 0x20, 0x20, 0x22, 0x73, 0x6c,
  0x6f, 0x74, 0x22, 0x3a, 0x20, 0x22, 0x41, 0x63, 0x63, 0x65, 0x73, 0x73,
  0x6f, 0x72, 0x79, 0x31, 0x22, 0x2c, 0x0a, 0x20, 0x20, 0x20, 0x20, 0x20,
  0x20, 0x20, 0x20, 0x20, 0x20, 0x22, 0x69, 0x74, 0x65, 0x6d, 0x5f, 0x69,
  0x64, 0x22, 0x3a, 0x20, 0x37, 0x39, 0x37, 0x34, 0x35, 0x2c, 0x0a, 0x20,
  0x20, 0x20, 0x20, 0x20, 0x20, 0x20, 0x20, 0x20, 0x20, 0x22, 0x73, 0x74,
  0x61, 0x74, 0x5f, 0x69, 0x64, 0x22, 0x3a, 0x20, 0x31, 0x30, 0x33, 0x37,
  0x2c, 0x0a, 0x20, 0x20, 0x20, 0x20, 0x20, 0x20, 0x20, 0x20, 0x20, 0x20,
  0x22, 0x75, 0x70, 0x67, 0x72, 0x61, 0x64, 0x65, 0x5f, 0x69, 0x64, 0x22,
  0x3a, 0x20, 0x30, 0x2c, 0x0a, 0x20, 0x20, 0x20, 0x20, 0x20, 0x20, 0x20,
  0x20, 0x20, 0x20, 0x22, 0x69, 0x6e, 0x66, 0x75, 0x73, 0x69, 0x6f, 0x6e,
  0x73, 0x22, 0x3a, 0x20, 0x5b, 0x5d, 0x0a, 0x20, 0x20, 0x20, 0x20, 0x20,
  0x20, 0x20, 0x20, 0x7d, 0x2c, 0x0a, 0x20, 0x20, 0x20, 0x20, 0x20, 0x20,
  0x20, 0x20, 0x7b, 0x0a, 0x20, 0x20, 0x20, 0x20, 0x20, 0x20, 0x20, 0x20,
  0x20, 0x20, 0x22, 0x73, 0x6c, 0x6f, 0x74, 0x22, 0x3a, 0x20, 0x22, 0x41,
  0x63, 0x63, 0x65, 0x73, 0x73, 0x6f, 0x72, 0x79, 0x32, 0x22, 0x2c, 0x0a,
  0x20, 0x20, 0x20, 0x20, 0x20, 0x20, 0x20, 0x20, 0x20, 0x20, 0x22, 0x69,
  0x74, 0x65, 0x6d, 0x5f, 0x69, 0x64, 0x22, 0x3a, 0x20, 0x37, 0x39, 0x34,
  0x34, 0x34, 0x2c, 0x0a, 0x20, 0x20, 0x20, 0x20, 0x20, 0x20, 0x20, 0x20,
  0x20, 0x20, 0x22, 0x73, 0x74, 0x61, 0x74, 0x5f, 0x69, 0x64, 0x22, 0x3a,
  0x20, 0x31, 0x30, 0x33, 0x37, 0x2c, 0x0a, 0x20, 0x20, 0x20, 0x20, 0x20,
  0x20, 0x20, 0x20, 0x20, 0x20, 0x22, 0x75, 0x70, 0x67, 0x72, 0x61, 0x64,
  0x65, 0x5f, 0x69, 0x64, 0x22, 0x3a, 0x20, 0x30, 0x2c, 0x0a, 0x20, 0x20,
  0x20, 0x20, 0x20, 0x20, 0x20, 0x20, 0x20, 0x20, 0x22, 0x69, 0x6e, 0x66,
  0x75, 0x73, 0x69, 0x6f, 0x6e, 0x73, 0x22, 0x3a, 0x20, 0x5b, 0x5d, 0x0a,
  0x20, 0x20, 0x20, 0x20, 0x20, 0x20, 0x20, 0x20, 0x7d, 0x2c, 0x0a, 0x20,
  0x20, 0x20, 0x20, 0x20, 0x20, 0x20, 0x20, 0x7b, 0x0a, 0x20, 0x20, 0x20,
  0x20, 0x20, 0x20, 0x20, 0x20, 0x20, 0x20, 0x22, 0x73, 0x6c, 0x6f, 0x74,
  0x22, 0x3a, 0x20, 0x22, 0x41, 0x6d, 0x75, 0x6c, 0x65, 0x74, 0x22, 0x2c,
  0x0a, 0x20, 0x20, 0x20, 0x20, 0x20, 0x20, 0x20, 0x20, 0x20, 0x20, 0x22,
  0x69, 0x74, 0x65, 0x6d, 0x5f, 0x69, 0x64, 0x22, 0x3a, 0x20, 0x38, 0x31,
  0x31, 0x36, 0x39, 0x2c, 0x0a, 0x20, 0x20, 0x20, 0x20, 0x20, 0x20, 0x20,
  0x20, 0x20, 0x20, 0x22, 0x73, 0x74, 0x61, 0x74, 0x5f, 0x69, 0x64, 0x22,
  0x3a, 0x20, 0x31, 0x30, 0x33, 0x37, 0x2c, 0x0a, 0x20, 0x20, 0x20, 0x20,
  0x20, 0x20, 0x20, 0x20, 0x20, 0x20, 0x22, 0x75, 0x70, 0x67, 0x72, 0x61,
  0x64, 0x65, 0x5f, 0x69, 0x64, 0x22, 0x3a, 0x20, 0x30, 0x2c, 0x0a, 0x20,
  0x20, 0x20, 0x20, 0x20, 0x20, 0x20, 0x20, 0x20, 0x20, 0x22, 0x69, 0x6e,
  0x66, 0x75, 0x73, 0x69, 0x6f, 0x6e, 0x73, 0x22, 0x3a, 0x20, 0x5b, 0x5d,
  0x0a, 0x20, 0x20, 0x20, 0x20, 0x20, 0x20, 0x20, 0x20, 0x7d, 0x2c, 0x0a,
  0x20, 0x20, 0x20, 0x20, 0x20, 0x20, 0x20, 0x20, 0x7b, 0x0a, 0x20, 0x20,
  0x20, 0x20, 0x20, 0x20, 0x20, 0x20, 0x20, 0x20, 0x22, 0x73, 0x6c, 0x6f,
  0x74, 0x22, 0x3a, 0x20, 0x22, 0x52, 0x69, 0x6e, 0x67, 0x31, 0x22, 0x2c,
  0x0a, 0x20, 0x20, 0x20, 0x20, 0x20, 0x20, 0x20, 0x20, 0x20, 0x20, 0x22,
  0x69, 0x74, 0x65, 0x6d, 0x5f, 0x69, 0x64, 0x22, 0x3a, 0x20, 0x37, 0x39,
  0x37, 0x31, 0x30, 0x2c, 0x0a, 0x20, 0x20, 0x20, 0x20, 0x20, 0x20, 0x20,
  0x20, 0x20, 0x20, 0x22, 0x73, 0x74, 0x61, 0x74, 0x5f, 0x69, 0x64, 0x22,
  0x3a, 0x20, 0x31, 0x30, 0x33, 0x37, 0x2c, 0x0a, 0x20, 0x20, 0x20, 0x20,
  0x20, 0x20, 0x20, 0x20, 0x20, 0x20, 0x22, 0x75, 0x70, 0x67, 0x72, 0x61,
  0x64, 0x65, 0x5f, 0x69, 0x64, 0x22, 0x3a, 0x20, 0x30, 0x2c, 0x0a, 0x20,
  0x20, 0x20, 0x20, 0x20, 0x20, 0x20, 0x20, 0x20, 0x20, 0x22, 0x69, 0x6e,
  0x66, 0x75, 0x73, 0x69, 0x6f, 0x6e, 0x73, 0x22, 0x3a, 0x20, 0x5b, 0x5d,
  0x0a, 0x20, 0x20, 0x20, 0x20, 0x20, 0x20, 0x20, 0x20, 0x7d, 0x2c, 0x0a,
  0x20, 0x20, 0x20, 0x20, 0x20, 0x20, 0x20, 0x20, 0x7b, 0x0a, 0x20, 0x20,
  0x20, 0x20, 0x20, 0x20, 0x20, 0x20, 0x20, 0x20, 0x22, 0x73, 0x6c, 0x6f,
  0x74, 0x22, 0x3a, 0x20, 0x22, 0x52, 0x69, 0x6e, 0x67, 0x32, 0x22, 0x2c,
  0x0a, 0x20, 0x20, 0x20, 0x20, 0x20, 0x20, 0x20, 0x20, 0x20, 0x20, 0x22,
  0x69, 0x74, 0x65, 0x6d, 0x5f, 0x69, 0x64, 0x22, 0x3a, 0x20, 0x38, 0x31,
  0x31, 0x36, 0x37, 0x2c, 0x0a, 0x20, 0x20, 0x20, 0x20, 0x20, 0x20, 0x20,
  0x20, 0x20, 0x20, 0x22, 0x73, 0x74, 0x61, 0x74, 0x5f, 0x69, 0x64, 0x22,
  0x3a, 0x20, 0x31, 0x30, 0x33, 0x37, 0x2c, 0x0a, 0x20, 0x20, 0x20, 0x20,
  0x20, 0x20, 0x20, 0x20, 0x20, 0x20, 0x22, 0x75, 0x70, 0x67, 0x72, 0x61,
  0x64, 0x65, 0x5f, 0x69, 0x64, 0x22, 0x3a, 0x20, 0x30, 0x2c, 0x0a, 0x20,
  0x20, 0x20, 0x20, 0x20, 0x20, 0x20, 0x20, 0x20, 0x20, 0x22, 0x69, 0x6e,
  0x66, 0x75, 0x73, 0x69, 0x6f, 0x6e, 0x73, 0x22, 0x3a, 0x20, 0x5b, 0x5d,
  0x0a, 0x20, 0x20, 0x20, 0x20, 0x20, 0x20, 0x20, 0x20, 0x7d, 0x2c, 0x0a,
  0x20, 0x20, 0x20, 0x20, 0x20, 0x20, 0x20, 0x20, 0x7b, 0x0a, 0x20, 0x20,
  0x20, 0x20, 0x20, 0x20, 0x20, 0x20, 0x20, 0x20, 0x22, 0x73, 0x6c, 0x6f,
  0x74, 0x22, 0x3a, 0x20, 0x22, 0x57, 0x65, 0x61, 0x70, 0x6f, 0x6e, 0x41,
  0x31, 0x22, 0x2c, 0x0a, 0x20, 0x20, 0x20, 0x20, 0x20, 0x20, 0x20, 0x20,
  0x20, 0x20, 0x22, 0x69, 0x74, 0x65, 0x6d, 0x5f, 0x69, 0x64, 0x22, 0x3a,
  0x20, 0x38, 0x35, 0x30, 0x32, 0x37, 0x2c, 0x0a, 0x20, 0x20, 0x20, 0x20,
  0x20, 0x20, 0x20, 0x20, 0x20, 0x20, 0x22, 0x73, 0x74, 0x61, 0x74, 0x5f,
  0x69, 0x64, 0x22, 0x3a, 0x20, 0x31, 0x33, 0x37, 0x37, 0x2c, 0x0a, 0x20,
  0x20, 0x20, 0x20, 0x20, 0x20, 0x20, 0x20, 0x20, 0x20, 0x22, 0x75, 0x70,
  0x67, 0x72, 0x61, 0x64, 0x65, 0x5f, 0x69, 0x64, 0x22, 0x3a, 0x20, 0x37,
  0x34, 0x33, 0x32, 0x36, 0x2c, 0x0a, 0x20, 0x20, 0x20, 0x20, 0x20, 0x20,
  0x20, 0x20, 0x20, 0x20, 0x22, 0x69, 0x6e, 0x66, 0x75, 0x73, 0x69, 0x6f,
  0x6e, 0x73, 0x22, 0x3a, 0x20, 0x5b, 0x5d, 0x0a, 0x20, 0x20, 0x20, 0x20,
  0x20, 0x20, 0x20, 0x20, 0x7d, 0x2c, 0x0a, 0x20, 0x20, 0x20, 0x20, 0x20,
  0x20, 0x20, 0x20, 0x7b, 0x0a, 0x20, 0x20, 0x20, 0x20, 0x20, 0x20, 0x20,
  0x20, 0x20, 0x20, 0x22, 0x73, 0x6c, 0x6f, 0x74, 0x22, 0x3a, 0x20, 0x22,
  0x57, 0x65, 0x61, 0x70, 0x6f, 0x6e, 0x41, 0x32, 0x22, 0x2c, 0x0a, 0x20,
  0x20, 0x20, 0x20, 0x20, 0x20, 0x20, 0x20, 0x20, 0x20, 0x22, 0x69, 0x74,
  0x65, 0x6d, 0x5f, 0x69, 0x64, 0x22, 0x3a, 0x20, 0x38, 0x34, 0x39, 0x35,
  0x37, 0x2c, 0x0a, 0x20, 0x20, 0x20, 0x20, 0x20, 0x20, 0x20, 0x20, 0x20,
  0x20, 0x22, 0x73, 0x74, 0x61, 0x74, 0x5f, 0x69, 0x64, 0x22, 0x3a, 0x20,
  0x31, 0x33, 0x37, 0x37, 0x2c, 0x0a, 0x20, 0x20, 0x20, 0x20, 0x20, 0x20,
  0x20, 0x20, 0x20, 0x20, 0x22, 0x75, 0x70, 0x67, 0x72, 0x61, 0x64, 0x65,
  0x5f, 0x69, 0x64, 0x22, 0x3a, 0x20, 0x32, 0x34, 0x35, 0x35, 0x31, 0x2c,
  0x0a, 0x20, 0x20, 0x20, 0x20, 0x20, 0x20, 0x20, 0x20, 0x20, 0x20, 0x22,
  0x69, 0x6e, 0x66, 0x75, 0x73, 0x69, 0x6f, 0x6e, 0x73, 0x22, 0x3a, 0x20,
  0x5b, 0x5d, 0x0a, 0x20, 0x20, 0x20, 0x20, 0x20, 0x20, 0x20, 0x20, 0x7d,
  0x0a, 0x20, 0x20, 0x20, 0x20, 0x20, 0x20, 0x5d, 0x0a, 0x20, 0x20, 0x20,
  0x20, 0x7d, 0x2c, 0x0a, 0x20, 0x20, 0x20, 0x20, 0x22, 0x72, 0x6f, 0x74,
  0x61, 0x74, 0x69, 0x6f, 0x6e, 0x22, 0x3a, 0x20, 0x7b, 0x0a, 0x20, 0x20,
  0x20, 0x20, 0x20, 0x20, 0x22, 0x6f, 0x70, 0x65, 0x6e, 0x65, 0x72, 0x22,
  0x3a, 0x20, 0x5b, 0x5d, 0x2c, 0x0a, 0x20, 0x20, 0x20, 0x20, 0x20, 0x20,
  0x22, 0x6c, 0x6f, 0x6f, 0x70, 0x22, 0x3a, 0x20, 0x5b, 0x5d, 0x0a, 0x20,
  0x20, 0x20, 0x20, 0x7d, 0x0a, 0x20, 0x20, 0x7d, 0x2c, 0x0a, 0x20, 0x20,
  0x7b, 0x0a, 0x20, 0x20, 0x20, 0x20, 0x22, 0x69, 0x64, 0x22, 0x3a, 0x20,
  0x22, 0x72, 0x65, 0x76, 0x65, 0x6e, 0x61, 0x6e, 0x74, 0x2d, 0x70, 0x6f,
  0x77, 0x65, 0x72, 0x2d, 0x76, 0x69, 0x6e, 0x64, 0x69, 0x63, 0x61, 0x74,
  0x6f, 0x72, 0x22, 0x2c, 0x0a, 0x20, 0x20, 0x20, 0x20, 0x22, 0x6e, 0x61,
  0x6d, 0x65, 0x22, 0x3a, 0x20, 0x22, 0x50, 0x6f, 0x77, 0x65, 0x72, 0x20,
  0x56, 0x69, 0x6e, 0x64, 0x69, 0x63, 0x61, 0x74, 0x6f, 0x72, 0x22, 0x2c,
  0x0a, 0x20, 0x20, 0x20, 0x20, 0x22, 0x70, 0x72, 0x6f, 0x66, 0x65, 0x73,
  0x73, 0x69, 0x6f, 0x6e, 0x22, 0x3a, 0x20, 0x22, 0x52, 0x65, 0x76, 0x65,
  0x6e, 0x61, 0x6e, 0x74, 0x22, 0x2c, 0x0a, 0x20, 0x20, 0x20, 0x20, 0x22,
  0x65, 0x6c, 0x69, 0x74, 0x65, 0x5f, 0x73, 0x70, 0x65, 0x63, 0x22, 0x3a,
  0x20, 0x22, 0x56, 0x69, 0x6e, 0x64, 0x69, 0x63, 0x61, 0x74, 0x6f, 0x72,
  0x22, 0x2c, 0x0a, 0x20, 0x20, 0x20, 0x20, 0x22, 0x62, 0x75, 0x69, 0x6c,
  0x64, 0x5f, 0x74, 0x79, 0x70, 0x65, 0x22, 0x3a, 0x20, 0x22, 0x50, 0x6f,
  0x77, 0x65, 0x72, 0x22, 0x2c, 0x0a, 0x20, 0x20, 0x20, 0x20, 0x22, 0x70,
  0x61, 0x74, 0x63, 0x68, 0x5f, 0x76, 0x65, 0x72, 0x73, 0x69, 0x6f, 0x6e,
  0x22, 0x3a, 0x20, 0x22, 0x22, 0x2c, 0x0a, 0x20, 0x20, 0x20, 0x20, 0x22,
  0x62, 0x65, 0x6e, 0x63, 0x68, 0x6d, 0x61, 0x72, 0x6b, 0x5f, 0x64, 0x70,
  0x73, 0x22, 0x3a, 0x20, 0x30, 0x2e, 0x30, 0x2c, 0x0a, 0x20, 0x20, 0x20,
  0x20, 0x22, 0x6e, 0x6f, 0x74, 0x65, 0x73, 0x22, 0x3a, 0x20, 0x22, 0x47,
  0x75, 0x69, 0x6c, 0x64, 0x20, 0x57, 0x61, 0x72, 0x73, 0x20, 0x32, 0x20,
  0x50, 0x6f, 0x77, 0x65, 0x72, 0x20, 0x56, 0x69, 0x6e, 0x64, 0x69, 0x63,
  0x61, 0x74, 0x6f, 0x72, 0x20, 0x2d, 0x20, 0x53, 0x77, 0x6f, 0x72, 0x64,
  0x20, 0x26, 0x20, 0x53, 0x77, 0x6f, 0x72, 0x64, 0x20, 0x4d, 0x65, 0x74,
  0x61, 0x20, 0x62, 0x75, 0x69, 0x6c, 0x64, 0x20, 0x66, 0x6f, 0x72, 0x20,
  0x61, 0x63, 0x63, 0x65, 0x73, 0x73, 0x69, 0x62, 0x75, 0x69, 0x6c, 0x64,
  0x73, 0x3a, 0x20, 0x63, 0x6f, 0x6d, 0x70, 0x6c, 0x65, 0x74, 0x65, 0x20,
  0x67, 0x75, 0x69, 0x64, 0x65, 0x20, 0x77, 0x69, 0x74, 0x68, 0x20, 0x67,
  0x65, 0x61, 0x72, 0x2c, 0x20, 0x72, 0x75, 0x6e, 0x65, 0x73, 0x2c, 0x20,
  0x72, 0x65, 0x6c, 0x69, 0x63, 0x73, 0x2c, 0x20, 0x74, 0x72, 0x61, 0x69,
  0x74, 0x73, 0x2c, 0x20, 0x61, 0x6e, 0x64, 0x20, 0x72, 0x6f, 0x74, 0x61,
  0x74, 0x69, 0x6f, 0x6e, 0x20, 0x74, 0x69, 0x70, 0x73, 0x2e, 0x22, 0x2c,
  0x0a, 0x20, 0x20, 0x20, 0x20, 0x22, 0x73, 0x6f, 0x75, 0x72, 0x63, 0x65,
  0x5f, 0x75, 0x72, 0x6c, 0x22, 0x3a, 0x20, 0x22, 0x68, 0x74, 0x74, 0x70,
  0x73, 0x3a, 0x2f, 0x2f, 0x73, 0x6e, 0x6f, 0x77, 0x63, 0x72, 0x6f, 0x77,
  0x73, 0x2e, 0x63, 0x6f, 0x6d, 0x2f, 0x62, 0x75, 0x69, 0x6c, 0x64, 0x73,
  0x2f, 0x61, 0x63, 0x63, 0x65, 0x73, 0x73, 0x69, 0x62, 0x75, 0x69, 0x6c,
  0x64, 0x73, 0x2f, 0x72, 0x65, 0x76, 0x65, 0x6e, 0x61, 0x6e, 0x74, 0x2f,
  0x70, 0x6f, 0x77, 0x65, 0x72, 0x2d, 0x76, 0x69, 0x6e, 0x64, 0x69, 0x63,
  0x61, 0x74, 0x6f, 0x72, 0x22, 0x2c, 0x0a, 0x20, 0x20, 0x20, 0x20, 0x22,
  0x63, 0x68, 0x61, 0x74, 0x5f, 0x63, 0x6f, 0x64, 0x65, 0x22, 0x3a, 0x20,
  0x22, 0x5b, 0x26, 0x44, 0x51, 0x6b, 0x50, 0x4b, 0x67, 0x4d, 0x32, 0x52,
  0x52, 0x55, 0x41, 0x41, 0x41, 0x41, 0x41, 0x41, 0x41, 0x41, 0x41, 0x41,
  0x41, 0x41, 0x41, 0x41, 0x41, 0x41, 0x41, 0x41, 0x41, 0x41, 0x41, 0x41,
  0x41, 0x41, 0x41, 0x41, 0x41, 0x45, 0x44, 0x41, 0x41, 0x41, 0x41, 0x41,
  0x41, 0x41, 0x41, 0x41, 0x41, 0x41, 0x41, 0x41, 0x41, 0x41, 0x41, 0x41,
  0x41, 0x41, 0x3d, 0x5d, 0x22, 0x2c, 0x0a, 0x20, 0x20, 0x20, 0x20, 0x22,
  0x69, 0x73, 0x5f, 0x6c, 0x65, 0x67, 0x61, 0x63, 0x79, 0x22, 0x3a, 0x20,
  0x66, 0x61, 0x6c, 0x73, 0x65, 0x2c, 0x0a, 0x20, 0x20, 0x20, 0x20, 0x22,
  0x61, 0x63, 0x63, 0x65, 0x73, 0x73, 0x69, 0x62, 0x69, 0x6c, 0x69, 0x74,
  0x79, 0x22, 0x3a, 0x20, 0x74, 0x72, 0x75, 0x65, 0x2c, 0x0a, 0x20, 0x20,
  0x20, 0x20, 0x22, 0x74, 0x72, 0x61, 0x69, 0x74, 0x73, 0x22, 0x3a, 0x20,
  0x7b, 0x0a, 0x20, 0x20, 0x20, 0x20, 0x20, 0x20, 0x22, 0x6c, 0x69, 0x6e,
  0x65, 0x31, 0x22, 0x3a, 0x20, 0x7b, 0x0a, 0x20, 0x20, 0x20, 0x20, 0x20,
  0x20, 0x20, 0x20, 0x22, 0x73, 0x70, 0x65, 0x63, 0x5f, 0x69, 0x64, 0x22,
  0x3a, 0x20, 0x31, 0x35, 0x2c, 0x0a, 0x20, 0x20, 0x20, 0x20, 0x20, 0x20,
  0x20, 0x20, 0x22, 0x74, 0x72, 0x61, 0x69, 0x74, 0x73, 0x22, 0x3a, 0x20,
  0x5b, 0x0a, 0x20, 0x20, 0x20, 0x20, 0x20, 0x20, 0x20, 0x20, 0x20, 0x20,
  0x31, 0x37, 0x36, 0x37, 0x2c, 0x0a, 0x20, 0x20, 0x20, 0x20, 0x20, 0x20,
  0x20, 0x20, 0x20, 0x20, 0x31, 0x37, 0x36, 0x35, 0x2c, 0x0a, 0x20, 0x20,
  0x20, 0x20, 0x20, 0x20, 0x20, 0x20, 0x20, 0x20, 0x31, 0x38, 0x30, 0x30,
  0x0a, 0x20, 0x20, 0x20, 0x20, 0x20, 0x20, 0x20, 0x20, 0x5d, 0x0a, 0x20,
  0x20, 0x20, 0x20, 0x20, 0x20, 0x7d, 0x2c, 0x0a, 0x20, 0x20, 0x20, 0x20,
  0x20, 0x20, 0x22, 0x6c, 0x69, 0x6e, 0x65, 0x32, 0x22, 0x3a, 0x20, 0x7b,
  0x0a, 0x20, 0x20, 0x20, 0x20, 0x20, 0x20, 0x20, 0x20, 0x22, 0x73, 0x70,
  0x65, 0x63, 0x5f, 0x69, 0x64, 0x22, 0x3a, 0x20, 0x33, 0x2c, 0x0a, 0x20,
  0x20, 0x20, 0x20, 0x20, 0x20, 0x20, 0x20, 0x22, 0x74, 0x72, 0x61, 0x69,
  0x74, 0x73, 0x22, 0x3a, 0x20, 0x5b, 0x0a, 0x20, 0x20, 0x20, 0x20, 0x20,
  0x20, 0x20, 0x20, 0x20, 0x20, 0x31, 0x37, 0x36, 0x31, 0x2c, 0x0a, 0x20,
  0x20, 0x20, 0x20, 0x20, 0x20, 0x20, 0x20, 0x20, 0x20, 0x31, 0x37, 0x37,
  0x34, 0x2c, 0x0a, 0x20, 0x20, 0x20, 0x20, 0x20, 0x20, 0x20, 0x20, 0x20,
  0x20, 0x31, 0x37, 0x31, 0x39, 0x0a, 0x20, 0x20, 0x20, 0x20, 0x20, 0x20,
  0x20, 0x20, 0x5d, 0x0a, 0x20, 0x20, 0x20, 0x20, 0x20, 0x20, 0x7d, 0x2c,
  0x0a, 0x20, 0x20, 0x20, 0x20, 0x20, 0x20, 0x22, 0x6c, 0x69, 0x6e, 0x65,
  0x33, 0x22, 0x3a, 0x20, 0x7b, 0x0a, 0x20, 0x20, 0x20, 0x20, 0x20, 0x20,
  0x20, 0x20, 0x22, 0x73, 0x70, 0x65, 0x63, 0x5f, 0x69, 0x64, 0x22, 0x3a,
  0x20, 0x36, 0x39, 0x2c, 0x0a, 0x20, 0x20, 0x20, 0x20, 0x20, 0x20, 0x20,
  0x20, 0x22, 0x74, 0x72, 0x61, 0x69, 0x74, 0x73, 0x22, 0x3a, 0x20, 0x5b,
  0x0a, 0x20, 0x20, 0x20, 0x20, 0x20, 0x20, 0x20, 0x20, 0x20, 0x20, 0x32,
  0x32, 0x35, 0x38, 0x2c, 0x0a, 0x20, 0x20, 0x20, 0x20, 0x20, 0x20, 0x20,
  0x20, 0x20, 0x20, 0x32, 0x32, 0x35, 0x39, 0x2c, 0x0a, 0x20, 0x20, 0x20,
  0x20, 0x20, 0x20, 0x20, 0x20, 0x20, 0x20, 0x32, 0x32, 0x35, 0x37, 0x0a,
  0x20, 0x20, 0x20, 0x20, 0x20, 0x20, 0x20, 0x20, 0x5d, 0x0a, 0x20, 0x20,
  0x20, 0x20, 0x20, 0x20, 0x7d, 0x0a, 0x20, 0x20, 0x20, 0x20, 0x7d, 0x2c,
  0x0a, 0x20, 0x20, 0x20, 0x20, 0x22, 0x73, 0x6b, 0x69, 0x6c, 0x6c, 0x73,
  0x22, 0x3a, 0x20, 0x7b, 0x0a, 0x20, 0x20, 0x20, 0x20, 0x20, 0x20, 0x22,
  0x68, 0x65, 0x61, 0x6c, 0x22, 0x3a, 0x20, 0x30, 0x2c, 0x0a, 0x20, 0x20,
  0x20, 0x20, 0x20, 0x20, 0x22, 0x75, 0x74, 0x69, 0x6c, 0x69, 0x74, 0x69,
  0x65, 0x73, 0x22, 0x3a, 0x20, 0x5b, 0x0a, 0x20, 0x20, 0x20, 0x20, 0x20,
  0x20, 0x20, 0x20, 0x30, 0x2c, 0x0a, 0x20, 0x20, 0x20, 0x20, 0x20, 0x20,
  0x20, 0x20, 0x30, 0x2c, 0x0a, 0x20, 0x20, 0x20, 0x20, 0x20, 0x20, 0x20,
  0x20, 0x30, 0x0a, 0x20, 0x20, 0x20, 0x20, 0x20, 0x20, 0x5d, 0x2c, 0x0a,
  0x20, 0x20, 0x20, 0x20, 0x20, 0x20, 0x22, 0x65, 0x6c, 0x69, 0x74, 0x65,
  0x22, 0x3a, 0x20, 0x30, 0x0a, 0x20, 0x20, 0x20, 0x20, 0x7d, 0x2c, 0x0a,
  0x20, 0x20, 0x20, 0x20, 0x22, 0x6c, 0x65, 0x67, 0x65, 0x6e, 0x64, 0x73,
  0x22, 0x3a, 0x20, 0x5b, 0x0a, 0x20, 0x20, 0x20, 0x20, 0x20, 0x20, 0x32,
  0x38, 0x31, 0x33, 0x34, 0x2c, 0x0a, 0x20, 0x20, 0x20, 0x20, 0x20, 0x20,
  0x32, 0x38, 0x34, 0x31, 0x39, 0x0a, 0x20, 0x20, 0x20, 0x20, 0x5d, 0x2c,
  0x0a, 0x20, 0x20, 0x20, 0x20, 0x22, 0x70, 0x65, 0x74, 0x73, 0x22, 0x3a,
  0x20, 0x5b, 0x0a, 0x20, 0x20, 0x20, 0x20, 0x20, 0x20, 0x30, 0x2c, 0x0a,
  0x20, 0x20, 0x20, 0x20, 0x20, 0x20, 0x30, 0x0a, 0x20, 0x20, 0x20, 0x20,
  0x5d, 0x2c, 0x0a, 0x20, 0x20, 0x20, 0x20, 0x22, 0x67, 0x65, 0x61, 0x72,
  0x22, 0x3a, 0x20, 0x7b, 0x0a, 0x20, 0x20, 0x20, 0x20, 0x20, 0x20, 0x22,
  0x72, 0x65, 0x6c, 0x69, 0x63, 0x5f, 0x69, 0x64, 0x22, 0x3a, 0x20, 0x31,
  0x30, 0x34, 0x32, 0x34, 0x31, 0x2c, 0x0a, 0x20, 0x20, 0x20, 0x20, 0x20,
  0x20, 0x22, 0x66, 0x6f, 0x6f, 0x64, 0x5f, 0x69, 0x64, 0x22, 0x3a, 0x20,
  0x39, 0x31, 0x38, 0x30, 0x35, 0x2c, 0x0a, 0x20, 0x20, 0x20, 0x20, 0x20,
  0x20, 0x22, 0x75, 0x74, 0x69, 0x6c, 0x69, 0x74, 0x79, 0x5f, 0x69, 0x64,
  0x22, 0x3a, 0x20, 0x34, 0x33, 0x34, 0x35, 0x31, 0x2c, 0x0a, 0x20, 0x20,
  0x20, 0x20, 0x20, 0x20, 0x22, 0x69, 0x74, 0x65, 0x6d, 0x73, 0x22, 0x3a,
  0x20, 0x5b, 0x0a, 0x20, 0x20, 0x20, 0x20, 0x20, 0x20, 0x20, 0x20, 0x7b,
  0x0a, 0x20, 0x20, 0x20, 0x20, 0x20, 0x20, 0x20, 0x20, 0x20, 0x20, 0x22,
  0x73, 0x6c, 0x6f, 0x74, 0x22, 0x3a, 0x20, 0x22, 0x48, 0x65, 0x6c, 0x6d,
  0x22, 0x2c, 0x0a, 0x20, 0x20, 0x20, 0x20, 0x20, 0x20, 0x20, 0x20, 0x20,
  0x20, 0x22, 0x69, 0x74, 0x65, 0x6d, 0x5f, 0x69, 0x64, 0x22, 0x3a, 0x20,
  0x34, 0x38, 0x30, 0x37, 0x35, 0x2c, 0x0a, 0x20, 0x20, 0x20, 0x20, 0x20,
  0x20, 0x20, 0x20, 0x20, 0x20, 0x22, 0x73, 0x74, 0x61, 0x74, 0x5f, 0x69,
  0x64, 0x22, 0x3a, 0x20, 0x31, 0x30, 0x37, 0x37, 0x2c, 0x0a, 0x20, 0x20,
  0x20, 0x20, 0x20, 0x20, 0x20, 0x20, 0x20, 0x20, 0x22, 0x75, 0x70, 0x67,
  0x72, 0x61, 0x64, 0x65, 0x5f, 0x69, 0x64, 0x22, 0x3a, 0x20, 0x37, 0x34,
  0x39, 0x37, 0x38, 0x2c, 0x0a, 0x20, 0x20, 0x20, 0x20, 0x20, 0x20, 0x20,
  0x20, 0x20, 0x20, 0x22, 0x69, 0x6e, 0x66, 0x75, 0x73, 0x69, 0x6f, 0x6e,
  0x73, 0x22, 0x3a, 0x20, 0x5b, 0x5d, 0x0a, 0x20, 0x20, 0x20, 0x20, 0x20,
  0x20, 0x20, 0x20, 0x7d, 0x2c, 0x0a, 0x20, 0x20, 0x20, 0x20, 0x20, 0x20,
  0x20, 0x20, 0x7b, 0x0a, 0x20, 0x20, 0x20, 0x20, 0x20, 0x20, 0x20, 0x20,
  0x20, 0x20, 0x22, 0x73, 0x6c, 0x6f, 0x74, 0x22, 0x3a, 0x20, 0x22, 0x53,
  0x68, 0x6f, 0x75, 0x6c, 0x64, 0x65, 0x72, 0x73, 0x22, 0x2c, 0x0a, 0x20,
  0x20, 0x20, 0x20, 0x20, 0x20, 0x20, 0x20, 0x20, 0x20, 0x22, 0x69, 0x74,
  0x65, 0x6d, 0x5f, 0x69, 0x64, 0x22, 0x3a, 0x20, 0x34, 0x38, 0x30, 0x37,
  0x37, 0x2c, 0x0a, 0x20, 0x20, 0x20, 0x20, 0x20, 0x20, 0x20, 0x20, 0x20,
  0x20, 0x22, 0x73, 0x74, 0x61, 0x74, 0x5f, 0x69, 0x64, 0x22, 0x3a, 0x20,
  0x31, 0x30, 0x37, 0x37, 0x2c, 0x0a, 0x20, 0x20, 0x20, 0x20, 0x20, 0x20,
  0x20, 0x20, 0x20, 0x20, 0x22, 0x75, 0x70, 0x67, 0x72, 0x61, 0x64, 0x65,
  0x5f, 0x69, 0x64, 0x22, 0x3a, 0x20, 0x37, 0x34, 0x39, 0x37, 0x38, 0x2c,
  0x0a, 0x20, 0x20, 0x20, 0x20, 0x20, 0x20, 0x20, 0x20, 0x20, 0x20, 0x22,
  0x69, 0x6e, 0x66, 0x75, 0x73, 0x69, 0x6f, 0x6e, 0x73, 0x22, 0x3a, 0x20,
  0x5b, 0x5d, 0x0a, 0x20, 0x20, 0x20, 0x20, 0x20, 0x20, 0x20, 0x20, 0x7d,
  0x2c, 0x0a, 0x20, 0x20, 0x20, 0x20, 0x20, 0x20, 0x20, 0x20, 0x7b, 0x0a,
  0x20, 0x20, 0x20, 0x20, 0x20, 0x20, 0x20, 0x20, 0x20, 0x20, 0x22, 0x73,
  0x6c, 0x6f, 0x74, 0x22, 0x3a, 0x20, 0x22, 0x43, 0x68, 0x65, 0x73, 0x74,
  0x22, 0x2c, 0x0a, 0x20, 0x20, 0x20, 0x20, 0x20, 0x20, 0x20, 0x20, 0x20,
  0x20, 0x22, 0x69, 0x74, 0x65, 0x6d, 0x5f, 0x69, 0x64, 0x22, 0x3a, 0x20,
  0x34, 0x38, 0x30, 0x37, 0x33, 0x2c, 0x0a, 0x20, 0x20, 0x20, 0x20, 0x20,
  0x20, 0x20, 0x20, 0x20, 0x20, 0x22, 0x73, 0x74, 0x61, 0x74, 0x5f, 0x69,
  0x64, 0x22, 0x3a, 0x20, 0x31, 0x30, 0x37, 0x37, 0x2c, 0x0a, 0x20, 0x20,
  0x20, 0x20, 0x20, 0x20, 0x20, 0x20, 0x20, 0x20, 0x22, 0x75, 0x70, 0x67,
  0x72, 0x61, 0x64, 0x65, 0x5f, 0x69, 0x64, 0x22, 0x3a, 0x20, 0x37, 0x34,
  0x39, 0x37, 0x38, 0x2c, 0x0a, 0x20, 0x20, 0x20, 0x20, 0x20, 0x20, 0x20,
  0x20, 0x20, 0x20, 0x22, 0x69, 0x6e, 0x66, 0x75, 0x73, 0x69, 0x6f, 0x6e,
  0x73, 0x22, 0x3a, 0x20, 0x5b, 0x5d, 0x0a, 0x20, 0x20, 0x20, 0x20, 0x20,
  0x20, 0x20, 0x20, 0x7d, 0x2c, 0x0a, 0x20, 0x20, 0x20, 0x20, 0x20, 0x20,
  0x20, 0x20, 0x7b, 0x0a, 0x20, 0x20, 0x20, 0x20, 0x20, 0x20, 0x20, 0x20,
  0x20, 0x20, 0x22, 0x73, 0x6c, 0x6f, 0x74, 0x22, 0x3a, 0x20, 0x22, 0x47,
  0x6c, 0x6f, 0x76, 0x65, 0x73, 0x22, 0x2c, 0x0a, 0x20, 0x20, 0x20, 0x20,
  0x20, 0x20, 0x20, 0x20, 0x20, 0x20, 0x22, 0x69, 0x74, 0x65, 0x6d, 0x5f,
  0x69, 0x64, 0x22, 0x3a, 0x20, 0x34, 0x38, 0x30, 0x37, 0x34, 0x2c, 0x0a,
  0x20, 0x20, 0x20, 0x20, 0x20, 0x20, 0x20, 0x20, 0x20, 0x20, 0x22, 0x73,
  0x74, 0x61, 0x74, 0x5f, 0x69, 0x64, 0x22, 0x3a, 0x20, 0x31, 0x30, 0x37,
  0x37, 0x2c, 0x0a, 0x20, 0x20, 0x20, 0x20, 0x20, 0x20, 0x20, 0x20, 0x20,
  0x20, 0x22, 0x75, 0x70, 0x67, 0x72, 0x61, 0x64, 0x65, 0x5f, 0x69, 0x64,
  0x22, 0x3a, 0x20, 0x37, 0x34, 0x39, 0x37, 0x38, 0x2c, 0x0a, 0x20, 0x20,
  0x20, 0x20, 0x20, 0x20, 0x20, 0x20, 0x20, 0x20, 0x22, 0x69, 0x6e, 0x66,
  0x75, 0x73, 0x69, 0x6f, 0x6e, 0x73, 0x22, 0x3a, 0x20, 0x5b, 0x5d, 0x0a,
  0x20, 0x20, 0x20, 0x20, 0x20, 0x20, 0x20, 0x20, 0x7d, 0x2c, 0x0a, 0x20,
  0x20, 0x20, 0x20, 0x20, 0x20, 0x20, 0x20, 0x7b, 0x0a, 0x20, 0x20, 0x20,
  0x20, 0x20, 0x20, 0x20, 0x20, 0x20, 0x20, 0x22, 0x73, 0x6c, 0x6f, 0x74,
  0x22, 0x3a, 0x20, 0x22, 0x4c, 0x65, 0x67, 0x67, 0x69, 0x6e, 0x67, 0x73,
  0x22, 0x2c, 0x0a, 0x20, 0x20, 0x20, 0x20, 0x20, 0x20, 0x20, 0x20, 0x20,
  0x20, 0x22, 0x69, 0x74, 0x65, 0x6d, 0x5f, 0x69, 0x64, 0x22, 0x3a, 0x20,
  0x34, 0x38, 0x30, 0x37, 0x36, 0x2c, 0x0a, 0x20, 0x20, 0x20, 0x20, 0x20,
  0x20, 0x20, 0x20, 0x20, 0x20, 0x22, 0x73, 0x74, 0x61, 0x74, 0x5f, 0x69,
  0x64, 0x22, 0x3a, 0x20, 0x31, 0x30, 0x37, 0x37, 0x2c, 0x0a, 0x20, 0x20,
  0x20, 0x20, 0x20, 0x20, 0x20, 0x20, 0x20, 0x20, 0x22, 0x75, 0x70, 0x67,
  0x72, 0x61, 0x64, 0x65, 0x5f, 0x69, 0x64, 0x22, 0x3a, 0x20, 0x37, 0x34,
  0x39, 0x37, 0x38, 0x2c, 0x0a, 0x20, 0x20, 0x20, 0x20, 0x20, 0x20, 0x20,
  0x20, 0x20, 0x20, 0x22, 0x69, 0x6e, 0x66, 0x75, 0x73, 0x69, 0x6f, 0x6e,
  0x73, 0x22, 0x3a, 0x20, 0x5b, 0x5d, 0x0a, 0x20, 0x20, 0x20, 0x20, 0x20,
  0x20, 0x20, 0x20, 0x7d, 0x2c, 0x0a, 0x20, 0x20, 0x20, 0x20, 0x20, 0x20,
  0x20, 0x20, 0x7b, 0x0a, 0x20, 0x20, 0x20, 0x20, 0x20, 0x20, 0x20, 0x20,
  0x20, 0x20, 0x22, 0x73, 0x6c, 0x6f, 0x74, 0x22, 0x3a, 0x20, 0x22, 0x42,
  0x6f, 0x6f, 0x74, 0x73, 0x22, 0x2c, 0x0a, 0x20, 0x20, 0x20, 0x20, 0x20,
  0x20, 0x20, 0x20, 0x20, 0x20, 0x22, 0x69, 0x74, 0x65, 0x6d, 0x5f, 0x69,
  0x64, 0x22, 0x3a, 0x20, 0x34, 0x38, 0x30, 0x37, 0x32, 0x2c, 0x0a, 0x20,
  0x20, 0x20, 0x20, 0x20, 0x20, 0x20, 0x20, 0x20, 0x20, 0x22, 0x73, 0x74,
  0x61, 0x74, 0x5f, 0x69, 0x64, 0x22, 0x3a, 0x20, 0x31, 0x30, 0x37, 0x37,
  0x2c, 0x0a, 0x20, 0x20, 0x20, 0x20, 0x20, 0x20, 0x20, 0x20, 0x20, 0x20,
  0x22, 0x75, 0x70, 0x67, 0x72, 0x61, 0x64, 0x65, 0x5f, 0x69, 0x64, 0x22,
  0x3a, 0x20, 0x37, 0x34, 0x39, 0x37, 0x38, 0x2c, 0x0a, 0x20, 0x20, 0x20,
  0x20, 0x20, 0x20, 0x20, 0x20, 0x20, 0x20, 0x22, 0x69, 0x6e, 0x66, 0x75,
  0x73, 0x69, 0x6f, 0x6e, 0x73, 0x22, 0x3a, 0x20, 0x5b, 0x5d, 0x0a, 0x20,
  0x20, 0x20, 0x20, 0x20, 0x20, 0x20, 0x20, 0x7d, 0x2c, 0x0a, 0x20, 0x20,
  0x20, 0x20, 0x20, 0x20, 0x20, 0x20, 0x7b, 0x0a, 0x20, 0x20, 0x20, 0x20,
  0x20, 0x20, 0x20, 0x20, 0x20, 0x20, 0x22, 0x73, 0x6c, 0x6f, 0x74, 0x22,
  0x3a, 0x20, 0x22, 0x42, 0x61, 0x63, 0x6b, 0x49, 0x74, 0x65, 0x6d, 0x22,
  0x2c, 0x0a, 0x20, 0x20, 0x20, 0x20, 0x20, 0x20, 0x20, 0x20, 0x20, 0x20,
  0x22, 0x69, 0x74, 0x65, 0x6d, 0x5f, 0x69, 0x64, 0x22, 0x3a, 0x20, 0x37,
  0x39, 0x38, 0x33, 0x37, 0x2c, 0x0a, 0x20, 0x20, 0x20, 0x20, 0x20, 0x20,
  0x20, 0x20, 0x20, 0x20, 0x22, 0x73, 0x74, 0x61, 0x74, 0x5f, 0x69, 0x64,
  0x22, 0x3a, 0x20, 0x31, 0x36, 0x39, 0x37, 0x2c, 0x0a, 0x20, 0x20, 0x20,
  0x20, 0x20, 0x20, 0x20, 0x20, 0x20, 0x20, 0x22, 0x75, 0x70, 0x67, 0x72,
  0x61, 0x64, 0x65, 0x5f, 0x69, 0x64, 0x22, 0x3a, 0x20, 0x30, 0x2c, 0x0a,
  0x20, 0x20, 0x20, 0x20, 0x20, 0x20, 0x20, 0x20, 0x20, 0x20, 0x22, 0x69,
  0x6e, 0x66, 0x75, 0x73, 0x69, 0x6f, 0x6e, 0x73, 0x22, 0x3a, 0x20, 0x5b,
  0x5d, 0x0a, 0x20, 0x20, 0x20, 0x20, 0x20, 0x20, 0x20, 0x20, 0x7d, 0x2c,
  0x0a, 0x20, 0x20, 0x20, 0x20, 0x20, 0x20, 0x20, 0x20, 0x7b, 0x0a, 0x20,
  0x20, 0x20, 0x20, 0x20, 0x20, 0x20, 0x20, 0x20, 0x20, 0x22, 0x73, 0x6c,
  0x6f, 0x74, 0x22, 0x3a, 0x20, 0x22, 0x41, 0x63, 0x63, 0x65, 0x73, 0x73,
  0x6f, 0x72, 0x79, 0x31, 0x22, 0x2c, 0x0a, 0x20, 0x20, 0x20, 0x20, 0x20,
  0x20, 0x20, 0x20, 0x20, 0x20, 0x22, 0x69, 0x74, 0x65, 0x6d, 0x5f, 0x69,
  0x64, 0x22, 0x3a, 0x20, 0x37, 0x39, 0x37, 0x34, 0x35, 0x2c, 0x0a, 0x20,
  0x20, 0x20, 0x20, 0x20, 0x20, 0x20, 0x20, 0x20, 0x20, 0x22, 0x73, 0x74,
  0x61, 0x74, 0x5f, 0x69, 0x64, 0x22, 0x3a, 0x20, 0x31, 0x30, 0x37, 0x37,
  0x2c, 0x0a, 0x20, 0x20, 0x20, 0x20, 0x20, 0x20, 0x20, 0x20, 0x20, 0x20,
  0x22, 0x75, 0x70, 0x67, 0x72, 0x61, 0x64, 0x65, 0x5f, 0x69, 0x64, 0x22,
  0x3a, 0x20, 0x30, 0x2c, 0x0a, 0x20, 0x20, 0x20, 0x20, 0x20, 0x20, 0x20,
  0x20, 0x20, 0x20, 0x22, 0x69, 0x6e, 0x66, 0x75, 0x73, 0x69, 0x6f, 0x6e,
  0x73, 0x22, 0x3a, 0x20, 0x5b, 0x5d, 0x0a, 0x20, 0x20, 0x20, 0x20, 0x20,
  0x20, 0x20, 0x20, 0x7d, 0x2c, 0x0a, 0x20, 0x20, 0x20, 0x20, 0x20, 0x20,
  0x20, 0x20, 0x7b, 0x0a, 0x20, 0x20, 0x20, 0x20, 0x20, 0x20, 0x20, 0x20,
  0x20, 0x20, 0x22, 0x73, 0x6c, 0x6f, 0x74, 0x22, 0x3a, 0x20, 0x22, 0x41,
  0x63, 0x63, 0x65, 0x73, 0x73, 0x6f, 0x72, 0x79, 0x32, 0x22, 0x2c, 0x0a,
  0x20, 0x20, 0x20, 0x20, 0x20, 0x20, 0x20, 0x20, 0x20, 0x20, 0x22, 0x69,
  0x74, 0x65, 0x6d, 0x5f, 0x69, 0x64, 0x22, 0x3a, 0x20, 0x37, 0x39, 0x34,
  0x34, 0x34, 0x2c, 0x0a, 0x20, 0x20, 0x20, 0x20, 0x20, 0x20, 0x20, 0x20,
  0x20, 0x20, 0x22, 0x73, 0x74, 0x61, 0x74, 0x5f, 0x69, 0x64, 0x22, 0x3a,
  0x20, 0x31, 0x30, 0x37, 0x37, 0x2c, 0x0a, 0x20, 0x20, 0x20, 0x20, 0x20,
  0x20, 0x20, 0x20, 0x20, 0x20, 0x22, 0x75, 0x70, 0x67, 0x72, 0x61, 0x64,
  0x65, 0x5f, 0x69, 0x64, 0x22, 0x3a, 0x20, 0x30, 0x2c, 0x0a, 0x20, 0x20,
  0x20, 0x20, 0x20, 0x20, 0x20, 0x20, 0x20, 0x20, 0x22, 0x69, 0x6e, 0x66,
  0x75, 0x73, 0x69, 0x6f, 0x6e, 0x73, 0x22, 0x3a, 0x20, 0x5b, 0x5d, 0x0a,
  0x20, 0x20, 0x20, 0x20, 0x20, 0x20, 0x20, 0x20, 0x7d, 0x2c, 0x0a, 0x20,
  0x20, 0x20, 0x20, 0x20, 0x20, 0x20, 0x20, 0x7b, 0x0a, 0x20, 0x20, 0x20,
  0x20, 0x20, 0x20, 0x20, 0x20, 0x20, 0x20, 0x22, 0x73, 0x6c, 0x6f, 0x74,
  0x22, 0x3a, 0x20, 0x22, 0x41, 0x6d, 0x75, 0x6c, 0x65, 0x74, 0x22, 0x2c,
  0x0a, 0x20, 0x20, 0x20, 0x20, 0x20, 0x20, 0x20, 0x20, 0x20, 0x20, 0x22,
  0x69, 0x74, 0x65, 0x6d, 0x5f, 0x69, 0x64, 0x22, 0x3a, 0x20, 0x38, 0x31,
  0x31, 0x36, 0x39, 0x2c, 0x0a, 0x20, 0x20, 0x20, 0x20, 0x20, 0x20, 0x20,
  0x20, 0x20, 0x20, 0x22, 0x73, 0x74, 0x61, 0x74, 0x5f, 0x69, 0x64, 0x22,
  0x3a, 0x20, 0x31, 0x30, 0x37, 0x37, 0x2c, 0x0a, 0x20, 0x20, 0x20, 0x20,
  0x20, 0x20, 0x20, 0x20, 0x20, 0x20, 0x22, 0x75, 0x70, 0x67, 0x72, 0x61,
  0x64, 0x65, 0x5f, 0x69, 0x64, 0x22, 0x3a, 0x20, 0x30, 0x2c, 0x0a, 0x20,
  0x20, 0x20, 0x20, 0x20, 0x20, 0x20, 0x20, 0x20, 0x20, 0x22, 0x69, 0x6e,
  0x66, 0x75, 0x73, 0x69, 0x6f, 0x6e, 0x73, 0x22, 0x3a, 0x20, 0x5b, 0x5d,
  0x0a, 0x20, 0x20, 0x20, 0x20, 0x20, 0x20, 0x20, 0x20, 0x7d, 0x2c, 0x0a,
  0x20, 0x20, 0x20, 0x20, 0x20, 0x20, 0x20, 0x20, 0x7b, 0x0a, 0x20, 0x20,
  0x20, 0x20, 0x20, 0x20, 0x20, 0x20, 0x20, 0x20, 0x22, 0x73, 0x6c, 0x6f,
  0x74, 0x22, 0x3a, 0x20, 0x22, 0x52, 0x69, 0x6e, 0x67, 0x31, 0x22, 0x2c,
  0x0a, 0x20, 0x20, 0x20, 0x20, 0x20, 0x20, 0x20, 0x20, 0x20, 0x20, 0x22,
  0x69, 0x74, 0x65, 0x6d, 0x5f, 0x69, 0x64, 0x22, 0x3a, 0x20, 0x37, 0x39,
  0x37, 0x31, 0x30, 0x2c, 0x0a, 0x20, 0x20, 0x20, 0x20, 0x20, 0x20, 0x20,
  0x20, 0x20, 0x20, 0x22, 0x73, 0x74, 0x61, 0x74, 0x5f, 0x69, 0x64, 0x22,
  0x3a, 0x20, 0x31, 0x30, 0x37, 0x37, 0x2c, 0x0a, 0x20, 0x20, 0x20, 0x20,
  0x20, 0x20, 0x20, 0x20, 0x20, 0x20, 0x22, 0x75, 0x70, 0x67, 0x72, 0x61,
  0x64, 0x65, 0x5f, 0x69, 0x64, 0x22, 0x3a, 0x20, 0x30, 0x2c, 0x0a, 0x20,
  0x20, 0x20, 0x20, 0x20, 0x20, 0x20, 0x20, 0x20, 0x20, 0x22, 0x69, 0x6e,
  0x66, 0x75, 0x73, 0x69, 0x6f, 0x6e, 0x73, 0x22, 0x3a, 0x20, 0x5b, 0x5d,
  0x0a, 0x20, 0x20, 0x20, 0x20, 0x20, 0x20, 0x20, 0x20, 0x7d, 0x2c, 0x0a,
  0x20, 0x20, 0x20, 0x20, 0x20, 0x20, 0x20, 0x20, 0x7b, 0x0a, 0x20, 0x20,
  0x20, 0x20, 0x20, 0x20, 0x20, 0x20, 0x20, 0x20, 0x22, 0x73, 0x6c, 0x6f,
  0x74, 0x22, 0x3a, 0x20, 0x22, 0x52, 0x69, 0x6e, 0x67, 0x32, 0x22, 0x2c,
  0x0a, 0x20, 0x20, 0x20, 0x20, 0x20, 0x20, 0x20, 0x20, 0x20, 0x20, 0x22,
  0x69, 0x74, 0x65, 0x6d, 0x5f, 0x69, 0x64, 0x22, 0x3a, 0x20, 0x38, 0x31,
  0x31, 0x36, 0x37, 0x2c, 0x0a, 0x20, 0x20, 0x20, 0x20, 0x20, 0x20, 0x20,
  0x20, 0x20, 0x20, 0x22, 0x73, 0x74, 0x61, 0x74, 0x5f, 0x69, 0x64, 0x22,
  0x3a, 0x20, 0x31, 0x30, 0x37, 0x37, 0x2c, 0x0a, 0x20, 0x20, 0x20, 0x20,
  0x20, 0x20, 0x20, 0x20, 0x20, 0x20, 0x22, 0x75, 0x70, 0x67, 0x72, 0x61,
  0x64, 0x65, 0x5f, 0x69, 0x64, 0x22, 0x3a, 0x20, 0x30, 0x2c, 0x0a, 0x20,
  0x20, 0x20, 0x20, 0x20, 0x20, 0x20, 0x20, 0x20, 0x20, 0x22, 0x69, 0x6e,
  0x66, 0x75, 0x73, 0x69, 0x6f, 0x6e, 0x73, 0x22, 0x3a, 0x20, 0x5b, 0x5d,
  0x0a, 0x20, 0x20, 0x20, 0x20, 0x20, 0x20, 0x20, 0x20, 0x7d, 0x2c, 0x0a,
  0x20, 0x20, 0x20, 0x20, 0x20, 0x20, 0x20, 0x20, 0x7b, 0x0a, 0x20, 0x20,
  0x20, 0x20, 0x20, 0x20, 0x20, 0x20, 0x20, 0x20, 0x22, 0x73, 0x6c, 0x6f,
  0x74, 0x22, 0x3a, 0x20, 0x22, 0x57, 0x65, 0x61, 0x70, 0x6f, 0x6e, 0x41,
  0x31, 0x22, 0x2c, 0x0a, 0x20, 0x20, 0x20, 0x20, 0x20, 0x20, 0x20, 0x20,
  0x20, 0x20, 0x22, 0x69, 0x74, 0x65, 0x6d, 0x5f, 0x69, 0x64, 0x22, 0x3a,
  0x20, 0x34, 0x36, 0x37, 0x37, 0x34, 0x2c, 0x0a, 0x20, 0x20, 0x20, 0x20,
  0x20, 0x20, 0x20, 0x20, 0x20, 0x20, 0x22, 0x73, 0x74, 0x61, 0x74, 0x5f,
  0x69, 0x64, 0x22, 0x3a, 0x20, 0x31, 0x30, 0x37, 0x37, 0x2c, 0x0a, 0x20,
  0x20, 0x20, 0x20, 0x20, 0x20, 0x20, 0x20, 0x20, 0x20, 0x22, 0x75, 0x70,
  0x67, 0x72, 0x61, 0x64, 0x65, 0x5f, 0x69, 0x64, 0x22, 0x3a, 0x20, 0x32,
  0x34, 0x35, 0x35, 0x34, 0x2c, 0x0a, 0x20, 0x20, 0x20, 0x20, 0x20, 0x20,
  0x20, 0x20, 0x20, 0x20, 0x22, 0x69, 0x6e, 0x66, 0x75, 0x73, 0x69, 0x6f,
  0x6e, 0x73, 0x22, 0x3a, 0x20, 0x5b, 0x5d, 0x0a, 0x20, 0x20, 0x20, 0x20,
  0x20, 0x20, 0x20, 0x20, 0x7d, 0x2c, 0x0a, 0x20, 0x20, 0x20, 0x20, 0x20,
  0x20, 0x20, 0x20, 0x7b, 0x0a, 0x20, 0x20, 0x20, 0x20, 0x20, 0x20, 0x20,
  0x20, 0x20, 0x20, 0x22, 0x73, 0x6c, 0x6f, 0x74, 0x22, 0x3a, 0x20, 0x22,
  0x57, 0x65, 0x61, 0x70, 0x6f, 0x6e, 0x41, 0x32, 0x22, 0x2c, 0x0a, 0x20,
  0x20, 0x20, 0x20, 0x20, 0x20, 0x20, 0x20, 0x20, 0x20, 0x22, 0x69, 0x74,
  0x65, 0x6d, 0x5f, 0x69, 0x64, 0x22, 0x3a, 0x20, 0x34, 0x36, 0x37, 0x37,
  0x34, 0x2c, 0x0a, 0x20, 0x20, 0x20, 0x20, 0x20, 0x20, 0x20, 0x20, 0x20,
  0x20, 0x22, 0x73, 0x74, 0x61, 0x74, 0x5f, 0x69, 0x64, 0x22, 0x3a, 0x20,
  0x31, 0x30, 0x37, 0x37, 0x2c, 0x0a, 0x20, 0x20, 0x20, 0x20, 0x20, 0x20,
  0x20, 0x20, 0x20, 0x20, 0x22, 0x75, 0x70, 0x67, 0x72, 0x61, 0x64, 0x65,
  0x5f, 0x69, 0x64, 0x22, 0x3a, 0x20, 0x32, 0x34, 0x36, 0x31, 0x35, 0x2c,
  0x0a, 0x20, 0x20, 0x20, 0x20, 0x20, 0x20, 0x20, 0x20, 0x20, 0x20, 0x22,
  0x69, 0x6e, 0x66, 0x75, 0x73, 0x69, 0x6f, 0x6e, 0x73, 0x22, 0x3a, 0x20,
  0x5b, 0x5d, 0x0a, 0x20, 0x20, 0x20, 0x20, 0x20, 0x20, 0x20, 0x20, 0x7d,
  0x0a, 0x20, 0x20, 0x20, 0x20, 0x20, 0x20, 0x5d, 0x0a, 0x20, 0x20, 0x20,
  0x20, 0x7d, 0x2c, 0x0a, 0x20, 0x20, 0x20, 0x20, 0x22, 0x72, 0x6f, 0x74,
  0x61, 0x74, 0x69, 0x6f, 0x6e, 0x22, 0x3a, 0x20, 0x7b, 0x0a, 0x20, 0x20,
  0x20, 0x20, 0x20, 0x20, 0x22, 0x6f, 0x70, 0x65, 0x6e, 0x65, 0x72, 0x22,
  0x3a, 0x20, 0x5b, 0x5d, 0x2c, 0x0a, 0x20, 0x20, 0x20, 0x20, 0x20, 0x20,
  0x22, 0x6c, 0x6f, 0x6f, 0x70, 0x22, 0x3a, 0x20, 0x5b, 0x5d, 0x0a, 0x20,
  0x20, 0x20, 0x20, 0x7d, 0x0a, 0x20, 0x20, 0x7d, 0x2c, 0x0a, 0x20, 0x20,
  0x7b, 0x0a, 0x20, 0x20, 0x20, 0x20, 0x22, 0x69, 0x64, 0x22, 0x3a, 0x20,
  0x22, 0x77, 0x61, 0x72, 0x72, 0x69, 0x6f, 0x72, 0x2d, 0x70, 0x6f, 0x77,
  0x65, 0x72, 0x2d, 0x73, 0x70, 0x65, 0x6c, 0x6c, 0x62, 0x72, 0x65, 0x61,
  0x6b, 0x65, 0x72, 0x22, 0x2c, 0x0a, 0x20, 0x20, 0x20, 0x20, 0x22, 0x6e,
  0x61, 0x6d, 0x65, 0x22, 0x3a, 0x20, 0x22, 0x50, 0x6f, 0x77, 0x65, 0x72,
  0x20, 0x53, 0x70, 0x65, 0x6c, 0x6c, 0x62, 0x72, 0x65, 0x61, 0x6b, 0x65,
  0x72, 0x22, 0x2c, 0x0a, 0x20, 0x20, 0x20, 0x20, 0x22, 0x70, 0x72, 0x6f,
  0x66, 0x65, 0x73, 0x73, 0x69, 0x6f, 0x6e, 0x22, 0x3a, 0x20, 0x22, 0x57,
  0x61, 0x72, 0x72, 0x69, 0x6f, 0x72, 0x22, 0x2c, 0x0a, 0x20, 0x20, 0x20,
  0x20, 0x22, 0x65, 0x6c, 0x69, 0x74, 0x65, 0x5f, 0x73, 0x70, 0x65, 0x63,
  0x22, 0x3a, 0x20, 0x22, 0x53, 0x70, 0x65, 0x6c, 0x6c, 0x62, 0x72, 0x65,
  0x61, 0x6b, 0x65, 0x72, 0x22, 0x2c, 0x0a, 0x20, 0x20, 0x20, 0x20, 0x22,
  0x62, 0x75, 0x69, 0x6c, 0x64, 0x5f, 0x74, 0x79, 0x70, 0x65, 0x22, 0x3a,
  0x20, 0x22, 0x50, 0x6f, 0x77, 0x65, 0x72, 0x22, 0x2c, 0x0a, 0x20, 0x20,
  0x20, 0x20, 0x22, 0x70, 0x61, 0x74, 0x63, 0x68, 0x5f, 0x76, 0x65, 0x72,
  0x73, 0x69, 0x6f, 0x6e, 0x22, 0x3a, 0x20, 0x22, 0x22, 0x2c, 0x0a, 0x20,
  0x20, 0x20, 0x20, 0x22, 0x62, 0x65, 0x6e, 0x63, 0x68, 0x6d, 0x61, 0x72,
  0x6b, 0x5f, 0x64, 0x70, 0x73, 0x22, 0x3a, 0x20, 0x30, 0x2e, 0x30, 0x2c,
  0x0a, 0x20, 0x20, 0x20, 0x20, 0x22, 0x6e, 0x6f, 0x74, 0x65, 0x73, 0x22,
  0x3a, 0x20, 0x22, 0x47, 0x75, 0x69, 0x6c, 0x64, 0x20, 0x57, 0x61, 0x72,
  0x73, 0x20, 0x32, 0x20, 0x50, 0x6f, 0x77, 0x65, 0x72, 0x20, 0x53, 0x70,
  0x65, 0x6c, 0x6c, 0x62, 0x72, 0x65, 0x61, 0x6b, 0x65, 0x72, 0x20, 0x2d,
  0x20, 0x44, 0x61, 0x67, 0x67, 0x65, 0x72, 0x20, 0x26, 0x20, 0x4d, 0x61,
  0x63, 0x65, 0x20, 0x4d, 0x65, 0x74, 0x61, 0x20, 0x62, 0x75, 0x69, 0x6c,
  0x64, 0x20, 0x66, 0x6f, 0x72, 0x20, 0x61, 0x63, 0x63, 0x65, 0x73, 0x73,
  0x69, 0x62, 0x75, 0x69, 0x6c, 0x64, 0x73, 0x3a, 0x20, 0x63, 0x6f, 0x6d,
  0x70, 0x6c, 0x65, 0x74, 0x65, 0x20, 0x67, 0x75, 0x69, 0x64, 0x65, 0x20,
  0x77, 0x69, 0x74, 0x68, 0x20, 0x67, 0x65, 0x61, 0x72, 0x2c, 0x20, 0x72,
  0x75, 0x6e, 0x65, 0x73, 0x2c, 0x20, 0x72, 0x65, 0x6c, 0x69, 0x63, 0x73,
  0x2c, 0x20, 0x74, 0x72, 0x61, 0x69, 0x74, 0x73, 0x2c, 0x20, 0x61, 0x6e,
  0x64, 0x20, 0x72, 0x6f, 0x74, 0x61, 0x74, 0x69, 0x6f, 0x6e, 0x20, 0x74,
  0x69, 0x70, 0x73, 0x2e, 0x22, 0x2c, 0x0a, 0x20, 0x20, 0x20, 0x20, 0x22,
  0x73, 0x6f, 0x75, 0x72, 0x63, 0x65, 0x5f, 0x75, 0x72, 0x6c, 0x22, 0x3a,
  0x20, 0x22, 0x68, 0x74, 0x74, 0x70, 0x73, 0x3a, 0x2f, 0x2f, 0x73, 0x6e,
  0x6f, 0x77, 0x63, 0x72, 0x6f, 0x77, 0x73, 0x2e, 0x63, 0x6f, 0x6d, 0x2f,
  0x62, 0x75, 0x69, 0x6c, 0x64, 0x73, 0x2f, 0x61, 0x63, 0x63, 0x65, 0x73,
  0x73, 0x69, 0x62, 0x75, 0x69, 0x6c, 0x64, 0x73, 0x2f, 0x77, 0x61, 0x72,
  0x72, 0x69, 0x6f, 0x72, 0x2f, 0x70, 0x6f, 0x77, 0x65, 0x72, 0x2d, 0x73,
  0x70, 0x65, 0x6c, 0x6c, 0x62, 0x72, 0x65, 0x61, 0x6b, 0x65, 0x72, 0x22,
  0x2c, 0x0a, 0x20, 0x20, 0x20, 0x20, 0x22, 0x63, 0x68, 0x61, 0x74, 0x5f,
  0x63, 0x6f, 0x64, 0x65, 0x22, 0x3a, 0x20, 0x22, 0x5b, 0x26, 0x44, 0x51,
  0x49, 0x6b, 0x4e, 0x67, 0x51, 0x66, 0x50, 0x54, 0x31, 0x77, 0x41, 0x41,
  0x41, 0x41, 0x6f, 0x67, 0x45, 0x41, 0x41, 0x4b, 0x38, 0x41, 0x41, 0x41,
  0x43, 0x70, 0x41, 0x41, 0x41, 0x41, 0x6e, 0x41, 0x41, 0x41, 0x41, 0x41,
  0x41, 0x41, 0x41, 0x41, 0x41, 0x41, 0x41, 0x41, 0x41, 0x41, 0x41, 0x41,
  0x41, 0x41, 0x41, 0x41, 0x41, 0x41, 0x41, 0x41, 0x41, 0x3d, 0x5d, 0x22,
  0x2c, 0x0a, 0x20, 0x20, 0x20, 0x20, 0x22, 0x69, 0x73, 0x5f, 0x6c, 0x65,
  0x67, 0x61, 0x63, 0x79, 0x22, 0x3a, 0x20, 0x66, 0x61, 0x6c, 0x73, 0x65,
  0x2c, 0x0a, 0x20, 0x20, 0x20, 0x20, 0x22, 0x61, 0x63, 0x63, 0x65, 0x73,
  0x73, 0x69, 0x62, 0x69, 0x6c, 0x69, 0x74, 0x79, 0x22, 0x3a, 0x20, 0x74,
  0x72, 0x75, 0x65, 0x2c, 0x0a, 0x20, 0x20, 0x20, 0x20, 0x22, 0x74, 0x72,
  0x61, 0x69, 0x74, 0x73, 0x22, 0x3a, 0x20, 0x7b, 0x0a, 0x20, 0x20, 0x20,
  0x20, 0x20, 0x20, 0x22, 0x6c, 0x69, 0x6e, 0x65, 0x31, 0x22, 0x3a, 0x20,
  0x7b, 0x0a, 0x20, 0x20, 0x20, 0x20, 0x20, 0x20, 0x20, 0x20, 0x22, 0x73,
  0x70, 0x65, 0x63, 0x5f, 0x69, 0x64, 0x22, 0x3a, 0x20, 0x33, 0x36, 0x2c,
  0x0a, 0x20, 0x20, 0x20, 0x20, 0x20, 0x20, 0x20, 0x20, 0x22, 0x74, 0x72,
  0x61, 0x69, 0x74, 0x73, 0x22, 0x3a, 0x20, 0x5b, 0x0a, 0x20, 0x20, 0x20,
  0x20, 0x20, 0x20, 0x20, 0x20, 0x20, 0x20, 0x31, 0x33, 0x34, 0x34, 0x2c,
  0x0a, 0x20, 0x20, 0x20, 0x20, 0x20, 0x20, 0x20, 0x20, 0x20, 0x20, 0x31,
  0x33, 0x31, 0x35, 0x2c, 0x0a, 0x20, 0x20, 0x20, 0x20, 0x20, 0x20, 0x20,
  0x20, 0x20, 0x20, 0x31, 0x37, 0x30, 0x37, 0x0a, 0x20, 0x20, 0x20, 0x20,
  0x20, 0x20, 0x20, 0x20, 0x5d, 0x0a, 0x20, 0x20, 0x20, 0x20, 0x20, 0x20,
  0x7d, 0x2c, 0x0a, 0x20, 0x20, 0x20, 0x20, 0x20, 0x20, 0x22, 0x6c, 0x69,
  0x6e, 0x65, 0x32, 0x22, 0x3a, 0x20, 0x7b, 0x0a, 0x20, 0x20, 0x20, 0x20,
  0x20, 0x20, 0x20, 0x20, 0x22, 0x73, 0x70, 0x65, 0x63, 0x5f, 0x69, 0x64,
  0x22, 0x3a, 0x20, 0x34, 0x2c, 0x0a, 0x20, 0x20, 0x20, 0x20, 0x20, 0x20,
  0x20, 0x20, 0x22, 0x74, 0x72, 0x61, 0x69, 0x74, 0x73, 0x22, 0x3a, 0x20,
  0x5b, 0x0a, 0x20, 0x20, 0x20, 0x20, 0x20, 0x20, 0x20, 0x20, 0x20, 0x20,
  0x31, 0x34, 0x34, 0x34, 0x2c, 0x0a, 0x20, 0x20, 0x20, 0x20, 0x20, 0x20,
  0x20, 0x20, 0x20, 0x20, 0x31, 0x34, 0x34, 0x39, 0x2c, 0x0a, 0x20, 0x20,
  0x20, 0x20, 0x20, 0x20, 0x20, 0x20, 0x20, 0x20, 0x31, 0x34, 0x33, 0x37,
  0x0a, 0x20, 0x20, 0x20, 0x20, 0x20, 0x20, 0x20, 0x20, 0x5d, 0x0a, 0x20,
  0x20, 0x20, 0x20, 0x20, 0x20, 0x7d, 0x2c, 0x0a, 0x20, 0x20, 0x20, 0x20,
  0x20, 0x20, 0x22, 0x6c, 0x69, 0x6e, 0x65, 0x33, 0x22, 0x3a, 0x20, 0x7b,
  0x0a, 0x20, 0x20, 0x20, 0x20, 0x20, 0x20, 0x20, 0x20, 0x22, 0x73, 0x70,
  0x65, 0x63, 0x5f, 0x69, 0x64, 0x22, 0x3a, 0x20, 0x36, 0x31, 0x2c, 0x0a,
  0x20, 0x20, 0x20, 0x20, 0x20, 0x20, 0x20, 0x20, 0x22, 0x74, 0x72, 0x61,
  0x69, 0x74, 0x73, 0x22, 0x3a, 0x20, 0x5b, 0x0a, 0x20, 0x20, 0x20, 0x20,
  0x20, 0x20, 0x20, 0x20, 0x20, 0x20, 0x32, 0x31, 0x30, 0x37, 0x2c, 0x0a,
  0x20, 0x20, 0x20, 0x20, 0x20, 0x20, 0x20, 0x20, 0x20, 0x20, 0x32, 0x30,
  0x39, 0x35, 0x2c, 0x0a, 0x20, 0x20, 0x20, 0x20, 0x20, 0x20, 0x20, 0x20,
  0x20, 0x20, 0x32, 0x30, 0x36, 0x30, 0x0a, 0x20, 0x20, 0x20, 0x20, 0x20,
  0x20, 0x20, 0x20, 0x5d, 0x0a, 0x20, 0x20, 0x20, 0x20, 0x20, 0x20, 0x7d,
  0x0a, 0x20, 0x20, 0x20, 0x20, 0x7d, 0x2c, 0x0a, 0x20, 0x20, 0x20, 0x20,
  0x22, 0x73, 0x6b, 0x69, 0x6c, 0x6c, 0x73, 0x22, 0x3a, 0x20, 0x7b, 0x0a,
  0x20, 0x20, 0x20, 0x20, 0x20, 0x20, 0x22, 0x68, 0x65, 0x61, 0x6c, 0x22,
  0x3a, 0x20, 0x31, 0x34, 0x33, 0x38, 0x39, 0x2c, 0x0a, 0x20, 0x20, 0x20,
  0x20, 0x20, 0x20, 0x22, 0x75, 0x74, 0x69, 0x6c, 0x69, 0x74, 0x69, 0x65,
  0x73, 0x22, 0x3a, 0x20, 0x5b, 0x0a, 0x20, 0x20, 0x20, 0x20, 0x20, 0x20,
  0x20, 0x20, 0x31, 0x34, 0x35, 0x30, 0x32, 0x2c, 0x0a, 0x20, 0x20, 0x20,
  0x20, 0x20, 0x20, 0x20, 0x20, 0x31, 0x34, 0x34, 0x31, 0x30, 0x2c, 0x0a,
  0x20, 0x20, 0x20, 0x20, 0x20, 0x20, 0x20, 0x20, 0x31, 0x34, 0x34, 0x30,
  0x34, 0x0a, 0x20, 0x20, 0x20, 0x20, 0x20, 0x20, 0x5d, 0x2c, 0x0a, 0x20,
  0x20, 0x20, 0x20, 0x20, 0x20, 0x22, 0x65, 0x6c, 0x69, 0x74, 0x65, 0x22,
  0x3a, 0x20, 0x31, 0x34, 0x33, 0x35, 0x35, 0x0a, 0x20, 0x20, 0x20, 0x20,
  0x7d, 0x2c, 0x0a, 0x20, 0x20, 0x20, 0x20, 0x22, 0x6c, 0x65, 0x67, 0x65,
  0x6e, 0x64, 0x73, 0x22, 0x3a, 0x20, 0x5b, 0x0a, 0x20, 0x20, 0x20, 0x20,
  0x20, 0x20, 0x30, 0x2c, 0x0a, 0x20, 0x20, 0x20, 0x20, 0x20, 0x20, 0x30,
  0x0a, 0x20, 0x20, 0x20, 0x20, 0x5d, 0x2c, 0x0a, 0x20, 0x20, 0x20, 0x20,
  0x22, 0x70, 0x65, 0x74, 0x73, 0x22, 0x3a, 0x20, 0x5b, 0x0a, 0x20, 0x20,
  0x20, 0x20, 0x20, 0x20, 0x30, 0x2c, 0x0a, 0x20, 0x20, 0x20, 0x20, 0x20,
  0x20, 0x30, 0x0a, 0x20, 0x20, 0x20, 0x20, 0x5d, 0x2c, 0x0a, 0x20, 0x20,
  0x20, 0x20, 0x22, 0x67, 0x65, 0x61, 0x72, 0x22, 0x3a, 0x20, 0x7b, 0x0a,
  0x20, 0x20, 0x20, 0x20, 0x20, 0x20, 0x22, 0x72, 0x65, 0x6c, 0x69, 0x63,
  0x5f, 0x69, 0x64, 0x22, 0x3a, 0x20, 0x31, 0x30, 0x33, 0x35, 0x37, 0x34,
  0x2c, 0x0a, 0x20, 0x20, 0x20, 0x20, 0x20, 0x20, 0x22, 0x66, 0x6f, 0x6f,
  0x64, 0x5f, 0x69, 0x64, 0x22, 0x3a, 0x20, 0x39, 0x31, 0x38, 0x30, 0x35,
  0x2c, 0x0a, 0x20, 0x20, 0x20, 0x20, 0x20, 0x20, 0x22, 0x75, 0x74, 0x69,
  0x6c, 0x69, 0x74, 0x79, 0x5f, 0x69, 0x64, 0x22, 0x3a, 0x20, 0x34, 0x33,
  0x34, 0x35, 0x31, 0x2c, 0x0a, 0x20, 0x20, 0x20, 0x20, 0x20, 0x20, 0x22,
  0x69, 0x74, 0x65, 0x6d, 0x73, 0x22, 0x3a, 0x20, 0x5b, 0x0a, 0x20, 0x20,
  0x20, 0x20, 0x20, 0x20, 0x20, 0x20, 0x7b, 0x0a, 0x20, 0x20, 0x20, 0x20,
  0x20, 0x20, 0x20, 0x20, 0x20, 0x20, 0x22, 0x73, 0x6c, 0x6f, 0x74, 0x22,
  0x3a, 0x20, 0x22, 0x48, 0x65, 0x6c, 0x6d, 0x22, 0x2c, 0x0a, 0x20, 0x20,
  0x20, 0x20, 0x20, 0x20, 0x20, 0x20, 0x20, 0x20, 0x22, 0x69, 0x74, 0x65,
  0x6d, 0x5f, 0x69, 0x64, 0x22, 0x3a, 0x20, 0x34, 0x38, 0x30, 0x37, 0x35,
  0x2c, 0x0a, 0x20, 0x20, 0x20, 0x20, 0x20, 0x20, 0x20, 0x20, 0x20, 0x20,
  0x22, 0x73, 0x74, 0x61, 0x74, 0x5f, 0x69, 0x64, 0x22, 0x3a, 0x20, 0x31,
  0x30, 0x37, 0x37, 0x2c, 0x0a, 0x20, 0x20, 0x20, 0x20, 0x20, 0x20, 0x20,
  0x20, 0x20, 0x20, 0x22, 0x75, 0x70, 0x67, 0x72, 0x61, 0x64, 0x65, 0x5f,
  0x69, 0x64, 0x22, 0x3a, 0x20, 0x32, 0x34, 0x38, 0x33, 0x36, 0x2c, 0x0a,
  0x20, 0x20, 0x20, 0x20, 0x20, 0x20, 0x20, 0x20, 0x20, 0x20, 0x22, 0x69,
  0x6e, 0x66, 0x75, 0x73, 0x69, 0x6f, 0x6e, 0x73, 0x22, 0x3a, 0x20, 0x5b,
  0x5d, 0x0a, 0x20, 0x20, 0x20, 0x20, 0x20, 0x20, 0x20, 0x20, 0x7d, 0x2c,
  0x0a, 0x20, 0x20, 0x20, 0x20, 0x20, 0x20, 0x20, 0x20, 0x7b, 0x0a, 0x20,
  0x20, 0x20, 0x20, 0x20, 0x20, 0x20, 0x20, 0x20, 0x20, 0x22, 0x73, 0x6c,
  0x6f, 0x74, 0x22, 0x3a, 0x20, 0x22, 0x53, 0x68, 0x6f, 0x75, 0x6c, 0x64,
  0x65, 0x72, 0x73, 0x22, 0x2c, 0x0a, 0x20, 0x20, 0x20, 0x20, 0x20, 0x20,
  0x20, 0x20, 0x20, 0x20, 0x22, 0x69, 0x74, 0x65, 0x6d, 0x5f, 0x69, 0x64,
  0x22, 0x3a, 0x20, 0x34, 0x38, 0x30, 0x37, 0x37, 0x2c, 0x0a, 0x20, 0x20,
  0x20, 0x20, 0x20, 0x20, 0x20, 0x20, 0x20, 0x20, 0x22, 0x73, 0x74, 0x61,
  0x74, 0x5f, 0x69, 0x64, 0x22, 0x3a, 0x20, 0x31, 0x30, 0x37, 0x37, 0x2c,
  0x0a, 0x20, 0x20, 0x20, 0x20, 0x20, 0x20, 0x20, 0x20, 0x20, 0x20, 0x22,
  0x75, 0x70, 0x67, 0x72, 0x61, 0x64, 0x65, 0x5f, 0x69, 0x64, 0x22, 0x3a,
  0x20, 0x32, 0x34, 0x38, 0x33, 0x36, 0x2c, 0x0a, 0x20, 0x20, 0x20, 0x20,
  0x20, 0x20, 0x20, 0x20, 0x20, 0x20, 0x22, 0x69, 0x6e, 0x66, 0x75, 0x73,
  0x69, 0x6f, 0x6e, 0x73, 0x22, 0x3a, 0x20, 0x5b, 0x5d, 0x0a, 0x20, 0x20,
  0x20, 0x20, 0x20, 0x20, 0x20, 0x20, 0x7d, 0x2c, 0x0a, 0x20, 0x20, 0x20,
  0x20, 0x20, 0x20, 0x20, 0x20, 0x7b, 0x0a, 0x20, 0x20, 0x20, 0x20, 0x20,
  0x20, 0x20, 0x20, 0x20, 0x20, 0x22, 0x73, 0x6c, 0x6f, 0x74, 0x22, 0x3a,
  0x20, 0x22, 0x43, 0x68, 0x65, 0x73, 0x74, 0x22, 0x2c, 0x0a, 0x20, 0x20,
  0x20, 0x20, 0x20, 0x20, 0x20, 0x20, 0x20, 0x20, 0x22, 0x69, 0x74, 0x65,
  0x6d, 0x5f, 0x69, 0x64, 0x22, 0x3a, 0x20, 0x34, 0x38, 0x30, 0x37, 0x33,
  0x2c, 0x0a, 0x20, 0x20, 0x20, 0x20, 0x20, 0x20, 0x20, 0x20, 0x20, 0x20,
  0x22, 0x73, 0x74, 0x61, 0x74, 0x5f, 0x69, 0x64, 0x22, 0x3a, 0x20, 0x31,
  0x30, 0x37, 0x37, 0x2c, 0x0a, 0x20, 0x20, 0x20, 0x20, 0x20, 0x20, 0x20,
  0x20, 0x20, 0x20, 0x22, 0x75, 0x70, 0x67, 0x72, 0x61, 0x64, 0x65, 0x5f,
  0x69, 0x64, 0x22, 0x3a, 0x20, 0x32, 0x34, 0x38, 0x33, 0x36, 0x2c, 0x0a,
  0x20, 0x20, 0x20, 0x20, 0x20, 0x20, 0x20, 0x20, 0x20, 0x20, 0x22, 0x69,
  0x6e, 0x66, 0x75, 0x73, 0x69, 0x6f, 0x6e, 0x73, 0x22, 0x3a, 0x20, 0x5b,
  0x5d, 0x0a, 0x20, 0x20, 0x20, 0x20, 0x20, 0x20, 0x20, 0x20, 0x7d, 0x2c,
  0x0a, 0x20, 0x20, 0x20, 0x20, 0x20, 0x20, 0x20, 0x20, 0x7b, 0x0a, 0x20,
  0x20, 0x20, 0x20, 0x20, 0x20, 0x20, 0x20, 0x20, 0x20, 0x22, 0x73, 0x6c,
  0x6f, 0x74, 0x22, 0x3a, 0x20, 0x22, 0x47, 0x6c, 0x6f, 0x76, 0x65, 0x73,
  0x22, 0x2c, 0x0a, 0x20, 0x20, 0x20, 0x20, 0x20, 0x20, 0x20, 0x20, 0x20,
  0x20, 0x22, 0x69, 0x74, 0x65, 0x6d, 0x5f, 0x69, 0x64, 0x22, 0x3a, 0x20,
  0x34, 0x38, 0x30, 0x37, 0x34, 0x2c, 0x0a, 0x20, 0x20, 0x20, 0x20, 0x20,
  0x20, 0x20, 0x20, 0x20, 0x20, 0x22, 0x73, 0x74, 0x61, 0x74, 0x5f, 0x69,
  0x64, 0x22, 0x3a, 0x20, 0x31, 0x30, 0x37, 0x37, 0x2c, 0x0a, 0x20, 0x20,
  0x20, 0x20, 0x20, 0x20, 0x20, 0x20, 0x20, 0x20, 0x22, 0x75, 0x70, 0x67,
  0x72, 0x61, 0x64, 0x65, 0x5f, 0x69, 0x64, 0x22, 0x3a, 0x20, 0x32, 0x34,
  0x38, 0x33, 0x36, 0x2c, 0x0a, 0x20, 0x20, 0x20, 0x20, 0x20, 0x20, 0x20,
  0x20, 0x20, 0x20, 0x22, 0x69, 0x6e, 0x66, 0x75, 0x73, 0x69, 0x6f, 0x6e,
  0x73, 0x22, 0x3a, 0x20, 0x5b, 0x5d, 0x0a, 0x20, 0x20, 0x20, 0x20, 0x20,
  0x20, 0x20, 0x20, 0x7d, 0x2c, 0x0a, 0x20, 0x20, 0x20, 0x20, 0x20, 0x20,
  0x20, 0x20, 0x7b, 0x0a, 0x20, 0x20, 0x20, 0x20, 0x20, 0x20, 0x20, 0x20,
  0x20, 0x20, 0x22, 0x73, 0x6c, 0x6f, 0x74, 0x22, 0x3a, 0x20, 0x22, 0x4c,
  0x65, 0x67, 0x67, 0x69, 0x6e, 0x67, 0x73, 0x22, 0x2c, 0x0a, 0x20, 0x20,
  0x20, 0x20, 0x20, 0x20, 0x20, 0x20, 0x20, 0x20, 0x22, 0x69, 0x74, 0x65,
  0x6d, 0x5f, 0x69, 0x64, 0x22, 0x3a, 0x20, 0x34, 0x38, 0x30, 0x37, 0x36,
  0x2c, 0x0a, 0x20, 0x20, 0x20, 0x20, 0x20, 0x20, 0x20, 0x20, 0x20, 0x20,
  0x22, 0x73, 0x74, 0x61, 0x74, 0x5f, 0x69, 0x64, 0x22, 0x3a, 0x20, 0x31,
  0x30, 0x37, 0x37, 0x2c, 0x0a, 0x20, 0x20, 0x20, 0x20, 0x20, 0x20, 0x20,
  0x20, 0x20, 0x20, 0x22, 0x75, 0x70, 0x67, 0x72, 0x61, 0x64, 0x65, 0x5f,
  0x69, 0x64, 0x22, 0x3a, 0x20, 0x32, 0x34, 0x38, 0x33, 0x36, 0x2c, 0x0a,
  0x20, 0x20, 0x20, 0x20, 0x20, 0x20, 0x20, 0x20, 0x20, 0x20, 0x22, 0x69,
  0x6e, 0x66, 0x75, 0x73, 0x69, 0x6f, 0x6e, 0x73, 0x22, 0x3a, 0x20, 0x5b,
  0x5d, 0x0a, 0x20, 0x20, 0x20, 0x20, 0x20, 0x20, 0x20, 0x20, 0x7d, 0x2c,
  0x0a, 0x20, 0x20, 0x20, 0x20, 0x20, 0x20, 0x20, 0x20, 0x7b, 0x0a, 0x20,
  0x20, 0x20, 0x20, 0x20, 0x20, 0x20, 0x20, 0x20, 0x20, 0x22, 0x73, 0x6c,
  0x6f, 0x74, 0x22, 0x3a, 0x20, 0x22, 0x42, 0x6f, 0x6f, 0x74, 0x73, 0x22,
  0x2c, 0x0a, 0x20, 0x20, 0x20, 0x20, 0x20, 0x20, 0x20, 0x20, 0x20, 0x20,
  0x22, 0x69, 0x74, 0x65, 0x6d, 0x5f, 0x69, 0x64, 0x22, 0x3a, 0x20, 0x34,
  0x38, 0x30, 0x37, 0x32, 0x2c, 0x0a, 0x20, 0x20, 0x20, 0x20, 0x20, 0x20,
  0x20, 0x20, 0x20, 0x20, 0x22, 0x73, 0x74, 0x61, 0x74, 0x5f, 0x69, 0x64,
  0x22, 0x3a, 0x20, 0x31, 0x30, 0x37, 0x37, 0x2c, 0x0a, 0x20, 0x20, 0x20,
  0x20, 0x20, 0x20, 0x20, 0x20, 0x20, 0x20, 0x22, 0x75, 0x70, 0x67, 0x72,
  0x61, 0x64, 0x65, 0x5f, 0x69, 0x64, 0x22, 0x3a, 0x20, 0x32, 0x34, 0x38,
  0x33, 0x36, 0x2c, 0x0a, 0x20, 0x20, 0x20, 0x20, 0x20, 0x20, 0x20, 0x20,
  0x20, 0x20, 0x22, 0x69, 0x6e, 0x66, 0x75, 0x73, 0x69, 0x6f, 0x6e, 0x73,
  0x22, 0x3a, 0x20, 0x5b, 0x5d, 0x0a, 0x20, 0x20, 0x20, 0x20, 0x20, 0x20,
  0x20, 0x20, 0x7d, 0x2c, 0x0a, 0x20, 0x20, 0x20, 0x20, 0x20, 0x20, 0x20,
  0x20, 0x7b, 0x0a, 0x20, 0x20, 0x20, 0x20, 0x20, 0x20, 0x20, 0x20, 0x20,
  0x20, 0x22, 0x73, 0x6c, 0x6f, 0x74, 0x22, 0x3a, 0x20, 0x22, 0x42, 0x61,
  0x63, 0x6b, 0x49, 0x74, 0x65, 0x6d, 0x22, 0x2c, 0x0a, 0x20, 0x20, 0x20,
  0x20, 0x20, 0x20, 0x20, 0x20, 0x20, 0x20, 0x22, 0x69, 0x74, 0x65, 0x6d,
  0x5f, 0x69, 0x64, 0x22, 0x3a, 0x20, 0x37, 0x39, 0x38, 0x33, 0x37, 0x2c,
  0x0a, 0x20, 0x20, 0x20, 0x20, 0x20, 0x20, 0x20, 0x20, 0x20, 0x20, 0x22,
  0x73, 0x74, 0x61, 0x74, 0x5f, 0x69, 0x64, 0x22, 0x3a, 0x20, 0x31, 0x30,
  0x37, 0x37, 0x2c, 0x0a, 0x20, 0x20, 0x20, 0x20, 0x20, 0x20, 0x20, 0x20,
  0x20, 0x20, 0x22, 0x75, 0x70, 0x67, 0x72, 0x61, 0x64, 0x65, 0x5f, 0x69,
  0x64, 0x22, 0x3a, 0x20, 0x30, 0x2c, 0x0a, 0x20, 0x20, 0x20, 0x20, 0x20,
  0x20, 0x20, 0x20, 0x20, 0x20, 0x22, 0x69, 0x6e, 0x66, 0x75, 0x73, 0x69,
  0x6f, 0x6e, 0x73, 0x22, 0x3a, 0x20, 0x5b, 0x5d, 0x0a, 0x20, 0x20, 0x20,
  0x20, 0x20, 0x20, 0x20, 0x20, 0x7d, 0x2c, 0x0a, 0x20, 0x20, 0x20, 0x20,
  0x20, 0x20, 0x20, 0x20, 0x7b, 0x0a, 0x20, 0x20, 0x20, 0x20, 0x20, 0x20,
  0x20, 0x20, 0x20, 0x20, 0x22, 0x73, 0x6c, 0x6f, 0x74, 0x22, 0x3a, 0x20,
  0x22, 0x41, 0x63, 0x63, 0x65, 0x73, 0x73, 0x6f, 0x72, 0x79, 0x31, 0x22,
  0x2c, 0x0a, 0x20, 0x20, 0x20, 0x20, 0x20, 0x20, 0x20, 0x20, 0x20, 0x20,
  0x22, 0x69, 0x74, 0x65, 0x6d, 0x5f, 0x69, 0x64, 0x22, 0x3a, 0x20, 0x37,
  0x39, 0x37, 0x34, 0x35, 0x2c, 0x0a, 0x20, 0x20, 0x20, 0x20, 0x20, 0x20,
  0x20, 0x20, 0x20, 0x20, 0x22, 0x73, 0x74, 0x61, 0x74, 0x5f, 0x69, 0x64,
  0x22, 0x3a, 0x20, 0x31, 0x30, 0x37, 0x37, 0x2c, 0x0a, 0x20, 0x20, 0x20,
  0x20, 0x20, 0x20, 0x20, 0x20, 0x20, 0x20, 0x22, 0x75, 0x70, 0x67, 0x72,
  0x61, 0x64, 0x65, 0x5f, 0x69, 0x64, 0x22, 0x3a, 0x20, 0x30, 0x2c, 0x0a,
  0x20, 0x20, 0x20, 0x20, 0x20, 0x20, 0x20, 0x20, 0x20, 0x20, 0x22, 0x69,
  0x6e, 0x66, 0x75, 0x73, 0x69, 0x6f, 0x6e, 0x73, 0x22, 0x3a, 0x20, 0x5b,
  0x5d, 0x0a, 0x20, 0x20, 0x20, 0x20, 0x20, 0x20, 0x20, 0x20, 0x7d, 0x2c,
  0x0a, 0x20, 0x20, 0x20, 0x20, 0x20, 0x20, 0x20, 0x20, 0x7b, 0x0a, 0x20,
  0x20, 0x20, 0x20, 0x20, 0x20, 0x20, 0x20, 0x20, 0x20, 0x22, 0x73, 0x6c,
  0x6f, 0x74, 0x22, 0x3a, 0x20, 0x22, 0x41, 0x63, 0x63, 0x65, 0x73, 0x73,
  0x6f, 0x72, 0x79, 0x32, 0x22, 0x2c, 0x0a, 0x20, 0x20, 0x20, 0x20, 0x20,
  0x20, 0x20, 0x20, 0x20, 0x20, 0x22, 0x69, 0x74, 0x65, 0x6d, 0x5f, 0x69,
  0x64, 0x22, 0x3a, 0x20, 0x37, 0x39, 0x34, 0x34, 0x34, 0x2c, 0x0a, 0x20,
  0x20, 0x20, 0x20, 0x20, 0x20, 0x20, 0x20, 0x20, 0x20, 0x22, 0x73, 0x74,
  0x61, 0x74, 0x5f, 0x69, 0x64, 0x22, 0x3a, 0x20, 0x31, 0x30, 0x37, 0x37,
  0x2c, 0x0a, 0x20, 0x20, 0x20, 0x20, 0x20, 0x20, 0x20, 0x20, 0x20, 0x20,
  0x22, 0x75, 0x70, 0x67, 0x72, 0x61, 0x64, 0x65, 0x5f, 0x69, 0x64, 0x22,
  0x3a, 0x20, 0x30, 0x2c, 0x0a, 0x20, 0x20, 0x20, 0x20, 0x20, 0x20, 0x20,
  0x20, 0x20, 0x20, 0x22, 0x69, 0x6e, 0x66, 0x75, 0x73, 0x69, 0x6f, 0x6e,
  0x73, 0x22, 0x3a, 0x20, 0x5b, 0x5d, 0x0a, 0x20, 0x20, 0x20, 0x20, 0x20,
  0x20, 0x20, 0x20, 0x7d, 0x2c, 0x0a, 0x20, 0x20, 0x20, 0x20, 0x20, 0x20,
  0x20, 0x20, 0x7b, 0x0a, 0x20, 0x20, 0x20, 0x20, 0x20, 0x20, 0x20, 0x20,
  0x20, 0x20, 0x22, 0x73, 0x6c, 0x6f, 0x74, 0x22, 0x3a, 0x20, 0x22, 0x41,
  0x6d, 0x75, 0x6c, 0x65, 0x74, 0x22, 0x2c, 0x0a, 0x20, 0x20, 0x20, 0x20,
  0x20, 0x20, 0x20, 0x20, 0x20, 0x20, 0x22, 0x69, 0x74, 0x65, 0x6d, 0x5f,
  0x69, 0x64, 0x22, 0x3a, 0x20, 0x38, 0x31, 0x31, 0x36, 0x39, 0x2c, 0x0a,
  0x20, 0x20, 0x20, 0x20, 0x20, 0x20, 0x20, 0x20, 0x20, 0x20, 0x22, 0x73,
  0x74, 0x61, 0x74, 0x5f, 0x69, 0x64, 0x22, 0x3a, 0x20, 0x31, 0x30, 0x37,
  0x37, 0x2c, 0x0a, 0x20, 0x20, 0x20, 0x20, 0x20, 0x20, 0x20, 0x20, 0x20,
  0x20, 0x22, 0x75, 0x70, 0x67, 0x72, 0x61, 0x64, 0x65, 0x5f, 0x69, 0x64,
  0x22, 0x3a, 0x20, 0x30, 0x2c, 0x0a, 0x20, 0x20, 0x20, 0x20, 0x20, 0x20,
  0x20, 0x20, 0x20, 0x20, 0x22, 0x69, 0x6e, 0x66, 0x75, 0x73, 0x69, 0x6f,
  0x6e, 0x73, 0x22, 0x3a, 0x20, 0x5b, 0x5d, 0x0a, 0x20, 0x20, 0x20, 0x20,
  0x20, 0x20, 0x20, 0x20, 0x7d, 0x2c, 0x0a, 0x20, 0x20, 0x20, 0x20, 0x20,
  0x20, 0x20, 0x20, 0x7b, 0x0a, 0x20, 0x20, 0x20, 0x20, 0x20, 0x20, 0x20,
  0x20, 0x20, 0x20, 0x22, 0x73, 0x6c, 0x6f, 0x74, 0x22, 0x3a, 0x20, 0x22,
  0x52, 0x69, 0x6e, 0x67, 0x31, 0x22, 0x2c, 0x0a, 0x20, 0x20, 0x20, 0x20,
  0x20, 0x20, 0x20, 0x20, 0x20, 0x20, 0x22, 0x69, 0x74, 0x65, 0x6d, 0x5f,
  0x69, 0x64, 0x22, 0x3a, 0x20, 0x37, 0x39, 0x37, 0x31, 0x30, 0x2c, 0x0a,
  0x20, 0x20, 0x20, 0x20, 0x20, 0x20, 0x20, 0x20, 0x20, 0x20, 0x22, 0x73,
  0x74, 0x61, 0x74, 0x5f, 0x69, 0x64, 0x22, 0x3a, 0x20, 0x31, 0x30, 0x37,
  0x37, 0x2c, 0x0a, 0x20, 0x20, 0x20, 0x20, 0x20, 0x20, 0x20, 0x20, 0x20,
  0x20, 0x22, 0x75, 0x70, 0x67, 0x72, 0x61, 0x64, 0x65, 0x5f, 0x69, 0x64,
  0x22, 0x3a, 0x20, 0x30, 0x2c, 0x0a, 0x20, 0x20, 0x20, 0x20, 0x20, 0x20,
  0x20, 0x20, 0x20, 0x20, 0x22, 0x69, 0x6e, 0x66, 0x75, 0x73, 0x69, 0x6f,
  0x6e, 0x73, 0x22, 0x3a, 0x20, 0x5b, 0x5d, 0x0a, 0x20, 0x20, 0x20, 0x20,
  0x20, 0x20, 0x20, 0x20, 0x7d, 0x2c, 0x0a, 0x20, 0x20, 0x20, 0x20, 0x20,
  0x20, 0x20, 0x20, 0x7b, 0x0a, 0x20, 0x20, 0x20, 0x20, 0x20, 0x20, 0x20,
  0x20, 0x20, 0x20, 0x22, 0x73, 0x6c, 0x6f, 0x74, 0x22, 0x3a, 0x20, 0x22,
  0x52, 0x69, 0x6e, 0x67, 0x32, 0x22, 0x2c, 0x0a, 0x20, 0x20, 0x20, 0x20,
  0x20, 0x20, 0x20, 0x20, 0x20, 0x20, 0x22, 0x69, 0x74, 0x65, 0x6d, 0x5f,
  0x69, 0x64, 0x22, 0x3a, 0x20, 0x38, 0x31, 0x31, 0x36, 0x37, 0x2c, 0x0a,
  0x20, 0x20, 0x20, 0x20, 0x20, 0x20, 0x20, 0x20, 0x20, 0x20, 0x22, 0x73,
  0x74, 0x61, 0x74, 0x5f, 0x69, 0x64, 0x22, 0x3a, 0x20, 0x31, 0x30, 0x37,
  0x37, 0x2c, 0x0a, 0x20, 0x20, 0x20, 0x20, 0x20, 0x20, 0x20, 0x20, 0x20,
  0x20, 0x22, 0x75, 0x70, 0x67, 0x72, 0x61, 0x64, 0x65, 0x5f, 0x69, 0x64,
  0x22, 0x3a, 0x20, 0x30, 0x2c, 0x0a, 0x20, 0x20, 0x20, 0x20, 0x20, 0x20,
  0x20, 0x20, 0x20, 0x20, 0x22, 0x69, 0x6e, 0x66, 0x75, 0x73, 0x69, 0x6f,
  0x6e, 0x73, 0x22, 0x3a, 0x20, 0x5b, 0x5d, 0x0a, 0x20, 0x20, 0x20, 0x20,
  0x20, 0x20, 0x20, 0x20, 0x7d, 0x2c, 0x0a, 0x20, 0x20, 0x20, 0x20, 0x20,
  0x20, 0x20, 0x20, 0x7b, 0x0a, 0x20, 0x20, 0x20, 0x20, 0x20, 0x20, 0x20,
  0x20, 0x20, 0x20, 0x22, 0x73, 0x6c, 0x6f, 0x74, 0x22, 0x3a, 0x20, 0x22,
  0x57, 0x65, 0x61, 0x70, 0x6f, 0x6e, 0x41, 0x31, 0x22, 0x2c, 0x0a, 0x20,
  0x20, 0x20, 0x20, 0x20, 0x20, 0x20, 0x20, 0x20, 0x20, 0x22, 0x69, 0x74,
  0x65, 0x6d, 0x5f, 0x69, 0x64, 0x22, 0x3a, 0x20, 0x34, 0x36, 0x37, 0x36,
  0x30, 0x2c, 0x0a, 0x20, 0x20, 0x20, 0x20, 0x20, 0x20, 0x20, 0x20, 0x20,
  0x20, 0x22, 0x73, 0x74, 0x61, 0x74, 0x5f, 0x69, 0x64, 0x22, 0x3a, 0x20,
  0x31, 0x30, 0x37, 0x37, 0x2c, 0x0a, 0x20, 0x20, 0x20, 0x20, 0x20, 0x20,
  0x20, 0x20, 0x20, 0x20, 0x22, 0x75, 0x70, 0x67, 0x72, 0x61, 0x64, 0x65,
  0x5f, 0x69, 0x64, 0x22, 0x3a, 0x20, 0x32, 0x34, 0x36, 0x31, 0x35, 0x2c,
  0x0a, 0x20, 0x20, 0x20, 0x20, 0x20, 0x20, 0x20, 0x20, 0x20, 0x20, 0x22,
  0x69, 0x6e, 0x66, 0x75, 0x73, 0x69, 0x6f, 0x6e, 0x73, 0x22, 0x3a, 0x20,
  0x5b, 0x5d, 0x0a, 0x20, 0x20, 0x20, 0x20, 0x20, 0x20, 0x20, 0x20, 0x7d,
  0x2c, 0x0a, 0x20, 0x20, 0x20, 0x20, 0x20, 0x20, 0x20, 0x20, 0x7b, 0x0a,
  0x20, 0x20, 0x20, 0x20, 0x20, 0x20, 0x20, 0x20, 0x20, 0x20, 0x22, 0x73,
  0x6c, 0x6f, 0x74, 0x22, 0x3a, 0x20, 0x22, 0x57, 0x65, 0x61, 0x70, 0x6f,
  0x6e, 0x41, 0x32, 0x22, 0x2c, 0x0a, 0x20, 0x20, 0x20, 0x20, 0x20, 0x20,
  0x20, 0x20, 0x20, 0x20, 0x22, 0x69, 0x74, 0x65, 0x6d, 0x5f, 0x69, 0x64,
  0x22, 0x3a, 0x20, 0x34, 0x36, 0x37, 0x36, 0x36, 0x2c, 0x0a, 0x20, 0x20,
  0x20, 0x20, 0x20, 0x20, 0x20, 0x20, 0x20, 0x20, 0x22, 0x73, 0x74, 0x61,
  0x74, 0x5f, 0x69, 0x64, 0x22, 0x3a, 0x20, 0x31, 0x30, 0x37, 0x37, 0x2c,
  0x0a, 0x20, 0x20, 0x20, 0x20, 0x20, 0x20, 0x20, 0x20, 0x20, 0x20, 0x22,
  0x75, 0x70, 0x67, 0x72, 0x61, 0x64, 0x65, 0x5f, 0x69, 0x64, 0x22, 0x3a,
  0x20, 0x32, 0x34, 0x35, 0x35, 0x34, 0x2c, 0x0a, 0x20, 0x20, 0x20, 0x20,
  0x20, 0x20, 0x20, 0x20, 0x20, 0x20, 0x22, 0x69, 0x6e, 0x66, 0x75, 0x73,
  0x69, 0x6f, 0x6e, 0x73, 0x22, 0x3a, 0x20, 0x5b, 0x5d, 0x0a, 0x20, 0x20,
  0x20, 0x20, 0x20, 0x20, 0x20, 0x20, 0x7d, 0x0a, 0x20, 0x20, 0x20, 0x20,
  0x20, 0x20, 0x5d, 0x0a, 0x20, 0x20, 0x20, 0x20, 0x7d, 0x2c, 0x0a, 0x20,
  0x20, 0x20, 0x20, 0x22, 0x72, 0x6f, 0x74, 0x61, 0x74, 0x69, 0x6f, 0x6e,
  0x22, 0x3a, 0x20, 0x7b, 0x0a, 0x20, 0x20, 0x20, 0x20, 0x20, 0x20, 0x22,
  0x6f, 0x70, 0x65, 0x6e, 0x65, 0x72, 0x22, 0x3a, 0x20, 0x5b, 0x5d, 0x2c,
  0x0a, 0x20, 0x20, 0x20, 0x20, 0x20, 0x20, 0x22, 0x6c, 0x6f, 0x6f, 0x70,
  0x22, 0x3a, 0x20, 0x5b, 0x5d, 0x0a, 0x20, 0x20, 0x20, 0x20, 0x7d, 0x0a,
  0x20, 0x20, 0x7d, 0x0a, 0x5d
};
static const size_t sc_builds_accessibility_json_len = 72365;

static const unsigned char sc_rotations_accessibility_json[] = {
  0x7b, 0x0a, 0x20, 0x20, 0x22, 0x65, 0x6c, 0x65, 0x6d, 0x65, 0x6e, 0x74,
  0x61, 0x6c, 0x69, 0x73, 0x74, 0x2d, 0x63, 0x6f, 0x6e, 0x64, 0x69, 0x74,
  0x69, 0x6f, 0x6e, 0x2d, 0x74, 0x65, 0x6d, 0x70, 0x65, 0x73, 0x74, 0x22,
  0x3a, 0x20, 0x7b, 0x0a, 0x20, 0x20, 0x20, 0x20, 0x22, 0x73, 0x65, 0x63,
  0x74, 0x69, 0x6f, 0x6e, 0x73, 0x22, 0x3a, 0x20, 0x5b, 0x0a, 0x20, 0x20,
  0x20, 0x20, 0x20, 0x20, 0x7b, 0x0a, 0x20, 0x20, 0x20, 0x20, 0x20, 0x20,
  0x20, 0x20, 0x22, 0x74, 0x69, 0x74, 0x6c, 0x65, 0x22, 0x3a, 0x20, 0x22,
  0x4b, 0x65, 0x79, 0x20, 0x43, 0x6f, 0x6e, 0x63, 0x65, 0x70, 0x74, 0x73,
  0x22, 0x2c, 0x0a, 0x20, 0x20, 0x20, 0x20, 0x20, 0x20, 0x20, 0x20, 0x22,
  0x69, 0x74, 0x65, 0x6d, 0x73, 0x22, 0x3a, 0x20, 0x5b, 0x0a, 0x20, 0x20,
  0x20, 0x20, 0x20, 0x20, 0x20, 0x20, 0x20, 0x20, 0x7b, 0x0a, 0x20, 0x20,
  0x20, 0x20, 0x20, 0x20, 0x20, 0x20, 0x20, 0x20, 0x20, 0x20, 0x22, 0x74,
  0x65, 0x78, 0x74, 0x22, 0x3a, 0x20, 0x22, 0x54, 0x68, 0x69, 0x73, 0x20,
  0x72, 0x6f, 0x74, 0x61, 0x74, 0x69, 0x6f, 0x6e, 0x20, 0x73, 0x74, 0x61,
  0x79, 0x73, 0x20, 0x69, 0x6e, 0x77, 0x69, 0x74, 0x68, 0x20, 0x74, 0x68,
  0x65, 0x20, 0x6f, 0x70, 0x74, 0x69, 0x6f, 0x6e, 0x20, 0x6f, 0x66, 0x20,
  0x75, 0x73, 0x69, 0x6e, 0x67, 0x69, 0x66, 0x20, 0x79, 0x6f, 0x75, 0x20,
  0x77, 0x61, 0x6e, 0x74, 0x20, 0x61, 0x20, 0x6d, 0x6f, 0x72, 0x65, 0x20,
  0x63, 0x6f, 0x6d, 0x70, 0x6c, 0x65, 0x78, 0x20, 0x72, 0x6f, 0x74, 0x61,
  0x74, 0x69, 0x6f, 0x6e, 0x2e, 0x22, 0x0a, 0x20, 0x20, 0x20, 0x20, 0x20,
  0x20, 0x20, 0x20, 0x20, 0x20, 0x7d, 0x2c, 0x0a, 0x20, 0x20, 0x20, 0x20,
  0x20, 0x20, 0x20, 0x20, 0x20, 0x20, 0x7b, 0x0a, 0x20, 0x20, 0x20, 0x20,
  0x20, 0x20, 0x20, 0x20, 0x20, 0x20, 0x20, 0x20, 0x22, 0x74, 0x65, 0x78,
  0x74, 0x22, 0x3a, 0x20, 0x22, 0x54, 0x68, 0x65, 0x20, 0x63, 0x6f, 0x72,
  0x65, 0x20, 0x63, 0x6f, 0x6e, 0x63, 0x65, 0x70, 0x74, 0x20, 0x6f, 0x66,
  0x20, 0x74, 0x68, 0x65, 0x20, 0x72, 0x6f, 0x74, 0x61, 0x74, 0x69, 0x6f,
  0x6e, 0x20, 0x69, 0x73, 0x20, 0x74, 0x6f, 0x20, 0x75, 0x73, 0x65, 0x20,
  0x79, 0x6f, 0x75, 0x72, 0x46, 0x31, 0x2c, 0x32, 0x2c, 0x33, 0x61, 0x6e,
  0x64, 0x35, 0x73, 0x6b, 0x69, 0x6c, 0x6c, 0x73, 0x20, 0x69, 0x6e, 0x20,
  0x65, 0x61, 0x63, 0x68, 0x41, 0x74, 0x74, 0x75, 0x6e, 0x65, 0x6d, 0x65,
  0x6e, 0x74, 0x6f, 0x66, 0x66, 0x43, 0x6f, 0x6f, 0x6c, 0x64, 0x6f, 0x77,
  0x6e, 0x2e, 0x22, 0x0a, 0x20, 0x20, 0x20, 0x20, 0x20, 0x20, 0x20, 0x20,
  0x20, 0x20, 0x7d, 0x2c, 0x0a, 0x20, 0x20, 0x20, 0x20, 0x20, 0x20, 0x20,
  0x20, 0x20, 0x20, 0x7b, 0x0a, 0x20, 0x20, 0x20, 0x20, 0x20, 0x20, 0x20,
  0x20, 0x20, 0x20, 0x20, 0x20, 0x22, 0x74, 0x65, 0x78, 0x74, 0x22, 0x3a,
  0x20, 0x22, 0x54, 0x68, 0x65, 0x20, 0x6d, 0x61, 0x6a, 0x6f, 0x72, 0x69,
  0x74, 0x79, 0x20, 0x6f, 0x66, 0x20, 0x79, 0x6f, 0x75, 0x72, 0x44, 0x61,
  0x6d, 0x61, 0x67, 0x65, 0x63, 0x6f, 0x6d, 0x65, 0x73, 0x20, 0x66, 0x72,
  0x6f, 0x6d, 0x42, 0x75, 0x72, 0x6e, 0x69, 0x6e, 0x67, 0x61, 0x6e, 0x64,
  0x42, 0x6c, 0x65, 0x65, 0x64, 0x69, 0x6e, 0x67, 0x2e, 0x22, 0x0a, 0x20,
  0x20, 0x20, 0x20, 0x20, 0x20, 0x20, 0x20, 0x20, 0x20, 0x7d, 0x0a, 0x20,
  0x20, 0x20, 0x20, 0x20, 0x20, 0x20, 0x20, 0x5d, 0x0a, 0x20, 0x20, 0x20,
  0x20, 0x20, 0x20, 0x7d, 0x2c, 0x0a, 0x20, 0x20, 0x20, 0x20, 0x20, 0x20,
  0x7b, 0x0a, 0x20, 0x20, 0x20, 0x20, 0x20, 0x20, 0x20, 0x20, 0x22, 0x74,
  0x69, 0x74, 0x6c, 0x65, 0x22, 0x3a, 0x20, 0x22, 0x4f, 0x70, 0x65, 0x6e,
  0x65, 0x72, 0x22, 0x2c, 0x0a, 0x20, 0x20, 0x20, 0x20, 0x20, 0x20, 0x20,
  0x20, 0x22, 0x69, 0x74, 0x65, 0x6d, 0x73, 0x22, 0x3a, 0x20, 0x5b, 0x0a,
  0x20, 0x20, 0x20, 0x20, 0x20, 0x20, 0x20, 0x20, 0x20, 0x20, 0x7b, 0x0a,
  0x20, 0x20, 0x20, 0x20, 0x20, 0x20, 0x20, 0x20, 0x20, 0x20, 0x20, 0x20,
  0x22, 0x74, 0x65, 0x78, 0x74, 0x22, 0x3a, 0x20, 0x22, 0x53, 0x75, 0x6d,
  0x6d, 0x6f, 0x6e, 0x61, 0x6e, 0x64, 0x69, 0x6e, 0x62, 0x65, 0x66, 0x6f,
  0x72, 0x65, 0x20, 0x79, 0x6f, 0x75, 0x20, 0x65, 0x6e, 0x74, 0x65, 0x72,
  0x20, 0x63, 0x6f, 0x6d, 0x62, 0x61, 0x74, 0x2e, 0x20, 0x49, 0x74, 0x27,
  0x73, 0x20, 0x66, 0x72, 0x65, 0x65, 0x44, 0x61, 0x6d, 0x61, 0x67, 0x65,
  0x2e, 0x22, 0x0a, 0x20, 0x20, 0x20, 0x20, 0x20, 0x20, 0x20, 0x20, 0x20,
  0x20, 0x7d, 0x0a, 0x20, 0x20, 0x20, 0x20, 0x20, 0x20, 0x20, 0x20, 0x5d,
  0x0a, 0x20, 0x20, 0x20, 0x20, 0x20, 0x20, 0x7d, 0x2c, 0x0a, 0x20, 0x20,
  0x20, 0x20, 0x20, 0x20, 0x7b, 0x0a, 0x20, 0x20, 0x20, 0x20, 0x20, 0x20,
  0x20, 0x20, 0x22, 0x74, 0x69, 0x74, 0x6c, 0x65, 0x22, 0x3a, 0x20, 0x22,
  0x53, 0x74, 0x65, 0x70, 0x20, 0x4f, 0x6e, 0x65, 0x22, 0x2c, 0x0a, 0x20,
  0x20, 0x20, 0x20, 0x20, 0x20, 0x20, 0x20, 0x22, 0x69, 0x74, 0x65, 0x6d,
  0x73, 0x22, 0x3a, 0x20, 0x5b, 0x0a, 0x20, 0x20, 0x20, 0x20, 0x20, 0x20,
  0x20, 0x20, 0x20, 0x20, 0x7b, 0x0a, 0x20, 0x20, 0x20, 0x20, 0x20, 0x20,
  0x20, 0x20, 0x20, 0x20, 0x20, 0x20, 0x22, 0x74, 0x65, 0x78, 0x74, 0x22,
  0x3a, 0x20, 0x22, 0x41, 0x66, 0x74, 0x65, 0x72, 0x20, 0x79, 0x6f, 0x75,
  0x72, 0x20, 0x6f, 0x70, 0x65, 0x6e, 0x65, 0x72, 0x2c, 0x20, 0x75, 0x73,
  0x65, 0x20, 0x61, 0x6c, 0x6c, 0x20, 0x6f, 0x66, 0x20, 0x79, 0x6f, 0x75,
  0x72, 0x20, 0x73, 0x6b, 0x69, 0x6c, 0x6c, 0x73, 0x20, 0x6f, 0x66, 0x66,
  0x43, 0x6f, 0x6f, 0x6c, 0x64, 0x6f, 0x77, 0x6e, 0x77, 0x69, 0x74, 0x68,
  0x20, 0x74, 0x68, 0x65, 0x20, 0x66, 0x6f, 0x6c, 0x6c, 0x6f, 0x77, 0x69,
  0x6e, 0x67, 0x20, 0x70, 0x72, 0x69, 0x6f, 0x72, 0x69, 0x74, 0x79, 0x3a,
  0x22, 0x0a, 0x20, 0x20, 0x20, 0x20, 0x20, 0x20, 0x20, 0x20, 0x20, 0x20,
  0x7d, 0x2c, 0x0a, 0x20, 0x20, 0x20, 0x20, 0x20, 0x20, 0x20, 0x20, 0x20,
  0x20, 0x7b, 0x0a, 0x20, 0x20, 0x20, 0x20, 0x20, 0x20, 0x20, 0x20, 0x20,
  0x20, 0x20, 0x20, 0x22, 0x74, 0x65, 0x78, 0x74, 0x22, 0x3a, 0x20, 0x22,
  0x41, 0x75, 0x74, 0x6f, 0x20, 0x41, 0x74, 0x74, 0x61, 0x63, 0x6b, 0x69,
  0x6e, 0x20, 0x74, 0x68, 0x65, 0x20, 0x64, 0x6f, 0x77, 0x6e, 0x74, 0x69,
  0x6d, 0x65, 0x20, 0x62, 0x65, 0x74, 0x77, 0x65, 0x65, 0x6e, 0x20, 0x73,
  0x6b, 0x69, 0x6c, 0x6c, 0x73, 0x2e, 0x22, 0x0a, 0x20, 0x20, 0x20, 0x20,
  0x20, 0x20, 0x20, 0x20, 0x20, 0x20, 0x7d, 0x0a, 0x20, 0x20, 0x20, 0x20,
  0x20, 0x20, 0x20, 0x20, 0x5d, 0x0a, 0x20, 0x20, 0x20, 0x20, 0x20, 0x20,
  0x7d, 0x2c, 0x0a, 0x20, 0x20, 0x20, 0x20, 0x20, 0x20, 0x7b, 0x0a, 0x20,
  0x20, 0x20, 0x20, 0x20, 0x20, 0x20, 0x20, 0x22, 0x74, 0x69, 0x74, 0x6c,
  0x65, 0x22, 0x3a, 0x20, 0x22, 0x53, 0x74, 0x65, 0x70, 0x20, 0x54, 0x77,
  0x6f, 0x22, 0x2c, 0x0a, 0x20, 0x20, 0x20, 0x20, 0x20, 0x20, 0x20, 0x20,
  0x22, 0x69, 0x74, 0x65, 0x6d, 0x73, 0x22, 0x3a, 0x20, 0x5b, 0x0a, 0x20,
  0x20, 0x20, 0x20, 0x20, 0x20, 0x20, 0x20, 0x20, 0x20, 0x7b, 0x0a, 0x20,
  0x20, 0x20, 0x20, 0x20, 0x20, 0x20, 0x20, 0x20, 0x20, 0x20, 0x20, 0x22,
  0x74, 0x65, 0x78, 0x74, 0x22, 0x3a, 0x20, 0x22, 0x4e, 0x65, 0x78, 0x74,
  0x2c, 0x20, 0x77, 0x65, 0x20, 0x63, 0x61, 0x6e, 0x20, 0x61, 0x64, 0x64,
  0x20, 0x69, 0x6e, 0x20, 0x79, 0x6f, 0x75, 0x72, 0x20, 0x75, 0x74, 0x69,
  0x6c, 0x69, 0x74, 0x79, 0x20, 0x73, 0x6b, 0x69, 0x6c, 0x6c, 0x73, 0x20,
  0x74, 0x6f, 0x20, 0x70, 0x72, 0x6f, 0x76, 0x69, 0x64, 0x65, 0x20, 0x65,
  0x76, 0x65, 0x6e, 0x20, 0x6d, 0x6f, 0x72, 0x65, 0x44, 0x61, 0x6d, 0x61,
  0x67, 0x65, 0x2e, 0x22, 0x0a, 0x20, 0x20, 0x20, 0x20, 0x20, 0x20, 0x20,
  0x20, 0x20, 0x20, 0x7d, 0x2c, 0x0a, 0x20, 0x20, 0x20, 0x20, 0x20, 0x20,
  0x20, 0x20, 0x20, 0x20, 0x7b, 0x0a, 0x20, 0x20, 0x20, 0x20, 0x20, 0x20,
  0x20, 0x20, 0x20, 0x20, 0x20, 0x20, 0x22, 0x74, 0x65, 0x78, 0x74, 0x22,
  0x3a, 0x20, 0x22, 0x55, 0x73, 0x65, 0x20, 0x74, 0x68, 0x65, 0x20, 0x66,
  0x6f, 0x6c, 0x6c, 0x6f, 0x77, 0x69, 0x6e, 0x67, 0x20, 0x73, 0x6b, 0x69,
  0x6c, 0x6c, 0x73, 0x20, 0x6f, 0x66, 0x66, 0x43, 0x6f, 0x6f, 0x6c, 0x64,
  0x6f, 0x77, 0x6e, 0x3a, 0x22, 0x0a, 0x20, 0x20, 0x20, 0x20, 0x20, 0x20,
  0x20, 0x20, 0x20, 0x20, 0x7d, 0x2c, 0x0a, 0x20, 0x20, 0x20, 0x20, 0x20,
  0x20, 0x20, 0x20, 0x20, 0x20, 0x7b, 0x0a, 0x20, 0x20, 0x20, 0x20, 0x20,
  0x20, 0x20, 0x20, 0x20, 0x20, 0x20, 0x20, 0x22, 0x74, 0x65, 0x78, 0x74,
  0x22, 0x3a, 0x20, 0x22, 0x53, 0x6f, 0x20, 0x77, 0x68, 0x65, 0x72, 0x65,
  0x20, 0x64, 0x6f, 0x20, 0x74, 0x68, 0x65, 0x73, 0x65, 0x20, 0x73, 0x6b,
  0x69, 0x6c, 0x6c, 0x73, 0x20, 0x66, 0x69, 0x74, 0x20, 0x69, 0x6e, 0x20,
  0x79, 0x6f, 0x75, 0x72, 0x20, 0x70, 0x72, 0x69, 0x6f, 0x72, 0x69, 0x74,
  0x79, 0x3a, 0x22, 0x0a, 0x20, 0x20, 0x20, 0x20, 0x20, 0x20, 0x20, 0x20,
  0x20, 0x20, 0x7d, 0x2c, 0x0a, 0x20, 0x20, 0x20, 0x20, 0x20, 0x20, 0x20,
  0x20, 0x20, 0x20, 0x7b, 0x0a, 0x20, 0x20, 0x20, 0x20, 0x20, 0x20, 0x20,
  0x20, 0x20, 0x20, 0x20, 0x20, 0x22, 0x74, 0x65, 0x78, 0x74, 0x22, 0x3a,
  0x20, 0x22, 0x69, 0x73, 0x20, 0x68, 0x69, 0x67, 0x68, 0x65, 0x72, 0x20,
  0x70, 0x72, 0x69, 0x6f, 0x72, 0x69, 0x74, 0x79, 0x20, 0x74, 0x68, 0x61,
  0x6e, 0x22, 0x0a, 0x20, 0x20, 0x20, 0x20, 0x20, 0x20, 0x20, 0x20, 0x20,
  0x20, 0x7d, 0x2c, 0x0a, 0x20, 0x20, 0x20, 0x20, 0x20, 0x20, 0x20, 0x20,
  0x20, 0x20, 0x7b, 0x0a, 0x20, 0x20, 0x20, 0x20, 0x20, 0x20, 0x20, 0x20,
  0x20, 0x20, 0x20, 0x20, 0x22, 0x74, 0x65, 0x78, 0x74, 0x22, 0x3a, 0x20,
  0x22, 0x69, 0x73, 0x20, 0x6c, 0x6f, 0x77, 0x65, 0x72, 0x20, 0x70, 0x72,
  0x69, 0x6f, 0x72, 0x69, 0x74, 0x79, 0x20, 0x74, 0x68, 0x61, 0x6e, 0x2e,
  0x22, 0x0a, 0x20, 0x20, 0x20, 0x20, 0x20, 0x20, 0x20, 0x20, 0x20, 0x20,
  0x7d, 0x2c, 0x0a, 0x20, 0x20, 0x20, 0x20, 0x20, 0x20, 0x20, 0x20, 0x20,
  0x20, 0x7b, 0x0a, 0x20, 0x20, 0x20, 0x20, 0x20, 0x20, 0x20, 0x20, 0x20,
  0x20, 0x20, 0x20, 0x22, 0x74, 0x65, 0x78, 0x74, 0x22, 0x3a, 0x20, 0x22,
  0x55, 0x73, 0x65, 0x77, 0x68, 0x65, 0x6e, 0x65, 0x76, 0x65, 0x72, 0x20,
  0x69, 0x74, 0x27, 0x73, 0x20, 0x6f, 0x66, 0x66, 0x43, 0x6f, 0x6f, 0x6c,
  0x64, 0x6f, 0x77, 0x6e, 0x74, 0x6f, 0x20, 0x72, 0x65, 0x70, 0x6c, 0x61,
  0x63, 0x65, 0x41, 0x75, 0x74, 0x6f, 0x20, 0x41, 0x74, 0x74, 0x61, 0x63,
  0x6b, 0x73, 0x2e, 0x22, 0x0a, 0x20, 0x20, 0x20, 0x20, 0x20, 0x20, 0x20,
  0x20, 0x20, 0x20, 0x7d, 0x0a, 0x20, 0x20, 0x20, 0x20, 0x20, 0x20, 0x20,
  0x20, 0x5d, 0x0a, 0x20, 0x20, 0x20, 0x20, 0x20, 0x20, 0x7d, 0x2c, 0x0a,
  0x20, 0x20, 0x20, 0x20, 0x20, 0x20, 0x7b, 0x0a, 0x20, 0x20, 0x20, 0x20,
  0x20, 0x20, 0x20, 0x20, 0x22, 0x74, 0x69, 0x74, 0x6c, 0x65, 0x22, 0x3a,
  0x20, 0x22, 0x53, 0x74, 0x65, 0x70, 0x20, 0x54, 0x68, 0x72, 0x65, 0x65,
  0x22, 0x2c, 0x0a, 0x20, 0x20, 0x20, 0x20, 0x20, 0x20, 0x20, 0x20, 0x22,
  0x69, 0x74, 0x65, 0x6d, 0x73, 0x22, 0x3a, 0x20, 0x5b, 0x0a, 0x20, 0x20,
  0x20, 0x20, 0x20, 0x20, 0x20, 0x20, 0x20, 0x20, 0x7b, 0x0a, 0x20, 0x20,
  0x20, 0x20, 0x20, 0x20, 0x20, 0x20, 0x20, 0x20, 0x20, 0x20, 0x22, 0x74,
  0x65, 0x78, 0x74, 0x22, 0x3a, 0x20, 0x22, 0x49, 0x66, 0x20, 0x79, 0x6f,
  0x75, 0x27, 0x72, 0x65, 0x20, 0x6c, 0x6f, 0x6f, 0x6b, 0x69, 0x6e, 0x67,
  0x20, 0x66, 0x6f, 0x72, 0x20, 0x6d, 0x6f, 0x72, 0x65, 0x20, 0x63, 0x6f,
  0x6d, 0x70, 0x6c, 0x65, 0x78, 0x69, 0x74, 0x79, 0x2c, 0x20, 0x79, 0x6f,
  0x75, 0x20, 0x63, 0x61, 0x6e, 0x20, 0x61, 0x64, 0x64, 0x20, 0x69, 0x6e,
  0x2e, 0x22, 0x0a, 0x20, 0x20, 0x20, 0x20, 0x20, 0x20, 0x20, 0x20, 0x20,
  0x20, 0x7d, 0x2c, 0x0a, 0x20, 0x20, 0x20, 0x20, 0x20, 0x20, 0x20, 0x20,
  0x20, 0x20, 0x7b, 0x0a, 0x20, 0x20, 0x20, 0x20, 0x20, 0x20, 0x20, 0x20,
  0x20, 0x20, 0x20, 0x20, 0x22, 0x74, 0x65, 0x78, 0x74, 0x22, 0x3a, 0x20,
  0x22, 0x49, 0x6e, 0x2c, 0x20, 0x79, 0x6f, 0x75, 0x20, 0x68, 0x61, 0x76,
  0x65, 0x20, 0x61, 0x20, 0x76, 0x65, 0x72, 0x79, 0x20, 0x73, 0x68, 0x6f,
  0x72, 0x74, 0x20, 0x6c, 0x6f, 0x6f, 0x70, 0x65, 0x64, 0x20, 0x72, 0x6f,
  0x74, 0x61, 0x74, 0x69, 0x6f, 0x6e, 0x3a, 0x22, 0x0a, 0x20, 0x20, 0x20,
  0x20, 0x20, 0x20, 0x20, 0x20, 0x20, 0x20, 0x7d, 0x2c, 0x0a, 0x20, 0x20,
  0x20, 0x20, 0x20, 0x20, 0x20, 0x20, 0x20, 0x20, 0x7b, 0x0a, 0x20, 0x20,
  0x20, 0x20, 0x20, 0x20, 0x20, 0x20, 0x20, 0x20, 0x20, 0x20, 0x22, 0x74,
  0x65, 0x78, 0x74, 0x22, 0x3a, 0x20, 0x22, 0x4e, 0x6f, 0x77, 0x20, 0x79,
  0x6f, 0x75, 0x20, 0x6b, 0x6e, 0x6f, 0x77, 0x20, 0x77, 0x68, 0x65, 0x6e,
  0x20, 0x79, 0x6f, 0x75, 0x20, 0x73, 0x77, 0x61, 0x70, 0x20, 0x66, 0x72,
  0x6f, 0x6d, 0x2c, 0x20, 0x62, 0x75, 0x74, 0x20, 0x77, 0x68, 0x65, 0x6e,
  0x20, 0x64, 0x6f, 0x20, 0x79, 0x6f, 0x75, 0x20, 0x6e, 0x65, 0x65, 0x64,
  0x20, 0x74, 0x6f, 0x20, 0x63, 0x68, 0x61, 0x6e, 0x67, 0x65, 0x20, 0x66,
  0x72, 0x6f, 0x6d, 0x3f, 0x22, 0x0a, 0x20, 0x20, 0x20, 0x20, 0x20, 0x20,
  0x20, 0x20, 0x20, 0x20, 0x7d, 0x2c, 0x0a, 0x20, 0x20, 0x20, 0x20, 0x20,
  0x20, 0x20, 0x20, 0x20, 0x20, 0x7b, 0x0a, 0x20, 0x20, 0x20, 0x20, 0x20,
  0x20, 0x20, 0x20, 0x20, 0x20, 0x20, 0x20, 0x22, 0x74, 0x65, 0x78, 0x74,
  0x22, 0x3a, 0x20, 0x22, 0x55, 0x73, 0x65, 0x61, 0x73, 0x20, 0x74, 0x68,
  0x65, 0x20, 0x66, 0x69, 0x72, 0x73, 0x74, 0x20, 0x61, 0x6e, 0x64, 0x20,
  0x6c, 0x61, 0x73, 0x74, 0x20, 0x73, 0x6b, 0x69, 0x6c, 0x6c, 0x20, 0x69,
  0x6e, 0x2e, 0x43, 0x61, 0x73, 0x74, 0x20, 0x69, 0x74, 0x20, 0x74, 0x68,
  0x72, 0x65, 0x65, 0x20, 0x74, 0x69, 0x6d, 0x65, 0x73, 0x20, 0x70, 0x65,
  0x72, 0x2e, 0x22, 0x0a, 0x20, 0x20, 0x20, 0x20, 0x20, 0x20, 0x20, 0x20,
  0x20, 0x20, 0x7d, 0x2c, 0x0a, 0x20, 0x20, 0x20, 0x20, 0x20, 0x20, 0x20,
  0x20, 0x20, 0x20, 0x7b, 0x0a, 0x20, 0x20, 0x20, 0x20, 0x20, 0x20, 0x20,
  0x20, 0x20, 0x20, 0x20, 0x20, 0x22, 0x74, 0x65, 0x78, 0x74, 0x22, 0x3a,
  0x20, 0x22, 0x43, 0x61, 0x73, 0x74, 0x20, 0x69, 0x74, 0x20, 0x74, 0x68,
  0x72, 0x65, 0x65, 0x20, 0x74, 0x69, 0x6d, 0x65, 0x73, 0x20, 0x70, 0x65,
  0x72, 0x2e, 0x22, 0x0a, 0x20, 0x20, 0x20, 0x20, 0x20, 0x20, 0x20, 0x20,
  0x20, 0x20, 0x7d, 0x0a, 0x20, 0x20, 0x20, 0x20, 0x20, 0x20, 0x20, 0x20,
  0x5d, 0x0a, 0x20, 0x20, 0x20, 0x20, 0x20, 0x20, 0x7d, 0x2c, 0x0a, 0x20,
  0x20, 0x20, 0x20, 0x20, 0x20, 0x7b, 0x0a, 0x20, 0x20, 0x20, 0x20, 0x20,
  0x20, 0x20, 0x20, 0x22, 0x74, 0x69, 0x74, 0x6c, 0x65, 0x22, 0x3a, 0x20,
  0x22, 0x43, 0x72, 0x6f, 0x77, 0x64, 0x20, 0x43, 0x6f, 0x6e, 0x74, 0x72,
  0x6f, 0x6c, 0x22, 0x2c, 0x0a, 0x20, 0x20, 0x20, 0x20, 0x20, 0x20, 0x20,
  0x20, 0x22, 0x69, 0x74, 0x65, 0x6d, 0x73, 0x22, 0x3a, 0x20, 0x5b, 0x5d,
  0x0a, 0x20, 0x20, 0x20, 0x20, 0x20, 0x20, 0x7d, 0x0a, 0x20, 0x20, 0x20,
  0x20, 0x5d, 0x0a, 0x20, 0x20, 0x7d, 0x2c, 0x0a, 0x20, 0x20, 0x22, 0x65,
  0x6c, 0x65, 0x6d, 0x65, 0x6e, 0x74, 0x61, 0x6c, 0x69, 0x73, 0x74, 0x2d,
  0x68, 0x65, 0x61, 0x6c, 0x2d, 0x61, 0x6c, 0x61, 0x63, 0x72, 0x69, 0x74,
  0x79, 0x2d, 0x74, 0x65, 0x6d, 0x70, 0x65, 0x73, 0x74, 0x22, 0x3a, 0x20,
  0x7b, 0x0a, 0x20, 0x20, 0x20, 0x20, 0x22, 0x73, 0x65, 0x63, 0x74, 0x69,
  0x6f, 0x6e, 0x73, 0x22, 0x3a, 0x20, 0x5b, 0x0a, 0x20, 0x20, 0x20, 0x20,
  0x20, 0x20, 0x7b, 0x0a, 0x20, 0x20, 0x20, 0x20, 0x20, 0x20, 0x20, 0x20,
  0x22, 0x74, 0x69, 0x74, 0x6c, 0x65, 0x22, 0x3a, 0x20, 0x22, 0x4b, 0x65,
  0x79, 0x20, 0x43, 0x6f, 0x6e, 0x63, 0x65, 0x70, 0x74, 0x73, 0x22, 0x2c,
  0x0a, 0x20, 0x20, 0x20, 0x20, 0x20, 0x20, 0x20, 0x20, 0x22, 0x69, 0x74,
  0x65, 0x6d, 0x73, 0x22, 0x3a, 0x20, 0x5b, 0x0a, 0x20, 0x20, 0x20, 0x20,
  0x20, 0x20, 0x20, 0x20, 0x20, 0x20, 0x7b, 0x0a, 0x20, 0x20, 0x20, 0x20,
  0x20, 0x20, 0x20, 0x20, 0x20, 0x20, 0x20, 0x20, 0x22, 0x74, 0x65, 0x78,
  0x74, 0x22, 0x3a, 0x20, 0x22, 0x59, 0x6f, 0x75, 0x72, 0x20, 0x72, 0x6f,
  0x6c, 0x65, 0x20, 0x61, 0x73, 0x20, 0x61, 0x20, 0x68, 0x65, 0x61, 0x6c,
  0x65, 0x72, 0x20, 0x69, 0x73, 0x20, 0x74, 0x6f, 0x48, 0x65, 0x61, 0x6c,
  0x79, 0x6f, 0x75, 0x72, 0x20, 0x70, 0x61, 0x72, 0x74, 0x79, 0x20, 0x61,
  0x6e, 0x64, 0x20, 0x6d, 0x61, 0x69, 0x6e, 0x74, 0x61, 0x69, 0x6e, 0x20,
  0x65, 0x73, 0x73, 0x65, 0x6e, 0x74, 0x69, 0x61, 0x6c, 0x20, 0x62, 0x6f,
  0x6f, 0x6e, 0x73, 0x2e, 0x20, 0x59, 0x6f, 0x75, 0x27, 0x6c, 0x6c, 0x20,
  0x61, 0x6c, 0x73, 0x6f, 0x20, 0x62, 0x65, 0x20, 0x72, 0x65, 0x73, 0x70,
  0x6f, 0x6e, 0x73, 0x69, 0x62, 0x6c, 0x65, 0x20, 0x66, 0x6f, 0x72, 0x20,
  0x68, 0x61, 0x6e, 0x64, 0x6c, 0x69, 0x6e, 0x67, 0x20, 0x6d, 0x65, 0x63,
  0x68, 0x61, 0x6e, 0x69, 0x63, 0x73, 0x20, 0x62, 0x79, 0x20, 0x70, 0x72,
  0x6f, 0x76, 0x69, 0x64, 0x69, 0x6e, 0x67, 0x53, 0x74, 0x61, 0x62, 0x69,
  0x6c, 0x69, 0x74, 0x79, 0x2c, 0x41, 0x65, 0x67, 0x69, 0x73, 0x2c, 0x20,
  0x61, 0x6e, 0x64, 0x20, 0x64, 0x65, 0x61, 0x6c, 0x69, 0x6e, 0x67, 0x42,
  0x72, 0x65, 0x61, 0x6b, 0x62, 0x61, 0x72, 0x64, 0x61, 0x6d, 0x61, 0x67,
  0x65, 0x20, 0x77, 0x68, 0x65, 0x6e, 0x20, 0x6e, 0x65, 0x65, 0x64, 0x65,
  0x64, 0x2e, 0x22, 0x0a, 0x20, 0x20, 0x20, 0x20, 0x20, 0x20, 0x20, 0x20,
  0x20, 0x20, 0x7d, 0x2c, 0x0a, 0x20, 0x20, 0x20, 0x20, 0x20, 0x20, 0x20,
  0x20, 0x20, 0x20, 0x7b, 0x0a, 0x20, 0x20, 0x20, 0x20, 0x20, 0x20, 0x20,
  0x20, 0x20, 0x20, 0x20, 0x20, 0x22, 0x74, 0x65, 0x78, 0x74, 0x22, 0x3a,
  0x20, 0x22, 0x59, 0x6f, 0x75, 0xe2, 0x80, 0x99, 0x6c, 0x6c, 0x20, 0x62,
  0x65, 0x20, 0x6c, 0x65, 0x61, 0x72, 0x6e, 0x69, 0x6e, 0x67, 0x20, 0x61,
  0x20, 0x73, 0x69, 0x6d, 0x70, 0x6c, 0x65, 0x72, 0x6f, 0x74, 0x61, 0x74,
  0x69, 0x6f, 0x6e, 0x20, 0x74, 0x6f, 0x20, 0x6d, 0x61, 0x69, 0x6e, 0x74,
  0x61, 0x69, 0x6e, 0x20, 0x62, 0x6f, 0x6f, 0x6e, 0x73, 0x20, 0x61, 0x6e,
  0x64, 0x20, 0x70, 0x61, 0x73, 0x73, 0x69, 0x76, 0x65, 0x6c, 0x79, 0x48,
  0x65, 0x61, 0x6c, 0x2c, 0x20, 0x77, 0x68, 0x69, 0x6c, 0x65, 0x20, 0x75,
  0x73, 0x69, 0x6e, 0x67, 0x20, 0x75, 0x74, 0x69, 0x6c, 0x69, 0x74, 0x79,
  0x20, 0x73, 0x6b, 0x69, 0x6c, 0x6c, 0x73, 0x20, 0x74, 0x6f, 0x20, 0x68,
  0x61, 0x6e, 0x64, 0x6c, 0x65, 0x20, 0x6d, 0x65, 0x63, 0x68, 0x61, 0x6e,
  0x69, 0x63, 0x73, 0x20, 0x61, 0x6e, 0x64, 0x20, 0x61, 0x63, 0x74, 0x69,
  0x76, 0x65, 0x6c, 0x79, 0x48, 0x65, 0x61, 0x6c, 0x79, 0x6f, 0x75, 0x72,
  0x20, 0x61, 0x6c, 0x6c, 0x69, 0x65, 0x73, 0x2e, 0x22, 0x0a, 0x20, 0x20,
  0x20, 0x20, 0x20, 0x20, 0x20, 0x20, 0x20, 0x20, 0x7d, 0x0a, 0x20, 0x20,
  0x20, 0x20, 0x20, 0x20, 0x20, 0x20, 0x5d, 0x0a, 0x20, 0x20, 0x20, 0x20,
  0x20, 0x20, 0x7d, 0x2c, 0x0a, 0x20, 0x20, 0x20, 0x20, 0x20, 0x20, 0x7b,
  0x0a, 0x20, 0x20, 0x20, 0x20, 0x20, 0x20, 0x20, 0x20, 0x22, 0x74, 0x69,
  0x74, 0x6c, 0x65, 0x22, 0x3a, 0x20, 0x22, 0x53, 0x74, 0x65, 0x70, 0x20,
  0x4f, 0x6e, 0x65, 0x22, 0x2c, 0x0a, 0x20, 0x20, 0x20, 0x20, 0x20, 0x20,
  0x20, 0x20, 0x22, 0x69, 0x74, 0x65, 0x6d, 0x73, 0x22, 0x3a, 0x20, 0x5b,
  0x0a, 0x20, 0x20, 0x20, 0x20, 0x20, 0x20, 0x20, 0x20, 0x20, 0x20, 0x7b,
  0x0a, 0x20, 0x20, 0x20, 0x20, 0x20, 0x20, 0x20, 0x20, 0x20, 0x20, 0x20,
  0x20, 0x22, 0x74, 0x65, 0x78, 0x74, 0x22, 0x3a, 0x20, 0x22, 0x46, 0x69,
  0x72, 0x73, 0x74, 0x20, 0x79, 0x6f, 0x75, 0x27, 0x6c, 0x6c, 0x20, 0x77,
  0x61, 0x6e, 0x74, 0x20, 0x74, 0x6f, 0x20, 0x67, 0x65, 0x74, 0x20, 0x63,
  0x6f, 0x6d, 0x66, 0x6f, 0x72, 0x74, 0x61, 0x62, 0x6c, 0x65, 0x20, 0x75,
  0x73, 0x69, 0x6e, 0x67, 0x20, 0x79, 0x6f, 0x75, 0x72, 0x20, 0x63, 0x6f,
  0x72, 0x65, 0x20, 0x72, 0x6f, 0x74, 0x61, 0x74, 0x69, 0x6f, 0x6e, 0x3a,
  0x22, 0x0a, 0x20, 0x20, 0x20, 0x20, 0x20, 0x20, 0x20, 0x20, 0x20, 0x20,
  0x7d, 0x2c, 0x0a, 0x20, 0x20, 0x20, 0x20, 0x20, 0x20, 0x20, 0x20, 0x20,
  0x20, 0x7b, 0x0a, 0x20, 0x20, 0x20, 0x20, 0x20, 0x20, 0x20, 0x20, 0x20,
  0x20, 0x20, 0x20, 0x22, 0x74, 0x65, 0x78, 0x74, 0x22, 0x3a, 0x20, 0x22,
  0x2b, 0x22, 0x0a, 0x20, 0x20, 0x20, 0x20, 0x20, 0x20, 0x20, 0x20, 0x20,
  0x20, 0x7d, 0x2c, 0x0a, 0x20, 0x20, 0x20, 0x20, 0x20, 0x20, 0x20, 0x20,
  0x20, 0x20, 0x7b, 0x0a, 0x20, 0x20, 0x20, 0x20, 0x20, 0x20, 0x20, 0x20,
  0x20, 0x20, 0x20, 0x20, 0x22, 0x74, 0x65, 0x78, 0x74, 0x22, 0x3a, 0x20,
  0x22, 0x54, 0x68, 0x69, 0x73, 0x20, 0x77, 0x69, 0x6c, 0x6c, 0x20, 0x61,
  0x6c, 0x72, 0x65, 0x61, 0x64, 0x79, 0x20, 0x75, 0x70, 0x6b, 0x65, 0x65,
  0x70, 0x20, 0x70, 0x65, 0x72, 0x6d, 0x61, 0x6e, 0x65, 0x6e, 0x74, 0x20,
  0x32, 0x35, 0x4d, 0x69, 0x67, 0x68, 0x74, 0x2c, 0x41, 0x6c, 0x61, 0x63,
  0x72, 0x69, 0x74, 0x79, 0x2c, 0x46, 0x75, 0x72, 0x79, 0x2c, 0x52, 0x65,
  0x67, 0x65, 0x6e, 0x65, 0x72, 0x61, 0x74, 0x69, 0x6f, 0x6e, 0x2c, 0x50,
  0x72, 0x6f, 0x74, 0x65, 0x63, 0x74, 0x69, 0x6f, 0x6e, 0x61, 0x6e, 0x64,
  0x56, 0x69, 0x67, 0x6f, 0x72, 0x2e, 0x22, 0x0a, 0x20, 0x20, 0x20, 0x20,
  0x20, 0x20, 0x20, 0x20, 0x20, 0x20, 0x7d, 0x0a, 0x20, 0x20, 0x20, 0x20,
  0x20, 0x20, 0x20, 0x20, 0x5d, 0x0a, 0x20, 0x20, 0x20, 0x20, 0x20, 0x20,
  0x7d, 0x2c, 0x0a, 0x20, 0x20, 0x20, 0x20, 0x20, 0x20, 0x7b, 0x0a, 0x20,
  0x20, 0x20, 0x20, 0x20, 0x20, 0x20, 0x20, 0x22, 0x74, 0x69, 0x74, 0x6c,
  0x65, 0x22, 0x3a, 0x20, 0x22, 0x53, 0x74, 0x65, 0x70, 0x20, 0x54, 0x77,
  0x6f, 0x22, 0x2c, 0x0a, 0x20, 0x20, 0x20, 0x20, 0x20, 0x20, 0x20, 0x20,
  0x22, 0x69, 0x74, 0x65, 0x6d, 0x73, 0x22, 0x3a, 0x20, 0x5b, 0x0a, 0x20,
  0x20, 0x20, 0x20, 0x20, 0x20, 0x20, 0x20, 0x20, 0x20, 0x7b, 0x0a, 0x20,
  0x20, 0x20, 0x20, 0x20, 0x20, 0x20, 0x20, 0x20, 0x20, 0x20, 0x20, 0x22,
  0x74, 0x65, 0x78, 0x74, 0x22, 0x3a, 0x20, 0x22, 0x55, 0x73, 0x65, 0x6f,
  0x72, 0x77, 0x68, 0x65, 0x6e, 0x65, 0x76, 0x65, 0x72, 0x20, 0x79, 0x6f,
  0x75, 0x20, 0x6e, 0x65, 0x65, 0x64, 0x48, 0x65, 0x61, 0x6c, 0x69, 0x6e,
  0x67, 0x61, 0x6e, 0x64, 0x2f, 0x6f, 0x72, 0x43, 0x6f, 0x6e, 0x64, 0x69,
  0x74, 0x69, 0x6f, 0x6e, 0x20, 0x43, 0x6c, 0x65, 0x61, 0x6e, 0x73, 0x65,
  0x73, 0x2e, 0x22, 0x0a, 0x20, 0x20, 0x20, 0x20, 0x20, 0x20, 0x20, 0x20,
  0x20, 0x20, 0x7d, 0x2c, 0x0a, 0x20, 0x20, 0x20, 0x20, 0x20, 0x20, 0x20,
  0x20, 0x20, 0x20, 0x7b, 0x0a, 0x20, 0x20, 0x20, 0x20, 0x20, 0x20, 0x20,
  0x20, 0x20, 0x20, 0x20, 0x20, 0x22, 0x74, 0x65, 0x78, 0x74, 0x22, 0x3a,
  0x20, 0x22, 0x4b, 0x65, 0x65, 0x70, 0x20, 0x69, 0x6e, 0x20, 0x6d, 0x69,
  0x6e, 0x64, 0x20, 0x74, 0x68, 0x61, 0x74, 0x63, 0x61, 0x6e, 0x20, 0x69,
  0x6e, 0x74, 0x65, 0x72, 0x72, 0x75, 0x70, 0x74, 0x20, 0x6f, 0x74, 0x68,
  0x65, 0x72, 0x20, 0x73, 0x6b, 0x69, 0x6c, 0x6c, 0x20, 0x63, 0x61, 0x73,
  0x74, 0x73, 0x2c, 0x20, 0x73, 0x6f, 0x20, 0x62, 0x65, 0x20, 0x6d, 0x69,
  0x6e, 0x64, 0x66, 0x75, 0x6c, 0x20, 0x6f, 0x66, 0x20, 0x77, 0x68, 0x65,
  0x6e, 0x20, 0x79, 0x6f, 0x75, 0x20, 0x75, 0x73, 0x65, 0x20, 0x69, 0x74,
  0x2e, 0x22, 0x0a, 0x20, 0x20, 0x20, 0x20, 0x20, 0x20, 0x20, 0x20, 0x20,
  0x20, 0x7d, 0x0a, 0x20, 0x20, 0x20, 0x20, 0x20, 0x20, 0x20, 0x20, 0x5d,
  0x0a, 0x20, 0x20, 0x20, 0x20, 0x20, 0x20, 0x7d, 0x2c, 0x0a, 0x20, 0x20,
  0x20, 0x20, 0x20, 0x20, 0x7b, 0x0a, 0x20, 0x20, 0x20, 0x20, 0x20, 0x20,
  0x20, 0x20, 0x22, 0x74, 0x69, 0x74, 0x6c, 0x65, 0x22, 0x3a, 0x20, 0x22,
  0x53, 0x74, 0x65, 0x70, 0x20, 0x54, 0x68, 0x72, 0x65, 0x65, 0x22, 0x2c,
  0x0a, 0x20, 0x20, 0x20, 0x20, 0x20, 0x20, 0x20, 0x20, 0x22, 0x69, 0x74,
  0x65, 0x6d, 0x73, 0x22, 0x3a, 0x20, 0x5b, 0x0a, 0x20, 0x20, 0x20, 0x20,
  0x20, 0x20, 0x20, 0x20, 0x20, 0x20, 0x7b, 0x0a, 0x20, 0x20, 0x20, 0x20,
  0x20, 0x20, 0x20, 0x20, 0x20, 0x20, 0x20, 0x20, 0x22, 0x74, 0x65, 0x78,
  0x74, 0x22, 0x3a, 0x20, 0x22, 0x41, 0x74, 0x74, 0x75, 0x6e, 0x65, 0x20,
  0x74, 0x6f, 0x62, 0x65, 0x74, 0x77, 0x65, 0x65, 0x6e, 0x61, 0x6e, 0x64,
  0xe2, 0x80, 0x94, 0x20, 0x69, 0x6e, 0x20, 0x65, 0x69, 0x74, 0x68, 0x65,
  0x72, 0x20, 0x64, 0x69, 0x72, 0x65, 0x63, 0x74, 0x69, 0x6f, 0x6e, 0x20,
  0xe2, 0x80, 0x94, 0x20, 0x74, 0x6f, 0x20, 0x74, 0x72, 0x69, 0x67, 0x67,
  0x65, 0x72, 0x20, 0x62, 0x6f, 0x74, 0x68, 0x61, 0x6e, 0x64, 0x66, 0x6f,
  0x72, 0x20, 0x65, 0x78, 0x74, 0x72, 0x61, 0x20, 0x70, 0x61, 0x73, 0x73,
  0x69, 0x76, 0x65, 0x48, 0x65, 0x61, 0x6c, 0x69, 0x6e, 0x67, 0x2e, 0x22,
  0x0a, 0x20, 0x20, 0x20, 0x20, 0x20, 0x20, 0x20, 0x20, 0x20, 0x20, 0x7d,
  0x2c, 0x0a, 0x20, 0x20, 0x20, 0x20, 0x20, 0x20, 0x20, 0x20, 0x20, 0x20,
  0x7b, 0x0a, 0x20, 0x20, 0x20, 0x20, 0x20, 0x20, 0x20, 0x20, 0x20, 0x20,
  0x20, 0x20, 0x22, 0x74, 0x65, 0x78, 0x74, 0x22, 0x3a, 0x20, 0x22, 0x57,
  0x68, 0x69, 0x6c, 0x65, 0x20, 0x79, 0x6f, 0x75, 0x27, 0x72, 0x65, 0x20,
  0x69, 0x6e, 0x66, 0x65, 0x65, 0x6c, 0x20, 0x66, 0x72, 0x65, 0x65, 0x20,
  0x74, 0x6f, 0x20, 0x75, 0x73, 0x65, 0x20, 0x61, 0x6e, 0x79, 0x20, 0x6f,
  0x66, 0x20, 0x74, 0x68, 0x65, 0x20, 0x66, 0x6f, 0x6c, 0x6c, 0x6f, 0x77,
  0x69, 0x6e, 0x67, 0x20, 0x73, 0x6b, 0x69, 0x6c, 0x6c, 0x73, 0x20, 0x66,
  0x6f, 0x72, 0x20, 0x65, 0x76, 0x65, 0x6e, 0x20, 0x6d, 0x6f, 0x72, 0x65,
  0x48, 0x65, 0x61, 0x6c, 0x69, 0x6e, 0x67, 0x3a, 0x22, 0x0a, 0x20, 0x20,
  0x20, 0x20, 0x20, 0x20, 0x20, 0x20, 0x20, 0x20, 0x7d, 0x0a, 0x20, 0x20,
  0x20, 0x20, 0x20, 0x20, 0x20, 0x20, 0x5d, 0x0a, 0x20, 0x20, 0x20, 0x20,
  0x20, 0x20, 0x7d, 0x2c, 0x0a, 0x20, 0x20, 0x20, 0x20, 0x20, 0x20, 0x7b,
  0x0a, 0x20, 0x20, 0x20, 0x20, 0x20, 0x20, 0x20, 0x20, 0x22, 0x74, 0x69,
  0x74, 0x6c, 0x65, 0x22, 0x3a, 0x20, 0x22, 0x53, 0x74, 0x65, 0x70, 0x20,
  0x46, 0x6f, 0x75, 0x72, 0x22, 0x2c, 0x0a, 0x20, 0x20, 0x20, 0x20, 0x20,
  0x20, 0x20, 0x20, 0x22, 0x69, 0x74, 0x65, 0x6d, 0x73, 0x22, 0x3a, 0x20,
  0x5b, 0x0a, 0x20, 0x20, 0x20, 0x20, 0x20, 0x20, 0x20, 0x20, 0x20, 0x20,
  0x7b, 0x0a, 0x20, 0x20, 0x20, 0x20, 0x20, 0x20, 0x20, 0x20, 0x20, 0x20,
  0x20, 0x20, 0x22, 0x74, 0x65, 0x78, 0x74, 0x22, 0x3a, 0x20, 0x22, 0x41,
  0x64, 0x64, 0x61, 0x6e, 0x64, 0x74, 0x6f, 0x20, 0x70, 0x72, 0x6f, 0x76,
  0x69, 0x64, 0x65, 0x53, 0x77, 0x69, 0x66, 0x74, 0x6e, 0x65, 0x73, 0x73,
  0x74, 0x6f, 0x20, 0x79, 0x6f, 0x75, 0x72, 0x20, 0x70, 0x61, 0x72, 0x74,
  0x79, 0x2e, 0x20, 0x59, 0x6f, 0x75, 0x72, 0x77, 0x69, 0x6c, 0x6c, 0x20,
  0x6e, 0x6f, 0x77, 0x20, 0x6c, 0x6f, 0x6f, 0x6b, 0x20, 0x6c, 0x69, 0x6b,
  0x65, 0x3a, 0x22, 0x0a, 0x20, 0x20, 0x20, 0x20, 0x20, 0x20, 0x20, 0x20,
  0x20, 0x20, 0x7d, 0x2c, 0x0a, 0x20, 0x20, 0x20, 0x20, 0x20, 0x20, 0x20,
  0x20, 0x20, 0x20, 0x7b, 0x0a, 0x20, 0x20, 0x20, 0x20, 0x20, 0x20, 0x20,
  0x20, 0x20, 0x20, 0x20, 0x20, 0x22, 0x74, 0x65, 0x78, 0x74, 0x22, 0x3a,
  0x20, 0x22, 0x4d, 0x61, 0x6b, 0x65, 0x20, 0x73, 0x75, 0x72, 0x65, 0x20,
  0x74, 0x6f, 0x20, 0x75, 0x73, 0x65, 0x69, 0x6d, 0x6d, 0x65, 0x64, 0x69,
  0x61, 0x74, 0x65, 0x6c, 0x79, 0x20, 0x61, 0x66, 0x74, 0x65, 0x72, 0x73,
  0x6f, 0x20, 0x69, 0x74, 0x42, 0x6c, 0x61, 0x73, 0x74, 0x73, 0x27, 0x73,
  0x4c, 0x69, 0x67, 0x68, 0x74, 0x6e, 0x69, 0x6e, 0x67, 0x20, 0x46, 0x69,
  0x65, 0x6c, 0x64, 0x2e, 0x22, 0x0a, 0x20, 0x20, 0x20, 0x20, 0x20, 0x20,
  0x20, 0x20, 0x20, 0x20, 0x7d, 0x0a, 0x20, 0x20, 0x20, 0x20, 0x20, 0x20,
  0x20, 0x20, 0x5d, 0x0a, 0x20, 0x20, 0x20, 0x20, 0x20, 0x20, 0x7d, 0x2c,
  0x0a, 0x20, 0x20, 0x20, 0x20, 0x20, 0x20, 0x7b, 0x0a, 0x20, 0x20, 0x20,
  0x20, 0x20, 0x20, 0x20, 0x20, 0x22, 0x74, 0x69, 0x74, 0x6c, 0x65, 0x22,
  0x3a, 0x20, 0x22, 0x53, 0x74, 0x65, 0x70, 0x20, 0x46, 0x69, 0x76, 0x65,
  0x22, 0x2c, 0x0a, 0x20, 0x20, 0x20, 0x20, 0x20, 0x20, 0x20, 0x20, 0x22,
  0x69, 0x74, 0x65, 0x6d, 0x73, 0x22, 0x3a, 0x20, 0x5b, 0x0a, 0x20, 0x20,
  0x20, 0x20, 0x20, 0x20, 0x20, 0x20, 0x20, 0x20, 0x7b, 0x0a, 0x20, 0x20,
  0x20, 0x20, 0x20, 0x20, 0x20, 0x20, 0x20, 0x20, 0x20, 0x20, 0x22, 0x74,
  0x65, 0x78, 0x74, 0x22, 0x3a, 0x20, 0x22, 0x4e, 0x6f, 0x77, 0x20, 0x79,
  0x6f, 0x75, 0x20, 0x63, 0x61, 0x6e, 0x20, 0x63, 0x68, 0x6f, 0x6f, 0x73,
  0x65, 0x20, 0x74, 0x6f, 0x20, 0x61, 0x64, 0x64, 0x20, 0x73, 0x6f, 0x6d,
  0x65, 0x20, 0x63, 0x6f, 0x6d, 0x70, 0x6c, 0x65, 0x78, 0x69, 0x74, 0x79,
  0x20, 0x62, 0x79, 0x20, 0x73, 0x77, 0x61, 0x70, 0x70, 0x69, 0x6e, 0x67,
  0x20, 0x6f, 0x75, 0x74, 0x66, 0x6f, 0x72, 0x2e, 0x20, 0x54, 0x68, 0x69,
  0x73, 0x20, 0x77, 0x69, 0x6c, 0x6c, 0x20, 0x70, 0x72, 0x6f, 0x76, 0x69,
  0x64, 0x65, 0x20, 0x61, 0x64, 0x64, 0x69, 0x74, 0x69, 0x6f, 0x6e, 0x61,
  0x6c, 0x48, 0x65, 0x61, 0x6c, 0x69, 0x6e, 0x67, 0x74, 0x68, 0x72, 0x6f,
  0x75, 0x67, 0x68, 0x42, 0x6c, 0x61, 0x73, 0x74, 0x73, 0x77, 0x68, 0x65,
  0x6e, 0x20, 0x75, 0x73, 0x69, 0x6e, 0x67, 0x2c, 0x2c, 0x2c, 0x61, 0x6e,
  0x64, 0x69, 0x6e, 0x73, 0x69, 0x64, 0x65, 0x20, 0x61, 0x43, 0x6f, 0x6d,
  0x62, 0x6f, 0x20, 0x46, 0x69, 0x65, 0x6c, 0x64, 0x2e, 0x22, 0x0a, 0x20,
  0x20, 0x20, 0x20, 0x20, 0x20, 0x20, 0x20, 0x20, 0x20, 0x7d, 0x0a, 0x20,
  0x20, 0x20, 0x20, 0x20, 0x20, 0x20, 0x20, 0x5d, 0x0a, 0x20, 0x20, 0x20,
  0x20, 0x20, 0x20, 0x7d, 0x2c, 0x0a, 0x20, 0x20, 0x20, 0x20, 0x20, 0x20,
  0x7b, 0x0a, 0x20, 0x20, 0x20, 0x20, 0x20, 0x20, 0x20, 0x20, 0x22, 0x74,
  0x69, 0x74, 0x6c, 0x65, 0x22, 0x3a, 0x20, 0x22, 0x43, 0x72, 0x6f, 0x77,
  0x64, 0x20, 0x43, 0x6f, 0x6e, 0x74, 0x72, 0x6f, 0x6c, 0x22, 0x2c, 0x0a,
  0x20, 0x20, 0x20, 0x20, 0x20, 0x20, 0x20, 0x20, 0x22, 0x69, 0x74, 0x65,
  0x6d, 0x73, 0x22, 0x3a, 0x20, 0x5b, 0x5d, 0x0a, 0x20, 0x20, 0x20, 0x20,
  0x20, 0x20, 0x7d, 0x0a, 0x20, 0x20, 0x20, 0x20, 0x5d, 0x0a, 0x20, 0x20,
  0x7d, 0x2c, 0x0a, 0x20, 0x20, 0x22, 0x65, 0x6c, 0x65, 0x6d, 0x65, 0x6e,
  0x74, 0x61, 0x6c, 0x69, 0x73, 0x74, 0x2d, 0x70, 0x6f, 0x77, 0x65, 0x72,
  0x2d, 0x74, 0x65, 0x6d, 0x70, 0x65, 0x73, 0x74, 0x22, 0x3a, 0x20, 0x7b,
  0x0a, 0x20, 0x20, 0x20, 0x20, 0x22, 0x73, 0x65, 0x63, 0x74, 0x69, 0x6f,
  0x6e, 0x73, 0x22, 0x3a, 0x20, 0x5b, 0x0a, 0x20, 0x20, 0x20, 0x20, 0x20,
  0x20, 0x7b, 0x0a, 0x20, 0x20, 0x20, 0x20, 0x20, 0x20, 0x20, 0x20, 0x22,
  0x74, 0x69, 0x74, 0x6c, 0x65, 0x22, 0x3a, 0x20, 0x22, 0x4b, 0x65, 0x79,
  0x20, 0x43, 0x6f, 0x6e, 0x63, 0x65, 0x70, 0x74, 0x73, 0x22, 0x2c, 0x0a,
  0x20, 0x20, 0x20, 0x20, 0x20, 0x20, 0x20, 0x20, 0x22, 0x69, 0x74, 0x65,
  0x6d, 0x73, 0x22, 0x3a, 0x20, 0x5b, 0x0a, 0x20, 0x20, 0x20, 0x20, 0x20,
  0x20, 0x20, 0x20, 0x20, 0x20, 0x7b, 0x0a, 0x20, 0x20, 0x20, 0x20, 0x20,
  0x20, 0x20, 0x20, 0x20, 0x20, 0x20, 0x20, 0x22, 0x74, 0x65, 0x78, 0x74,
  0x22, 0x3a, 0x20, 0x22, 0x54, 0x68, 0x65, 0x20, 0x6d, 0x61, 0x6a, 0x6f,
  0x72, 0x69, 0x74, 0x79, 0x20, 0x6f, 0x66, 0x20, 0x79, 0x6f, 0x75, 0x72,
  0x44, 0x61, 0x6d, 0x61, 0x67, 0x65, 0x69, 0x6e, 0x20, 0x74, 0x68, 0x69,
  0x73, 0x20, 0x62, 0x75, 0x69, 0x6c, 0x64, 0x20, 0x63, 0x6f, 0x6d, 0x65,
  0x73, 0x20, 0x66, 0x72, 0x6f, 0x6d, 0x2e, 0x22, 0x0a, 0x20, 0x20, 0x20,
  0x20, 0x20, 0x20, 0x20, 0x20, 0x20, 0x20, 0x7d, 0x2c, 0x0a, 0x20, 0x20,
  0x20, 0x20, 0x20, 0x20, 0x20, 0x20, 0x20, 0x20, 0x7b, 0x0a, 0x20, 0x20,
  0x20, 0x20, 0x20, 0x20, 0x20, 0x20, 0x20, 0x20, 0x20, 0x20, 0x22, 0x74,
  0x65, 0x78, 0x74, 0x22, 0x3a, 0x20, 0x22, 0x61, 0x6c, 0x6c, 0x6f, 0x77,
  0x73, 0x20, 0x74, 0x68, 0x69, 0x73, 0x20, 0x62, 0x75, 0x69, 0x6c, 0x64,
  0x20, 0x74, 0x6f, 0x20, 0x66, 0x75, 0x6e, 0x63, 0x74, 0x69, 0x6f, 0x6e,
  0x20, 0x62, 0x79, 0x20, 0x72, 0x65, 0x73, 0x65, 0x74, 0x74, 0x69, 0x6e,
  0x67, 0x20, 0x74, 0x68, 0x65, 0x43, 0x6f, 0x6f, 0x6c, 0x64, 0x6f, 0x77,
  0x6e, 0x6f, 0x66, 0x77, 0x69, 0x74, 0x68, 0x43, 0x72, 0x69, 0x74, 0x69,
  0x63, 0x61, 0x6c, 0x20, 0x48, 0x69, 0x74, 0x73, 0x2e, 0x22, 0x0a, 0x20,
  0x20, 0x20, 0x20, 0x20, 0x20, 0x20, 0x20, 0x20, 0x20, 0x7d, 0x2c, 0x0a,
  0x20, 0x20, 0x20, 0x20, 0x20, 0x20, 0x20, 0x20, 0x20, 0x20, 0x7b, 0x0a,
  0x20, 0x20, 0x20, 0x20, 0x20, 0x20, 0x20, 0x20, 0x20, 0x20, 0x20, 0x20,
  0x22, 0x74, 0x65, 0x78, 0x74, 0x22, 0x3a, 0x20, 0x22, 0x41, 0x73, 0x20,
  0x74, 0x68, 0x69, 0x73, 0x20, 0x62, 0x75, 0x69, 0x6c, 0x64, 0x20, 0x68,
  0x61, 0x73, 0x20, 0x61, 0x6c, 0x6d, 0x6f, 0x73, 0x74, 0x20, 0x31, 0x30,
  0x30, 0x25, 0x43, 0x72, 0x69, 0x74, 0x69, 0x63, 0x61, 0x6c, 0x20, 0x43,
  0x68, 0x61, 0x6e, 0x63, 0x65, 0x2c, 0x20, 0x79, 0x6f, 0x75, 0x20, 0x77,
  0x69, 0x6c, 0x6c, 0x20, 0x69, 0x6e, 0x73, 0x74, 0x61, 0x6e, 0x74, 0x6c,
  0x79, 0x20, 0x72, 0x65, 0x73, 0x65, 0x74, 0x20, 0x74, 0x68, 0x65, 0x43,
  0x6f, 0x6f, 0x6c, 0x64, 0x6f, 0x77, 0x6e, 0x6f, 0x66, 0x77, 0x68, 0x65,
  0x6e, 0x20, 0x79, 0x6f, 0x75, 0x20, 0x73, 0x77, 0x61, 0x70, 0x20, 0x74,
  0x6f, 0x6f, 0x72, 0x2e, 0x22, 0x0a, 0x20, 0x20, 0x20, 0x20, 0x20, 0x20,
  0x20, 0x20, 0x20, 0x20, 0x7d, 0x2c, 0x0a, 0x20, 0x20, 0x20, 0x20, 0x20,
  0x20, 0x20, 0x20, 0x20, 0x20, 0x7b, 0x0a, 0x20, 0x20, 0x20, 0x20, 0x20,
  0x20, 0x20, 0x20, 0x20, 0x20, 0x20, 0x20, 0x22, 0x74, 0x65, 0x78, 0x74,
  0x22, 0x3a, 0x20, 0x22, 0x54, 0x68, 0x65, 0x20, 0x63, 0x6f, 0x72, 0x65,
  0x20, 0x63, 0x6f, 0x6e, 0x63, 0x65, 0x70, 0x74, 0x20, 0x6f, 0x66, 0x20,
  0x79, 0x6f, 0x75, 0x72, 0x41, 0x74, 0x74, 0x75, 0x6e, 0x65, 0x6d, 0x65,
  0x6e, 0x74, 0x73, 0x69, 0x73, 0x20, 0x61, 0x73, 0x20, 0x66, 0x6f, 0x6c,
  0x6c, 0x6f, 0x77, 0x73, 0x3a, 0x22, 0x0a, 0x20, 0x20, 0x20, 0x20, 0x20,
  0x20, 0x20, 0x20, 0x20, 0x20, 0x7d, 0x2c, 0x0a, 0x20, 0x20, 0x20, 0x20,
  0x20, 0x20, 0x20, 0x20, 0x20, 0x20, 0x7b, 0x0a, 0x20, 0x20, 0x20, 0x20,
  0x20, 0x20, 0x20, 0x20, 0x20, 0x20, 0x20, 0x20, 0x22, 0x74, 0x65, 0x78,
  0x74, 0x22, 0x3a, 0x20, 0x22, 0x52, 0x65, 0x70, 0x65, 0x61, 0x74, 0x22,
  0x0a, 0x20, 0x20, 0x20, 0x20, 0x20, 0x20, 0x20, 0x20, 0x20, 0x20, 0x7d,
  0x0a, 0x20, 0x20, 0x20, 0x20, 0x20, 0x20, 0x20, 0x20, 0x5d, 0x0a, 0x20,
  0x20, 0x20, 0x20, 0x20, 0x20, 0x7d, 0x2c, 0x0a, 0x20, 0x20, 0x20, 0x20,
  0x20, 0x20, 0x7b, 0x0a, 0x20, 0x20, 0x20, 0x20, 0x20, 0x20, 0x20, 0x20,
  0x22, 0x74, 0x69, 0x74, 0x6c, 0x65, 0x22, 0x3a, 0x20, 0x22, 0x4f, 0x70,
  0x65, 0x6e, 0x65, 0x72, 0x22, 0x2c, 0x0a, 0x20, 0x20, 0x20, 0x20, 0x20,
  0x20, 0x20, 0x20, 0x22, 0x69, 0x74, 0x65, 0x6d, 0x73, 0x22, 0x3a, 0x20,
  0x5b, 0x0a, 0x20, 0x20, 0x20, 0x20, 0x20, 0x20, 0x20, 0x20, 0x20, 0x20,
  0x7b, 0x0a, 0x20, 0x20, 0x20, 0x20, 0x20, 0x20, 0x20, 0x20, 0x20, 0x20,
  0x20, 0x20, 0x22, 0x74, 0x65, 0x78, 0x74, 0x22, 0x3a, 0x20, 0x22, 0x53,
  0x75, 0x6d, 0x6d, 0x6f, 0x6e, 0x69, 0x6e, 0x62, 0x65, 0x66, 0x6f, 0x72,
  0x65, 0x20, 0x79, 0x6f, 0x75, 0x20, 0x65, 0x6e, 0x74, 0x65, 0x72, 0x20,
  0x63, 0x6f, 0x6d, 0x62, 0x61, 0x74, 0x2e, 0x20, 0x49, 0x74, 0x27, 0x73,
  0x20, 0x66, 0x72, 0x65, 0x65, 0x44, 0x61, 0x6d, 0x61, 0x67, 0x65, 0x2e,
  0x22, 0x0a, 0x20, 0x20, 0x20, 0x20, 0x20, 0x20, 0x20, 0x20, 0x20, 0x20,
  0x7d, 0x2c, 0x0a, 0x20, 0x20, 0x20, 0x20, 0x20, 0x20, 0x20, 0x20, 0x20,
  0x20, 0x7b, 0x0a, 0x20, 0x20, 0x20, 0x20, 0x20, 0x20, 0x20, 0x20, 0x20,
  0x20, 0x20, 0x20, 0x22, 0x74, 0x65, 0x78, 0x74, 0x22, 0x3a, 0x20, 0x22,
  0x2b, 0x22, 0x0a, 0x20, 0x20, 0x20, 0x20, 0x20, 0x20, 0x20, 0x20, 0x20,
  0x20, 0x7d, 0x2c, 0x0a, 0x20, 0x20, 0x20, 0x20, 0x20, 0x20, 0x20, 0x20,
  0x20, 0x20, 0x7b, 0x0a, 0x20, 0x20, 0x20, 0x20, 0x20, 0x20, 0x20, 0x20,
  0x20, 0x20, 0x20, 0x20, 0x22, 0x74, 0x65, 0x78, 0x74, 0x22, 0x3a, 0x20,
  0x22, 0x61, 0x6e, 0x64, 0x20, 0x69, 0x6d, 0x6d, 0x65, 0x64, 0x69, 0x61,
  0x74, 0x65, 0x6c, 0x79, 0x20, 0x62, 0x61, 0x63, 0x6b, 0x20, 0x74, 0x6f,
  0x22, 0x0a, 0x20, 0x20, 0x20, 0x20, 0x20, 0x20, 0x20, 0x20, 0x20, 0x20,
  0x7d, 0x0a, 0x20, 0x20, 0x20, 0x20, 0x20, 0x20, 0x20, 0x20, 0x5d, 0x0a,
  0x20, 0x20, 0x20, 0x20, 0x20, 0x20, 0x7d, 0x2c, 0x0a, 0x20, 0x20, 0x20,
  0x20, 0x20, 0x20, 0x7b, 0x0a, 0x20, 0x20, 0x20, 0x20, 0x20, 0x20, 0x20,
  0x20, 0x22, 0x74, 0x69, 0x74, 0x6c, 0x65, 0x22, 0x3a, 0x20, 0x22, 0x53,
  0x74, 0x65, 0x70, 0x20, 0x4f, 0x6e, 0x65, 0x22, 0x2c, 0x0a, 0x20, 0x20,
  0x20, 0x20, 0x20, 0x20, 0x20, 0x20, 0x22, 0x69, 0x74, 0x65, 0x6d, 0x73,
  0x22, 0x3a, 0x20, 0x5b, 0x0a, 0x20, 0x20, 0x20, 0x20, 0x20, 0x20, 0x20,
  0x20, 0x20, 0x20, 0x7b, 0x0a, 0x20, 0x20, 0x20, 0x20, 0x20, 0x20, 0x20,
  0x20, 0x20, 0x20, 0x20, 0x20, 0x22, 0x74, 0x65, 0x78, 0x74, 0x22, 0x3a,
  0x20, 0x22, 0x54, 0x68, 0x65, 0x20, 0x62, 0x61, 0x73, 0x65, 0x20, 0x6f,
  0x66, 0x20, 0x79, 0x6f, 0x75, 0x72, 0x20, 0x72, 0x6f, 0x74, 0x61, 0x74,
  0x69, 0x6f, 0x6e, 0x20, 0x69, 0x73, 0x20, 0x61, 0x73, 0x20, 0x66, 0x6f,
  0x6c, 0x6c, 0x6f, 0x77, 0x73, 0x3a, 0x22, 0x0a, 0x20, 0x20, 0x20, 0x20,
  0x20, 0x20, 0x20, 0x20, 0x20, 0x20, 0x7d, 0x2c, 0x0a, 0x20, 0x20, 0x20,
  0x20, 0x20, 0x20, 0x20, 0x20, 0x20, 0x20, 0x7b, 0x0a, 0x20, 0x20, 0x20,
  0x20, 0x20, 0x20, 0x20, 0x20, 0x20, 0x20, 0x20, 0x20, 0x22, 0x74, 0x65,
  0x78, 0x74, 0x22, 0x3a, 0x20, 0x22, 0x41, 0x75, 0x74, 0x6f, 0x20, 0x41,
  0x74, 0x74, 0x61, 0x63, 0x6b, 0x22, 0x0a, 0x20, 0x20, 0x20, 0x20, 0x20,
  0x20, 0x20, 0x20, 0x20, 0x20, 0x7d, 0x2c, 0x0a, 0x20, 0x20, 0x20, 0x20,
  0x20, 0x20, 0x20, 0x20, 0x20, 0x20, 0x7b, 0x0a, 0x20, 0x20, 0x20, 0x20,
  0x20, 0x20, 0x20, 0x20, 0x20, 0x20, 0x20, 0x20, 0x22, 0x74, 0x65, 0x78,
  0x74, 0x22, 0x3a, 0x20, 0x22, 0x61, 0x6e, 0x64, 0x20, 0x69, 0x6d, 0x6d,
  0x65, 0x64, 0x69, 0x61, 0x74, 0x65, 0x6c, 0x79, 0x20, 0x62, 0x61, 0x63,
  0x6b, 0x20, 0x74, 0x6f, 0x22, 0x0a, 0x20, 0x20, 0x20, 0x20, 0x20, 0x20,
  0x20, 0x20, 0x20, 0x20, 0x7d, 0x2c, 0x0a, 0x20, 0x20, 0x20, 0x20, 0x20,
  0x20, 0x20, 0x20, 0x20, 0x20, 0x7b, 0x0a, 0x20, 0x20, 0x20, 0x20, 0x20,
  0x20, 0x20, 0x20, 0x20, 0x20, 0x20, 0x20, 0x22, 0x74, 0x65, 0x78, 0x74,
  0x22, 0x3a, 0x20, 0x22, 0x41, 0x75, 0x74, 0x6f, 0x20, 0x41, 0x74, 0x74,
  0x61, 0x63, 0x6b, 0x22, 0x0a, 0x20, 0x20, 0x20, 0x20, 0x20, 0x20, 0x20,
  0x20, 0x20, 0x20, 0x7d, 0x2c, 0x0a, 0x20, 0x20, 0x20, 0x20, 0x20, 0x20,
  0x20, 0x20, 0x20, 0x20, 0x7b, 0x0a, 0x20, 0x20, 0x20, 0x20, 0x20, 0x20,
  0x20, 0x20, 0x20, 0x20, 0x20, 0x20, 0x22, 0x74, 0x65, 0x78, 0x74, 0x22,
  0x3a, 0x20, 0x22, 0x61, 0x6e, 0x64, 0x20, 0x69, 0x6d, 0x6d, 0x65, 0x64,
  0x69, 0x61, 0x74, 0x65, 0x6c, 0x79, 0x20, 0x62, 0x61, 0x63, 0x6b, 0x20,
  0x74, 0x6f, 0x22, 0x0a, 0x20, 0x20, 0x20, 0x20, 0x20, 0x20, 0x20, 0x20,
  0x20, 0x20, 0x7d, 0x2c, 0x0a, 0x20, 0x20, 0x20, 0x20, 0x20, 0x20, 0x20,
  0x20, 0x20, 0x20, 0x7b, 0x0a, 0x20, 0x20, 0x20, 0x20, 0x20, 0x20, 0x20,
  0x20, 0x20, 0x20, 0x20, 0x20, 0x22, 0x74, 0x65, 0x78, 0x74, 0x22, 0x3a,
  0x20, 0x22, 0x4f, 0x6e, 0x20, 0x73, 0x74, 0x65, 0x70, 0x20, 0x33, 0x20,
  0x61, 0x6e, 0x64, 0x20, 0x73, 0x74, 0x65, 0x70, 0x20, 0x36, 0x2c, 0x77,
  0x69, 0x6c, 0x6c, 0x20, 0x69, 0x6d, 0x6d, 0x65, 0x64, 0x69, 0x61, 0x74,
  0x65, 0x6c, 0x79, 0x20, 0x74, 0x72, 0x69, 0x67, 0x67, 0x65, 0x72, 0x20,
  0x61, 0x6c, 0x6c, 0x6f, 0x77, 0x69, 0x6e, 0x67, 0x20, 0x79, 0x6f, 0x75,
  0x20, 0x74, 0x6f, 0x20, 0x69, 0x6e, 0x73, 0x74, 0x61, 0x6e, 0x74, 0x6c,
  0x79, 0x20, 0x73, 0x77, 0x61, 0x70, 0x20, 0x62, 0x61, 0x63, 0x6b, 0x20,
  0x74, 0x6f, 0x2e, 0x22, 0x0a, 0x20, 0x20, 0x20, 0x20, 0x20, 0x20, 0x20,
  0x20, 0x20, 0x20, 0x7d, 0x2c, 0x0a, 0x20, 0x20, 0x20, 0x20, 0x20, 0x20,
  0x20, 0x20, 0x20, 0x20, 0x7b, 0x0a, 0x20, 0x20, 0x20, 0x20, 0x20, 0x20,
  0x20, 0x20, 0x20, 0x20, 0x20, 0x20, 0x22, 0x74, 0x65, 0x78, 0x74, 0x22,
  0x3a, 0x20, 0x22, 0x59, 0x6f, 0x75, 0x20, 0x63, 0x61, 0x6e, 0x20, 0x6d,
  0x6f, 0x76, 0x65, 0x20, 0x77, 0x68, 0x69, 0x6c, 0x65, 0x20, 0x63, 0x61,
  0x73, 0x74, 0x69, 0x6e, 0x67, 0x62, 0x75, 0x74, 0x20, 0x79, 0x6f, 0x75,
  0x20, 0x63, 0x61, 0x6e, 0x6e, 0x6f, 0x74, 0x44, 0x6f, 0x64, 0x67, 0x65,
  0x6f, 0x72, 0x20, 0x73, 0x77, 0x61, 0x70, 0x41, 0x74, 0x74, 0x75, 0x6e,
  0x65, 0x6d, 0x65, 0x6e, 0x74, 0x73, 0x2e, 0x22, 0x0a, 0x20, 0x20, 0x20,
  0x20, 0x20, 0x20, 0x20, 0x20, 0x20, 0x20, 0x7d, 0x0a, 0x20, 0x20, 0x20,
  0x20, 0x20, 0x20, 0x20, 0x20, 0x5d, 0x0a, 0x20, 0x20, 0x20, 0x20, 0x20,
  0x20, 0x7d, 0x2c, 0x0a, 0x20, 0x20, 0x20, 0x20, 0x20, 0x20, 0x7b, 0x0a,
  0x20, 0x20, 0x20, 0x20, 0x20, 0x20, 0x20, 0x20, 0x22, 0x74, 0x69, 0x74,
  0x6c, 0x65, 0x22, 0x3a, 0x20, 0x22, 0x53, 0x74, 0x65, 0x70, 0x20, 0x54,
  0x77, 0x6f, 0x22, 0x2c, 0x0a, 0x20, 0x20, 0x20, 0x20, 0x20, 0x20, 0x20,
  0x20, 0x22, 0x69, 0x74, 0x65, 0x6d, 0x73, 0x22, 0x3a, 0x20, 0x5b, 0x0a,
  0x20, 0x20, 0x20, 0x20, 0x20, 0x20, 0x20, 0x20, 0x20, 0x20, 0x7b, 0x0a,
  0x20, 0x20, 0x20, 0x20, 0x20, 0x20, 0x20, 0x20, 0x20, 0x20, 0x20, 0x20,
  0x22, 0x74, 0x65, 0x78, 0x74, 0x22, 0x3a, 0x20, 0x22, 0x54, 0x68, 0x65,
  0x20, 0x6e, 0x65, 0x78, 0x74, 0x20, 0x73, 0x74, 0x65, 0x70, 0x20, 0x69,
  0x73, 0x20, 0x74, 0x6f, 0x20, 0x61, 0x64, 0x64, 0x20, 0x69, 0x6e, 0x20,
  0x61, 0x64, 0x64, 0x69, 0x74, 0x69, 0x6f, 0x6e, 0x61, 0x6c, 0x20, 0x73,
  0x6b, 0x69, 0x6c, 0x6c, 0x73, 0x20, 0x77, 0x68, 0x65, 0x6e, 0x20, 0x79,
  0x6f, 0x75, 0x27, 0x72, 0x65, 0x20, 0x69, 0x6e, 0x2e, 0x20, 0x55, 0x73,
  0x65, 0x20, 0x74, 0x68, 0x65, 0x20, 0x66, 0x6f, 0x6c, 0x6c, 0x6f, 0x77,
  0x69, 0x6e, 0x67, 0x20, 0x73, 0x6b, 0x69, 0x6c, 0x6c, 0x73, 0x20, 0x77,
  0x68, 0x65, 0x6e, 0x65, 0x76, 0x65, 0x72, 0x20, 0x74, 0x68, 0x65, 0x79,
  0x20, 0x61, 0x72, 0x65, 0x20, 0x61, 0x76, 0x61, 0x69, 0x6c, 0x61, 0x62,
  0x6c, 0x65, 0x3a, 0x22, 0x0a, 0x20, 0x20, 0x20, 0x20, 0x20, 0x20, 0x20,
  0x20, 0x20, 0x20, 0x7d, 0x0a, 0x20, 0x20, 0x20, 0x20, 0x20, 0x20, 0x20,
  0x20, 0x5d, 0x0a, 0x20, 0x20, 0x20, 0x20, 0x20, 0x20, 0x7d, 0x2c, 0x0a,
  0x20, 0x20, 0x20, 0x20, 0x20, 0x20, 0x7b, 0x0a, 0x20, 0x20, 0x20, 0x20,
  0x20, 0x20, 0x20, 0x20, 0x22, 0x74, 0x69, 0x74, 0x6c, 0x65, 0x22, 0x3a,
  0x20, 0x22, 0x53, 0x74, 0x65, 0x70, 0x20, 0x54, 0x68, 0x72, 0x65, 0x65,
  0x22, 0x2c, 0x0a, 0x20, 0x20, 0x20, 0x20, 0x20, 0x20, 0x20, 0x20, 0x22,
  0x69, 0x74, 0x65, 0x6d, 0x73, 0x22, 0x3a, 0x20, 0x5b, 0x0a, 0x20, 0x20,
  0x20, 0x20, 0x20, 0x20, 0x20, 0x20, 0x20, 0x20, 0x7b, 0x0a, 0x20, 0x20,
  0x20, 0x20, 0x20, 0x20, 0x20, 0x20, 0x20, 0x20, 0x20, 0x20, 0x22, 0x74,
  0x65, 0x78, 0x74, 0x22, 0x3a, 0x20, 0x22, 0x55, 0x73, 0x65, 0x20, 0x74,
  0x68, 0x65, 0x20, 0x66, 0x6f, 0x6c, 0x6c, 0x6f, 0x77, 0x69, 0x6e, 0x67,
  0x20, 0x73, 0x6b, 0x69, 0x6c, 0x6c, 0x73, 0x20, 0x6f, 0x66, 0x66, 0x43,
  0x6f, 0x6f, 0x6c, 0x64, 0x6f, 0x77, 0x6e, 0x77, 0x68, 0x65, 0x6e, 0x65,
  0x76, 0x65, 0x72, 0x20, 0x79, 0x6f, 0x75, 0x27, 0x72, 0x65, 0x20, 0x69,
  0x6e, 0x3a, 0x22, 0x0a, 0x20, 0x20, 0x20, 0x20, 0x20, 0x20, 0x20, 0x20,
  0x20, 0x20, 0x7d, 0x2c, 0x0a, 0x20, 0x20, 0x20, 0x20, 0x20, 0x20, 0x20,
  0x20, 0x20, 0x20, 0x7b, 0x0a, 0x20, 0x20, 0x20, 0x20, 0x20, 0x20, 0x20,
  0x20, 0x20, 0x20, 0x20, 0x20, 0x22, 0x74, 0x65, 0x78, 0x74, 0x22, 0x3a,
  0x20, 0x22, 0x54, 0x68, 0x65, 0x73, 0x65, 0x20, 0x61, 0x72, 0x65, 0x20,
  0x61, 0x6c, 0x6c, 0x20, 0x69, 0x6e, 0x73, 0x74, 0x61, 0x6e, 0x74, 0x20,
  0x63, 0x61, 0x73, 0x74, 0x20, 0x73, 0x6b, 0x69, 0x6c, 0x6c, 0x73, 0x20,
  0x61, 0x6e, 0x64, 0x20, 0x73, 0x6f, 0x20, 0x61, 0x72, 0x65, 0x20, 0x65,
  0x61, 0x73, 0x79, 0x20, 0x74, 0x6f, 0x20, 0x73, 0x6c, 0x6f, 0x74, 0x20,
  0x69, 0x6e, 0x20, 0x69, 0x66, 0x20, 0x74, 0x68, 0x65, 0x20, 0x61, 0x64,
  0x64, 0x65, 0x64, 0x20, 0x63, 0x6f, 0x6d, 0x70, 0x6c, 0x65, 0x78, 0x69,
  0x74, 0x79, 0x20, 0x69, 0x73, 0x6e, 0x27, 0x74, 0x20, 0x74, 0x6f, 0x6f,
  0x20, 0x6d, 0x75, 0x63, 0x68, 0x2e, 0x22, 0x0a, 0x20, 0x20, 0x20, 0x20,
  0x20, 0x20, 0x20, 0x20, 0x20, 0x20, 0x7d, 0x0a, 0x20, 0x20, 0x20, 0x20,
  0x20, 0x20, 0x20, 0x20, 0x5d, 0x0a, 0x20, 0x20, 0x20, 0x20, 0x20, 0x20,
  0x7d, 0x2c, 0x0a, 0x20, 0x20, 0x20, 0x20, 0x20, 0x20, 0x7b, 0x0a, 0x20,
  0x20, 0x20, 0x20, 0x20, 0x20, 0x20, 0x20, 0x22, 0x74, 0x69, 0x74, 0x6c,
  0x65, 0x22, 0x3a, 0x20, 0x22, 0x53, 0x74, 0x65, 0x70, 0x20, 0x46, 0x6f,
  0x75, 0x72, 0x22, 0x2c, 0x0a, 0x20, 0x20, 0x20, 0x20, 0x20, 0x20, 0x20,
  0x20, 0x22, 0x69, 0x74, 0x65, 0x6d, 0x73, 0x22, 0x3a, 0x20, 0x5b, 0x0a,
  0x20, 0x20, 0x20, 0x20, 0x20, 0x20, 0x20, 0x20, 0x20, 0x20, 0x7b, 0x0a,
  0x20, 0x20, 0x20, 0x20, 0x20, 0x20, 0x20, 0x20, 0x20, 0x20, 0x20, 0x20,
  0x22, 0x74, 0x65, 0x78, 0x74, 0x22, 0x3a, 0x20, 0x22, 0x59, 0x6f, 0x75,
  0x20, 0x63, 0x61, 0x6e, 0x20, 0x61, 0x64, 0x64, 0x20, 0x66, 0x75, 0x72,
  0x74, 0x68, 0x65, 0x72, 0x20, 0x63, 0x6f, 0x6d, 0x70, 0x6c, 0x65, 0x78,
  0x69, 0x74, 0x79, 0x20, 0x62, 0x79, 0x20, 0x75, 0x73, 0x69, 0x6e, 0x67,
  0x20, 0x79, 0x6f, 0x75, 0x72, 0x20, 0x73, 0x6b, 0x69, 0x6c, 0x6c, 0x73,
  0x20, 0x69, 0x6e, 0x2e, 0x20, 0x59, 0x6f, 0x75, 0x20, 0x63, 0x61, 0x6e,
  0x20, 0x75, 0x73, 0x65, 0x20, 0x61, 0x6c, 0x6c, 0x20, 0x6f, 0x66, 0x20,
  0x79, 0x6f, 0x75, 0x72, 0x20, 0x73, 0x6b, 0x69, 0x6c, 0x6c, 0x73, 0x20,
  0x77, 0x68, 0x65, 0x6e, 0x65, 0x76, 0x65, 0x72, 0x20, 0x74, 0x68, 0x65,
  0x79, 0x20, 0x61, 0x72, 0x65, 0x20, 0x61, 0x76, 0x61, 0x69, 0x6c, 0x61,
  0x62, 0x6c, 0x65, 0x20, 0x62, 0x75, 0x74, 0x20, 0x6b, 0x65, 0x65, 0x70,
  0x20, 0x69, 0x6e, 0x20, 0x6d, 0x69, 0x6e, 0x64, 0x20, 0x74, 0x68, 0x61,
  0x74, 0x20, 0x6e, 0x6f, 0x74, 0x20, 0x65, 0x76, 0x65, 0x72, 0x79, 0x74,
  0x68, 0x69, 0x6e, 0x67, 0x20, 0x77, 0x69, 0x6c, 0x6c, 0x20, 0x62, 0x65,
  0x20, 0x6f, 0x66, 0x66, 0x43, 0x6f, 0x6f, 0x6c, 0x64, 0x6f, 0x77, 0x6e,
  0x2e, 0x22, 0x0a, 0x20, 0x20, 0x20, 0x20, 0x20, 0x20, 0x20, 0x20, 0x20,
  0x20, 0x7d, 0x2c, 0x0a, 0x20, 0x20, 0x20, 0x20, 0x20, 0x20, 0x20, 0x20,
  0x20, 0x20, 0x7b, 0x0a, 0x20, 0x20, 0x20, 0x20, 0x20, 0x20, 0x20, 0x20,
  0x20, 0x20, 0x20, 0x20, 0x22, 0x74, 0x65, 0x78, 0x74, 0x22, 0x3a, 0x20,
  0x22, 0x54, 0x68, 0x65, 0x73, 0x65, 0x20, 0x61, 0x72, 0x65, 0x20, 0x74,
  0x68, 0x65, 0x20, 0x73, 0x6b, 0x69, 0x6c, 0x6c, 0x73, 0x20, 0x69, 0x6e,
  0x74, 0x68, 0x61, 0x74, 0x20, 0x79, 0x6f, 0x75, 0x27, 0x64, 0x20, 0x77,
  0x61, 0x6e, 0x74, 0x20, 0x74, 0x6f, 0x20, 0x75, 0x73, 0x65, 0x3a, 0x22,
  0x0a, 0x20, 0x20, 0x20, 0x20, 0x20, 0x20, 0x20, 0x20, 0x20, 0x20, 0x7d,
  0x0a, 0x20, 0x20, 0x20, 0x20, 0x20, 0x20, 0x20, 0x20, 0x5d, 0x0a, 0x20,
  0x20, 0x20, 0x20, 0x20, 0x20, 0x7d, 0x2c, 0x0a, 0x20, 0x20, 0x20, 0x20,
  0x20, 0x20, 0x7b, 0x0a, 0x20, 0x20, 0x20, 0x20, 0x20, 0x20, 0x20, 0x20,
  0x22, 0x74, 0x69, 0x74, 0x6c, 0x65, 0x22, 0x3a, 0x20, 0x22, 0x43, 0x72,
  0x6f, 0x77, 0x64, 0x20, 0x43, 0x6f, 0x6e, 0x74, 0x72, 0x6f, 0x6c, 0x22,
  0x2c, 0x0a, 0x20, 0x20, 0x20, 0x20, 0x20, 0x20, 0x20, 0x20, 0x22, 0x69,
  0x74, 0x65, 0x6d, 0x73, 0x22, 0x3a, 0x20, 0x5b, 0x5d, 0x0a, 0x20, 0x20,
  0x20, 0x20, 0x20, 0x20, 0x7d, 0x0a, 0x20, 0x20, 0x20, 0x20, 0x5d, 0x0a,
  0x20, 0x20, 0x7d, 0x2c, 0x0a, 0x20, 0x20, 0x22, 0x6d, 0x65, 0x73, 0x6d,
  0x65, 0x72, 0x2d, 0x63, 0x6f, 0x6e, 0x64, 0x69, 0x74, 0x69, 0x6f, 0x6e,
  0x2d, 0x61, 0x6c, 0x61, 0x63, 0x72, 0x69, 0x74, 0x79, 0x2d, 0x6d, 0x69,
  0x72, 0x61, 0x67, 0x65, 0x22, 0x3a, 0x20, 0x7b, 0x0a, 0x20, 0x20, 0x20,
  0x20, 0x22, 0x73, 0x65, 0x63, 0x74, 0x69, 0x6f, 0x6e, 0x73, 0x22, 0x3a,
  0x20, 0x5b, 0x0a, 0x20, 0x20, 0x20, 0x20, 0x20, 0x20, 0x7b, 0x0a, 0x20,
  0x20, 0x20, 0x20, 0x20, 0x20, 0x20, 0x20, 0x22, 0x74, 0x69, 0x74, 0x6c,
  0x65, 0x22, 0x3a, 0x20, 0x22, 0x4f, 0x70, 0x65, 0x6e, 0x65, 0x72, 0x22,
  0x2c, 0x0a, 0x20, 0x20, 0x20, 0x20, 0x20, 0x20, 0x20, 0x20, 0x22, 0x69,
  0x74, 0x65, 0x6d, 0x73, 0x22, 0x3a, 0x20, 0x5b, 0x0a, 0x20, 0x20, 0x20,
  0x20, 0x20, 0x20, 0x20, 0x20, 0x20, 0x20, 0x7b, 0x0a, 0x20, 0x20, 0x20,
  0x20, 0x20, 0x20, 0x20, 0x20, 0x20, 0x20, 0x20, 0x20, 0x22, 0x74, 0x65,
  0x78, 0x74, 0x22, 0x3a, 0x20, 0x22, 0x51, 0x75, 0x69, 0x63, 0x6b, 0x6c,
  0x79, 0x20, 0x67, 0x65, 0x6e, 0x65, 0x72, 0x61, 0x74, 0x65, 0x43, 0x6c,
  0x6f, 0x6e, 0x65, 0x73, 0x61, 0x6e, 0x64, 0x20, 0x74, 0x72, 0x69, 0x67,
  0x67, 0x65, 0x72, 0x77, 0x69, 0x74, 0x68, 0x20, 0x74, 0x68, 0x65, 0x20,
  0x66, 0x6f, 0x6c, 0x6c, 0x6f, 0x77, 0x69, 0x6e, 0x67, 0x3a, 0x22, 0x0a,
  0x20, 0x20, 0x20, 0x20, 0x20, 0x20, 0x20, 0x20, 0x20, 0x20, 0x7d, 0x2c,
  0x0a, 0x20, 0x20, 0x20, 0x20, 0x20, 0x20, 0x20, 0x20, 0x20, 0x20, 0x7b,
  0x0a, 0x20, 0x20, 0x20, 0x20, 0x20, 0x20, 0x20, 0x20, 0x20, 0x20, 0x20,
  0x20, 0x22, 0x74, 0x65, 0x78, 0x74, 0x22, 0x3a, 0x20, 0x22, 0x33, 0x22,
  0x0a, 0x20, 0x20, 0x20, 0x20, 0x20, 0x20, 0x20, 0x20, 0x20, 0x20, 0x7d,
  0x2c, 0x0a, 0x20, 0x20, 0x20, 0x20, 0x20, 0x20, 0x20, 0x20, 0x20, 0x20,
  0x7b, 0x0a, 0x20, 0x20, 0x20, 0x20, 0x20, 0x20, 0x20, 0x20, 0x20, 0x20,
  0x20, 0x20, 0x22, 0x74, 0x65, 0x78, 0x74, 0x22, 0x3a, 0x20, 0x22, 0x32,
  0x22, 0x0a, 0x20, 0x20, 0x20, 0x20, 0x20, 0x20, 0x20, 0x20, 0x20, 0x20,
  0x7d, 0x2c, 0x0a, 0x20, 0x20, 0x20, 0x20, 0x20, 0x20, 0x20, 0x20, 0x20,
  0x20, 0x7b, 0x0a, 0x20, 0x20, 0x20, 0x20, 0x20, 0x20, 0x20, 0x20, 0x20,
  0x20, 0x20, 0x20, 0x22, 0x74, 0x65, 0x78, 0x74, 0x22, 0x3a, 0x20, 0x22,
  0x44, 0x6f, 0x64, 0x67, 0x65, 0x2e, 0x22, 0x0a, 0x20, 0x20, 0x20, 0x20,
  0x20, 0x20, 0x20, 0x20, 0x20, 0x20, 0x7d, 0x0a, 0x20, 0x20, 0x20, 0x20,
  0x20, 0x20, 0x20, 0x20, 0x5d, 0x0a, 0x20, 0x20, 0x20, 0x20, 0x20, 0x20,
  0x7d, 0x2c, 0x0a, 0x20, 0x20, 0x20, 0x20, 0x20, 0x20, 0x7b, 0x0a, 0x20,
  0x20, 0x20, 0x20, 0x20, 0x20, 0x20, 0x20, 0x22, 0x74, 0x69, 0x74, 0x6c,
  0x65, 0x22, 0x3a, 0x20, 0x22, 0x53, 0x74, 0x65, 0x70, 0x20, 0x4f, 0x6e,
  0x65, 0x22, 0x2c, 0x0a, 0x20, 0x20, 0x20, 0x20, 0x20, 0x20, 0x20, 0x20,
  0x22, 0x69, 0x74, 0x65, 0x6d, 0x73, 0x22, 0x3a, 0x20, 0x5b, 0x0a, 0x20,
  0x20, 0x20, 0x20, 0x20, 0x20, 0x20, 0x20, 0x20, 0x20, 0x7b, 0x0a, 0x20,
  0x20, 0x20, 0x20, 0x20, 0x20, 0x20, 0x20, 0x20, 0x20, 0x20, 0x20, 0x22,
  0x74, 0x65, 0x78, 0x74, 0x22, 0x3a, 0x20, 0x22, 0x44, 0x6f, 0x64, 0x67,
  0x65, 0x21, 0x21, 0x22, 0x0a, 0x20, 0x20, 0x20, 0x20, 0x20, 0x20, 0x20,
  0x20, 0x20, 0x20, 0x7d, 0x2c, 0x0a, 0x20, 0x20, 0x20, 0x20, 0x20, 0x20,
  0x20, 0x20, 0x20, 0x20, 0x7b, 0x0a, 0x20, 0x20, 0x20, 0x20, 0x20, 0x20,
  0x20, 0x20, 0x20, 0x20, 0x20, 0x20, 0x22, 0x74, 0x65, 0x78, 0x74, 0x22,
  0x3a, 0x20, 0x22, 0x4e, 0x65, 0x76, 0x65, 0x72, 0x20, 0x6c, 0x65, 0x74,
  0x20, 0x79, 0x6f, 0x75, 0x72, 0x45, 0x6e, 0x64, 0x75, 0x72, 0x61, 0x6e,
  0x63, 0x65, 0x66, 0x69, 0x6c, 0x6c, 0x20, 0x75, 0x70, 0x21, 0x44, 0x6f,
  0x64, 0x67, 0x65, 0x61, 0x6c, 0x6f, 0x6e, 0x65, 0x20, 0x77, 0x69, 0x6c,
  0x6c, 0x20, 0x6e, 0x6f, 0x74, 0x20, 0x62, 0x65, 0x20, 0x65, 0x6e, 0x6f,
  0x75, 0x67, 0x68, 0x20, 0x66, 0x6f, 0x72, 0x20, 0x66, 0x75, 0x6c, 0x6c,
  0x41, 0x6c, 0x61, 0x63, 0x72, 0x69, 0x74, 0x79, 0x75, 0x70, 0x74, 0x69,
  0x6d, 0x65, 0x2e, 0x20, 0x54, 0x6f, 0x20, 0x67, 0x61, 0x69, 0x6e, 0x20,
  0x6d, 0x6f, 0x72, 0x65, 0x4d, 0x69, 0x72, 0x61, 0x67, 0x65, 0x20, 0x43,
  0x6c, 0x6f, 0x61, 0x6b, 0x75, 0x73, 0x65, 0x73, 0x20, 0x61, 0x64, 0x64,
  0x20, 0x69, 0x6e, 0x20, 0x74, 0x68, 0x65, 0x20, 0x66, 0x6f, 0x6c, 0x6c,
  0x6f, 0x77, 0x69, 0x6e, 0x67, 0x20, 0x61, 0x73, 0x20, 0x77, 0x65, 0x6c,
  0x6c, 0x3a, 0x22, 0x0a, 0x20, 0x20, 0x20, 0x20, 0x20, 0x20, 0x20, 0x20,
  0x20, 0x20, 0x7d, 0x2c, 0x0a, 0x20, 0x20, 0x20, 0x20, 0x20, 0x20, 0x20,
  0x20, 0x20, 0x20, 0x7b, 0x0a, 0x20, 0x20, 0x20, 0x20, 0x20, 0x20, 0x20,
  0x20, 0x20, 0x20, 0x20, 0x20, 0x22, 0x74, 0x65, 0x78, 0x74, 0x22, 0x3a,
  0x20, 0x22, 0x57, 0x65, 0x61, 0x70, 0x6f, 0x6e, 0x20, 0x53, 0x77, 0x61,
  0x70, 0x6f, 0x66, 0x66, 0x43, 0x6f, 0x6f, 0x6c, 0x64, 0x6f, 0x77, 0x6e,
  0x74, 0x6f, 0x20, 0x74, 0x72, 0x69, 0x67, 0x67, 0x65, 0x72, 0x66, 0x6f,
  0x72, 0x20, 0x6d, 0x6f, 0x72, 0x65, 0x45, 0x6e, 0x64, 0x75, 0x72, 0x61,
  0x6e, 0x63, 0x65, 0x74, 0x6f, 0x44, 0x6f, 0x64, 0x67, 0x65, 0x6d, 0x6f,
  0x72, 0x65, 0x2e, 0x22, 0x0a, 0x20, 0x20, 0x20, 0x20, 0x20, 0x20, 0x20,
  0x20, 0x20, 0x20, 0x7d, 0x2c, 0x0a, 0x20, 0x20, 0x20, 0x20, 0x20, 0x20,
  0x20, 0x20, 0x20, 0x20, 0x7b, 0x0a, 0x20, 0x20, 0x20, 0x20, 0x20, 0x20,
  0x20, 0x20, 0x20, 0x20, 0x20, 0x20, 0x22, 0x74, 0x65, 0x78, 0x74, 0x22,
  0x3a, 0x20, 0x22, 0x55, 0x73, 0x65, 0x6f, 0x66, 0x66, 0x43, 0x6f, 0x6f,
  0x6c, 0x64, 0x6f, 0x77, 0x6e, 0x61, 0x6e, 0x64, 0x20, 0x77, 0x61, 0x6c,
  0x6b, 0x20, 0x69, 0x6e, 0x74, 0x6f, 0x20, 0x74, 0x68, 0x65, 0x74, 0x68,
  0x61, 0x74, 0x20, 0x69, 0x73, 0x20, 0x63, 0x72, 0x65, 0x61, 0x74, 0x65,
  0x64, 0x2e, 0x22, 0x0a, 0x20, 0x20, 0x20, 0x20, 0x20, 0x20, 0x20, 0x20,
  0x20, 0x20, 0x7d, 0x2c, 0x0a, 0x20, 0x20, 0x20, 0x20, 0x20, 0x20, 0x20,
  0x20, 0x20, 0x20, 0x7b, 0x0a, 0x20, 0x20, 0x20, 0x20, 0x20, 0x20, 0x20,
  0x20, 0x20, 0x20, 0x20, 0x20, 0x22, 0x74, 0x65, 0x78, 0x74, 0x22, 0x3a,
  0x20, 0x22, 0x69, 0x73, 0x47, 0x72, 0x6f, 0x75, 0x6e, 0x64, 0x2d, 0x54,
  0x61, 0x72, 0x67, 0x65, 0x74, 0x65, 0x64, 0x2e, 0x20, 0x49, 0x66, 0x20,
  0x79, 0x6f, 0x75, 0x20, 0x63, 0x61, 0x73, 0x74, 0x20, 0x69, 0x74, 0x20,
  0x61, 0x74, 0x20, 0x79, 0x6f, 0x75, 0x72, 0x20, 0x66, 0x65, 0x65, 0x74,
  0x20, 0x62, 0x79, 0x20, 0x63, 0x6c, 0x69, 0x63, 0x6b, 0x69, 0x6e, 0x67,
  0x20, 0x74, 0x68, 0x65, 0x20, 0x73, 0x6b, 0x69, 0x6c, 0x6c, 0x20, 0x6f,
  0x72, 0x20, 0x6d, 0x61, 0x6e, 0x75, 0x61, 0x6c, 0x6c, 0x79, 0x20, 0x61,
  0x69, 0x6d, 0x69, 0x6e, 0x67, 0x20, 0x69, 0x74, 0x20, 0x74, 0x68, 0x65,
  0x6e, 0x20, 0x79, 0x6f, 0x75, 0x20, 0x77, 0x69, 0x6c, 0x6c, 0x20, 0x69,
  0x6e, 0x73, 0x74, 0x61, 0x6e, 0x74, 0x6c, 0x79, 0x20, 0x70, 0x69, 0x63,
  0x6b, 0x75, 0x70, 0x20, 0x74, 0x68, 0x65, 0x63, 0x72, 0x65, 0x61, 0x74,
  0x65, 0x64, 0x2e, 0x22, 0x0a, 0x20, 0x20, 0x20, 0x20, 0x20, 0x20, 0x20,
  0x20, 0x20, 0x20, 0x7d, 0x0a, 0x20, 0x20, 0x20, 0x20, 0x20, 0x20, 0x20,
  0x20, 0x5d, 0x0a, 0x20, 0x20, 0x20, 0x20, 0x20, 0x20, 0x7d, 0x2c, 0x0a,
  0x20, 0x20, 0x20, 0x20, 0x20, 0x20, 0x7b, 0x0a, 0x20, 0x20, 0x20, 0x20,
  0x20, 0x20, 0x20, 0x20, 0x22, 0x74, 0x69, 0x74, 0x6c, 0x65, 0x22, 0x3a,
  0x20, 0x22, 0x53, 0x74, 0x65, 0x70, 0x20, 0x54, 0x77, 0x6f, 0x22, 0x2c,
  0x0a, 0x20, 0x20, 0x20, 0x20, 0x20, 0x20, 0x20, 0x20, 0x22, 0x69, 0x74,
  0x65, 0x6d, 0x73, 0x22, 0x3a, 0x20, 0x5b, 0x0a, 0x20, 0x20, 0x20, 0x20,
  0x20, 0x20, 0x20, 0x20, 0x20, 0x20, 0x7b, 0x0a, 0x20, 0x20, 0x20, 0x20,
  0x20, 0x20, 0x20, 0x20, 0x20, 0x20, 0x20, 0x20, 0x22, 0x74, 0x65, 0x78,
  0x74, 0x22, 0x3a, 0x20, 0x22, 0x4d, 0x61, 0x6b, 0x65, 0x20, 0x73, 0x75,
  0x72, 0x65, 0x20, 0x74, 0x6f, 0x20, 0x6c, 0x65, 0x61, 0x76, 0x65, 0x20,
  0x61, 0x20, 0x73, 0x6d, 0x61, 0x6c, 0x6c, 0x20, 0x67, 0x61, 0x70, 0x20,
  0x62, 0x65, 0x74, 0x77, 0x65, 0x65, 0x6e, 0x20, 0x61, 0x63, 0x74, 0x69,
  0x76, 0x61, 0x74, 0x69, 0x6f, 0x6e, 0x73, 0x20, 0x6f, 0x66, 0x4d, 0x69,
  0x72, 0x61, 0x67, 0x65, 0x20, 0x43, 0x6c, 0x6f, 0x61, 0x6b, 0x2e, 0x43,
  0x6c, 0x6f, 0x6e, 0x65, 0x73, 0x64, 0x6f, 0x20, 0x6e, 0x6f, 0x74, 0x20,
  0x62, 0x65, 0x6e, 0x65, 0x66, 0x69, 0x74, 0x20, 0x66, 0x72, 0x6f, 0x6d,
  0x20, 0x79, 0x6f, 0x75, 0x72, 0x51, 0x75, 0x69, 0x63, 0x6b, 0x6e, 0x65,
  0x73, 0x73, 0x73, 0x6f, 0x20, 0x77, 0x69, 0x6c, 0x6c, 0x20, 0x74, 0x61,
  0x6b, 0x65, 0x20, 0x61, 0x20, 0x66, 0x75, 0x6c, 0x6c, 0x20, 0x73, 0x65,
  0x63, 0x6f, 0x6e, 0x64, 0x20, 0x74, 0x6f, 0x20, 0x63, 0x61, 0x73, 0x74,
  0x61, 0x6e, 0x64, 0x20, 0x63, 0x61, 0x6e, 0x20, 0x62, 0x65, 0x20, 0x65,
  0x61, 0x73, 0x69, 0x6c, 0x79, 0x20, 0x69, 0x6e, 0x74, 0x65, 0x72, 0x72,
  0x75, 0x70, 0x74, 0x65, 0x64, 0x2e, 0x20, 0x43, 0x61, 0x73, 0x74, 0x69,
  0x6e, 0x67, 0x20, 0x61, 0x20, 0x73, 0x6b, 0x69, 0x6c, 0x6c, 0x20, 0x62,
  0x65, 0x74, 0x77, 0x65, 0x65, 0x6e, 0x20, 0x65, 0x61, 0x63, 0x68, 0x4d,
  0x69, 0x72, 0x61, 0x67, 0x65, 0x20, 0x43, 0x6c, 0x6f, 0x61, 0x6b, 0x63,
  0x61, 0x6e, 0x20, 0x68, 0x65, 0x6c, 0x70, 0x20, 0x65, 0x6e, 0x73, 0x75,
  0x72, 0x65, 0x20, 0x79, 0x6f, 0x75, 0x20, 0x67, 0x65, 0x74, 0x20, 0x74,
  0x68, 0x65, 0x20, 0x6d, 0x6f, 0x73, 0x74, 0x20, 0x66, 0x72, 0x6f, 0x6d,
  0x20, 0x79, 0x6f, 0x75, 0x72, 0x43, 0x6c, 0x6f, 0x6e, 0x65, 0x73, 0x2e,
  0x22, 0x0a, 0x20, 0x20, 0x20, 0x20, 0x20, 0x20, 0x20, 0x20, 0x20, 0x20,
  0x7d, 0x2c, 0x0a, 0x20, 0x20, 0x20, 0x20, 0x20, 0x20, 0x20, 0x20, 0x20,
  0x20, 0x7b, 0x0a, 0x20, 0x20, 0x20, 0x20, 0x20, 0x20, 0x20, 0x20, 0x20,
  0x20, 0x20, 0x20, 0x22, 0x74, 0x65, 0x78, 0x74, 0x22, 0x3a, 0x20, 0x22,
  0x41, 0x64, 0x64, 0x20, 0x69, 0x6e, 0x20, 0x74, 0x68, 0x65, 0x20, 0x66,
  0x6f, 0x6c, 0x6c, 0x6f, 0x77, 0x69, 0x6e, 0x67, 0x20, 0x73, 0x6b, 0x69,
  0x6c, 0x6c, 0x73, 0x20, 0x6f, 0x66, 0x66, 0x43, 0x6f, 0x6f, 0x6c, 0x64,
  0x6f, 0x77, 0x6e, 0x2c, 0x20, 0x61, 0x69, 0x6d, 0x69, 0x6e, 0x67, 0x20,
  0x74, 0x6f, 0x20, 0x75, 0x73, 0x65, 0x20, 0x6f, 0x6e, 0x65, 0x20, 0x62,
  0x65, 0x74, 0x77, 0x65, 0x65, 0x6e, 0x20, 0x65, 0x61, 0x63, 0x68, 0x4d,
  0x69, 0x72, 0x61, 0x67, 0x65, 0x20, 0x43, 0x6c, 0x6f, 0x61, 0x6b, 0x77,
  0x68, 0x65, 0x6e, 0x20, 0x61, 0x76, 0x61, 0x69, 0x6c, 0x61, 0x62, 0x6c,
  0x65, 0x3a, 0x22, 0x0a, 0x20, 0x20, 0x20, 0x20, 0x20, 0x20, 0x20, 0x20,
  0x20, 0x20, 0x7d, 0x2c, 0x0a, 0x20, 0x20, 0x20, 0x20, 0x20, 0x20, 0x20,
  0x20, 0x20, 0x20, 0x7b, 0x0a, 0x20, 0x20, 0x20, 0x20, 0x20, 0x20, 0x20,
  0x20, 0x20, 0x20, 0x20, 0x20, 0x22, 0x74, 0x65, 0x78, 0x74, 0x22, 0x3a,
  0x20, 0x22, 0x33, 0x22, 0x0a, 0x20, 0x20, 0x20, 0x20, 0x20, 0x20, 0x20,
  0x20, 0x20, 0x20, 0x7d, 0x2c, 0x0a, 0x20, 0x20, 0x20, 0x20, 0x20, 0x20,
  0x20, 0x20, 0x20, 0x20, 0x7b, 0x0a, 0x20, 0x20, 0x20, 0x20, 0x20, 0x20,
  0x20, 0x20, 0x20, 0x20, 0x20, 0x20, 0x22, 0x74, 0x65, 0x78, 0x74, 0x22,
  0x3a, 0x20, 0x22, 0x34, 0x22, 0x0a, 0x20, 0x20, 0x20, 0x20, 0x20, 0x20,
  0x20, 0x20, 0x20, 0x20, 0x7d, 0x2c, 0x0a, 0x20, 0x20, 0x20, 0x20, 0x20,
  0x20, 0x20, 0x20, 0x20, 0x20, 0x7b, 0x0a, 0x20, 0x20, 0x20, 0x20, 0x20,
  0x20, 0x20, 0x20, 0x20, 0x20, 0x20, 0x20, 0x22, 0x74, 0x65, 0x78, 0x74,
  0x22, 0x3a, 0x20, 0x22, 0x35, 0x22, 0x0a, 0x20, 0x20, 0x20, 0x20, 0x20,
  0x20, 0x20, 0x20, 0x20, 0x20, 0x7d, 0x0a, 0x20, 0x20, 0x20, 0x20, 0x20,
  0x20, 0x20, 0x20, 0x5d, 0x0a, 0x20, 0x20, 0x20, 0x20, 0x20, 0x20, 0x7d,
  0x2c, 0x0a, 0x20, 0x20, 0x20, 0x20, 0x20, 0x20, 0x7b, 0x0a, 0x20, 0x20,
  0x20, 0x20, 0x20, 0x20, 0x20, 0x20, 0x22, 0x74, 0x69, 0x74, 0x6c, 0x65,
  0x22, 0x3a, 0x20, 0x22, 0x53, 0x74, 0x65, 0x70, 0x20, 0x54, 0x68, 0x72,
  0x65, 0x65, 0x22, 0x2c, 0x0a, 0x20, 0x20, 0x20, 0x20, 0x20, 0x20, 0x20,
  0x20, 0x22, 0x69, 0x74, 0x65, 0x6d, 0x73, 0x22, 0x3a, 0x20, 0x5b, 0x0a,
  0x20, 0x20, 0x20, 0x20, 0x20, 0x20, 0x20, 0x20, 0x20, 0x20, 0x7b, 0x0a,
  0x20, 0x20, 0x20, 0x20, 0x20, 0x20, 0x20, 0x20, 0x20, 0x20, 0x20, 0x20,
  0x22, 0x74, 0x65, 0x78, 0x74, 0x22, 0x3a, 0x20, 0x22, 0x46, 0x69, 0x6e,
  0x61, 0x6c, 0x6c, 0x79, 0x2c, 0x20, 0x61, 0x64, 0x64, 0x20, 0x69, 0x6e,
  0x20, 0x74, 0x68, 0x65, 0x20, 0x66, 0x6f, 0x6c, 0x6c, 0x6f, 0x77, 0x69,
  0x6e, 0x67, 0x20, 0x74, 0x77, 0x6f, 0x20, 0x73, 0x6b, 0x69, 0x6c, 0x6c,
  0x73, 0x3a, 0x22, 0x0a, 0x20, 0x20, 0x20, 0x20, 0x20, 0x20, 0x20, 0x20,
  0x20, 0x20, 0x7d, 0x2c, 0x0a, 0x20, 0x20, 0x20, 0x20, 0x20, 0x20, 0x20,
  0x20, 0x20, 0x20, 0x7b, 0x0a, 0x20, 0x20, 0x20, 0x20, 0x20, 0x20, 0x20,
  0x20, 0x20, 0x20, 0x20, 0x20, 0x22, 0x74, 0x65, 0x78, 0x74, 0x22, 0x3a,
  0x20, 0x22, 0x46, 0x32, 0x3a, 0x20, 0x41, 0x69, 0x6d, 0x20, 0x74, 0x6f,
  0x20, 0x75, 0x73, 0x65, 0x20, 0x74, 0x68, 0x69, 0x73, 0x20, 0x6f, 0x66,
  0x66, 0x43, 0x6f, 0x6f, 0x6c, 0x64, 0x6f, 0x77, 0x6e, 0x2e, 0x20, 0x49,
  0x66, 0x20, 0x66, 0x6f, 0x72, 0x63, 0x65, 0x64, 0x20, 0x6d, 0x6f, 0x76,
  0x65, 0x6d, 0x65, 0x6e, 0x74, 0x20, 0x64, 0x6f, 0x65, 0x73, 0x6e, 0x27,
  0x74, 0x20, 0x62, 0x6f, 0x74, 0x68, 0x65, 0x72, 0x20, 0x79, 0x6f, 0x75,
  0x2c, 0x20, 0x63, 0x61, 0x73, 0x74, 0x32, 0x61, 0x66, 0x74, 0x65, 0x72,
  0x2e, 0x22, 0x0a, 0x20, 0x20, 0x20, 0x20, 0x20, 0x20, 0x20, 0x20, 0x20,
  0x20, 0x7d, 0x2c, 0x0a, 0x20, 0x20, 0x20, 0x20, 0x20, 0x20, 0x20, 0x20,
  0x20, 0x20, 0x7b, 0x0a, 0x20, 0x20, 0x20, 0x20, 0x20, 0x20, 0x20, 0x20,
  0x20, 0x20, 0x20, 0x20, 0x22, 0x74, 0x65, 0x78, 0x74, 0x22, 0x3a, 0x20,
  0x22, 0x36, 0x3a, 0x20, 0x54, 0x68, 0x69, 0x73, 0x20, 0x73, 0x6b, 0x69,
  0x6c, 0x6c, 0x20, 0x77, 0x69, 0x6c, 0x6c, 0x20, 0x67, 0x65, 0x6e, 0x65,
  0x72, 0x61, 0x74, 0x65, 0x20, 0x61, 0x61, 0x66, 0x74, 0x65, 0x72, 0x20,
  0x61, 0x20, 0x66, 0x65, 0x77, 0x20, 0x73, 0x65, 0x63, 0x6f, 0x6e, 0x64,
  0x73, 0x20, 0x77, 0x68, 0x69, 0x63, 0x68, 0x20, 0x79, 0x6f, 0x75, 0x20,
  0x63, 0x61, 0x6e, 0x20, 0x77, 0x61, 0x6c, 0x6b, 0x20, 0x69, 0x6e, 0x74,
  0x6f, 0x20, 0x66, 0x6f, 0x72, 0x20, 0x61, 0x6e, 0x20, 0x65, 0x78, 0x74,
  0x72, 0x61, 0x4d, 0x69, 0x72, 0x61, 0x67, 0x65, 0x20, 0x43, 0x6c, 0x6f,
  0x61, 0x6b, 0x2e, 0x22, 0x0a, 0x20, 0x20, 0x20, 0x20, 0x20, 0x20, 0x20,
  0x20, 0x20, 0x20, 0x7d, 0x0a, 0x20, 0x20, 0x20, 0x20, 0x20, 0x20, 0x20,
  0x20, 0x5d, 0x0a, 0x20, 0x20, 0x20, 0x20, 0x20, 0x20, 0x7d, 0x0a, 0x20,
  0x20, 0x20, 0x20, 0x5d, 0x0a, 0x20, 0x20, 0x7d, 0x2c, 0x0a, 0x20, 0x20,
  0x22, 0x6d, 0x65, 0x73, 0x6d, 0x65, 0x72, 0x2d, 0x63, 0x6f, 0x6e, 0x64,
  0x69, 0x74, 0x69, 0x6f, 0x6e, 0x2d, 0x76, 0x69, 0x72, 0x74, 0x75, 0x6f,
  0x73, 0x6f, 0x22, 0x3a, 0x20, 0x7b, 0x0a, 0x20, 0x20, 0x20, 0x20, 0x22,
  0x73, 0x65, 0x63, 0x74, 0x69, 0x6f, 0x6e, 0x73, 0x22, 0x3a, 0x20, 0x5b,
  0x0a, 0x20, 0x20, 0x20, 0x20, 0x20, 0x20, 0x7b, 0x0a, 0x20, 0x20, 0x20,
  0x20, 0x20, 0x20, 0x20, 0x20, 0x22, 0x74, 0x69, 0x74, 0x6c, 0x65, 0x22,
  0x3a, 0x20, 0x22, 0x4b, 0x65, 0x79, 0x20, 0x43, 0x6f, 0x6e, 0x63, 0x65,
  0x70, 0x74, 0x73, 0x22, 0x2c, 0x0a, 0x20, 0x20, 0x20, 0x20, 0x20, 0x20,
  0x20, 0x20, 0x22, 0x69, 0x74, 0x65, 0x6d, 0x73, 0x22, 0x3a, 0x20, 0x5b,
  0x0a, 0x20, 0x20, 0x20, 0x20, 0x20, 0x20, 0x20, 0x20, 0x20, 0x20, 0x7b,
  0x0a, 0x20, 0x20, 0x20, 0x20, 0x20, 0x20, 0x20, 0x20, 0x20, 0x20, 0x20,
  0x20, 0x22, 0x74, 0x65, 0x78, 0x74, 0x22, 0x3a, 0x20, 0x22, 0x54, 0x68,
  0x65, 0x20, 0x6d, 0x61, 0x69, 0x6e, 0x20, 0x64, 0x61, 0x6d, 0x61, 0x67,
  0x65, 0x20, 0x66, 0x72, 0x6f, 0x6d, 0x20, 0x74, 0x68, 0x69, 0x73, 0x20,
  0x62, 0x75, 0x69, 0x6c, 0x64, 0x20, 0x63, 0x6f, 0x6d, 0x65, 0x73, 0x20,
  0x66, 0x72, 0x6f, 0x6d, 0x42, 0x6c, 0x65, 0x65, 0x64, 0x69, 0x6e, 0x67,
  0x77, 0x68, 0x69, 0x63, 0x68, 0x20, 0x64, 0x65, 0x61, 0x6c, 0x73, 0x20,
  0x32, 0x35, 0x25, 0x20, 0x6d, 0x6f, 0x72, 0x65, 0x44, 0x61, 0x6d, 0x61,
  0x67, 0x65, 0x74, 0x68, 0x61, 0x6e, 0x6b, 0x73, 0x20, 0x74, 0x6f, 0x2e,
  0x22, 0x0a, 0x20, 0x20, 0x20, 0x20, 0x20, 0x20, 0x20, 0x20, 0x20, 0x20,
  0x7d, 0x2c, 0x0a, 0x20, 0x20, 0x20, 0x20, 0x20, 0x20, 0x20, 0x20, 0x20,
  0x20, 0x7b, 0x0a, 0x20, 0x20, 0x20, 0x20, 0x20, 0x20, 0x20, 0x20, 0x20,
  0x20, 0x20, 0x20, 0x22, 0x74, 0x65, 0x78, 0x74, 0x22, 0x3a, 0x20, 0x22,
  0x54, 0x77, 0x6f, 0x20, 0x74, 0x72, 0x61, 0x69, 0x74, 0x73, 0x20, 0x67,
  0x69, 0x76, 0x65, 0x20, 0x75, 0x73, 0x20, 0x61, 0x6c, 0x6c, 0x20, 0x6f,
  0x66, 0x20, 0x6f, 0x75, 0x72, 0x42, 0x6c, 0x65, 0x65, 0x64, 0x69, 0x6e,
  0x67, 0x3a, 0x22, 0x0a, 0x20, 0x20, 0x20, 0x20, 0x20, 0x20, 0x20, 0x20,
  0x20, 0x20, 0x7d, 0x2c, 0x0a, 0x20, 0x20, 0x20, 0x20, 0x20, 0x20, 0x20,
  0x20, 0x20, 0x20, 0x7b, 0x0a, 0x20, 0x20, 0x20, 0x20, 0x20, 0x20, 0x20,
  0x20, 0x20, 0x20, 0x20, 0x20, 0x22, 0x74, 0x65, 0x78, 0x74, 0x22, 0x3a,
  0x20, 0x22, 0x66, 0x72, 0x6f, 0x6d, 0x20, 0x6f, 0x75, 0x72, 0x50, 0x68,
  0x61, 0x6e, 0x74, 0x61, 0x73, 0x6d, 0x73, 0x77, 0x68, 0x65, 0x6e, 0x20,
  0x74, 0x68, 0x65, 0x79, 0x20, 0x69, 0x6e, 0x66, 0x6c, 0x69, 0x63, 0x74,
  0x20, 0x61, 0x43, 0x72, 0x69, 0x74, 0x69, 0x63, 0x61, 0x6c, 0x20, 0x48,
  0x69, 0x74, 0x22, 0x0a, 0x20, 0x20, 0x20, 0x20, 0x20, 0x20, 0x20, 0x20,
  0x20, 0x20, 0x7d, 0x2c, 0x0a, 0x20, 0x20, 0x20, 0x20, 0x20, 0x20, 0x20,
  0x20, 0x20, 0x20, 0x7b, 0x0a, 0x20, 0x20, 0x20, 0x20, 0x20, 0x20, 0x20,
  0x20, 0x20, 0x20, 0x20, 0x20, 0x22, 0x74, 0x65, 0x78, 0x74, 0x22, 0x3a,
  0x20, 0x22, 0x66, 0x72, 0x6f, 0x6d, 0x20, 0x61, 0x6e, 0x79, 0x42, 0x6c,
  0x61, 0x64, 0x65, 0x73, 0x6b, 0x69, 0x6c, 0x6c, 0x20, 0x77, 0x68, 0x65,
  0x6e, 0x20, 0x74, 0x68, 0x65, 0x79, 0x20, 0x69, 0x6e, 0x66, 0x6c, 0x69,
  0x63, 0x74, 0x20, 0x61, 0x43, 0x72, 0x69, 0x74, 0x69, 0x63, 0x61, 0x6c,
  0x20, 0x48, 0x69, 0x74, 0x2e, 0x22, 0x0a, 0x20, 0x20, 0x20, 0x20, 0x20,
  0x20, 0x20, 0x20, 0x20, 0x20, 0x7d, 0x2c, 0x0a, 0x20, 0x20, 0x20, 0x20,
  0x20, 0x20, 0x20, 0x20, 0x20, 0x20, 0x7b, 0x0a, 0x20, 0x20, 0x20, 0x20,
  0x20, 0x20, 0x20, 0x20, 0x20, 0x20, 0x20, 0x20, 0x22, 0x74, 0x65, 0x78,
  0x74, 0x22, 0x3a, 0x20, 0x22, 0x44, 0x75, 0x65, 0x20, 0x74, 0x6f, 0x20,
  0x74, 0x68, 0x65, 0x73, 0x65, 0x20, 0x74, 0x72, 0x61, 0x69, 0x74, 0x73,
  0x2c, 0x20, 0x69, 0x74, 0x27, 0x73, 0x20, 0x76, 0x65, 0x72, 0x79, 0x20,
  0x69, 0x6d, 0x70, 0x6f, 0x72, 0x74, 0x61, 0x6e, 0x74, 0x20, 0x74, 0x68,
  0x61, 0x74, 0x20, 0x77, 0x65, 0x20, 0x72, 0x65, 0x61, 0x63, 0x68, 0x20,
  0x31, 0x30, 0x30, 0x25, 0x43, 0x72, 0x69, 0x74, 0x69, 0x63, 0x61, 0x6c,
  0x20, 0x43, 0x68, 0x61, 0x6e, 0x63, 0x65, 0x2e, 0x20, 0x54, 0x68, 0x61,
  0x6e, 0x6b, 0x66, 0x75, 0x6c, 0x6c, 0x79, 0x2c, 0x20, 0x74, 0x68, 0x69,
  0x73, 0x20, 0x69, 0x73, 0x20, 0x6d, 0x61, 0x64, 0x65, 0x20, 0x65, 0x61,
  0x73, 0x69, 0x65, 0x72, 0x20, 0x64, 0x75, 0x65, 0x20, 0x74, 0x6f, 0x2e,
  0x22, 0x0a, 0x20, 0x20, 0x20, 0x20, 0x20, 0x20, 0x20, 0x20, 0x20, 0x20,
  0x7d, 0x2c, 0x0a, 0x20, 0x20, 0x20, 0x20, 0x20, 0x20, 0x20, 0x20, 0x20,
  0x20, 0x7b, 0x0a, 0x20, 0x20, 0x20, 0x20, 0x20, 0x20, 0x20, 0x20, 0x20,
  0x20, 0x20, 0x20, 0x22, 0x74, 0x65, 0x78, 0x74, 0x22, 0x3a, 0x20, 0x22,
  0x68, 0x61, 0x73, 0x20, 0x61, 0x20, 0x66, 0x65, 0x77, 0x20, 0x69, 0x6d,
  0x70, 0x6f, 0x72, 0x74, 0x61, 0x6e, 0x74, 0x20, 0x65, 0x66, 0x66, 0x65,
  0x63, 0x74, 0x73, 0x3a, 0x22, 0x0a, 0x20, 0x20, 0x20, 0x20, 0x20, 0x20,
  0x20, 0x20, 0x20, 0x20, 0x7d, 0x2c, 0x0a, 0x20, 0x20, 0x20, 0x20, 0x20,
  0x20, 0x20, 0x20, 0x20, 0x20, 0x7b, 0x0a, 0x20, 0x20, 0x20, 0x20, 0x20,
  0x20, 0x20, 0x20, 0x20, 0x20, 0x20, 0x20, 0x22, 0x74, 0x65, 0x78, 0x74,
  0x22, 0x3a, 0x20, 0x22, 0x42, 0x6c, 0x61, 0x64, 0x65, 0x73, 0x6b, 0x69,
  0x6c, 0x6c, 0x73, 0x20, 0x77, 0x69, 0x6c, 0x6c, 0x20, 0x69, 0x6e, 0x66,
  0x6c, 0x69, 0x63, 0x74, 0x56, 0x75, 0x6c, 0x6e, 0x65, 0x72, 0x61, 0x62,
  0x69, 0x6c, 0x69, 0x74, 0x79, 0x74, 0x68, 0x65, 0x72, 0x65, 0x62, 0x79,
  0x20, 0x65, 0x61, 0x73, 0x69, 0x6c, 0x79, 0x20, 0x6d, 0x61, 0x69, 0x6e,
  0x74, 0x61, 0x69, 0x6e, 0x67, 0x20, 0x74, 0x68, 0x65, 0x20, 0x62, 0x75,
  0x66, 0x66, 0x20, 0x66, 0x72, 0x6f, 0x6d, 0x22, 0x0a, 0x20, 0x20, 0x20,
  0x20, 0x20, 0x20, 0x20, 0x20, 0x20, 0x20, 0x7d, 0x2c, 0x0a, 0x20, 0x20,
  0x20, 0x20, 0x20, 0x20, 0x20, 0x20, 0x20, 0x20, 0x7b, 0x0a, 0x20, 0x20,
  0x20, 0x20, 0x20, 0x20, 0x20, 0x20, 0x20, 0x20, 0x20, 0x20, 0x22, 0x74,
  0x65, 0x78, 0x74, 0x22, 0x3a, 0x20, 0x22, 0x49, 0x74, 0x20, 0x69, 0x6e,
  0x63, 0x72, 0x65, 0x61, 0x73, 0x65, 0x73, 0x20, 0x6f, 0x75, 0x72, 0x53,
  0x74, 0x72, 0x69, 0x6b, 0x65, 0x20, 0x44, 0x61, 0x6d, 0x61, 0x67, 0x65,
  0x61, 0x6e, 0x64, 0x43, 0x6f, 0x6e, 0x64, 0x69, 0x74, 0x69, 0x6f, 0x6e,
  0x20, 0x44, 0x61, 0x6d, 0x61, 0x67, 0x65, 0x62, 0x79, 0x20, 0x35, 0x25,
  0x20, 0x61, 0x66, 0x74, 0x65, 0x72, 0x20, 0x75, 0x73, 0x69, 0x6e, 0x67,
  0x20, 0x61, 0x42, 0x6c, 0x61, 0x64, 0x65, 0x73, 0x6f, 0x6e, 0x67, 0x2e,
  0x22, 0x0a, 0x20, 0x20, 0x20, 0x20, 0x20, 0x20, 0x20, 0x20, 0x20, 0x20,
  0x7d, 0x0a, 0x20, 0x20, 0x20, 0x20, 0x20, 0x20, 0x20, 0x20, 0x5d, 0x0a,
  0x20, 0x20, 0x20, 0x20, 0x20, 0x20, 0x7d, 0x2c, 0x0a, 0x20, 0x20, 0x20,
  0x20, 0x20, 0x20, 0x7b, 0x0a, 0x20, 0x20, 0x20, 0x20, 0x20, 0x20, 0x20,
  0x20, 0x22, 0x74, 0x69, 0x74, 0x6c, 0x65, 0x22, 0x3a, 0x20, 0x22, 0x4f,
  0x70, 0x65, 0x6e, 0x65, 0x72, 0x22, 0x2c, 0x0a, 0x20, 0x20, 0x20, 0x20,
  0x20, 0x20, 0x20, 0x20, 0x22, 0x69, 0x74, 0x65, 0x6d, 0x73, 0x22, 0x3a,
  0x20, 0x5b, 0x0a, 0x20, 0x20, 0x20, 0x20, 0x20, 0x20, 0x20, 0x20, 0x20,
  0x20, 0x7b, 0x0a, 0x20, 0x20, 0x20, 0x20, 0x20, 0x20, 0x20, 0x20, 0x20,
  0x20, 0x20, 0x20, 0x22, 0x74, 0x65, 0x78, 0x74, 0x22, 0x3a, 0x20, 0x22,
  0x2b, 0x22, 0x0a, 0x20, 0x20, 0x20, 0x20, 0x20, 0x20, 0x20, 0x20, 0x20,
  0x20, 0x7d, 0x2c, 0x0a, 0x20, 0x20, 0x20, 0x20, 0x20, 0x20, 0x20, 0x20,
  0x20, 0x20, 0x7b, 0x0a, 0x20, 0x20, 0x20, 0x20, 0x20, 0x20, 0x20, 0x20,
  0x20, 0x20, 0x20, 0x20, 0x22, 0x74, 0x65, 0x78, 0x74, 0x22, 0x3a, 0x20,
  0x22, 0x6f, 0x6e, 0x63, 0x65, 0x20, 0x79, 0x6f, 0x75, 0x20, 0x68, 0x61,
  0x76, 0x65, 0x20, 0x66, 0x69, 0x76, 0x65, 0x42, 0x6c, 0x61, 0x64, 0x65,
  0x73, 0x22, 0x0a, 0x20, 0x20, 0x20, 0x20, 0x20, 0x20, 0x20, 0x20, 0x20,
  0x20, 0x7d, 0x0a, 0x20, 0x20, 0x20, 0x20, 0x20, 0x20, 0x20, 0x20, 0x5d,
  0x0a, 0x20, 0x20, 0x20, 0x20, 0x20, 0x20, 0x7d, 0x2c, 0x0a, 0x20, 0x20,
  0x20, 0x20, 0x20, 0x20, 0x7b, 0x0a, 0x20, 0x20, 0x20, 0x20, 0x20, 0x20,
  0x20, 0x20, 0x22, 0x74, 0x69, 0x74, 0x6c, 0x65, 0x22, 0x3a, 0x20, 0x22,
  0x53, 0x74, 0x65, 0x70, 0x20, 0x4f, 0x6e, 0x65, 0x22, 0x2c, 0x0a, 0x20,
  0x20, 0x20, 0x20, 0x20, 0x20, 0x20, 0x20, 0x22, 0x69, 0x74, 0x65, 0x6d,
  0x73, 0x22, 0x3a, 0x20, 0x5b, 0x0a, 0x20, 0x20, 0x20, 0x20, 0x20, 0x20,
  0x20, 0x20, 0x20, 0x20, 0x7b, 0x0a, 0x20, 0x20, 0x20, 0x20, 0x20, 0x20,
  0x20, 0x20, 0x20, 0x20, 0x20, 0x20, 0x22, 0x74, 0x65, 0x78, 0x74, 0x22,
  0x3a, 0x20, 0x22, 0x55, 0x73, 0x65, 0x20, 0x79, 0x6f, 0x75, 0x72, 0x44,
  0x61, 0x67, 0x67, 0x65, 0x72, 0x2f, 0x53, 0x77, 0x6f, 0x72, 0x64, 0x73,
  0x6b, 0x69, 0x6c, 0x6c, 0x73, 0x20, 0x6f, 0x66, 0x66, 0x43, 0x6f, 0x6f,
  0x6c, 0x64, 0x6f, 0x77, 0x6e, 0x77, 0x69, 0x74, 0x68, 0x20, 0x74, 0x68,
  0x65, 0x20, 0x66, 0x6f, 0x6c, 0x6c, 0x6f, 0x77, 0x69, 0x6e, 0x67, 0x20,
  0x70, 0x72, 0x69, 0x6f, 0x72, 0x69, 0x74, 0x79, 0x3a, 0x22, 0x0a, 0x20,
  0x20, 0x20, 0x20, 0x20, 0x20, 0x20, 0x20, 0x20, 0x20, 0x7d, 0x0a, 0x20,
  0x20, 0x20, 0x20, 0x20, 0x20, 0x20, 0x20, 0x5d, 0x0a, 0x20, 0x20, 0x20,
  0x20, 0x20, 0x20, 0x7d, 0x2c, 0x0a, 0x20, 0x20, 0x20, 0x20, 0x20, 0x20,
  0x7b, 0x0a, 0x20, 0x20, 0x20, 0x20, 0x20, 0x20, 0x20, 0x20, 0x22, 0x74,
  0x69, 0x74, 0x6c, 0x65, 0x22, 0x3a, 0x20, 0x22, 0x53, 0x74, 0x65, 0x70,
  0x20, 0x54, 0x77, 0x6f, 0x22, 0x2c, 0x0a, 0x20, 0x20, 0x20, 0x20, 0x20,
  0x20, 0x20, 0x20, 0x22, 0x69, 0x74, 0x65, 0x6d, 0x73, 0x22, 0x3a, 0x20,
  0x5b, 0x0a, 0x20, 0x20, 0x20, 0x20, 0x20, 0x20, 0x20, 0x20, 0x20, 0x20,
  0x7b, 0x0a, 0x20, 0x20, 0x20, 0x20, 0x20, 0x20, 0x20, 0x20, 0x20, 0x20,
  0x20, 0x20, 0x22, 0x74, 0x65, 0x78, 0x74, 0x22, 0x3a, 0x20, 0x22, 0x55,
  0x73, 0x65, 0x20, 0x79, 0x6f, 0x75, 0x72, 0x42, 0x6c, 0x61, 0x64, 0x65,
  0x73, 0x6f, 0x6e, 0x67, 0x73, 0x77, 0x68, 0x65, 0x6e, 0x65, 0x76, 0x65,
  0x72, 0x20, 0x79, 0x6f, 0x75, 0x20, 0x72, 0x65, 0x61, 0x63, 0x68, 0x20,
  0x66, 0x69, 0x76, 0x65, 0x42, 0x6c, 0x61, 0x64, 0x65, 0x73, 0x77, 0x69,
  0x74, 0x68, 0x20, 0x74, 0x68, 0x65, 0x20, 0x66, 0x6f, 0x6c, 0x6c, 0x6f,
  0x77, 0x69, 0x6e, 0x67, 0x20, 0x70, 0x72, 0x69, 0x6f, 0x72, 0x69, 0x74,
  0x79, 0x3a, 0x22, 0x0a, 0x20, 0x20, 0x20, 0x20, 0x20, 0x20, 0x20, 0x20,
  0x20, 0x20, 0x7d, 0x2c, 0x0a, 0x20, 0x20, 0x20, 0x20, 0x20, 0x20, 0x20,
  0x20, 0x20, 0x20, 0x7b, 0x0a, 0x20, 0x20, 0x20, 0x20, 0x20, 0x20, 0x20,
  0x20, 0x20, 0x20, 0x20, 0x20, 0x22, 0x74, 0x65, 0x78, 0x74, 0x22, 0x3a,
  0x20, 0x22, 0x4b, 0x65, 0x65, 0x70, 0x66, 0x72, 0x6f, 0x6d, 0x20, 0x72,
  0x65, 0x61, 0x63, 0x68, 0x69, 0x6e, 0x67, 0x20, 0x74, 0x77, 0x6f, 0x43,
  0x68, 0x61, 0x72, 0x67, 0x65, 0x73, 0x2e, 0x20, 0x49, 0x66, 0x20, 0x69,
  0x74, 0x20, 0x6f, 0x6e, 0x6c, 0x79, 0x20, 0x68, 0x61, 0x73, 0x20, 0x6f,
  0x6e, 0x65, 0x43, 0x68, 0x61, 0x72, 0x67, 0x65, 0x2c, 0x20, 0x74, 0x68,
  0x65, 0x6e, 0x69, 0x73, 0x20, 0x6f, 0x66, 0x20, 0x68, 0x69, 0x67, 0x68,
  0x65, 0x72, 0x20, 0x70, 0x72, 0x69, 0x6f, 0x72, 0x69, 0x74, 0x79, 0x2e,
  0x22, 0x0a, 0x20, 0x20, 0x20, 0x20, 0x20, 0x20, 0x20, 0x20, 0x20, 0x20,
  0x7d, 0x2c, 0x0a, 0x20, 0x20, 0x20, 0x20, 0x20, 0x20, 0x20, 0x20, 0x20,
  0x20, 0x7b, 0x0a, 0x20, 0x20, 0x20, 0x20, 0x20, 0x20, 0x20, 0x20, 0x20,
  0x20, 0x20, 0x20, 0x22, 0x74, 0x65, 0x78, 0x74, 0x22, 0x3a, 0x20, 0x22,
  0x6c, 0x61, 0x73, 0x74, 0x20, 0x73, 0x65, 0x76, 0x65, 0x6e, 0x20, 0x73,
  0x65, 0x63, 0x6f, 0x6e, 0x64, 0x73, 0x2c, 0x20, 0x79, 0x6f, 0x75, 0x20,
  0x63, 0x61, 0x6e, 0x20, 0x64, 0x65, 0x6c, 0x61, 0x79, 0x69, 0x66, 0x20,
  0x79, 0x6f, 0x75, 0x20, 0x61, 0x6c, 0x72, 0x65, 0x61, 0x64, 0x79, 0x20,
  0x68, 0x61, 0x76, 0x65, 0x20, 0x74, 0x68, 0x65, 0x20, 0x62, 0x75, 0x66,
  0x66, 0x20, 0x74, 0x6f, 0x20, 0x67, 0x75, 0x61, 0x72, 0x61, 0x6e, 0x74,
  0x65, 0x65, 0x20, 0x31, 0x30, 0x30, 0x25, 0x20, 0x75, 0x70, 0x74, 0x69,
  0x6d, 0x65, 0x2e, 0x22, 0x0a, 0x20, 0x20, 0x20, 0x20, 0x20, 0x20, 0x20,
  0x20, 0x20, 0x20, 0x7d, 0x0a, 0x20, 0x20, 0x20, 0x20, 0x20, 0x20, 0x20,
  0x20, 0x5d, 0x0a, 0x20, 0x20, 0x20, 0x20, 0x20, 0x20, 0x7d, 0x2c, 0x0a,
  0x20, 0x20, 0x20, 0x20, 0x20, 0x20, 0x7b, 0x0a, 0x20, 0x20, 0x20, 0x20,
  0x20, 0x20, 0x20, 0x20, 0x22, 0x74, 0x69, 0x74, 0x6c, 0x65, 0x22, 0x3a,
  0x20, 0x22, 0x53, 0x74, 0x65, 0x70, 0x20, 0x54, 0x68, 0x72, 0x65, 0x65,
  0x22, 0x2c, 0x0a, 0x20, 0x20, 0x20, 0x20, 0x20, 0x20, 0x20, 0x20, 0x22,
  0x69, 0x74, 0x65, 0x6d, 0x73, 0x22, 0x3a, 0x20, 0x5b, 0x0a, 0x20, 0x20,
  0x20, 0x20, 0x20, 0x20, 0x20, 0x20, 0x20, 0x20, 0x7b, 0x0a, 0x20, 0x20,
  0x20, 0x20, 0x20, 0x20, 0x20, 0x20, 0x20, 0x20, 0x20, 0x20, 0x22, 0x74,
  0x65, 0x78, 0x74, 0x22, 0x3a, 0x20, 0x22, 0x55, 0x73, 0x65, 0x6f, 0x66,
  0x66, 0x43, 0x6f, 0x6f, 0x6c, 0x64, 0x6f, 0x77, 0x6e, 0x61, 0x73, 0x20,
  0x69, 0x74, 0x20, 0x69, 0x73, 0x20, 0x61, 0x6e, 0x20, 0x69, 0x6e, 0x73,
  0x74, 0x61, 0x6e, 0x74, 0x20, 0x63, 0x61, 0x73, 0x74, 0x2e, 0x22, 0x0a,
  0x20, 0x20, 0x20, 0x20, 0x20, 0x20, 0x20, 0x20, 0x20, 0x20, 0x7d, 0x2c,
  0x0a, 0x20, 0x20, 0x20, 0x20, 0x20, 0x20, 0x20, 0x20, 0x20, 0x20, 0x7b,
  0x0a, 0x20, 0x20, 0x20, 0x20, 0x20, 0x20, 0x20, 0x20, 0x20, 0x20, 0x20,
  0x20, 0x22, 0x74, 0x65, 0x78, 0x74, 0x22, 0x3a, 0x20, 0x22, 0x63, 0x61,
  0x6e, 0x20, 0x61, 0x6c, 0x73, 0x6f, 0x20, 0x62, 0x65, 0x20, 0x75, 0x73,
  0x65, 0x64, 0x20, 0x6f, 0x66, 0x66, 0x43, 0x6f, 0x6f, 0x6c, 0x64, 0x6f,
  0x77, 0x6e, 0x61, 0x73, 0x20, 0x74, 0x68, 0x65, 0x20, 0x6c, 0x6f, 0x77,
  0x65, 0x73, 0x74, 0x20, 0x70, 0x72, 0x69, 0x6f, 0x72, 0x69, 0x74, 0x79,
  0x20, 0x73, 0x6b, 0x69, 0x6c, 0x6c, 0x20, 0x79, 0x6f, 0x75, 0x20, 0x68,
  0x61, 0x76, 0x65, 0x20, 0x61, 0x76, 0x61, 0x69, 0x6c, 0x61, 0x62, 0x6c,
  0x65, 0x2e, 0x22, 0x0a, 0x20, 0x20, 0x20, 0x20, 0x20, 0x20, 0x20, 0x20,
  0x20, 0x20, 0x7d, 0x0a, 0x20, 0x20, 0x20, 0x20, 0x20, 0x20, 0x20, 0x20,
  0x5d, 0x0a, 0x20, 0x20, 0x20, 0x20, 0x20, 0x20, 0x7d, 0x2c, 0x0a, 0x20,
  0x20, 0x20, 0x20, 0x20, 0x20, 0x7b, 0x0a, 0x20, 0x20, 0x20, 0x20, 0x20,
  0x20, 0x20, 0x20, 0x22, 0x74, 0x69, 0x74, 0x6c, 0x65, 0x22, 0x3a, 0x20,
  0x22, 0x43, 0x72, 0x6f, 0x77, 0x64, 0x20, 0x43, 0x6f, 0x6e, 0x74, 0x72,
  0x6f, 0x6c, 0x22, 0x2c, 0x0a, 0x20, 0x20, 0x20, 0x20, 0x20, 0x20, 0x20,
  0x20, 0x22, 0x69, 0x74, 0x65, 0x6d, 0x73, 0x22, 0x3a, 0x20, 0x5b, 0x5d,
  0x0a, 0x20, 0x20, 0x20, 0x20, 0x20, 0x20, 0x7d, 0x0a, 0x20, 0x20, 0x20,
  0x20, 0x5d, 0x0a, 0x20, 0x20, 0x7d, 0x2c, 0x0a, 0x20, 0x20, 0x22, 0x6e,
  0x65, 0x63, 0x72, 0x6f, 0x6d, 0x61, 0x6e, 0x63, 0x65, 0x72, 0x2d, 0x70,
  0x6f, 0x77, 0x65, 0x72, 0x2d, 0x72, 0x65, 0x61, 0x70, 0x65, 0x72, 0x22,
  0x3a, 0x20, 0x7b, 0x0a, 0x20, 0x20, 0x20, 0x20, 0x22, 0x73, 0x65, 0x63,
  0x74, 0x69, 0x6f, 0x6e, 0x73, 0x22, 0x3a, 0x20, 0x5b, 0x0a, 0x20, 0x20,
  0x20, 0x20, 0x20, 0x20, 0x7b, 0x0a, 0x20, 0x20, 0x20, 0x20, 0x20, 0x20,
  0x20, 0x20, 0x22, 0x74, 0x69, 0x74, 0x6c, 0x65, 0x22, 0x3a, 0x20, 0x22,
  0x4b, 0x65, 0x79, 0x20, 0x43, 0x6f, 0x6e, 0x63, 0x65, 0x70, 0x74, 0x73,
  0x22, 0x2c, 0x0a, 0x20, 0x20, 0x20, 0x20, 0x20, 0x20, 0x20, 0x20, 0x22,
  0x69, 0x74, 0x65, 0x6d, 0x73, 0x22, 0x3a, 0x20, 0x5b, 0x0a, 0x20, 0x20,
  0x20, 0x20, 0x20, 0x20, 0x20, 0x20, 0x20, 0x20, 0x7b, 0x0a, 0x20, 0x20,
  0x20, 0x20, 0x20, 0x20, 0x20, 0x20, 0x20, 0x20, 0x20, 0x20, 0x22, 0x74,
  0x65, 0x78, 0x74, 0x22, 0x3a, 0x20, 0x22, 0x54, 0x68, 0x65, 0x20, 0x69,
  0x64, 0x65, 0x61, 0x20, 0x6f, 0x66, 0x20, 0x74, 0x68, 0x69, 0x73, 0x20,
  0x62, 0x75, 0x69, 0x6c, 0x64, 0x20, 0x69, 0x73, 0x20, 0x74, 0x6f, 0x20,
  0x65, 0x6e, 0x74, 0x65, 0x72, 0x61, 0x6e, 0x64, 0x20, 0x73, 0x74, 0x61,
  0x72, 0x74, 0x20, 0x73, 0x77, 0x69, 0x6e, 0x67, 0x69, 0x6e, 0x67, 0x20,
  0x79, 0x6f, 0x75, 0x72, 0x20, 0x73, 0x63, 0x79, 0x74, 0x68, 0x65, 0x2e,
  0x20, 0x4d, 0x61, 0x78, 0x69, 0x6d, 0x69, 0x7a, 0x69, 0x6e, 0x67, 0x20,
  0x79, 0x6f, 0x75, 0x72, 0x20, 0x74, 0x69, 0x6d, 0x65, 0x20, 0x69, 0x6e,
  0x64, 0x72, 0x61, 0x73, 0x74, 0x69, 0x63, 0x61, 0x6c, 0x6c, 0x79, 0x20,
  0x69, 0x6e, 0x63, 0x72, 0x65, 0x61, 0x73, 0x65, 0x73, 0x20, 0x79, 0x6f,
  0x75, 0x72, 0x43, 0x72, 0x69, 0x74, 0x69, 0x63, 0x61, 0x6c, 0x20, 0x44,
  0x61, 0x6d, 0x61, 0x67, 0x65, 0x74, 0x68, 0x61, 0x6e, 0x6b, 0x73, 0x20,
  0x74, 0x6f, 0x20, 0x74, 0x77, 0x6f, 0x20, 0x74, 0x72, 0x61, 0x69, 0x74,
  0x73, 0x3a, 0x22, 0x0a, 0x20, 0x20, 0x20, 0x20, 0x20, 0x20, 0x20, 0x20,
  0x20, 0x20, 0x7d, 0x2c, 0x0a, 0x20, 0x20, 0x20, 0x20, 0x20, 0x20, 0x20,
  0x20, 0x20, 0x20, 0x7b, 0x0a, 0x20, 0x20, 0x20, 0x20, 0x20, 0x20, 0x20,
  0x20, 0x20, 0x20, 0x20, 0x20, 0x22, 0x74, 0x65, 0x78, 0x74, 0x22, 0x3a,
  0x20, 0x22, 0x67, 0x69, 0x76, 0x65, 0x73, 0x20, 0x31, 0x35, 0x25, 0x43,
  0x72, 0x69, 0x74, 0x69, 0x63, 0x61, 0x6c, 0x20, 0x44, 0x61, 0x6d, 0x61,
  0x67, 0x65, 0x77, 0x68, 0x65, 0x6e, 0x20, 0x69, 0x6e, 0x22, 0x0a, 0x20,
  0x20, 0x20, 0x20, 0x20, 0x20, 0x20, 0x20, 0x20, 0x20, 0x7d, 0x2c, 0x0a,
  0x20, 0x20, 0x20, 0x20, 0x20, 0x20, 0x20, 0x20, 0x20, 0x20, 0x7b, 0x0a,
  0x20, 0x20, 0x20, 0x20, 0x20, 0x20, 0x20, 0x20, 0x20, 0x20, 0x20, 0x20,
  0x22, 0x74, 0x65, 0x78, 0x74, 0x22, 0x3a, 0x20, 0x22, 0x67, 0x69, 0x76,
  0x65, 0x73, 0x20, 0x75, 0x73, 0x20, 0x2b, 0x33, 0x30, 0x30, 0x46, 0x65,
  0x72, 0x6f, 0x63, 0x69, 0x74, 0x79, 0x77, 0x68, 0x65, 0x6e, 0x20, 0x69,
  0x6e, 0x2e, 0x22, 0x0a, 0x20, 0x20, 0x20, 0x20, 0x20, 0x20, 0x20, 0x20,
  0x20, 0x20, 0x7d, 0x2c, 0x0a, 0x20, 0x20, 0x20, 0x20, 0x20, 0x20, 0x20,
  0x20, 0x20, 0x20, 0x7b, 0x0a, 0x20, 0x20, 0x20, 0x20, 0x20, 0x20, 0x20,
  0x20, 0x20, 0x20, 0x20, 0x20, 0x22, 0x74, 0x65, 0x78, 0x74, 0x22, 0x3a,
  0x20, 0x22, 0x57, 0x68, 0x65, 0x6e, 0x65, 0x76, 0x65, 0x72, 0x20, 0x79,
  0x6f, 0x75, 0x20, 0x6c, 0x65, 0x61, 0x76, 0x65, 0x20, 0x73, 0x68, 0x72,
  0x6f, 0x75, 0x64, 0x2c, 0x20, 0x75, 0x73, 0x65, 0x20, 0x79, 0x6f, 0x75,
  0x72, 0x20, 0x62, 0x69, 0x67, 0x41, 0x6f, 0x45, 0x73, 0x6b, 0x69, 0x6c,
  0x6c, 0x73, 0x20, 0x66, 0x6f, 0x72, 0x20, 0x61, 0x20, 0x64, 0x61, 0x6d,
  0x61, 0x67, 0x65, 0x20, 0x73, 0x70, 0x69, 0x6b, 0x65, 0x20, 0x62, 0x65,
  0x66, 0x6f, 0x72, 0x65, 0x20, 0x67, 0x6f, 0x69, 0x6e, 0x67, 0x20, 0x62,
  0x61, 0x63, 0x6b, 0x20, 0x69, 0x6e, 0x74, 0x6f, 0x3a, 0x22, 0x0a, 0x20,
  0x20, 0x20, 0x20, 0x20, 0x20, 0x20, 0x20, 0x20, 0x20, 0x7d, 0x2c, 0x0a,
  0x20, 0x20, 0x20, 0x20, 0x20, 0x20, 0x20, 0x20, 0x20, 0x20, 0x7b, 0x0a,
  0x20, 0x20, 0x20, 0x20, 0x20, 0x20, 0x20, 0x20, 0x20, 0x20, 0x20, 0x20,
  0x22, 0x74, 0x65, 0x78, 0x74, 0x22, 0x3a, 0x20, 0x22, 0x4d, 0x61, 0x6b,
  0x65, 0x20, 0x73, 0x75, 0x72, 0x65, 0x20, 0x74, 0x6f, 0x61, 0x74, 0x20,
  0x74, 0x68, 0x65, 0x20, 0x73, 0x74, 0x61, 0x72, 0x74, 0x20, 0x6f, 0x66,
  0x20, 0x65, 0x61, 0x63, 0x68, 0x20, 0x66, 0x69, 0x67, 0x68, 0x74, 0x20,
  0x6f, 0x72, 0x20, 0x77, 0x68, 0x65, 0x6e, 0x20, 0x79, 0x6f, 0x75, 0x72,
  0x20, 0x46, 0x6c, 0x65, 0x73, 0x68, 0x20, 0x47, 0x6f, 0x6c, 0x65, 0x6d,
  0x20, 0x67, 0x65, 0x74, 0x73, 0x20, 0x6b, 0x69, 0x6c, 0x6c, 0x65, 0x64,
  0x2e, 0x22, 0x0a, 0x20, 0x20, 0x20, 0x20, 0x20, 0x20, 0x20, 0x20, 0x20,
  0x20, 0x7d, 0x0a, 0x20, 0x20, 0x20, 0x20, 0x20, 0x20, 0x20, 0x20, 0x5d,
  0x0a, 0x20, 0x20, 0x20, 0x20, 0x20, 0x20, 0x7d, 0x2c, 0x0a, 0x20, 0x20,
  0x20, 0x20, 0x20, 0x20, 0x7b, 0x0a, 0x20, 0x20, 0x20, 0x20, 0x20, 0x20,
  0x20, 0x20, 0x22, 0x74, 0x69, 0x74, 0x6c, 0x65, 0x22, 0x3a, 0x20, 0x22,
  0x4f, 0x70, 0x65, 0x6e, 0x65, 0x72, 0x22, 0x2c, 0x0a, 0x20, 0x20, 0x20,
  0x20, 0x20, 0x20, 0x20, 0x20, 0x22, 0x69, 0x74, 0x65, 0x6d, 0x73, 0x22,
  0x3a, 0x20, 0x5b, 0x0a, 0x20, 0x20, 0x20, 0x20, 0x20, 0x20, 0x20, 0x20,
  0x20, 0x20, 0x7b, 0x0a, 0x20, 0x20, 0x20, 0x20, 0x20, 0x20, 0x20, 0x20,
  0x20, 0x20, 0x20, 0x20, 0x22, 0x74, 0x65, 0x78, 0x74, 0x22, 0x3a, 0x20,
  0x22, 0x59, 0x6f, 0x75, 0x72, 0x20, 0x6f, 0x70, 0x65, 0x6e, 0x65, 0x72,
  0x20, 0x6f, 0x66, 0x66, 0x65, 0x72, 0x73, 0x20, 0x76, 0x65, 0x72, 0x79,
  0x20, 0x73, 0x74, 0x72, 0x6f, 0x6e, 0x67, 0x20, 0x62, 0x75, 0x72, 0x73,
  0x74, 0x20, 0x61, 0x6e, 0x64, 0x20, 0x79, 0x6f, 0x75, 0x27, 0x6c, 0x6c,
  0x20, 0x72, 0x65, 0x70, 0x65, 0x61, 0x74, 0x20, 0x69, 0x74, 0x20, 0x65,
  0x76, 0x65, 0x72, 0x79, 0x20, 0x74, 0x69, 0x6d, 0x65, 0x20, 0x79, 0x6f,
  0x75, 0x20, 0x67, 0x6f, 0x20, 0x69, 0x6e, 0x74, 0x6f, 0x74, 0x68, 0x72,
  0x6f, 0x75, 0x67, 0x68, 0x6f, 0x75, 0x74, 0x20, 0x79, 0x6f, 0x75, 0x72,
  0x20, 0x72, 0x6f, 0x74, 0x61, 0x74, 0x69, 0x6f, 0x6e, 0x2e, 0x22, 0x0a,
  0x20, 0x20, 0x20, 0x20, 0x20, 0x20, 0x20, 0x20, 0x20, 0x20, 0x7d, 0x2c,
  0x0a, 0x20, 0x20, 0x20, 0x20, 0x20, 0x20, 0x20, 0x20, 0x20, 0x20, 0x7b,
  0x0a, 0x20, 0x20, 0x20, 0x20, 0x20, 0x20, 0x20, 0x20, 0x20, 0x20, 0x20,
  0x20, 0x22, 0x74, 0x65, 0x78, 0x74, 0x22, 0x3a, 0x20, 0x22, 0x35, 0x22,
  0x0a, 0x20, 0x20, 0x20, 0x20, 0x20, 0x20, 0x20, 0x20, 0x20, 0x20, 0x7d,
  0x2c, 0x0a, 0x20, 0x20, 0x20, 0x20, 0x20, 0x20, 0x20, 0x20, 0x20, 0x20,
  0x7b, 0x0a, 0x20, 0x20, 0x20, 0x20, 0x20, 0x20, 0x20, 0x20, 0x20, 0x20,
  0x20, 0x20, 0x22, 0x74, 0x65, 0x78, 0x74, 0x22, 0x3a, 0x20, 0x22, 0x34,
  0x22, 0x0a, 0x20, 0x20, 0x20, 0x20, 0x20, 0x20, 0x20, 0x20, 0x20, 0x20,
  0x7d, 0x2c, 0x0a, 0x20, 0x20, 0x20, 0x20, 0x20, 0x20, 0x20, 0x20, 0x20,
  0x20, 0x7b, 0x0a, 0x20, 0x20, 0x20, 0x20, 0x20, 0x20, 0x20, 0x20, 0x20,
  0x20, 0x20, 0x20, 0x22, 0x74, 0x65, 0x78, 0x74, 0x22, 0x3a, 0x20, 0x22,
  0x46, 0x31, 0x22, 0x0a, 0x20, 0x20, 0x20, 0x20, 0x20, 0x20, 0x20, 0x20,
  0x20, 0x20, 0x7d, 0x2c, 0x0a, 0x20, 0x20, 0x20, 0x20, 0x20, 0x20, 0x20,
  0x20, 0x20, 0x20, 0x7b, 0x0a, 0x20, 0x20, 0x20, 0x20, 0x20, 0x20, 0x20,
  0x20, 0x20, 0x20, 0x20, 0x20, 0x22, 0x74, 0x65, 0x78, 0x74, 0x22, 0x3a,
  0x20, 0x22, 0x45, 0x76, 0x65, 0x72, 0x79, 0x20, 0x74, 0x69, 0x6d, 0x65,
  0x20, 0x79, 0x6f, 0x75, 0x77, 0x68, 0x65, 0x74, 0x68, 0x65, 0x72, 0x20,
  0x69, 0x6e, 0x74, 0x65, 0x6e, 0x74, 0x69, 0x6f, 0x6e, 0x61, 0x6c, 0x6c,
  0x79, 0x20, 0x6f, 0x66, 0x20, 0x62, 0x79, 0x20, 0x74, 0x61, 0x6b, 0x69,
  0x6e, 0x67, 0x20, 0x65, 0x78, 0x63, 0x65, 0x73, 0x73, 0x69, 0x76, 0x65,
  0x20, 0x64, 0x61, 0x6d, 0x61, 0x67, 0x65, 0x2c, 0x20, 0x77, 0x61, 0x69,
  0x74, 0x20, 0x75, 0x6e, 0x74, 0x69, 0x6c, 0x20, 0x74, 0x68, 0x65, 0x73,
  0x65, 0x20, 0x73, 0x6b, 0x69, 0x6c, 0x6c, 0x73, 0x20, 0x61, 0x72, 0x65,
  0x20, 0x61, 0x76, 0x61, 0x69, 0x6c, 0x61, 0x62, 0x6c, 0x65, 0x20, 0x61,
  0x67, 0x61, 0x69, 0x6e, 0x20, 0x62, 0x65, 0x66, 0x6f, 0x72, 0x65, 0x20,
  0x62, 0x65, 0x66, 0x6f, 0x72, 0x65, 0x20, 0x65, 0x6e, 0x74, 0x65, 0x72,
  0x69, 0x6e, 0x67, 0x61, 0x67, 0x61, 0x69, 0x6e, 0x2e, 0x22, 0x0a, 0x20,
  0x20, 0x20, 0x20, 0x20, 0x20, 0x20, 0x20, 0x20, 0x20, 0x7d, 0x0a, 0x20,
  0x20, 0x20, 0x20, 0x20, 0x20, 0x20, 0x20, 0x5d, 0x0a, 0x20, 0x20, 0x20,
  0x20, 0x20, 0x20, 0x7d, 0x2c, 0x0a, 0x20, 0x20, 0x20, 0x20, 0x20, 0x20,
  0x7b, 0x0a, 0x20, 0x20, 0x20, 0x20, 0x20, 0x20, 0x20, 0x20, 0x22, 0x74,
  0x69, 0x74, 0x6c, 0x65, 0x22, 0x3a, 0x20, 0x22, 0x53, 0x74, 0x65, 0x70,
  0x20, 0x4f, 0x6e, 0x65, 0x22, 0x2c, 0x0a, 0x20, 0x20, 0x20, 0x20, 0x20,
  0x20, 0x20, 0x20, 0x22, 0x69, 0x74, 0x65, 0x6d, 0x73, 0x22, 0x3a, 0x20,
  0x5b, 0x0a, 0x20, 0x20, 0x20, 0x20, 0x20, 0x20, 0x20, 0x20, 0x20, 0x20,
  0x7b, 0x0a, 0x20, 0x20, 0x20, 0x20, 0x20, 0x20, 0x20, 0x20, 0x20, 0x20,
  0x20, 0x20, 0x22, 0x74, 0x65, 0x78, 0x74, 0x22, 0x3a, 0x20, 0x22, 0x57,
  0x68, 0x65, 0x6e, 0x65, 0x76, 0x65, 0x72, 0x20, 0x79, 0x6f, 0x75, 0x20,
  0x65, 0x6e, 0x74, 0x65, 0x72, 0x2c, 0x20, 0x75, 0x73, 0x65, 0x20, 0x74,
  0x68, 0x65, 0x20, 0x66, 0x6f, 0x6c, 0x6c, 0x6f, 0x77, 0x69, 0x6e, 0x67,
  0x20, 0x73, 0x6b, 0x69, 0x6c, 0x6c, 0x73, 0x20, 0x61, 0x73, 0x20, 0x61,
  0x76, 0x61, 0x69, 0x6c, 0x61, 0x62, 0x6c, 0x65, 0x3a, 0x22, 0x0a, 0x20,
  0x20, 0x20, 0x20, 0x20, 0x20, 0x20, 0x20, 0x20, 0x20, 0x7d, 0x2c, 0x0a,
  0x20, 0x20, 0x20, 0x20, 0x20, 0x20, 0x20, 0x20, 0x20, 0x20, 0x7b, 0x0a,
  0x20, 0x20, 0x20, 0x20, 0x20, 0x20, 0x20, 0x20, 0x20, 0x20, 0x20, 0x20,
  0x22, 0x74, 0x65, 0x78, 0x74, 0x22, 0x3a, 0x20, 0x22, 0x34, 0x22, 0x0a,
  0x20, 0x20, 0x20, 0x20, 0x20, 0x20, 0x20, 0x20, 0x20, 0x20, 0x7d, 0x2c,
  0x0a, 0x20, 0x20, 0x20, 0x20, 0x20, 0x20, 0x20, 0x20, 0x20, 0x20, 0x7b,
  0x0a, 0x20, 0x20, 0x20, 0x20, 0x20, 0x20, 0x20, 0x20, 0x20, 0x20, 0x20,
  0x20, 0x22, 0x74, 0x65, 0x78, 0x74, 0x22, 0x3a, 0x20, 0x22, 0x35, 0x22,
  0x0a, 0x20, 0x20, 0x20, 0x20, 0x20, 0x20, 0x20, 0x20, 0x20, 0x20, 0x7d,
  0x2c, 0x0a, 0x20, 0x20, 0x20, 0x20, 0x20, 0x20, 0x20, 0x20, 0x20, 0x20,
  0x7b, 0x0a, 0x20, 0x20, 0x20, 0x20, 0x20, 0x20, 0x20, 0x20, 0x20, 0x20,
  0x20, 0x20, 0x22, 0x74, 0x65, 0x78, 0x74, 0x22, 0x3a, 0x20, 0x22, 0x54,
  0x68, 0x61, 0x6e, 0x6b, 0x73, 0x20, 0x74, 0x6f, 0x2c, 0x20, 0x74, 0x68,
  0x65, 0x43, 0x6f, 0x6f, 0x6c, 0x64, 0x6f, 0x77, 0x6e, 0x6f, 0x66, 0x20,
  0x61, 0x6c, 0x6c, 0x20, 0x79, 0x6f, 0x75, 0x72, 0x73, 0x6b, 0x69, 0x6c,
  0x6c, 0x73, 0x20, 0x77, 0x69, 0x6c, 0x6c, 0x20, 0x62, 0x65, 0x20, 0x73,
  0x69, 0x67, 0x6e, 0x69, 0x66, 0x69, 0x63, 0x61, 0x6e, 0x74, 0x6c, 0x79,
  0x20, 0x72, 0x65, 0x64, 0x75, 0x63, 0x65, 0x64, 0x20, 0x73, 0x6f, 0x20,
  0x6c, 0x6f, 0x6e, 0x67, 0x20, 0x61, 0x73, 0x20, 0x79, 0x6f, 0x75, 0x20,
  0x6b, 0x65, 0x65, 0x70, 0x41, 0x75, 0x74, 0x6f, 0x20, 0x41, 0x74, 0x74,
  0x61, 0x63, 0x6b, 0x69, 0x6e, 0x67, 0x2e, 0x22, 0x0a, 0x20, 0x20, 0x20,
  0x20, 0x20, 0x20, 0x20, 0x20, 0x20, 0x20, 0x7d, 0x2c, 0x0a, 0x20, 0x20,
  0x20, 0x20, 0x20, 0x20, 0x20, 0x20, 0x20, 0x20, 0x7b, 0x0a, 0x20, 0x20,
  0x20, 0x20, 0x20, 0x20, 0x20, 0x20, 0x20, 0x20, 0x20, 0x20, 0x22, 0x74,
  0x65, 0x78, 0x74, 0x22, 0x3a, 0x20, 0x22, 0x49, 0x6e, 0x20, 0x61, 0x64,
  0x64, 0x69, 0x74, 0x69, 0x6f, 0x6e, 0x2c, 0x20, 0x75, 0x73, 0x65, 0x33,
  0x77, 0x68, 0x65, 0x6e, 0x20, 0x6e, 0x65, 0x65, 0x64, 0x65, 0x64, 0x20,
  0x66, 0x6f, 0x72, 0x20, 0x61, 0x6e, 0x20, 0x65, 0x78, 0x74, 0x72, 0x61,
  0x20, 0x62, 0x75, 0x72, 0x73, 0x74, 0x20, 0x6f, 0x66, 0x20, 0x64, 0x61,
  0x6d, 0x61, 0x67, 0x65, 0x20, 0x72, 0x65, 0x64, 0x75, 0x63, 0x74, 0x69,
  0x6f, 0x6e, 0x20, 0x61, 0x6e, 0x64, 0x20, 0x73, 0x65, 0x6c, 0x66, 0x53,
  0x74, 0x61, 0x62, 0x69, 0x6c, 0x69, 0x74, 0x79, 0x2e, 0x20, 0x44, 0x6f,
  0x20, 0x6e, 0x6f, 0x74, 0x20, 0x75, 0x73, 0x65, 0x20, 0x74, 0x68, 0x65,
  0x20, 0x66, 0x6c, 0x69, 0x70, 0x20, 0x73, 0x6b, 0x69, 0x6c, 0x6c, 0x75,
  0x6e, 0x6c, 0x65, 0x73, 0x73, 0x20, 0x79, 0x6f, 0x75, 0x20, 0x6e, 0x65,
  0x65, 0x64, 0x20, 0x74, 0x68, 0x65, 0x44, 0x65, 0x66, 0x69, 0x61, 0x6e,
  0x63, 0x65, 0x20, 0x42, 0x72, 0x65, 0x61, 0x6b, 0x2e, 0x22, 0x0a, 0x20,
  0x20, 0x20, 0x20, 0x20, 0x20, 0x20, 0x20, 0x20, 0x20, 0x7d, 0x0a, 0x20,
  0x20, 0x20, 0x20, 0x20, 0x20, 0x20, 0x20, 0x5d, 0x0a, 0x20, 0x20, 0x20,
  0x20, 0x20, 0x20, 0x7d, 0x2c, 0x0a, 0x20, 0x20, 0x20, 0x20, 0x20, 0x20,
  0x7b, 0x0a, 0x20, 0x20, 0x20, 0x20, 0x20, 0x20, 0x20, 0x20, 0x22, 0x74,
  0x69, 0x74, 0x6c, 0x65, 0x22, 0x3a, 0x20, 0x22, 0x53, 0x74, 0x65, 0x70,
  0x20, 0x54, 0x77, 0x6f, 0x22, 0x2c, 0x0a, 0x20, 0x20, 0x20, 0x20, 0x20,
  0x20, 0x20, 0x20, 0x22, 0x69, 0x74, 0x65, 0x6d, 0x73, 0x22, 0x3a, 0x20,
  0x5b, 0x0a, 0x20, 0x20, 0x20, 0x20, 0x20, 0x20, 0x20, 0x20, 0x20, 0x20,
  0x7b, 0x0a, 0x20, 0x20, 0x20, 0x20, 0x20, 0x20, 0x20, 0x20, 0x20, 0x20,
  0x20, 0x20, 0x22, 0x74, 0x65, 0x78, 0x74, 0x22, 0x3a, 0x20, 0x22, 0x4e,
  0x65, 0x78, 0x74, 0x2c, 0x20, 0x6d, 0x61, 0x6b, 0x65, 0x20, 0x73, 0x75,
  0x72, 0x65, 0x20, 0x74, 0x6f, 0x20, 0x6b, 0x65, 0x65, 0x70, 0x20, 0x74,
  0x68, 0x65, 0x20, 0x6c, 0x61, 0x72, 0x67, 0x65, 0x44, 0x61, 0x6d, 0x61,
  0x67, 0x65, 0x62, 0x75, 0x66, 0x66, 0x20, 0x66, 0x72, 0x6f, 0x6d, 0x61,
  0x63, 0x74, 0x69, 0x76, 0x65, 0x20, 0x61, 0x6c, 0x6c, 0x20, 0x74, 0x68,
  0x65, 0x20, 0x74, 0x69, 0x6d, 0x65, 0x2e, 0x20, 0x54, 0x6f, 0x20, 0x64,
  0x6f, 0x20, 0x74, 0x68, 0x69, 0x73, 0x2c, 0x20, 0x79, 0x6f, 0x75, 0x20,
  0x77, 0x69, 0x6c, 0x6c, 0x20, 0x6e, 0x65, 0x65, 0x64, 0x20, 0x74, 0x6f,
  0x46, 0x31, 0x61, 0x66, 0x74, 0x65, 0x72, 0x20, 0x62, 0x65, 0x69, 0x6e,
  0x67, 0x20, 0x69, 0x6e, 0x20, 0x73, 0x68, 0x72, 0x6f, 0x75, 0x64, 0x20,
  0x66, 0x6f, 0x72, 0x20, 0x61, 0x62, 0x6f, 0x75, 0x74, 0x20, 0x31, 0x30,
  0x2d, 0x31, 0x35, 0x20, 0x73, 0x65, 0x63, 0x6f, 0x6e, 0x64, 0x73, 0x20,
  0x2e, 0x20, 0x49, 0x6e, 0x73, 0x74, 0x65, 0x61, 0x64, 0x20, 0x6f, 0x66,
  0x20, 0x63, 0x6f, 0x75, 0x6e, 0x74, 0x69, 0x6e, 0x67, 0x2c, 0x20, 0x79,
  0x6f, 0x75, 0x20, 0x77, 0x69, 0x6c, 0x6c, 0x20, 0x6b, 0x6e, 0x6f, 0x77,
  0x20, 0x69, 0x74, 0x73, 0x20, 0x74, 0x69, 0x6d, 0x65, 0x20, 0x74, 0x6f,
  0x77, 0x68, 0x65, 0x6e, 0x20, 0x65, 0x69, 0x74, 0x68, 0x65, 0x72, 0x3a,
  0x22, 0x0a, 0x20, 0x20, 0x20, 0x20, 0x20, 0x20, 0x20, 0x20, 0x20, 0x20,
  0x7d, 0x2c, 0x0a, 0x20, 0x20, 0x20, 0x20, 0x20, 0x20, 0x20, 0x20, 0x20,
  0x20, 0x7b, 0x0a, 0x20, 0x20, 0x20, 0x20, 0x20, 0x20, 0x20, 0x20, 0x20,
  0x20, 0x20, 0x20, 0x22, 0x74, 0x65, 0x78, 0x74, 0x22, 0x3a, 0x20, 0x22,
  0x54, 0x68, 0x65, 0x43, 0x6f, 0x6f, 0x6c, 0x64, 0x6f, 0x77, 0x6e, 0x73,
  0x6f, 0x66, 0x61, 0x6e, 0x64, 0x61, 0x72, 0x65, 0x20, 0x61, 0x62, 0x6f,
  0x75, 0x74, 0x20, 0x68, 0x61, 0x6c, 0x66, 0x77, 0x61, 0x79, 0x20, 0x64,
  0x6f, 0x6e, 0x65, 0x2e, 0x20, 0x45, 0x61, 0x63, 0x68, 0x20, 0x73, 0x68,
  0x6f, 0x75, 0x6c, 0x64, 0x20, 0x62, 0x65, 0x20, 0x63, 0x61, 0x73, 0x74,
  0x20, 0x6f, 0x6e, 0x63, 0x65, 0x20, 0x70, 0x65, 0x72, 0x20, 0x73, 0x68,
  0x72, 0x6f, 0x75, 0x64, 0x2e, 0x22, 0x0a, 0x20, 0x20, 0x20, 0x20, 0x20,
  0x20, 0x20, 0x20, 0x20, 0x20, 0x7d, 0x2c, 0x0a, 0x20, 0x20, 0x20, 0x20,
  0x20, 0x20, 0x20, 0x20, 0x20, 0x20, 0x7b, 0x0a, 0x20, 0x20, 0x20, 0x20,
  0x20, 0x20, 0x20, 0x20, 0x20, 0x20, 0x20, 0x20, 0x22, 0x74, 0x65, 0x78,
  0x74, 0x22, 0x3a, 0x20, 0x22, 0x73, 0x74, 0x61, 0x72, 0x74, 0x73, 0x20,
  0x74, 0x6f, 0x20, 0x66, 0x6c, 0x61, 0x73, 0x68, 0x20, 0x6f, 0x6e, 0x20,
  0x79, 0x6f, 0x75, 0x72, 0x20, 0x62, 0x6f, 0x6f, 0x6e, 0x20, 0x62, 0x61,
  0x72, 0x2c, 0x20, 0x77, 0x61, 0x72, 0x6e, 0x69, 0x6e, 0x67, 0x20, 0x79,
  0x6f, 0x75, 0x20, 0x69, 0x74, 0x20, 0x69, 0x73, 0x20, 0x61, 0x62, 0x6f,
  0x75, 0x74, 0x20, 0x74, 0x6f, 0x20, 0x6c, 0x61, 0x70, 0x73, 0x65, 0x2e,
  0x22, 0x0a, 0x20, 0x20, 0x20, 0x20, 0x20, 0x20, 0x20, 0x20, 0x20, 0x20,
  0x7d, 0x2c, 0x0a, 0x20, 0x20, 0x20, 0x20, 0x20, 0x20, 0x20, 0x20, 0x20,
  0x20, 0x7b, 0x0a, 0x20, 0x20, 0x20, 0x20, 0x20, 0x20, 0x20, 0x20, 0x20,
  0x20, 0x20, 0x20, 0x22, 0x74, 0x65, 0x78, 0x74, 0x22, 0x3a, 0x20, 0x22,
  0x57, 0x68, 0x69, 0x6c, 0x65, 0x20, 0x6f, 0x75, 0x74, 0x73, 0x69, 0x64,
  0x65, 0x20, 0x6f, 0x66, 0x20, 0x73, 0x68, 0x72, 0x6f, 0x75, 0x64, 0x2c,
  0x20, 0x75, 0x73, 0x65, 0x20, 0x74, 0x68, 0x65, 0x20, 0x66, 0x6f, 0x6c,
  0x6c, 0x6f, 0x77, 0x69, 0x6e, 0x67, 0x20, 0x6c, 0x6f, 0x6f, 0x73, 0x65,
  0x20, 0x70, 0x72, 0x69, 0x6f, 0x72, 0x69, 0x74, 0x79, 0x20, 0x6f, 0x6e,
  0x47, 0x72, 0x65, 0x61, 0x74, 0x73, 0x77, 0x6f, 0x72, 0x64, 0x77, 0x68,
  0x69, 0x6c, 0x65, 0x20, 0x77, 0x61, 0x69, 0x74, 0x69, 0x6e, 0x67, 0x20,
  0x66, 0x6f, 0x72, 0x74, 0x6f, 0x20, 0x63, 0x6f, 0x6d, 0x65, 0x20, 0x6f,
  0x66, 0x66, 0x43, 0x6f, 0x6f, 0x6c, 0x64, 0x6f, 0x77, 0x6e, 0x3a, 0x22,
  0x0a, 0x20, 0x20, 0x20, 0x20, 0x20, 0x20, 0x20, 0x20, 0x20, 0x20, 0x7d,
  0x2c, 0x0a, 0x20, 0x20, 0x20, 0x20, 0x20, 0x20, 0x20, 0x20, 0x20, 0x20,
  0x7b, 0x0a, 0x20, 0x20, 0x20, 0x20, 0x20, 0x20, 0x20, 0x20, 0x20, 0x20,
  0x20, 0x20, 0x22, 0x74, 0x65, 0x78, 0x74, 0x22, 0x3a, 0x20, 0x22, 0x32,
  0x22, 0x0a, 0x20, 0x20, 0x20, 0x20, 0x20, 0x20, 0x20, 0x20, 0x20, 0x20,
  0x7d, 0x2c, 0x0a, 0x20, 0x20, 0x20, 0x20, 0x20, 0x20, 0x20, 0x20, 0x20,
  0x20, 0x7b, 0x0a, 0x20, 0x20, 0x20, 0x20, 0x20, 0x20, 0x20, 0x20, 0x20,
  0x20, 0x20, 0x20, 0x22, 0x74, 0x65, 0x78, 0x74, 0x22, 0x3a, 0x20, 0x22,
  0x33, 0x22, 0x0a, 0x20, 0x20, 0x20, 0x20, 0x20, 0x20, 0x20, 0x20, 0x20,
  0x20, 0x7d, 0x2c, 0x0a, 0x20, 0x20, 0x20, 0x20, 0x20, 0x20, 0x20, 0x20,
  0x20, 0x20, 0x7b, 0x0a, 0x20, 0x20, 0x20, 0x20, 0x20, 0x20, 0x20, 0x20,
  0x20, 0x20, 0x20, 0x20, 0x22, 0x74, 0x65, 0x78, 0x74, 0x22, 0x3a, 0x20,
  0x22, 0x41, 0x75, 0x74, 0x6f, 0x20, 0x41, 0x74, 0x74, 0x61, 0x63, 0x6b,
  0x20, 0x43, 0x68, 0x61, 0x69, 0x6e, 0x22, 0x0a, 0x20, 0x20, 0x20, 0x20,
  0x20, 0x20, 0x20, 0x20, 0x20, 0x20, 0x7d, 0x2c, 0x0a, 0x20, 0x20, 0x20,
  0x20, 0x20, 0x20, 0x20, 0x20, 0x20, 0x20, 0x7b, 0x0a, 0x20, 0x20, 0x20,
  0x20, 0x20, 0x20, 0x20, 0x20, 0x20, 0x20, 0x20, 0x20, 0x22, 0x74, 0x65,
  0x78, 0x74, 0x22, 0x3a, 0x20, 0x22, 0x57, 0x68, 0x65, 0x6e, 0x69, 0x73,
  0x20, 0x61, 0x76, 0x61, 0x69, 0x6c, 0x61, 0x62, 0x6c, 0x65, 0x20, 0x61,
  0x67, 0x61, 0x69, 0x6e, 0x2c, 0x20, 0x6c, 0x6f, 0x6f, 0x70, 0x20, 0x62,
  0x61, 0x63, 0x6b, 0x20, 0x74, 0x6f, 0x20, 0x74, 0x68, 0x65, 0x4f, 0x70,
  0x65, 0x6e, 0x65, 0x72, 0x61, 0x6e, 0x64, 0x20, 0x74, 0x68, 0x65, 0x6e,
  0x20, 0x62, 0x61, 0x63, 0x6b, 0x20, 0x74, 0x6f, 0x20, 0x79, 0x6f, 0x75,
  0x72, 0x73, 0x6b, 0x69, 0x6c, 0x6c, 0x73, 0x2e, 0x22, 0x0a, 0x20, 0x20,
  0x20, 0x20, 0x20, 0x20, 0x20, 0x20, 0x20, 0x20, 0x7d, 0x0a, 0x20, 0x20,
  0x20, 0x20, 0x20, 0x20, 0x20, 0x20, 0x5d, 0x0a, 0x20, 0x20, 0x20, 0x20,
  0x20, 0x20, 0x7d, 0x2c, 0x0a, 0x20, 0x20, 0x20, 0x20, 0x20, 0x20, 0x7b,
  0x0a, 0x20, 0x20, 0x20, 0x20, 0x20, 0x20, 0x20, 0x20, 0x22, 0x74, 0x69,
  0x74, 0x6c, 0x65, 0x22, 0x3a, 0x20, 0x22, 0x53, 0x74, 0x65, 0x70, 0x20,
  0x54, 0x68, 0x72, 0x65, 0x65, 0x22, 0x2c, 0x0a, 0x20, 0x20, 0x20, 0x20,
  0x20, 0x20, 0x20, 0x20, 0x22, 0x69, 0x74, 0x65, 0x6d, 0x73, 0x22, 0x3a,
  0x20, 0x5b, 0x0a, 0x20, 0x20, 0x20, 0x20, 0x20, 0x20, 0x20, 0x20, 0x20,
  0x20, 0x7b, 0x0a, 0x20, 0x20, 0x20, 0x20, 0x20, 0x20, 0x20, 0x20, 0x20,
  0x20, 0x20, 0x20, 0x22, 0x74, 0x65, 0x78, 0x74, 0x22, 0x3a, 0x20, 0x22,
  0x49, 0x74, 0x73, 0x20, 0x6e, 0x6f, 0x77, 0x20, 0x74, 0x69, 0x6d, 0x65,
  0x20, 0x74, 0x6f, 0x20, 0x61, 0x64, 0x64, 0x57, 0x65, 0x6c, 0x6c, 0x73,
  0x74, 0x6f, 0x20, 0x74, 0x68, 0x65, 0x4f, 0x70, 0x65, 0x6e, 0x65, 0x72,
  0x2e, 0x20, 0x54, 0x68, 0x65, 0x20, 0x6e, 0x65, 0x77, 0x20, 0x76, 0x65,
  0x72, 0x73, 0x69, 0x6f, 0x6e, 0x20, 0x77, 0x69, 0x6c, 0x6c, 0x20, 0x62,
  0x65, 0x3a, 0x22, 0x0a, 0x20, 0x20, 0x20, 0x20, 0x20, 0x20, 0x20, 0x20,
  0x20, 0x20, 0x7d, 0x2c, 0x0a, 0x20, 0x20, 0x20, 0x20, 0x20, 0x20, 0x20,
  0x20, 0x20, 0x20, 0x7b, 0x0a, 0x20, 0x20, 0x20, 0x20, 0x20, 0x20, 0x20,
  0x20, 0x20, 0x20, 0x20, 0x20, 0x22, 0x74, 0x65, 0x78, 0x74, 0x22, 0x3a,
  0x20, 0x22, 0x35, 0x34, 0x22, 0x0a, 0x20, 0x20, 0x20, 0x20, 0x20, 0x20,
  0x20, 0x20, 0x20, 0x20, 0x7d, 0x2c, 0x0a, 0x20, 0x20, 0x20, 0x20, 0x20,
  0x20, 0x20, 0x20, 0x20, 0x20, 0x7b, 0x0a, 0x20, 0x20, 0x20, 0x20, 0x20,
  0x20, 0x20, 0x20, 0x20, 0x20, 0x20, 0x20, 0x22, 0x74, 0x65, 0x78, 0x74,
  0x22, 0x3a, 0x20, 0x22, 0x46, 0x31, 0x22, 0x0a, 0x20, 0x20, 0x20, 0x20,
  0x20, 0x20, 0x20, 0x20, 0x20, 0x20, 0x7d, 0x2c, 0x0a, 0x20, 0x20, 0x20,
  0x20, 0x20, 0x20, 0x20, 0x20, 0x20, 0x20, 0x7b, 0x0a, 0x20, 0x20, 0x20,
  0x20, 0x20, 0x20, 0x20, 0x20, 0x20, 0x20, 0x20, 0x20, 0x22, 0x74, 0x65,
  0x78, 0x74, 0x22, 0x3a, 0x20, 0x22, 0x57, 0x65, 0x6c, 0x6c, 0x73, 0x61,
  0x72, 0x65, 0x47, 0x72, 0x6f, 0x75, 0x6e, 0x64, 0x2d, 0x54, 0x61, 0x72,
  0x67, 0x65, 0x74, 0x65, 0x64, 0x2c, 0x20, 0x62, 0x75, 0x74, 0x20, 0x61,
  0x73, 0x20, 0x79, 0x6f, 0x75, 0x20, 0x77, 0x69, 0x6c, 0x6c, 0x20, 0x62,
  0x65, 0x20, 0x69, 0x6e, 0x20, 0x6d, 0x65, 0x6c, 0x65, 0x65, 0x20, 0x72,
  0x61, 0x6e, 0x67, 0x65, 0x20, 0x79, 0x6f, 0x75, 0x20, 0x63, 0x61, 0x6e,
  0x20, 0x63, 0x6c, 0x69, 0x63, 0x6b, 0x20, 0x74, 0x68, 0x65, 0x20, 0x73,
  0x6b, 0x69, 0x6c, 0x6c, 0x73, 0x20, 0x74, 0x6f, 0x20, 0x64, 0x72, 0x6f,
  0x70, 0x20, 0x74, 0x68, 0x65, 0x6d, 0x41, 0x6f, 0x45, 0x61, 0x74, 0x20,
  0x79, 0x6f, 0x75, 0x72, 0x20, 0x66, 0x65, 0x65, 0x74, 0x2e, 0x22, 0x0a,
  0x20, 0x20, 0x20, 0x20, 0x20, 0x20, 0x20, 0x20, 0x20, 0x20, 0x7d, 0x2c,
  0x0a, 0x20, 0x20, 0x20, 0x20, 0x20, 0x20, 0x20, 0x20, 0x20, 0x20, 0x7b,
  0x0a, 0x20, 0x20, 0x20, 0x20, 0x20, 0x20, 0x20, 0x20, 0x20, 0x20, 0x20,
  0x20, 0x22, 0x74, 0x65, 0x78, 0x74, 0x22, 0x3a, 0x20, 0x22, 0x41, 0x64,
  0x64, 0x69, 0x74, 0x69, 0x6f, 0x6e, 0x61, 0x6c, 0x6c, 0x79, 0x2c, 0x20,
  0x77, 0x68, 0x65, 0x6e, 0x20, 0x74, 0x68, 0x65, 0x20, 0x65, 0x6e, 0x65,
  0x6d, 0x79, 0x20, 0x69, 0x73, 0x20, 0x62, 0x65, 0x6c, 0x6f, 0x77, 0x20,
  0x35, 0x30, 0x25, 0x48, 0x65, 0x61, 0x6c, 0x74, 0x68, 0x2c, 0x20, 0x79,
  0x6f, 0x75, 0x20, 0x63, 0x61, 0x6e, 0x20, 0x73, 0x70, 0x61, 0x6d, 0x32,
  0x77, 0x68, 0x65, 0x6e, 0x20, 0x79, 0x6f, 0x75, 0x20, 0x61, 0x72, 0x65,
  0x20, 0x6f, 0x6e, 0x47, 0x72, 0x65, 0x61, 0x74, 0x73, 0x77, 0x6f, 0x72,
  0x64, 0x2e, 0x20, 0x54, 0x68, 0x65, 0x20, 0x73, 0x6b, 0x69, 0x6c, 0x6c,
  0x20, 0x69, 0x6e, 0x73, 0x74, 0x61, 0x6e, 0x74, 0x6c, 0x79, 0x52, 0x65,
  0x63, 0x68, 0x61, 0x72, 0x67, 0x65, 0x73, 0x69, 0x74, 0x73, 0x65, 0x6c,
  0x66, 0x20, 0x77, 0x68, 0x65, 0x6e, 0x20, 0x79, 0x6f, 0x75, 0x20, 0x68,
  0x69, 0x74, 0x20, 0x61, 0x6e, 0x20, 0x65, 0x6e, 0x65, 0x6d, 0x79, 0x20,
  0x74, 0x68, 0x61, 0x74, 0x20, 0x69, 0x73, 0x20, 0x62, 0x65, 0x6c, 0x6f,
  0x77, 0x20, 0x35, 0x30, 0x25, 0x48, 0x65, 0x61, 0x6c, 0x74, 0x68, 0x2e,
  0x20, 0x54, 0x68, 0x69, 0x73, 0x20, 0x77, 0x69, 0x6c, 0x6c, 0x20, 0x70,
  0x72, 0x6f, 0x76, 0x69, 0x64, 0x65, 0x20, 0x67, 0x72, 0x65, 0x61, 0x74,
  0x65, 0x72, 0x20, 0x64, 0x61, 0x6d, 0x61, 0x67, 0x65, 0x20, 0x6f, 0x76,
  0x65, 0x72, 0x41, 0x75, 0x74, 0x6f, 0x20, 0x41, 0x74, 0x74, 0x61, 0x63,
  0x6b, 0x20, 0x43, 0x68, 0x61, 0x69, 0x6e, 0x73, 0x6f, 0x6e, 0x47, 0x72,
  0x65, 0x61, 0x74, 0x73, 0x77, 0x6f, 0x72, 0x64, 0x61, 0x74, 0x20, 0x74,
  0x68, 0x65, 0x20, 0x63, 0x6f, 0x73, 0x74, 0x20, 0x6f, 0x66, 0x4c, 0x69,
  0x66, 0x65, 0x20, 0x46, 0x6f, 0x72, 0x63, 0x65, 0x67, 0x65, 0x6e, 0x65,
  0x72, 0x61, 0x74, 0x69, 0x6f, 0x6e, 0x2e, 0x20, 0x49, 0x66, 0x20, 0x79,
  0x6f, 0x75, 0x20, 0x6e, 0x65, 0x65, 0x64, 0x20, 0x79, 0x6f, 0x75, 0x72,
  0x4c, 0x69, 0x66, 0x65, 0x20, 0x46, 0x6f, 0x72, 0x63, 0x65, 0x74, 0x6f,
  0x70, 0x70, 0x65, 0x64, 0x20, 0x6f, 0x66, 0x66, 0x2c, 0x20, 0x73, 0x74,
  0x69, 0x63, 0x6b, 0x20, 0x74, 0x6f, 0x41, 0x75, 0x74, 0x6f, 0x20, 0x41,
  0x74, 0x74, 0x61, 0x63, 0x6b, 0x73, 0x2e, 0x22, 0x0a, 0x20, 0x20, 0x20,
  0x20, 0x20, 0x20, 0x20, 0x20, 0x20, 0x20, 0x7d, 0x0a, 0x20, 0x20, 0x20,
  0x20, 0x20, 0x20, 0x20, 0x20, 0x5d, 0x0a, 0x20, 0x20, 0x20, 0x20, 0x20,
  0x20, 0x7d, 0x2c, 0x0a, 0x20, 0x20, 0x20, 0x20, 0x20, 0x20, 0x7b, 0x0a,
  0x20, 0x20, 0x20, 0x20, 0x20, 0x20, 0x20, 0x20, 0x22, 0x74, 0x69, 0x74,
  0x6c, 0x65, 0x22, 0x3a, 0x20, 0x22, 0x43, 0x72, 0x6f, 0x77, 0x64, 0x20,
  0x43, 0x6f, 0x6e, 0x74, 0x72, 0x6f, 0x6c, 0x22, 0x2c, 0x0a, 0x20, 0x20,
  0x20, 0x20, 0x20, 0x20, 0x20, 0x20, 0x22, 0x69, 0x74, 0x65, 0x6d, 0x73,
  0x22, 0x3a, 0x20, 0x5b, 0x5d, 0x0a, 0x20, 0x20, 0x20, 0x20, 0x20, 0x20,
  0x7d, 0x0a, 0x20, 0x20, 0x20, 0x20, 0x5d, 0x0a, 0x20, 0x20, 0x7d, 0x2c,
  0x0a, 0x20, 0x20, 0x22, 0x65, 0x6e, 0x67, 0x69, 0x6e, 0x65, 0x65, 0x72,
  0x2d, 0x70, 0x6f, 0x77, 0x65, 0x72, 0x2d, 0x6d, 0x65, 0x63, 0x68, 0x61,
  0x6e, 0x69, 0x73, 0x74, 0x22, 0x3a, 0x20, 0x7b, 0x0a, 0x20, 0x20, 0x20,
  0x20, 0x22, 0x73, 0x65, 0x63, 0x74, 0x69, 0x6f, 0x6e, 0x73, 0x22, 0x3a,
  0x20, 0x5b, 0x0a, 0x20, 0x20, 0x20, 0x20, 0x20, 0x20, 0x7b, 0x0a, 0x20,
  0x20, 0x20, 0x20, 0x20, 0x20, 0x20, 0x20, 0x22, 0x74, 0x69, 0x74, 0x6c,
  0x65, 0x22, 0x3a, 0x20, 0x22, 0x4f, 0x70, 0x65, 0x6e, 0x65, 0x72, 0x22,
  0x2c, 0x0a, 0x20, 0x20, 0x20, 0x20, 0x20, 0x20, 0x20, 0x20, 0x22, 0x69,
  0x74, 0x65, 0x6d, 0x73, 0x22, 0x3a, 0x20, 0x5b, 0x5d, 0x0a, 0x20, 0x20,
  0x20, 0x20, 0x20, 0x20, 0x7d, 0x2c, 0x0a, 0x20, 0x20, 0x20, 0x20, 0x20,
  0x20, 0x7b, 0x0a, 0x20, 0x20, 0x20, 0x20, 0x20, 0x20, 0x20, 0x20, 0x22,
  0x74, 0x69, 0x74, 0x6c, 0x65, 0x22, 0x3a, 0x20, 0x22, 0x53, 0x74, 0x65,
  0x70, 0x20, 0x4f, 0x6e, 0x65, 0x22, 0x2c, 0x0a, 0x20, 0x20, 0x20, 0x20,
  0x20, 0x20, 0x20, 0x20, 0x22, 0x69, 0x74, 0x65, 0x6d, 0x73, 0x22, 0x3a,
  0x20, 0x5b, 0x0a, 0x20, 0x20, 0x20, 0x20, 0x20, 0x20, 0x20, 0x20, 0x20,
  0x20, 0x7b, 0x0a, 0x20, 0x20, 0x20, 0x20, 0x20, 0x20, 0x20, 0x20, 0x20,
  0x20, 0x20, 0x20, 0x22, 0x74, 0x65, 0x78, 0x74, 0x22, 0x3a, 0x20, 0x22,
  0x41, 0x66, 0x74, 0x65, 0x72, 0x20, 0x79, 0x6f, 0x75, 0x72, 0x20, 0x6f,
  0x70, 0x65, 0x6e, 0x65, 0x72, 0x2c, 0x20, 0x75, 0x73, 0x65, 0x20, 0x74,
  0x68, 0x65, 0x20, 0x66, 0x6f, 0x6c, 0x6c, 0x6f, 0x77, 0x69, 0x6e, 0x67,
  0x20, 0x73, 0x6b, 0x69, 0x6c, 0x6c, 0x73, 0x20, 0x6f, 0x66, 0x66, 0x43,
  0x6f, 0x6f, 0x6c, 0x64, 0x6f, 0x77, 0x6e, 0x3a, 0x22, 0x0a, 0x20, 0x20,
  0x20, 0x20, 0x20, 0x20, 0x20, 0x20, 0x20, 0x20, 0x7d, 0x2c, 0x0a, 0x20,
  0x20, 0x20, 0x20, 0x20, 0x20, 0x20, 0x20, 0x20, 0x20, 0x7b, 0x0a, 0x20,
  0x20, 0x20, 0x20, 0x20, 0x20, 0x20, 0x20, 0x20, 0x20, 0x20, 0x20, 0x22,
  0x74, 0x65, 0x78, 0x74, 0x22, 0x3a, 0x20, 0x22, 0x4b, 0x65, 0x65, 0x70,
  0x20, 0x69, 0x6e, 0x20, 0x6d, 0x69, 0x6e, 0x64, 0x20, 0x74, 0x68, 0x61,
  0x74, 0x69, 0x73, 0x20, 0x61, 0x20, 0x6c, 0x65, 0x61, 0x70, 0x20, 0x61,
  0x6e, 0x64, 0x47, 0x72, 0x6f, 0x75, 0x6e, 0x64, 0x2d, 0x54, 0x61, 0x72,
  0x67, 0x65, 0x74, 0x65, 0x64, 0x2e, 0x20, 0x49, 0x66, 0x20, 0x79, 0x6f,
  0x75, 0x20, 0x66, 0x69, 0x6e, 0x64, 0x20, 0x74, 0x68, 0x61, 0x74, 0x20,
  0x74, 0x68, 0x65, 0x20, 0x66, 0x6f, 0x72, 0x63, 0x65, 0x64, 0x20, 0x6d,
  0x6f, 0x76, 0x65, 0x6d, 0x65, 0x6e, 0x74, 0x20, 0x69, 0x73, 0x20, 0x74,
  0x6f, 0x6f, 0x20, 0x63, 0x6f, 0x6d, 0x70, 0x6c, 0x65, 0x78, 0x2c, 0x20,
  0x66, 0x65, 0x65, 0x6c, 0x20, 0x66, 0x72, 0x65, 0x65, 0x20, 0x74, 0x6f,
  0x20, 0x64, 0x72, 0x6f, 0x70, 0x20, 0x69, 0x74, 0x20, 0x66, 0x72, 0x6f,
  0x6d, 0x20, 0x74, 0x68, 0x65, 0x20, 0x72, 0x6f, 0x74, 0x61, 0x74, 0x69,
  0x6f, 0x6e, 0x2e, 0x22, 0x0a, 0x20, 0x20, 0x20, 0x20, 0x20, 0x20, 0x20,
  0x20, 0x20, 0x20, 0x7d, 0x2c, 0x0a, 0x20, 0x20, 0x20, 0x20, 0x20, 0x20,
  0x20, 0x20, 0x20, 0x20, 0x7b, 0x0a, 0x20, 0x20, 0x20, 0x20, 0x20, 0x20,
  0x20, 0x20, 0x20, 0x20, 0x20, 0x20, 0x22, 0x74, 0x65, 0x78, 0x74, 0x22,
  0x3a, 0x20, 0x22, 0x57, 0x68, 0x65, 0x6e, 0x20, 0x6e, 0x6f, 0x6e, 0x65,
  0x20, 0x6f, 0x66, 0x20, 0x74, 0x68, 0x65, 0x20, 0x73, 0x6b, 0x69, 0x6c,
  0x6c, 0x73, 0x20, 0x61, 0x62, 0x6f, 0x76, 0x65, 0x20, 0x61, 0x72, 0x65,
  0x20, 0x6f, 0x66, 0x66, 0x43, 0x6f, 0x6f, 0x6c, 0x64, 0x6f, 0x77, 0x6e,
  0x2c, 0x20, 0x73, 0x69, 0x6d, 0x70, 0x6c, 0x79, 0x20, 0x75, 0x73, 0x65,
  0x41, 0x75, 0x74, 0x6f, 0x20, 0x41, 0x74, 0x74, 0x61, 0x63, 0x6b, 0x2e,
  0x22, 0x0a, 0x20, 0x20, 0x20, 0x20, 0x20, 0x20, 0x20, 0x20, 0x20, 0x20,
  0x7d, 0x0a, 0x20, 0x20, 0x20, 0x20, 0x20, 0x20, 0x20, 0x20, 0x5d, 0x0a,
  0x20, 0x20, 0x20, 0x20, 0x20, 0x20, 0x7d, 0x2c, 0x0a, 0x20, 0x20, 0x20,
  0x20, 0x20, 0x20, 0x7b, 0x0a, 0x20, 0x20, 0x20, 0x20, 0x20, 0x20, 0x20,
  0x20, 0x22, 0x74, 0x69, 0x74, 0x6c, 0x65, 0x22, 0x3a, 0x20, 0x22, 0x53,
  0x74, 0x65, 0x70, 0x20, 0x54, 0x77, 0x6f, 0x22, 0x2c, 0x0a, 0x20, 0x20,
  0x20, 0x20, 0x20, 0x20, 0x20, 0x20, 0x22, 0x69, 0x74, 0x65, 0x6d, 0x73,
  0x22, 0x3a, 0x20, 0x5b, 0x0a, 0x20, 0x20, 0x20, 0x20, 0x20, 0x20, 0x20,
  0x20, 0x20, 0x20, 0x7b, 0x0a, 0x20, 0x20, 0x20, 0x20, 0x20, 0x20, 0x20,
  0x20, 0x20, 0x20, 0x20, 0x20, 0x22, 0x74, 0x65, 0x78, 0x74, 0x22, 0x3a,
  0x20, 0x22, 0x50, 0x75, 0x74, 0x20, 0x79, 0x6f, 0x75, 0x72, 0x20, 0x4d,
  0x65, 0x63, 0x68, 0x20, 0x73, 0x6b, 0x69, 0x6c, 0x6c, 0x73, 0x20, 0x6f,
  0x6e, 0x41, 0x75, 0x74, 0x6f, 0x2d, 0x43, 0x61, 0x73, 0x74, 0x73, 0x6f,
  0x20, 0x79, 0x6f, 0x75, 0x20, 0x64, 0x6f, 0x6e, 0x27, 0x74, 0x20, 0x6e,
  0x65, 0x65, 0x64, 0x20, 0x74, 0x6f, 0x20, 0x61, 0x63, 0x74, 0x69, 0x76,
  0x65, 0x6c, 0x79, 0x20, 0x75, 0x73, 0x65, 0x20, 0x74, 0x68, 0x65, 0x6d,
  0x2e, 0x20, 0x54, 0x68, 0x65, 0x79, 0x20, 0x61, 0x72, 0x65, 0x20, 0x74,
  0x68, 0x65, 0x20, 0x66, 0x6f, 0x6c, 0x6c, 0x6f, 0x77, 0x69, 0x6e, 0x67,
  0x3a, 0x22, 0x0a, 0x20, 0x20, 0x20, 0x20, 0x20, 0x20, 0x20, 0x20, 0x20,
  0x20, 0x7d, 0x2c, 0x0a, 0x20, 0x20, 0x20, 0x20, 0x20, 0x20, 0x20, 0x20,
  0x20, 0x20, 0x7b, 0x0a, 0x20, 0x20, 0x20, 0x20, 0x20, 0x20, 0x20, 0x20,
  0x20, 0x20, 0x20, 0x20, 0x22, 0x74, 0x65, 0x78, 0x74, 0x22, 0x3a, 0x20,
  0x22, 0x41, 0x74, 0x20, 0x74, 0x68, 0x69, 0x73, 0x20, 0x73, 0x74, 0x61,
  0x67, 0x65, 0x2c, 0x20, 0x79, 0x6f, 0x75, 0x20, 0x63, 0x61, 0x6e, 0x20,
  0x61, 0x64, 0x64, 0x20, 0x69, 0x6e, 0x2e, 0x20, 0x54, 0x68, 0x69, 0x73,
  0x20, 0x73, 0x6b, 0x69, 0x6c, 0x6c, 0x20, 0x68, 0x61, 0x73, 0x20, 0x6e,
  0x6f, 0x20, 0x63, 0x61, 0x73, 0x74, 0x20, 0x74, 0x69, 0x6d, 0x65, 0x20,
  0x62, 0x75, 0x74, 0x20, 0x77, 0x69, 0x6c, 0x6c, 0x20, 0x69, 0x6e, 0x74,
  0x65, 0x72, 0x72, 0x75, 0x70, 0x74, 0x20, 0x77, 0x68, 0x61, 0x74, 0x65,
  0x76, 0x65, 0x72, 0x20, 0x79, 0x6f, 0x75, 0x72, 0x20, 0x4d, 0x65, 0x63,
  0x68, 0x20, 0x69, 0x73, 0x20, 0x63, 0x75, 0x72, 0x72, 0x65, 0x6e, 0x74,
  0x6c, 0x79, 0x20, 0x64, 0x6f, 0x69, 0x6e, 0x67, 0x2e, 0x22, 0x0a, 0x20,
  0x20, 0x20, 0x20, 0x20, 0x20, 0x20, 0x20, 0x20, 0x20, 0x7d, 0x0a, 0x20,
  0x20, 0x20, 0x20, 0x20, 0x20, 0x20, 0x20, 0x5d, 0x0a, 0x20, 0x20, 0x20,
  0x20, 0x20, 0x20, 0x7d, 0x2c, 0x0a, 0x20, 0x20, 0x20, 0x20, 0x20, 0x20,
  0x7b, 0x0a, 0x20, 0x20, 0x20, 0x20, 0x20, 0x20, 0x20, 0x20, 0x22, 0x74,
  0x69, 0x74, 0x6c, 0x65, 0x22, 0x3a, 0x20, 0x22, 0x53, 0x74, 0x65, 0x70,
  0x20, 0x54, 0x68, 0x72, 0x65, 0x65, 0x22, 0x2c, 0x0a, 0x20, 0x20, 0x20,
  0x20, 0x20, 0x20, 0x20, 0x20, 0x22, 0x69, 0x74, 0x65, 0x6d, 0x73, 0x22,
  0x3a, 0x20, 0x5b, 0x0a, 0x20, 0x20, 0x20, 0x20, 0x20, 0x20, 0x20, 0x20,
  0x20, 0x20, 0x7b, 0x0a, 0x20, 0x20, 0x20, 0x20, 0x20, 0x20, 0x20, 0x20,
  0x20, 0x20, 0x20, 0x20, 0x22, 0x74, 0x65, 0x78, 0x74, 0x22, 0x3a, 0x20,
  0x22, 0x4e, 0x6f, 0x77, 0x20, 0x69, 0x74, 0x27, 0x73, 0x20, 0x74, 0x69,
  0x6d, 0x65, 0x20, 0x74, 0x6f, 0x20, 0x75, 0x73, 0x65, 0x20, 0x79, 0x6f,
  0x75, 0x72, 0x20, 0x66, 0x69, 0x6e, 0x61, 0x6c, 0x20, 0x73, 0x6b, 0x69,
  0x6c, 0x6c, 0x20, 0x69, 0x6e, 0x20, 0x79, 0x6f, 0x75, 0x72, 0x20, 0x61,
  0x72, 0x73, 0x65, 0x6e, 0x61, 0x6c, 0x20, 0x2d, 0x2e, 0x22, 0x0a, 0x20,
  0x20, 0x20, 0x20, 0x20, 0x20, 0x20, 0x20, 0x20, 0x20, 0x7d, 0x2c, 0x0a,
  0x20, 0x20, 0x20, 0x20, 0x20, 0x20, 0x20, 0x20, 0x20, 0x20, 0x7b, 0x0a,
  0x20, 0x20, 0x20, 0x20, 0x20, 0x20, 0x20, 0x20, 0x20, 0x20, 0x20, 0x20,
  0x22, 0x74, 0x65, 0x78, 0x74, 0x22, 0x3a, 0x20, 0x22, 0x55, 0x73, 0x65,
  0x62, 0x65, 0x66, 0x6f, 0x72, 0x65, 0x20, 0x79, 0x6f, 0x75, 0x72, 0x20,
  0x77, 0x65, 0x61, 0x70, 0x6f, 0x6e, 0x20, 0x73, 0x6b, 0x69, 0x6c, 0x6c,
  0x73, 0x20, 0x61, 0x6e, 0x64, 0x20, 0x6f, 0x66, 0x66, 0x43, 0x6f, 0x6f,
  0x6c, 0x64, 0x6f, 0x77, 0x6e, 0x2e, 0x22, 0x0a, 0x20, 0x20, 0x20, 0x20,
  0x20, 0x20, 0x20, 0x20, 0x20, 0x20, 0x7d, 0x0a, 0x20, 0x20, 0x20, 0x20,
  0x20, 0x20, 0x20, 0x20, 0x5d, 0x0a, 0x20, 0x20, 0x20, 0x20, 0x20, 0x20,
  0x7d, 0x0a, 0x20, 0x20, 0x20, 0x20, 0x5d, 0x0a, 0x20, 0x20, 0x7d, 0x2c,
  0x0a, 0x20, 0x20, 0x22, 0x72, 0x61, 0x6e, 0x67, 0x65, 0x72, 0x2d, 0x63,
  0x6f, 0x6e, 0x64, 0x69, 0x74, 0x69, 0x6f, 0x6e, 0x2d, 0x73, 0x6f, 0x75,
  0x6c, 0x62, 0x65, 0x61, 0x73, 0x74, 0x22, 0x3a, 0x20, 0x7b, 0x0a, 0x20,
  0x20, 0x20, 0x20, 0x22, 0x73, 0x65, 0x63, 0x74, 0x69, 0x6f, 0x6e, 0x73,
  0x22, 0x3a, 0x20, 0x5b, 0x0a, 0x20, 0x20, 0x20, 0x20, 0x20, 0x20, 0x7b,
  0x0a, 0x20, 0x20, 0x20, 0x20, 0x20, 0x20, 0x20, 0x20, 0x22, 0x74, 0x69,
  0x74, 0x6c, 0x65, 0x22, 0x3a, 0x20, 0x22, 0x4b, 0x65, 0x79, 0x20, 0x43,
  0x6f, 0x6e, 0x63, 0x65, 0x70, 0x74, 0x73, 0x22, 0x2c, 0x0a, 0x20, 0x20,
  0x20, 0x20, 0x20, 0x20, 0x20, 0x20, 0x22, 0x69, 0x74, 0x65, 0x6d, 0x73,
  0x22, 0x3a, 0x20, 0x5b, 0x0a, 0x20, 0x20, 0x20, 0x20, 0x20, 0x20, 0x20,
  0x20, 0x20, 0x20, 0x7b, 0x0a, 0x20, 0x20, 0x20, 0x20, 0x20, 0x20, 0x20,
  0x20, 0x20, 0x20, 0x20, 0x20, 0x22, 0x74, 0x65, 0x78, 0x74, 0x22, 0x3a,
  0x20, 0x22, 0x4d, 0x65, 0x72, 0x67, 0x65, 0x20, 0x77, 0x69, 0x74, 0x68,
  0x20, 0x79, 0x6f, 0x75, 0x72, 0x50, 0x65, 0x74, 0x62, 0x79, 0x20, 0x75,
  0x73, 0x69, 0x6e, 0x67, 0x2e, 0x20, 0x54, 0x68, 0x69, 0x73, 0x20, 0x77,
  0x69, 0x6c, 0x6c, 0x20, 0x69, 0x6d, 0x70, 0x72, 0x6f, 0x76, 0x65, 0x20,
  0x74, 0x68, 0x65, 0x20, 0x66, 0x6f, 0x6c, 0x6c, 0x6f, 0x77, 0x69, 0x6e,
  0x67, 0x20, 0x73, 0x6b, 0x69, 0x6c, 0x6c, 0x73, 0x3a, 0x22, 0x0a, 0x20,
  0x20, 0x20, 0x20, 0x20, 0x20, 0x20, 0x20, 0x20, 0x20, 0x7d, 0x2c, 0x0a,
  0x20, 0x20, 0x20, 0x20, 0x20, 0x20, 0x20, 0x20, 0x20, 0x20, 0x7b, 0x0a,
  0x20, 0x20, 0x20, 0x20, 0x20, 0x20, 0x20, 0x20, 0x20, 0x20, 0x20, 0x20,
  0x22, 0x74, 0x65, 0x78, 0x74, 0x22, 0x3a, 0x20, 0x22, 0x63, 0x61, 0x75,
  0x73, 0x65, 0x73, 0x20, 0x79, 0x6f, 0x75, 0x20, 0x74, 0x6f, 0x20, 0x69,
  0x6e, 0x66, 0x6c, 0x69, 0x63, 0x74, 0x20, 0x61, 0x64, 0x64, 0x69, 0x74,
  0x69, 0x6f, 0x6e, 0x61, 0x6c, 0x42, 0x6c, 0x65, 0x65, 0x64, 0x69, 0x6e,
  0x67, 0x22, 0x0a, 0x20, 0x20, 0x20, 0x20, 0x20, 0x20, 0x20, 0x20, 0x20,
  0x20, 0x7d, 0x2c, 0x0a, 0x20, 0x20, 0x20, 0x20, 0x20, 0x20, 0x20, 0x20,
  0x20, 0x20, 0x7b, 0x0a, 0x20, 0x20, 0x20, 0x20, 0x20, 0x20, 0x20, 0x20,
  0x20, 0x20, 0x20, 0x20, 0x22, 0x74, 0x65, 0x78, 0x74, 0x22, 0x3a, 0x20,
  0x22, 0x77, 0x69, 0x6c, 0x6c, 0x20, 0x63, 0x6f, 0x70, 0x79, 0x20, 0x79,
  0x6f, 0x75, 0x72, 0x20, 0x62, 0x6f, 0x6f, 0x6e, 0x73, 0x20, 0x74, 0x6f,
  0x20, 0x79, 0x6f, 0x75, 0x72, 0x73, 0x65, 0x6c, 0x66, 0x20, 0x74, 0x68,
  0x65, 0x72, 0x65, 0x62, 0x79, 0x20, 0x69, 0x6e, 0x63, 0x72, 0x65, 0x61,
  0x73, 0x69, 0x6e, 0x67, 0x20, 0x74, 0x68, 0x65, 0x69, 0x72, 0x20, 0x64,
  0x75, 0x72, 0x61, 0x74, 0x69, 0x6f, 0x6e, 0x20, 0x61, 0x6e, 0x64, 0x20,
  0x64, 0x6f, 0x75, 0x62, 0x6c, 0x69, 0x6e, 0x67, 0x20, 0x74, 0x68, 0x65,
  0x69, 0x72, 0x20, 0x73, 0x74, 0x61, 0x63, 0x6b, 0x73, 0x2e, 0x22, 0x0a,
  0x20, 0x20, 0x20, 0x20, 0x20, 0x20, 0x20, 0x20, 0x20, 0x20, 0x7d, 0x2c,
  0x0a, 0x20, 0x20, 0x20, 0x20, 0x20, 0x20, 0x20, 0x20, 0x20, 0x20, 0x7b,
  0x0a, 0x20, 0x20, 0x20, 0x20, 0x20, 0x20, 0x20, 0x20, 0x20, 0x20, 0x20,
  0x20, 0x22, 0x74, 0x65, 0x78, 0x74, 0x22, 0x3a, 0x20, 0x22, 0x59, 0x6f,
  0x75, 0x20, 0x67, 0x61, 0x69, 0x6e, 0x20, 0x61, 0x6e, 0x41, 0x74, 0x74,
  0x72, 0x69, 0x62, 0x75, 0x74, 0x65, 0x20, 0x42, 0x6f, 0x6e, 0x75, 0x73,
  0x64, 0x65, 0x70, 0x65, 0x6e, 0x64, 0x69, 0x6e, 0x67, 0x20, 0x6f, 0x6e,
  0x20, 0x79, 0x6f, 0x75, 0x72, 0x50, 0x65, 0x74, 0x27, 0x73, 0x61, 0x72,
  0x63, 0x68, 0x65, 0x74, 0x79, 0x70, 0x65, 0x2e, 0x20, 0x4f, 0x6e, 0x43,
  0x6f, 0x6e, 0x64, 0x69, 0x74, 0x69, 0x6f, 0x6e, 0x20, 0x44, 0x61, 0x6d,
  0x61, 0x67, 0x65, 0x62, 0x75, 0x69, 0x6c, 0x64, 0x73, 0x2c, 0x20, 0x79,
  0x6f, 0x75, 0x20, 0x77, 0x61, 0x6e, 0x74, 0x20, 0x74, 0x6f, 0x20, 0x6d,
  0x65, 0x72, 0x67, 0x65, 0x20, 0x77, 0x69, 0x74, 0x68, 0x20, 0x61, 0x44,
  0x65, 0x61, 0x64, 0x6c, 0x79, 0x61, 0x72, 0x63, 0x68, 0x65, 0x74, 0x79,
  0x70, 0x65, 0x20, 0x66, 0x6f, 0x72, 0x20, 0x74, 0x68, 0x65, 0x20, 0x2b,
  0x31, 0x35, 0x30, 0x43, 0x6f, 0x6e, 0x64, 0x69, 0x74, 0x69, 0x6f, 0x6e,
  0x20, 0x44, 0x61, 0x6d, 0x61, 0x67, 0x65, 0x61, 0x6e, 0x64, 0x20, 0x2b,
  0x31, 0x30, 0x30, 0x50, 0x72, 0x65, 0x63, 0x69, 0x73, 0x69, 0x6f, 0x6e,
  0x2e, 0x22, 0x0a, 0x20, 0x20, 0x20, 0x20, 0x20, 0x20, 0x20, 0x20, 0x20,
  0x20, 0x7d, 0x2c, 0x0a, 0x20, 0x20, 0x20, 0x20, 0x20, 0x20, 0x20, 0x20,
  0x20, 0x20, 0x7b, 0x0a, 0x20, 0x20, 0x20, 0x20, 0x20, 0x20, 0x20, 0x20,
  0x20, 0x20, 0x20, 0x20, 0x22, 0x74, 0x65, 0x78, 0x74, 0x22, 0x3a, 0x20,
  0x22, 0x49, 0x6e, 0x66, 0x6c, 0x69, 0x63, 0x74, 0x42, 0x6c, 0x65, 0x65,
  0x64, 0x69, 0x6e, 0x67, 0x62, 0x79, 0x20, 0x64, 0x65, 0x61, 0x6c, 0x69,
  0x6e, 0x67, 0x43, 0x72, 0x69, 0x74, 0x69, 0x63, 0x61, 0x6c, 0x20, 0x48,
  0x69, 0x74, 0x73, 0x2e, 0x20, 0x41, 0x74, 0x74, 0x61, 0x63, 0x6b, 0x20,
  0x66, 0x72, 0x6f, 0x6d, 0x20, 0x74, 0x68, 0x65, 0x20, 0x73, 0x69, 0x64,
  0x65, 0x73, 0x20, 0x6f, 0x72, 0x20, 0x62, 0x61, 0x63, 0x6b, 0x2c, 0x20,
  0x6f, 0x72, 0x20, 0x61, 0x67, 0x61, 0x69, 0x6e, 0x73, 0x74, 0x20, 0x64,
  0x65, 0x66, 0x69, 0x61, 0x6e, 0x74, 0x20, 0x66, 0x6f, 0x65, 0x73, 0x20,
  0x74, 0x6f, 0x20, 0x74, 0x72, 0x69, 0x67, 0x67, 0x65, 0x72, 0x61, 0x6e,
  0x64, 0x57, 0x65, 0x61, 0x70, 0x6f, 0x6e, 0x20, 0x53, 0x77, 0x61, 0x70,
  0x66, 0x72, 0x65, 0x71, 0x75, 0x65, 0x6e, 0x74, 0x6c, 0x79, 0x20, 0x74,
  0x6f, 0x20, 0x6d, 0x61, 0x69, 0x6e, 0x74, 0x61, 0x69, 0x6e, 0x46, 0x75,
  0x72, 0x79, 0x61, 0x6e, 0x64, 0x53, 0x77, 0x69, 0x66, 0x74, 0x6e, 0x65,
  0x73, 0x73, 0x2e, 0x22, 0x0a, 0x20, 0x20, 0x20, 0x20, 0x20, 0x20, 0x20,
  0x20, 0x20, 0x20, 0x7d, 0x2c, 0x0a, 0x20, 0x20, 0x20, 0x20, 0x20, 0x20,
  0x20, 0x20, 0x20, 0x20, 0x7b, 0x0a, 0x20, 0x20, 0x20, 0x20, 0x20, 0x20,
  0x20, 0x20, 0x20, 0x20, 0x20, 0x20, 0x22, 0x74, 0x65, 0x78, 0x74, 0x22,
  0x3a, 0x20, 0x22, 0x59, 0x6f, 0x75, 0x72, 0x53, 0x68, 0x6f, 0x72, 0x74,
  0x20, 0x42, 0x6f, 0x77, 0x73, 0x6b, 0x69, 0x6c, 0x6c, 0x73, 0x20, 0x61,
  0x72, 0x65, 0x20, 0x61, 0x6c, 0x73, 0x6f, 0x20, 0x69, 0x6d, 0x70, 0x72,
  0x6f, 0x76, 0x65, 0x64, 0x20, 0x77, 0x68, 0x65, 0x6e, 0x20, 0x61, 0x74,
  0x74, 0x61, 0x63, 0x6b, 0x69, 0x6e, 0x67, 0x20, 0x66, 0x72, 0x6f, 0x6d,
  0x20, 0x74, 0x68, 0x65, 0x20, 0x73, 0x69, 0x64, 0x65, 0x73, 0x20, 0x6f,
  0x72, 0x20, 0x62, 0x61, 0x63, 0x6b, 0x2c, 0x20, 0x6f, 0x72, 0x20, 0x61,
  0x67, 0x61, 0x69, 0x6e, 0x73, 0x74, 0x20, 0x64, 0x65, 0x66, 0x69, 0x61,
  0x6e, 0x74, 0x20, 0x66, 0x6f, 0x65, 0x73, 0x3a, 0x22, 0x0a, 0x20, 0x20,
  0x20, 0x20, 0x20, 0x20, 0x20, 0x20, 0x20, 0x20, 0x7d, 0x2c, 0x0a, 0x20,
  0x20, 0x20, 0x20, 0x20, 0x20, 0x20, 0x20, 0x20, 0x20, 0x7b, 0x0a, 0x20,
  0x20, 0x20, 0x20, 0x20, 0x20, 0x20, 0x20, 0x20, 0x20, 0x20, 0x20, 0x22,
  0x74, 0x65, 0x78, 0x74, 0x22, 0x3a, 0x20, 0x22, 0x69, 0x6e, 0x66, 0x6c,
  0x69, 0x63, 0x74, 0x73, 0x20, 0x6c, 0x6f, 0x6e, 0x67, 0x65, 0x72, 0x20,
  0x6c, 0x61, 0x73, 0x74, 0x69, 0x6e, 0x67, 0x50, 0x6f, 0x69, 0x73, 0x6f,
  0x6e, 0x22, 0x0a, 0x20, 0x20, 0x20, 0x20, 0x20, 0x20, 0x20, 0x20, 0x20,
  0x20, 0x7d, 0x2c, 0x0a, 0x20, 0x20, 0x20, 0x20, 0x20, 0x20, 0x20, 0x20,
  0x20, 0x20, 0x7b, 0x0a, 0x20, 0x20, 0x20, 0x20, 0x20, 0x20, 0x20, 0x20,
  0x20, 0x20, 0x20, 0x20, 0x22, 0x74, 0x65, 0x78, 0x74, 0x22, 0x3a, 0x20,
  0x22, 0x69, 0x6e, 0x66, 0x6c, 0x69, 0x63, 0x74, 0x73, 0x49, 0x6d, 0x6d,
  0x6f, 0x62, 0x69, 0x6c, 0x69, 0x7a, 0x65, 0x22, 0x0a, 0x20, 0x20, 0x20,
  0x20, 0x20, 0x20, 0x20, 0x20, 0x20, 0x20, 0x7d, 0x2c, 0x0a, 0x20, 0x20,
  0x20, 0x20, 0x20, 0x20, 0x20, 0x20, 0x20, 0x20, 0x7b, 0x0a, 0x20, 0x20,
  0x20, 0x20, 0x20, 0x20, 0x20, 0x20, 0x20, 0x20, 0x20, 0x20, 0x22, 0x74,
  0x65, 0x78, 0x74, 0x22, 0x3a, 0x20, 0x22, 0x69, 0x6e, 0x66, 0x6c, 0x69,
  0x63, 0x74, 0x73, 0x53, 0x74, 0x75, 0x6e, 0x2c, 0x20, 0x72, 0x61, 0x74,
  0x68, 0x65, 0x72, 0x20, 0x74, 0x68, 0x61, 0x6e, 0x44, 0x61, 0x7a, 0x65,
  0x2e, 0x22, 0x0a, 0x20, 0x20, 0x20, 0x20, 0x20, 0x20, 0x20, 0x20, 0x20,
  0x20, 0x7d, 0x0a, 0x20, 0x20, 0x20, 0x20, 0x20, 0x20, 0x20, 0x20, 0x5d,
  0x0a, 0x20, 0x20, 0x20, 0x20, 0x20, 0x20, 0x7d, 0x2c, 0x0a, 0x20, 0x20,
  0x20, 0x20, 0x20, 0x20, 0x7b, 0x0a, 0x20, 0x20, 0x20, 0x20, 0x20, 0x20,
  0x20, 0x20, 0x22, 0x74, 0x69, 0x74, 0x6c, 0x65, 0x22, 0x3a, 0x20, 0x22,
  0x4f, 0x70, 0x65, 0x6e, 0x65, 0x72, 0x22, 0x2c, 0x0a, 0x20, 0x20, 0x20,
  0x20, 0x20, 0x20, 0x20, 0x20, 0x22, 0x69, 0x74, 0x65, 0x6d, 0x73, 0x22,
  0x3a, 0x20, 0x5b, 0x0a, 0x20, 0x20, 0x20, 0x20, 0x20, 0x20, 0x20, 0x20,
  0x20, 0x20, 0x7b, 0x0a, 0x20, 0x20, 0x20, 0x20, 0x20, 0x20, 0x20, 0x20,
  0x20, 0x20, 0x20, 0x20, 0x22, 0x74, 0x65, 0x78, 0x74, 0x22, 0x3a, 0x20,
  0x22, 0x50, 0x72, 0x69, 0x6f, 0x72, 0x20, 0x74, 0x6f, 0x20, 0x73, 0x74,
  0x61, 0x72, 0x74, 0x20, 0x65, 0x6e, 0x63, 0x6f, 0x75, 0x6e, 0x74, 0x65,
  0x72, 0x73, 0x2c, 0x20, 0x79, 0x6f, 0x75, 0x20, 0x63, 0x61, 0x6e, 0x20,
  0x70, 0x72, 0x65, 0x63, 0x61, 0x73, 0x74, 0x20, 0x74, 0x68, 0x65, 0x20,
  0x66, 0x6f, 0x6c, 0x6c, 0x6f, 0x77, 0x69, 0x6e, 0x67, 0x3a, 0x22, 0x0a,
  0x20, 0x20, 0x20, 0x20, 0x20, 0x20, 0x20, 0x20, 0x20, 0x20, 0x7d, 0x2c,
  0x0a, 0x20, 0x20, 0x20, 0x20, 0x20, 0x20, 0x20, 0x20, 0x20, 0x20, 0x7b,
  0x0a, 0x20, 0x20, 0x20, 0x20, 0x20, 0x20, 0x20, 0x20, 0x20, 0x20, 0x20,
  0x20, 0x22, 0x74, 0x65, 0x78, 0x74, 0x22, 0x3a, 0x20, 0x22, 0x2b, 0x22,
  0x0a, 0x20, 0x20, 0x20, 0x20, 0x20, 0x20, 0x20, 0x20, 0x20, 0x20, 0x7d,
  0x2c, 0x0a, 0x20, 0x20, 0x20, 0x20, 0x20, 0x20, 0x20, 0x20, 0x20, 0x20,
  0x7b, 0x0a, 0x20, 0x20, 0x20, 0x20, 0x20, 0x20, 0x20, 0x20, 0x20, 0x20,
  0x20, 0x20, 0x22, 0x74, 0x65, 0x78, 0x74, 0x22, 0x3a, 0x20, 0x22, 0x44,
  0x6f, 0x6e, 0x27, 0x74, 0x20, 0x63, 0x61, 0x73, 0x74, 0x61, 0x6e, 0x64,
  0x74, 0x6f, 0x6f, 0x20, 0x65, 0x61, 0x72, 0x6c, 0x79, 0x20, 0x61, 0x73,
  0x20, 0x74, 0x68, 0x65, 0x79, 0x20, 0x64, 0x6f, 0x6e, 0x27, 0x74, 0x20,
  0x6c, 0x61, 0x73, 0x74, 0x20, 0x76, 0x65, 0x72, 0x79, 0x20, 0x6c, 0x6f,
  0x6e, 0x67, 0x21, 0x22, 0x0a, 0x20, 0x20, 0x20, 0x20, 0x20, 0x20, 0x20,
  0x20, 0x20, 0x20, 0x7d, 0x0a, 0x20, 0x20, 0x20, 0x20, 0x20, 0x20, 0x20,
  0x20, 0x5d, 0x0a, 0x20, 0x20, 0x20, 0x20, 0x20, 0x20, 0x7d, 0x2c, 0x0a,
  0x20, 0x20, 0x20, 0x20, 0x20, 0x20, 0x7b, 0x0a, 0x20, 0x20, 0x20, 0x20,
  0x20, 0x20, 0x20, 0x20, 0x22, 0x74, 0x69, 0x74, 0x6c, 0x65, 0x22, 0x3a,
  0x20, 0x22, 0x53, 0x74, 0x65, 0x70, 0x20, 0x4f, 0x6e, 0x65, 0x22, 0x2c,
  0x0a, 0x20, 0x20, 0x20, 0x20, 0x20, 0x20, 0x20, 0x20, 0x22, 0x69, 0x74,
  0x65, 0x6d, 0x73, 0x22, 0x3a, 0x20, 0x5b, 0x0a, 0x20, 0x20, 0x20, 0x20,
  0x20, 0x20, 0x20, 0x20, 0x20, 0x20, 0x7b, 0x0a, 0x20, 0x20, 0x20, 0x20,
  0x20, 0x20, 0x20, 0x20, 0x20, 0x20, 0x20, 0x20, 0x22, 0x74, 0x65, 0x78,
  0x74, 0x22, 0x3a, 0x20, 0x22, 0x55, 0x73, 0x65, 0x20, 0x79, 0x6f, 0x75,
  0x72, 0x53, 0x68, 0x6f, 0x72, 0x74, 0x20, 0x42, 0x6f, 0x77, 0x73, 0x6b,
  0x69, 0x6c, 0x6c, 0x73, 0x20, 0x6f, 0x66, 0x66, 0x43, 0x6f, 0x6f, 0x6c,
  0x64, 0x6f, 0x77, 0x6e, 0x77, 0x69, 0x74, 0x68, 0x20, 0x74, 0x68, 0x65,
  0x20, 0x66, 0x6f, 0x6c, 0x6c, 0x6f, 0x77, 0x69, 0x6e, 0x67, 0x20, 0x70,
  0x72, 0x69, 0x6f, 0x72, 0x69, 0x74, 0x79, 0x3a, 0x22, 0x0a, 0x20, 0x20,
  0x20, 0x20, 0x20, 0x20, 0x20, 0x20, 0x20, 0x20, 0x7d, 0x2c, 0x0a, 0x20,
  0x20, 0x20, 0x20, 0x20, 0x20, 0x20, 0x20, 0x20, 0x20, 0x7b, 0x0a, 0x20,
  0x20, 0x20, 0x20, 0x20, 0x20, 0x20, 0x20, 0x20, 0x20, 0x20, 0x20, 0x22,
  0x74, 0x65, 0x78, 0x74, 0x22, 0x3a, 0x20, 0x22, 0x55, 0x73, 0x65, 0x20,
  0x79, 0x6f, 0x75, 0x72, 0x41, 0x75, 0x74, 0x6f, 0x20, 0x41, 0x74, 0x74,
  0x61, 0x63, 0x6b, 0x77, 0x68, 0x65, 0x6e, 0x20, 0x79, 0x6f, 0x75, 0x20,
  0x64, 0x6f, 0x6e, 0x27, 0x74, 0x20, 0x68, 0x61, 0x76, 0x65, 0x20, 0x61,
  0x6e, 0x79, 0x20, 0x73, 0x6b, 0x69, 0x6c, 0x6c, 0x73, 0x20, 0x74, 0x6f,
  0x20, 0x75, 0x73, 0x65, 0x2e, 0x22, 0x0a, 0x20, 0x20, 0x20, 0x20, 0x20,
  0x20, 0x20, 0x20, 0x20, 0x20, 0x7d, 0x0a, 0x20, 0x20, 0x20, 0x20, 0x20,
  0x20, 0x20, 0x20, 0x5d, 0x0a, 0x20, 0x20, 0x20, 0x20, 0x20, 0x20, 0x7d,
  0x2c, 0x0a, 0x20, 0x20, 0x20, 0x20, 0x20, 0x20, 0x7b, 0x0a, 0x20, 0x20,
  0x20, 0x20, 0x20, 0x20, 0x20, 0x20, 0x22, 0x74, 0x69, 0x74, 0x6c, 0x65,
  0x22, 0x3a, 0x20, 0x22, 0x53, 0x74, 0x65, 0x70, 0x20, 0x54, 0x77, 0x6f,
  0x22, 0x2c, 0x0a, 0x20, 0x20, 0x20, 0x20, 0x20, 0x20, 0x20, 0x20, 0x22,
  0x69, 0x74, 0x65, 0x6d, 0x73, 0x22, 0x3a, 0x20, 0x5b, 0x0a, 0x20, 0x20,
  0x20, 0x20, 0x20, 0x20, 0x20, 0x20, 0x20, 0x20, 0x7b, 0x0a, 0x20, 0x20,
  0x20, 0x20, 0x20, 0x20, 0x20, 0x20, 0x20, 0x20, 0x20, 0x20, 0x22, 0x74,
  0x65, 0x78, 0x74, 0x22, 0x3a, 0x20, 0x22, 0x54, 0x68, 0x65, 0x20, 0x6e,
  0x65, 0x78, 0x74, 0x20, 0x73, 0x74, 0x65, 0x70, 0x20, 0x77, 0x6f, 0x75,
  0x6c, 0x64, 0x20, 0x62, 0x65, 0x20, 0x74, 0x6f, 0x20, 0x61, 0x6c, 0x73,
  0x6f, 0x20, 0x74, 0x68, 0x65, 0x73, 0x65, 0x20, 0x61, 0x64, 0x64, 0x69,
  0x74, 0x69, 0x6f, 0x6e, 0x61, 0x6c, 0x20, 0x73, 0x6b, 0x69, 0x6c, 0x6c,
  0x73, 0x20, 0x6f, 0x66, 0x66, 0x43, 0x6f, 0x6f, 0x6c, 0x64, 0x6f, 0x77,
  0x6e, 0x3a, 0x22, 0x0a, 0x20, 0x20, 0x20, 0x20, 0x20, 0x20, 0x20, 0x20,
  0x20, 0x20, 0x7d, 0x0a, 0x20, 0x20, 0x20, 0x20, 0x20, 0x20, 0x20, 0x20,
  0x5d, 0x0a, 0x20, 0x20, 0x20, 0x20, 0x20, 0x20, 0x7d, 0x2c, 0x0a, 0x20,
  0x20, 0x20, 0x20, 0x20, 0x20, 0x7b, 0x0a, 0x20, 0x20, 0x20, 0x20, 0x20,
  0x20, 0x20, 0x20, 0x22, 0x74, 0x69, 0x74, 0x6c, 0x65, 0x22, 0x3a, 0x20,
  0x22, 0x53, 0x74, 0x65, 0x70, 0x20, 0x54, 0x68, 0x72, 0x65, 0x65, 0x22,
  0x2c, 0x0a, 0x20, 0x20, 0x20, 0x20, 0x20, 0x20, 0x20, 0x20, 0x22, 0x69,
  0x74, 0x65, 0x6d, 0x73, 0x22, 0x3a, 0x20, 0x5b, 0x0a, 0x20, 0x20, 0x20,
  0x20, 0x20, 0x20, 0x20, 0x20, 0x20, 0x20, 0x7b, 0x0a, 0x20, 0x20, 0x20,
  0x20, 0x20, 0x20, 0x20, 0x20, 0x20, 0x20, 0x20, 0x20, 0x22, 0x74, 0x65,
  0x78, 0x74, 0x22, 0x3a, 0x20, 0x22, 0x70, 0x72, 0x6f, 0x76, 0x69, 0x64,
  0x65, 0x73, 0x20, 0x79, 0x6f, 0x75, 0x20, 0x77, 0x69, 0x74, 0x68, 0x20,
  0x61, 0x20, 0x31, 0x30, 0x25, 0x20, 0x69, 0x6e, 0x63, 0x72, 0x65, 0x61,
  0x73, 0x65, 0x20, 0x69, 0x6e, 0x53, 0x74, 0x72, 0x69, 0x6b, 0x65, 0x20,
  0x44, 0x61, 0x6d, 0x61, 0x67, 0x65, 0x61, 0x6e, 0x64, 0x43, 0x6f, 0x6e,
  0x64, 0x69, 0x74, 0x69, 0x6f, 0x6e, 0x20, 0x44, 0x61, 0x6d, 0x61, 0x67,
  0x65, 0x2e, 0x20, 0x49, 0x6e, 0x20, 0x6f, 0x72, 0x64, 0x65, 0x72, 0x20,
  0x74, 0x6f, 0x20, 0x74, 0x72, 0x69, 0x67, 0x67, 0x65, 0x72, 0x20, 0x74,
  0x68, 0x69, 0x73, 0x20, 0x74, 0x72, 0x61, 0x69, 0x74, 0x2c, 0x20, 0x79,
  0x6f, 0x75, 0x20, 0x6e, 0x65, 0x65, 0x64, 0x20, 0x74, 0x6f, 0x20, 0x75,
  0x73, 0x65, 0x44, 0x65, 0x66, 0x69, 0x61, 0x6e, 0x63, 0x65, 0x20, 0x42,
  0x72, 0x65, 0x61, 0x6b, 0x3a, 0x22, 0x0a, 0x20, 0x20, 0x20, 0x20, 0x20,
  0x20, 0x20, 0x20, 0x20, 0x20, 0x7d, 0x2c, 0x0a, 0x20, 0x20, 0x20, 0x20,
  0x20, 0x20, 0x20, 0x20, 0x20, 0x20, 0x7b, 0x0a, 0x20, 0x20, 0x20, 0x20,
  0x20, 0x20, 0x20, 0x20, 0x20, 0x20, 0x20, 0x20, 0x22, 0x74, 0x65, 0x78,
  0x74, 0x22, 0x3a, 0x20, 0x22, 0x44, 0x65, 0x6c, 0x61, 0x79, 0x69, 0x66,
  0x20, 0x79, 0x6f, 0x75, 0x20, 0x61, 0x6c, 0x72, 0x65, 0x61, 0x64, 0x79,
  0x20, 0x73, 0x65, 0x65, 0x20, 0x74, 0x68, 0x65, 0x20, 0x62, 0x75, 0x66,
  0x66, 0x20, 0x66, 0x72, 0x6f, 0x6d, 0x69, 0x73, 0x20, 0x61, 0x63, 0x74,
  0x69, 0x76, 0x65, 0x20, 0x64, 0x75, 0x65, 0x20, 0x74, 0x6f, 0x20, 0x72,
  0x65, 0x63, 0x65, 0x6e, 0x74, 0x6c, 0x79, 0x20, 0x75, 0x73, 0x69, 0x6e,
  0x67, 0x2e, 0x22, 0x0a, 0x20, 0x20, 0x20, 0x20, 0x20, 0x20, 0x20, 0x20,
  0x20, 0x20, 0x7d, 0x2c, 0x0a, 0x20, 0x20, 0x20, 0x20, 0x20, 0x20, 0x20,
  0x20, 0x20, 0x20, 0x7b, 0x0a, 0x20, 0x20, 0x20, 0x20, 0x20, 0x20, 0x20,
  0x20, 0x20, 0x20, 0x20, 0x20, 0x22, 0x74, 0x65, 0x78, 0x74, 0x22, 0x3a,
  0x20, 0x22, 0x44, 0x6f, 0x64, 0x67, 0x65, 0x73, 0x61, 0x6e, 0x64, 0x77,
  0x69, 0x6c, 0x6c, 0x20, 0x61, 0x70, 0x70, 0x6c, 0x79, 0x2c, 0x20, 0x61,
  0x6e, 0x64, 0x20, 0x63, 0x61, 0x6e, 0x20, 0x62, 0x65, 0x20, 0x63, 0x61,
  0x73, 0x74, 0x20, 0x62, 0x65, 0x66, 0x6f, 0x72, 0x65, 0x20, 0x74, 0x68,
  0x65, 0x20, 0x65, 0x6e, 0x63, 0x6f, 0x75, 0x6e, 0x74, 0x65, 0x72, 0x20,
  0x6f, 0x72, 0x20, 0x64, 0x75, 0x72, 0x69, 0x6e, 0x67, 0x20, 0x64, 0x6f,
  0x77, 0x6e, 0x74, 0x69, 0x6d, 0x65, 0x2e, 0x22, 0x0a, 0x20, 0x20, 0x20,
  0x20, 0x20, 0x20, 0x20, 0x20, 0x20, 0x20, 0x7d, 0x0a, 0x20, 0x20, 0x20,
  0x20, 0x20, 0x20, 0x20, 0x20, 0x5d, 0x0a, 0x20, 0x20, 0x20, 0x20, 0x20,
  0x20, 0x7d, 0x2c, 0x0a, 0x20, 0x20, 0x20, 0x20, 0x20, 0x20, 0x7b, 0x0a,
  0x20, 0x20, 0x20, 0x20, 0x20, 0x20, 0x20, 0x20, 0x22, 0x74, 0x69, 0x74,
  0x6c, 0x65, 0x22, 0x3a, 0x20, 0x22, 0x43, 0x72, 0x6f, 0x77, 0x64, 0x20,
  0x43, 0x6f, 0x6e, 0x74, 0x72, 0x6f, 0x6c, 0x22, 0x2c, 0x0a, 0x20, 0x20,
  0x20, 0x20, 0x20, 0x20, 0x20, 0x20, 0x22, 0x69, 0x74, 0x65, 0x6d, 0x73,
  0x22, 0x3a, 0x20, 0x5b, 0x5d, 0x0a, 0x20, 0x20, 0x20, 0x20, 0x20, 0x20,
  0x7d, 0x0a, 0x20, 0x20, 0x20, 0x20, 0x5d, 0x0a, 0x20, 0x20, 0x7d, 0x2c,
  0x0a, 0x20, 0x20, 0x22, 0x72, 0x61, 0x6e, 0x67, 0x65, 0x72, 0x2d, 0x70,
  0x6f, 0x77, 0x65, 0x72, 0x2d, 0x73, 0x6f, 0x75, 0x6c, 0x62, 0x65, 0x61,
  0x73, 0x74, 0x22, 0x3a, 0x20, 0x7b, 0x0a, 0x20, 0x20, 0x20, 0x20, 0x22,
  0x73, 0x65, 0x63, 0x74, 0x69, 0x6f, 0x6e, 0x73, 0x22, 0x3a, 0x20, 0x5b,
  0x0a, 0x20, 0x20, 0x20, 0x20, 0x20, 0x20, 0x7b, 0x0a, 0x20, 0x20, 0x20,
  0x20, 0x20, 0x20, 0x20, 0x20, 0x22, 0x74, 0x69, 0x74, 0x6c, 0x65, 0x22,
  0x3a, 0x20, 0x22, 0x4b, 0x65, 0x79, 0x20, 0x43, 0x6f, 0x6e, 0x63, 0x65,
  0x70, 0x74, 0x73, 0x22, 0x2c, 0x0a, 0x20, 0x20, 0x20, 0x20, 0x20, 0x20,
  0x20, 0x20, 0x22, 0x69, 0x74, 0x65, 0x6d, 0x73, 0x22, 0x3a, 0x20, 0x5b,
  0x0a, 0x20, 0x20, 0x20, 0x20, 0x20, 0x20, 0x20, 0x20, 0x20, 0x20, 0x7b,
  0x0a, 0x20, 0x20, 0x20, 0x20, 0x20, 0x20, 0x20, 0x20, 0x20, 0x20, 0x20,
  0x20, 0x22, 0x74, 0x65, 0x78, 0x74, 0x22, 0x3a, 0x20, 0x22, 0x4d, 0x65,
  0x72, 0x67, 0x65, 0x20, 0x77, 0x69, 0x74, 0x68, 0x20, 0x79, 0x6f, 0x75,
  0x72, 0x50, 0x65, 0x74, 0x62, 0x79, 0x20, 0x75, 0x73, 0x69, 0x6e, 0x67,
  0x74, 0x6f, 0x20, 0x67, 0x61, 0x69, 0x6e, 0x20, 0x74, 0x72, 0x61, 0x69,
  0x74, 0x20, 0x62, 0x6f, 0x6e, 0x75, 0x73, 0x65, 0x73, 0x20, 0x66, 0x72,
  0x6f, 0x6d, 0x20, 0x79, 0x6f, 0x75, 0x72, 0x50, 0x65, 0x74, 0x2e, 0x20,
  0x54, 0x68, 0x65, 0x72, 0x65, 0x20, 0x61, 0x72, 0x65, 0x20, 0x71, 0x75,
  0x69, 0x74, 0x65, 0x20, 0x61, 0x20, 0x66, 0x65, 0x77, 0x20, 0x74, 0x72,
  0x61, 0x69, 0x74, 0x73, 0x20, 0x74, 0x68, 0x61, 0x74, 0x20, 0x74, 0x68,
  0x69, 0x73, 0x20, 0x77, 0x6f, 0x72, 0x6b, 0x73, 0x20, 0x77, 0x69, 0x74,
  0x68, 0x3a, 0x22, 0x0a, 0x20, 0x20, 0x20, 0x20, 0x20, 0x20, 0x20, 0x20,
  0x20, 0x20, 0x7d, 0x2c, 0x0a, 0x20, 0x20, 0x20, 0x20, 0x20, 0x20, 0x20,
  0x20, 0x20, 0x20, 0x7b, 0x0a, 0x20, 0x20, 0x20, 0x20, 0x20, 0x20, 0x20,
  0x20, 0x20, 0x20, 0x20, 0x20, 0x22, 0x74, 0x65, 0x78, 0x74, 0x22, 0x3a,
  0x20, 0x22, 0x67, 0x72, 0x61, 0x6e, 0x74, 0x73, 0x20, 0x79, 0x6f, 0x75,
  0x20, 0x2b, 0x31, 0x35, 0x30, 0x41, 0x74, 0x74, 0x72, 0x69, 0x62, 0x75,
  0x74, 0x65, 0x20, 0x42, 0x6f, 0x6e, 0x75, 0x73, 0x22, 0x0a, 0x20, 0x20,
  0x20, 0x20, 0x20, 0x20, 0x20, 0x20, 0x20, 0x20, 0x7d, 0x2c, 0x0a, 0x20,
  0x20, 0x20, 0x20, 0x20, 0x20, 0x20, 0x20, 0x20, 0x20, 0x7b, 0x0a, 0x20,
  0x20, 0x20, 0x20, 0x20, 0x20, 0x20, 0x20, 0x20, 0x20, 0x20, 0x20, 0x22,
  0x74, 0x65, 0x78, 0x74, 0x22, 0x3a, 0x20, 0x22, 0x69, 0x6e, 0x63, 0x72,
  0x65, 0x61, 0x73, 0x65, 0x73, 0x20, 0x79, 0x6f, 0x75, 0x72, 0x44, 0x61,
  0x6d, 0x61, 0x67, 0x65, 0x62, 0x79, 0x20, 0x31, 0x30, 0x25, 0x22, 0x0a,
  0x20, 0x20, 0x20, 0x20, 0x20, 0x20, 0x20, 0x20, 0x20, 0x20, 0x7d, 0x2c,
  0x0a, 0x20, 0x20, 0x20, 0x20, 0x20, 0x20, 0x20, 0x20, 0x20, 0x20, 0x7b,
  0x0a, 0x20, 0x20, 0x20, 0x20, 0x20, 0x20, 0x20, 0x20, 0x20, 0x20, 0x20,
  0x20, 0x22, 0x74, 0x65, 0x78, 0x74, 0x22, 0x3a, 0x20, 0x22, 0x67, 0x72,
  0x61, 0x6e, 0x74, 0x73, 0x20, 0x79, 0x6f, 0x75, 0x20, 0x2b, 0x33, 0x30,
  0x30, 0x46, 0x65, 0x72, 0x6f, 0x63, 0x69, 0x74, 0x79, 0x61, 0x6e, 0x64,
  0x20, 0x33, 0x30, 0x25, 0x4d, 0x6f, 0x76, 0x65, 0x6d, 0x65, 0x6e, 0x74,
  0x20, 0x53, 0x70, 0x65, 0x65, 0x64, 0x2e, 0x22, 0x0a, 0x20, 0x20, 0x20,
  0x20, 0x20, 0x20, 0x20, 0x20, 0x20, 0x20, 0x7d, 0x2c, 0x0a, 0x20, 0x20,
  0x20, 0x20, 0x20, 0x20, 0x20, 0x20, 0x20, 0x20, 0x7b, 0x0a, 0x20, 0x20,
  0x20, 0x20, 0x20, 0x20, 0x20, 0x20, 0x20, 0x20, 0x20, 0x20, 0x22, 0x74,
  0x65, 0x78, 0x74, 0x22, 0x3a, 0x20, 0x22, 0x77, 0x69, 0x6c, 0x6c, 0x20,
  0x61, 0x6c, 0x73, 0x6f, 0x20, 0x69, 0x6d, 0x70, 0x72, 0x6f, 0x76, 0x65,
  0x20, 0x74, 0x68, 0x65, 0x20, 0x66, 0x6f, 0x6c, 0x6c, 0x6f, 0x77, 0x69,
  0x6e, 0x67, 0x20, 0x73, 0x6b, 0x69, 0x6c, 0x6c, 0x73, 0x3a, 0x22, 0x0a,
  0x20, 0x20, 0x20, 0x20, 0x20, 0x20, 0x20, 0x20, 0x20, 0x20, 0x7d, 0x2c,
  0x0a, 0x20, 0x20, 0x20, 0x20, 0x20, 0x20, 0x20, 0x20, 0x20, 0x20, 0x7b,
  0x0a, 0x20, 0x20, 0x20, 0x20, 0x20, 0x20, 0x20, 0x20, 0x20, 0x20, 0x20,
  0x20, 0x22, 0x74, 0x65, 0x78, 0x74, 0x22, 0x3a, 0x20, 0x22, 0x77, 0x69,
  0x6c, 0x6c, 0x20, 0x63, 0x6f, 0x70, 0x79, 0x20, 0x79, 0x6f, 0x75, 0x72,
  0x20, 0x62, 0x6f, 0x6f, 0x6e, 0x73, 0x20, 0x74, 0x6f, 0x20, 0x79, 0x6f,
  0x75, 0x72, 0x73, 0x65, 0x6c, 0x66, 0x20, 0x74, 0x68, 0x65, 0x72, 0x65,
  0x62, 0x79, 0x20, 0x69, 0x6e, 0x63, 0x72, 0x65, 0x61, 0x73, 0x69, 0x6e,
  0x67, 0x20, 0x74, 0x68, 0x65, 0x69, 0x72, 0x20, 0x64, 0x75, 0x72, 0x61,
  0x74, 0x69, 0x6f, 0x6e, 0x20, 0x61, 0x6e, 0x64, 0x20, 0x64, 0x6f, 0x75,
  0x62, 0x6c, 0x69, 0x6e, 0x67, 0x20, 0x74, 0x68, 0x65, 0x69, 0x72, 0x20,
  0x73, 0x74, 0x61, 0x63, 0x6b, 0x73, 0x22, 0x0a, 0x20, 0x20, 0x20, 0x20,
  0x20, 0x20, 0x20, 0x20, 0x20, 0x20, 0x7d, 0x2c, 0x0a, 0x20, 0x20, 0x20,
  0x20, 0x20, 0x20, 0x20, 0x20, 0x20, 0x20, 0x7b, 0x0a, 0x20, 0x20, 0x20,
  0x20, 0x20, 0x20, 0x20, 0x20, 0x20, 0x20, 0x20, 0x20, 0x22, 0x74, 0x65,
  0x78, 0x74, 0x22, 0x3a, 0x20, 0x22, 0x77, 0x69, 0x6c, 0x6c, 0x20, 0x69,
  0x6e, 0x63, 0x72, 0x65, 0x61, 0x73, 0x65, 0x20, 0x79, 0x6f, 0x75, 0x72,
  0x44, 0x61, 0x6d, 0x61, 0x67, 0x65, 0x62, 0x79, 0x20, 0x32, 0x35, 0x25,
  0x2e, 0x22, 0x0a, 0x20, 0x20, 0x20, 0x20, 0x20, 0x20, 0x20, 0x20, 0x20,
  0x20, 0x7d, 0x2c, 0x0a, 0x20, 0x20, 0x20, 0x20, 0x20, 0x20, 0x20, 0x20,
  0x20, 0x20, 0x7b, 0x0a, 0x20, 0x20, 0x20, 0x20, 0x20, 0x20, 0x20, 0x20,
  0x20, 0x20, 0x20, 0x20, 0x22, 0x74, 0x65, 0x78, 0x74, 0x22, 0x3a, 0x20,
  0x22, 0x59, 0x6f, 0x75, 0x20, 0x67, 0x61, 0x69, 0x6e, 0x20, 0x61, 0x6e,
  0x41, 0x74, 0x74, 0x72, 0x69, 0x62, 0x75, 0x74, 0x65, 0x20, 0x42, 0x6f,
  0x6e, 0x75, 0x73, 0x64, 0x65, 0x70, 0x65, 0x6e, 0x64, 0x69, 0x6e, 0x67,
  0x20, 0x6f, 0x6e, 0x20, 0x79, 0x6f, 0x75, 0x72, 0x50, 0x65, 0x74, 0x27,
  0x73, 0x61, 0x72, 0x63, 0x68, 0x65, 0x74, 0x79, 0x70, 0x65, 0x2e, 0x20,
  0x4f, 0x6e, 0x50, 0x6f, 0x77, 0x65, 0x72, 0x62, 0x75, 0x69, 0x6c, 0x64,
  0x73, 0x2c, 0x20, 0x79, 0x6f, 0x75, 0x20, 0x77, 0x61, 0x6e, 0x74, 0x20,
  0x74, 0x6f, 0x20, 0x6d, 0x65, 0x72, 0x67, 0x65, 0x20, 0x77, 0x69, 0x74,
  0x68, 0x20, 0x61, 0x46, 0x65, 0x72, 0x6f, 0x63, 0x69, 0x6f, 0x75, 0x73,
  0x66, 0x6f, 0x72, 0x20, 0x74, 0x68, 0x65, 0x20, 0x2b, 0x31, 0x35, 0x30,
  0x50, 0x6f, 0x77, 0x65, 0x72, 0x61, 0x6e, 0x64, 0x20, 0x2b, 0x31, 0x30,
  0x30, 0x46, 0x65, 0x72, 0x6f, 0x63, 0x69, 0x74, 0x79, 0x2e, 0x22, 0x0a,
  0x20, 0x20, 0x20, 0x20, 0x20, 0x20, 0x20, 0x20, 0x20, 0x20, 0x7d, 0x2c,
  0x0a, 0x20, 0x20, 0x20, 0x20, 0x20, 0x20, 0x20, 0x20, 0x20, 0x20, 0x7b,
  0x0a, 0x20, 0x20, 0x20, 0x20, 0x20, 0x20, 0x20, 0x20, 0x20, 0x20, 0x20,
  0x20, 0x22, 0x74, 0x65, 0x78, 0x74, 0x22, 0x3a, 0x20, 0x22, 0x44, 0x6f,
  0x20, 0x6d, 0x61, 0x73, 0x73, 0x69, 0x76, 0x65, 0x44, 0x61, 0x6d, 0x61,
  0x67, 0x65, 0x77, 0x69, 0x74, 0x68, 0x43, 0x72, 0x69, 0x74, 0x69, 0x63,
  0x61, 0x6c, 0x20, 0x48, 0x69, 0x74, 0x73, 0x2e, 0x20, 0x41, 0x74, 0x74,
  0x61, 0x63, 0x6b, 0x20, 0x66, 0x72, 0x6f, 0x6d, 0x20, 0x74, 0x68, 0x65,
  0x20, 0x73, 0x69, 0x64, 0x65, 0x73, 0x20, 0x6f, 0x72, 0x20, 0x62, 0x61,
  0x63, 0x6b, 0x2c, 0x20, 0x6f, 0x72, 0x20, 0x61, 0x67, 0x61, 0x69, 0x6e,
  0x73, 0x74, 0x20, 0x64, 0x65, 0x66, 0x69, 0x61, 0x6e, 0x74, 0x20, 0x66,
  0x6f, 0x65, 0x73, 0x20, 0x74, 0x6f, 0x20, 0x74, 0x72, 0x69, 0x67, 0x67,
  0x65, 0x72, 0x61, 0x6e, 0x64, 0x20, 0x6d, 0x61, 0x69, 0x6e, 0x74, 0x61,
  0x69, 0x6e, 0x46, 0x75, 0x72, 0x79, 0x74, 0x6f, 0x20, 0x6d, 0x61, 0x78,
  0x69, 0x6d, 0x69, 0x7a, 0x65, 0x43, 0x72, 0x69, 0x74, 0x69, 0x63, 0x61,
  0x6c, 0x20, 0x43, 0x68, 0x61, 0x6e, 0x63, 0x65, 0x2e, 0x22, 0x0a, 0x20,
  0x20, 0x20, 0x20, 0x20, 0x20, 0x20, 0x20, 0x20, 0x20, 0x7d, 0x0a, 0x20,
  0x20, 0x20, 0x20, 0x20, 0x20, 0x20, 0x20, 0x5d, 0x0a, 0x20, 0x20, 0x20,
  0x20, 0x20, 0x20, 0x7d, 0x2c, 0x0a, 0x20, 0x20, 0x20, 0x20, 0x20, 0x20,
  0x7b, 0x0a, 0x20, 0x20, 0x20, 0x20, 0x20, 0x20, 0x20, 0x20, 0x22, 0x74,
  0x69, 0x74, 0x6c, 0x65, 0x22, 0x3a, 0x20, 0x22, 0x4f, 0x70, 0x65, 0x6e,
  0x65, 0x72, 0x22, 0x2c, 0x0a, 0x20, 0x20, 0x20, 0x20, 0x20, 0x20, 0x20,
  0x20, 0x22, 0x69, 0x74, 0x65, 0x6d, 0x73, 0x22, 0x3a, 0x20, 0x5b, 0x5d,
  0x0a, 0x20, 0x20, 0x20, 0x20, 0x20, 0x20, 0x7d, 0x2c, 0x0a, 0x20, 0x20,
  0x20, 0x20, 0x20, 0x20, 0x7b, 0x0a, 0x20, 0x20, 0x20, 0x20, 0x20, 0x20,
  0x20, 0x20, 0x22, 0x74, 0x69, 0x74, 0x6c, 0x65, 0x22, 0x3a, 0x20, 0x22,
  0x53, 0x74, 0x65, 0x70, 0x20, 0x4f, 0x6e, 0x65, 0x22, 0x2c, 0x0a, 0x20,
  0x20, 0x20, 0x20, 0x20, 0x20, 0x20, 0x20, 0x22, 0x69, 0x74, 0x65, 0x6d,
  0x73, 0x22, 0x3a, 0x20, 0x5b, 0x0a, 0x20, 0x20, 0x20, 0x20, 0x20, 0x20,
  0x20, 0x20, 0x20, 0x20, 0x7b, 0x0a, 0x20, 0x20, 0x20, 0x20, 0x20, 0x20,
  0x20, 0x20, 0x20, 0x20, 0x20, 0x20, 0x22, 0x74, 0x65, 0x78, 0x74, 0x22,
  0x3a, 0x20, 0x22, 0x41, 0x66, 0x74, 0x65, 0x72, 0x20, 0x79, 0x6f, 0x75,
  0x72, 0x20, 0x6f, 0x70, 0x65, 0x6e, 0x65, 0x72, 0x2c, 0x20, 0x75, 0x73,
  0x65, 0x20, 0x74, 0x68, 0x65, 0x20, 0x66, 0x6f, 0x6c, 0x6c, 0x6f, 0x77,
  0x69, 0x6e, 0x67, 0x20, 0x73, 0x6b, 0x69, 0x6c, 0x6c, 0x73, 0x20, 0x6f,
  0x66, 0x66, 0x43, 0x6f, 0x6f, 0x6c, 0x64, 0x6f, 0x77, 0x6e, 0x3a, 0x22,
  0x0a, 0x20, 0x20, 0x20, 0x20, 0x20, 0x20, 0x20, 0x20, 0x20, 0x20, 0x7d,
  0x2c, 0x0a, 0x20, 0x20, 0x20, 0x20, 0x20, 0x20, 0x20, 0x20, 0x20, 0x20,
  0x7b, 0x0a, 0x20, 0x20, 0x20, 0x20, 0x20, 0x20, 0x20, 0x20, 0x20, 0x20,
  0x20, 0x20, 0x22, 0x74, 0x65, 0x78, 0x74, 0x22, 0x3a, 0x20, 0x22, 0x4b,
  0x65, 0x65, 0x70, 0x20, 0x69, 0x6e, 0x20, 0x6d, 0x69, 0x6e, 0x64, 0x20,
  0x74, 0x68, 0x61, 0x74, 0x61, 0x6e, 0x64, 0x62, 0x6f, 0x74, 0x68, 0x20,
  0x68, 0x61, 0x76, 0x65, 0x20, 0x66, 0x6f, 0x72, 0x63, 0x65, 0x64, 0x20,
  0x6d, 0x6f, 0x76, 0x65, 0x6d, 0x65, 0x6e, 0x74, 0x2e, 0x20, 0x54, 0x68,
  0x65, 0x20, 0x75, 0x70, 0x73, 0x69, 0x64, 0x65, 0x20, 0x69, 0x73, 0x20,
  0x74, 0x68, 0x61, 0x74, 0x69, 0x73, 0x20, 0x61, 0x6c, 0x73, 0x6f, 0x20,
  0x61, 0x6e, 0x45, 0x76, 0x61, 0x64, 0x65, 0x2e, 0x22, 0x0a, 0x20, 0x20,
  0x20, 0x20, 0x20, 0x20, 0x20, 0x20, 0x20, 0x20, 0x7d, 0x0a, 0x20, 0x20,
  0x20, 0x20, 0x20, 0x20, 0x20, 0x20, 0x5d, 0x0a, 0x20, 0x20, 0x20, 0x20,
  0x20, 0x20, 0x7d, 0x2c, 0x0a, 0x20, 0x20, 0x20, 0x20, 0x20, 0x20, 0x7b,
  0x0a, 0x20, 0x20, 0x20, 0x20, 0x20, 0x20, 0x20, 0x20, 0x22, 0x74, 0x69,
  0x74, 0x6c, 0x65, 0x22, 0x3a, 0x20, 0x22, 0x53, 0x74, 0x65, 0x70, 0x20,
  0x54, 0x77, 0x6f, 0x22, 0x2c, 0x0a, 0x20, 0x20, 0x20, 0x20, 0x20, 0x20,
  0x20, 0x20, 0x22, 0x69, 0x74, 0x65, 0x6d, 0x73, 0x22, 0x3a, 0x20, 0x5b,
  0x0a, 0x20, 0x20, 0x20, 0x20, 0x20, 0x20, 0x20, 0x20, 0x20, 0x20, 0x7b,
  0x0a, 0x20, 0x20, 0x20, 0x20, 0x20, 0x20, 0x20, 0x20, 0x20, 0x20, 0x20,
  0x20, 0x22, 0x74, 0x65, 0x78, 0x74, 0x22, 0x3a, 0x20, 0x22, 0x54, 0x68,
  0x69, 0x73, 0x20, 0x73, 0x74, 0x65, 0x70, 0x20, 0x69, 0x73, 0x20, 0x61,
  0x6c, 0x6c, 0x20, 0x61, 0x62, 0x6f, 0x75, 0x74, 0x20, 0x70, 0x72, 0x65,
  0x70, 0x61, 0x72, 0x69, 0x6e, 0x67, 0x20, 0x79, 0x6f, 0x75, 0x72, 0x20,
  0x62, 0x75, 0x72, 0x73, 0x74, 0x44, 0x61, 0x6d, 0x61, 0x67, 0x65, 0x2e,
  0x20, 0x49, 0x74, 0x20, 0x63, 0x6f, 0x6d, 0x62, 0x69, 0x6e, 0x65, 0x73,
  0x20, 0x62, 0x75, 0x66, 0x66, 0x73, 0x20, 0x77, 0x69, 0x74, 0x68, 0x20,
  0x79, 0x6f, 0x75, 0x72, 0x20, 0x68, 0x69, 0x67, 0x68, 0x44, 0x61, 0x6d,
  0x61, 0x67, 0x65, 0x73, 0x6b, 0x69, 0x6c, 0x6c, 0x73, 0x20, 0x74, 0x6f,
  0x20, 0x6d, 0x65, 0x6c, 0x74, 0x20, 0x65, 0x6e, 0x65, 0x6d, 0x69, 0x65,
  0x73, 0x2e, 0x22, 0x0a, 0x20, 0x20, 0x20, 0x20, 0x20, 0x20, 0x20, 0x20,
  0x20, 0x20, 0x7d, 0x2c, 0x0a, 0x20, 0x20, 0x20, 0x20, 0x20, 0x20, 0x20,
  0x20, 0x20, 0x20, 0x7b, 0x0a, 0x20, 0x20, 0x20, 0x20, 0x20, 0x20, 0x20,
  0x20, 0x20, 0x20, 0x20, 0x20, 0x22, 0x74, 0x65, 0x78, 0x74, 0x22, 0x3a,
  0x20, 0x22, 0x70, 0x72, 0x6f, 0x76, 0x69, 0x64, 0x65, 0x73, 0x20, 0x61,
  0x20, 0x73, 0x75, 0x62, 0x73, 0x74, 0x61, 0x6e, 0x74, 0x69, 0x61, 0x6c,
  0x20, 0x32, 0x35, 0x25, 0x44, 0x61, 0x6d, 0x61, 0x67, 0x65, 0x69, 0x6e,
  0x63, 0x72, 0x65, 0x61, 0x73, 0x65, 0x20, 0x66, 0x6f, 0x72, 0x20, 0x31,
  0x30, 0x20, 0x73, 0x65, 0x63, 0x6f, 0x6e, 0x64, 0x73, 0x2e, 0x22, 0x0a,
  0x20, 0x20, 0x20, 0x20, 0x20, 0x20, 0x20, 0x20, 0x20, 0x20, 0x7d, 0x2c,
  0x0a, 0x20, 0x20, 0x20, 0x20, 0x20, 0x20, 0x20, 0x20, 0x20, 0x20, 0x7b,
  0x0a, 0x20, 0x20, 0x20, 0x20, 0x20, 0x20, 0x20, 0x20, 0x20, 0x20, 0x20,
  0x20, 0x22, 0x74, 0x65, 0x78, 0x74, 0x22, 0x3a, 0x20, 0x22, 0x50, 0x61,
  0x69, 0x72, 0x77, 0x69, 0x74, 0x68, 0x20, 0x74, 0x68, 0x65, 0x20, 0x66,
  0x6f, 0x6c, 0x6c, 0x6f, 0x77, 0x69, 0x6e, 0x67, 0x20, 0x62, 0x69, 0x67,
  0x44, 0x61, 0x6d, 0x61, 0x67, 0x65, 0x73, 0x6b, 0x69, 0x6c, 0x6c, 0x73,
  0x3a, 0x22, 0x0a, 0x20, 0x20, 0x20, 0x20, 0x20, 0x20, 0x20, 0x20, 0x20,
  0x20, 0x7d, 0x2c, 0x0a, 0x20, 0x20, 0x20, 0x20, 0x20, 0x20, 0x20, 0x20,
  0x20, 0x20, 0x7b, 0x0a, 0x20, 0x20, 0x20, 0x20, 0x20, 0x20, 0x20, 0x20,
  0x20, 0x20, 0x20, 0x20, 0x22, 0x74, 0x65, 0x78, 0x74, 0x22, 0x3a, 0x20,
  0x22, 0x41, 0x6c, 0x6c, 0x20, 0x74, 0x68, 0x65, 0x73, 0x65, 0x20, 0x73,
  0x6b, 0x69, 0x6c, 0x6c, 0x73, 0x20, 0x77, 0x69, 0x6c, 0x6c, 0x20, 0x63,
  0x6f, 0x6d, 0x65, 0x20, 0x6f, 0x66, 0x66, 0x43, 0x6f, 0x6f, 0x6c, 0x64,
  0x6f, 0x77, 0x6e, 0x61, 0x74, 0x20, 0x6d, 0x6f, 0x72, 0x65, 0x20, 0x6f,
  0x72, 0x20, 0x6c, 0x65, 0x73, 0x73, 0x20, 0x74, 0x68, 0x65, 0x20, 0x73,
  0x61, 0x6d, 0x65, 0x20, 0x74, 0x69, 0x6d, 0x65, 0x2e, 0x22, 0x0a, 0x20,
  0x20, 0x20, 0x20, 0x20, 0x20, 0x20, 0x20, 0x20, 0x20, 0x7d, 0x2c, 0x0a,
  0x20, 0x20, 0x20, 0x20, 0x20, 0x20, 0x20, 0x20, 0x20, 0x20, 0x7b, 0x0a,
  0x20, 0x20, 0x20, 0x20, 0x20, 0x20, 0x20, 0x20, 0x20, 0x20, 0x20, 0x20,
  0x22, 0x74, 0x65, 0x78, 0x74, 0x22, 0x3a, 0x20, 0x22, 0x49, 0x66, 0x69,
  0x73, 0x20, 0x61, 0x76, 0x61, 0x69, 0x6c, 0x61, 0x62, 0x6c, 0x65, 0x2c,
  0x20, 0x79, 0x6f, 0x75, 0x20, 0x63, 0x61, 0x6e, 0x20, 0x61, 0x6c, 0x73,
  0x6f, 0x20, 0x75, 0x73, 0x65, 0x20, 0x74, 0x68, 0x61, 0x74, 0x20, 0x77,
  0x69, 0x74, 0x68, 0x20, 0x74, 0x68, 0x65, 0x20, 0x61, 0x62, 0x6f, 0x76,
  0x65, 0x20, 0x73, 0x6b, 0x69, 0x6c, 0x6c, 0x73, 0x2e, 0x22, 0x0a, 0x20,
  0x20, 0x20, 0x20, 0x20, 0x20, 0x20, 0x20, 0x20, 0x20, 0x7d, 0x0a, 0x20,
  0x20, 0x20, 0x20, 0x20, 0x20, 0x20, 0x20, 0x5d, 0x0a, 0x20, 0x20, 0x20,
  0x20, 0x20, 0x20, 0x7d, 0x2c, 0x0a, 0x20, 0x20, 0x20, 0x20, 0x20, 0x20,
  0x7b, 0x0a, 0x20, 0x20, 0x20, 0x20, 0x20, 0x20, 0x20, 0x20, 0x22, 0x74,
  0x69, 0x74, 0x6c, 0x65, 0x22, 0x3a, 0x20, 0x22, 0x53, 0x74, 0x65, 0x70,
  0x20, 0x54, 0x68, 0x72, 0x65, 0x65, 0x22, 0x2c, 0x0a, 0x20, 0x20, 0x20,
  0x20, 0x20, 0x20, 0x20, 0x20, 0x22, 0x69, 0x74, 0x65, 0x6d, 0x73, 0x22,
  0x3a, 0x20, 0x5b, 0x0a, 0x20, 0x20, 0x20, 0x20, 0x20, 0x20, 0x20, 0x20,
  0x20, 0x20, 0x7b, 0x0a, 0x20, 0x20, 0x20, 0x20, 0x20, 0x20, 0x20, 0x20,
  0x20, 0x20, 0x20, 0x20, 0x22, 0x74, 0x65, 0x78, 0x74, 0x22, 0x3a, 0x20,
  0x22, 0x69, 0x73, 0x20, 0x61, 0x6e, 0x20, 0x69, 0x6d, 0x70, 0x6f, 0x72,
  0x74, 0x61, 0x6e, 0x74, 0x20, 0x73, 0x6b, 0x69, 0x6c, 0x6c, 0x20, 0x74,
  0x68, 0x61, 0x74, 0x20, 0x63, 0x61, 0x6e, 0x20, 0x68, 0x65, 0x6c, 0x70,
  0x20, 0x79, 0x6f, 0x75, 0x20, 0x69, 0x6e, 0x63, 0x72, 0x65, 0x61, 0x73,
  0x65, 0x20, 0x79, 0x6f, 0x75, 0x72, 0x44, 0x61, 0x6d, 0x61, 0x67, 0x65,
  0x66, 0x75, 0x72, 0x74, 0x68, 0x65, 0x72, 0x3a, 0x22, 0x0a, 0x20, 0x20,
  0x20, 0x20, 0x20, 0x20, 0x20, 0x20, 0x20, 0x20, 0x7d, 0x2c, 0x0a, 0x20,
  0x20, 0x20, 0x20, 0x20, 0x20, 0x20, 0x20, 0x20, 0x20, 0x7b, 0x0a, 0x20,
  0x20, 0x20, 0x20, 0x20, 0x20, 0x20, 0x20, 0x20, 0x20, 0x20, 0x20, 0x22,
  0x74, 0x65, 0x78, 0x74, 0x22, 0x3a, 0x20, 0x22, 0x49, 0x74, 0x50, 0x75,
  0x6c, 0x6c, 0x73, 0x79, 0x6f, 0x75, 0x72, 0x20, 0x74, 0x61, 0x72, 0x67,
  0x65, 0x74, 0x20, 0x61, 0x6e, 0x64, 0x20, 0x74, 0x68, 0x65, 0x72, 0x65,
  0x66, 0x6f, 0x72, 0x65, 0x20, 0x74, 0x72, 0x69, 0x67, 0x67, 0x65, 0x72,
  0x73, 0x22, 0x0a, 0x20, 0x20, 0x20, 0x20, 0x20, 0x20, 0x20, 0x20, 0x20,
  0x20, 0x7d, 0x2c, 0x0a, 0x20, 0x20, 0x20, 0x20, 0x20, 0x20, 0x20, 0x20,
  0x20, 0x20, 0x7b, 0x0a, 0x20, 0x20, 0x20, 0x20, 0x20, 0x20, 0x20, 0x20,
  0x20, 0x20, 0x20, 0x20, 0x22, 0x74, 0x65, 0x78, 0x74, 0x22, 0x3a, 0x20,
  0x22, 0x69, 0x6e, 0x63, 0x72, 0x65, 0x61, 0x73, 0x65, 0x73, 0x20, 0x79,
  0x6f, 0x75, 0x72, 0x44, 0x61, 0x6d, 0x61, 0x67, 0x65, 0x61, 0x6e, 0x64,
  0x43, 0x6f, 0x6e, 0x64, 0x69, 0x74, 0x69, 0x6f, 0x6e, 0x20, 0x44, 0x61,
  0x6d, 0x61, 0x67, 0x65, 0x62, 0x79, 0x20, 0x31, 0x30, 0x25, 0x20, 0x66,
  0x6f, 0x72, 0x20, 0x31, 0x30, 0x20, 0x73, 0x65, 0x63, 0x6f, 0x6e, 0x64,
  0x73, 0x22, 0x0a, 0x20, 0x20, 0x20, 0x20, 0x20, 0x20, 0x20, 0x20, 0x20,
  0x20, 0x7d, 0x2c, 0x0a, 0x20, 0x20, 0x20, 0x20, 0x20, 0x20, 0x20, 0x20,
  0x20, 0x20, 0x7b, 0x0a, 0x20, 0x20, 0x20, 0x20, 0x20, 0x20, 0x20, 0x20,
  0x20, 0x20, 0x20, 0x20, 0x22, 0x74, 0x65, 0x78, 0x74, 0x22, 0x3a, 0x20,
  0x22, 0x54, 0x68, 0x65, 0x20, 0x73, 0x6b, 0x69, 0x6c, 0x6c, 0x20, 0x69,
  0x73, 0x47, 0x72, 0x6f, 0x75, 0x6e, 0x64, 0x2d, 0x54, 0x61, 0x72, 0x67,
  0x65, 0x74, 0x65, 0x64, 0x61, 0x6e, 0x64, 0x20, 0x72, 0x65, 0x74, 0x75,
  0x72, 0x6e, 0x73, 0x20, 0x74, 0x6f, 0x20, 0x79, 0x6f, 0x75, 0x2c, 0x20,
  0x73, 0x6f, 0x20, 0x61, 0x69, 0x6d, 0x20, 0x6f, 0x6e, 0x20, 0x74, 0x68,
  0x65, 0x20, 0x66, 0x61, 0x72, 0x20, 0x73, 0x69, 0x64, 0x65, 0x20, 0x6f,
  0x66, 0x20, 0x74, 0x68, 0x65, 0x20, 0x74, 0x61, 0x72, 0x67, 0x65, 0x74,
  0x20, 0x69, 0x66, 0x20, 0x70, 0x6f, 0x73, 0x73, 0x69, 0x62, 0x6c, 0x65,
  0x2e, 0x20, 0x54, 0x68, 0x69, 0x73, 0x20, 0x77, 0x69, 0x6c, 0x6c, 0x20,
  0x6c, 0x65, 0x74, 0x20, 0x69, 0x74, 0x20, 0x74, 0x72, 0x69, 0x67, 0x67,
  0x65, 0x72, 0x6f, 0x6e, 0x20, 0x74, 0x68, 0x65, 0x20, 0x77, 0x61, 0x79,
  0x20, 0x6f, 0x75, 0x74, 0x20, 0x61, 0x6e, 0x64, 0x20, 0x6f, 0x6e, 0x20,
  0x74, 0x68, 0x65, 0x20, 0x77, 0x61, 0x79, 0x20, 0x62, 0x61, 0x63, 0x6b,
  0x2e, 0x22, 0x0a, 0x20, 0x20, 0x20, 0x20, 0x20, 0x20, 0x20, 0x20, 0x20,
  0x20, 0x7d, 0x2c, 0x0a, 0x20, 0x20, 0x20, 0x20, 0x20, 0x20, 0x20, 0x20,
  0x20, 0x20, 0x7b, 0x0a, 0x20, 0x20, 0x20, 0x20, 0x20, 0x20, 0x20, 0x20,
  0x20, 0x20, 0x20, 0x20, 0x22, 0x74, 0x65, 0x78, 0x74, 0x22, 0x3a, 0x20,
  0x22, 0x59, 0x6f, 0x75, 0x20, 0x63, 0x61, 0x6e, 0x20, 0x64, 0x65, 0x6c,
  0x61, 0x79, 0x20, 0x74, 0x68, 0x69, 0x73, 0x20, 0x73, 0x6b, 0x69, 0x6c,
  0x6c, 0x20, 0x74, 0x6f, 0x20, 0x70, 0x72, 0x6f, 0x76, 0x69, 0x64, 0x65,
  0x20, 0x79, 0x6f, 0x75, 0x72, 0x73, 0x65, 0x6c, 0x66, 0x20, 0x77, 0x69,
  0x74, 0x68, 0x20, 0x61, 0x44, 0x61, 0x6d, 0x61, 0x67, 0x65, 0x62, 0x75,
  0x66, 0x66, 0x20, 0x6a, 0x75, 0x73, 0x74, 0x20, 0x62, 0x65, 0x66, 0x6f,
  0x72, 0x65, 0x20, 0x79, 0x6f, 0x75, 0x20, 0x75, 0x73, 0x65, 0x2e, 0x22,
  0x0a, 0x20, 0x20, 0x20, 0x20, 0x20, 0x20, 0x20, 0x20, 0x20, 0x20, 0x7d,
  0x0a, 0x20, 0x20, 0x20, 0x20, 0x20, 0x20, 0x20, 0x20, 0x5d, 0x0a, 0x20,
  0x20, 0x20, 0x20, 0x20, 0x20, 0x7d, 0x2c, 0x0a, 0x20, 0x20, 0x20, 0x20,
  0x20, 0x20, 0x7b, 0x0a, 0x20, 0x20, 0x20, 0x20, 0x20, 0x20, 0x20, 0x20,
  0x22, 0x74, 0x69, 0x74, 0x6c, 0x65, 0x22, 0x3a, 0x20, 0x22, 0x53, 0x74,
  0x65, 0x70, 0x20, 0x46, 0x6f, 0x75, 0x72, 0x22, 0x2c, 0x0a, 0x20, 0x20,
  0x20, 0x20, 0x20, 0x20, 0x20, 0x20, 0x22, 0x69, 0x74, 0x65, 0x6d, 0x73,
  0x22, 0x3a, 0x20, 0x5b, 0x0a, 0x20, 0x20, 0x20, 0x20, 0x20, 0x20, 0x20,
  0x20, 0x20, 0x20, 0x7b, 0x0a, 0x20, 0x20, 0x20, 0x20, 0x20, 0x20, 0x20,
  0x20, 0x20, 0x20, 0x20, 0x20, 0x22, 0x74, 0x65, 0x78, 0x74, 0x22, 0x3a,
  0x20, 0x22, 0x62, 0x6f, 0x6f, 0x73, 0x74, 0x73, 0x20, 0x79, 0x6f, 0x75,
  0x72, 0x44, 0x61, 0x6d, 0x61, 0x67, 0x65, 0x73, 0x69, 0x67, 0x6e, 0x69,
  0x66, 0x69, 0x63, 0x61, 0x6e, 0x74, 0x6c, 0x79, 0x2e, 0x20, 0x59, 0x6f,
  0x75, 0x20, 0x68, 0x61, 0x76, 0x65, 0x20, 0x74, 0x68, 0x72, 0x65, 0x65,
  0x20, 0x73, 0x6b, 0x69, 0x6c, 0x6c, 0x73, 0x20, 0x69, 0x6e, 0x20, 0x79,
  0x6f, 0x75, 0x72, 0x20, 0x6b, 0x69, 0x74, 0x20, 0x74, 0x68, 0x61, 0x74,
  0x20, 0x74, 0x72, 0x69, 0x67, 0x67, 0x65, 0x72, 0x20, 0x69, 0x74, 0x3a,
  0x22, 0x0a, 0x20, 0x20, 0x20, 0x20, 0x20, 0x20, 0x20, 0x20, 0x20, 0x20,
  0x7d, 0x2c, 0x0a, 0x20, 0x20, 0x20, 0x20, 0x20, 0x20, 0x20, 0x20, 0x20,
  0x20, 0x7b, 0x0a, 0x20, 0x20, 0x20, 0x20, 0x20, 0x20, 0x20, 0x20, 0x20,
  0x20, 0x20, 0x20, 0x22, 0x74, 0x65, 0x78, 0x74, 0x22, 0x3a, 0x20, 0x22,
  0x69, 0x73, 0x6e, 0x27, 0x74, 0x20, 0x70, 0x61, 0x72, 0x74, 0x20, 0x6f,
  0x66, 0x20, 0x79, 0x6f, 0x75, 0x72, 0x20, 0x6e, 0x6f, 0x72, 0x6d, 0x61,
  0x6c, 0x44, 0x61, 0x6d, 0x61, 0x67, 0x65, 0x72, 0x6f, 0x74, 0x61, 0x74,
  0x69, 0x6f, 0x6e, 0x20, 0x73, 0x6f, 0x20, 0x79, 0x6f, 0x75, 0x20, 0x63,
  0x61, 0x6e, 0x20, 0x75, 0x73, 0x65, 0x20, 0x69, 0x74, 0x20, 0x69, 0x66,
  0x20, 0x79, 0x6f, 0x75, 0x20, 0x6e, 0x6f, 0x74, 0x69, 0x63, 0x65, 0x20,
  0x79, 0x6f, 0x75, 0x20, 0x64, 0x6f, 0x6e, 0x27, 0x74, 0x20, 0x68, 0x61,
  0x76, 0x65, 0x20, 0x74, 0x68, 0x65, 0x20, 0x62, 0x75, 0x66, 0x66, 0x20,
  0x66, 0x72, 0x6f, 0x6d, 0x2c, 0x20, 0x61, 0x6e, 0x64, 0x20, 0x79, 0x6f,
  0x75, 0x72, 0x20, 0x62, 0x75, 0x72, 0x73, 0x74, 0x20, 0x69, 0x73, 0x20,
  0x61, 0x62, 0x6f, 0x75, 0x74, 0x20, 0x74, 0x6f, 0x20, 0x63, 0x6f, 0x6d,
  0x65, 0x20, 0x6f, 0x66, 0x66, 0x43, 0x6f, 0x6f, 0x6c, 0x64, 0x6f, 0x77,
  0x6e, 0x2e, 0x22, 0x0a, 0x20, 0x20, 0x20, 0x20, 0x20, 0x20, 0x20, 0x20,
  0x20, 0x20, 0x7d, 0x0a, 0x20, 0x20, 0x20, 0x20, 0x20, 0x20, 0x20, 0x20,
  0x5d, 0x0a, 0x20, 0x20, 0x20, 0x20, 0x20, 0x20, 0x7d, 0x2c, 0x0a, 0x20,
  0x20, 0x20, 0x20, 0x20, 0x20, 0x7b, 0x0a, 0x20, 0x20, 0x20, 0x20, 0x20,
  0x20, 0x20, 0x20, 0x22, 0x74, 0x69, 0x74, 0x6c, 0x65, 0x22, 0x3a, 0x20,
  0x22, 0x43, 0x72, 0x6f, 0x77, 0x64, 0x20, 0x43, 0x6f, 0x6e, 0x74, 0x72,
  0x6f, 0x6c, 0x22, 0x2c, 0x0a, 0x20, 0x20, 0x20, 0x20, 0x20, 0x20, 0x20,
  0x20, 0x22, 0x69, 0x74, 0x65, 0x6d, 0x73, 0x22, 0x3a, 0x20, 0x5b, 0x5d,
  0x0a, 0x20, 0x20, 0x20, 0x20, 0x20, 0x20, 0x7d, 0x0a, 0x20, 0x20, 0x20,
  0x20, 0x5d, 0x0a, 0x20, 0x20, 0x7d, 0x2c, 0x0a, 0x20, 0x20, 0x22, 0x74,
  0x68, 0x69, 0x65, 0x66, 0x2d, 0x63, 0x6f, 0x6e, 0x64, 0x69, 0x74, 0x69,
  0x6f, 0x6e, 0x2d, 0x64, 0x61, 0x72, 0x65, 0x64, 0x65, 0x76, 0x69, 0x6c,
  0x22, 0x3a, 0x20, 0x7b, 0x0a, 0x20, 0x20, 0x20, 0x20, 0x22, 0x73, 0x65,
  0x63, 0x74, 0x69, 0x6f, 0x6e, 0x73, 0x22, 0x3a, 0x20, 0x5b, 0x0a, 0x20,
  0x20, 0x20, 0x20, 0x20, 0x20, 0x7b, 0x0a, 0x20, 0x20, 0x20, 0x20, 0x20,
  0x20, 0x20, 0x20, 0x22, 0x74, 0x69, 0x74, 0x6c, 0x65, 0x22, 0x3a, 0x20,
  0x22, 0x4b, 0x65, 0x79, 0x20, 0x43, 0x6f, 0x6e, 0x63, 0x65, 0x70, 0x74,
  0x73, 0x22, 0x2c, 0x0a, 0x20, 0x20, 0x20, 0x20, 0x20, 0x20, 0x20, 0x20,
  0x22, 0x69, 0x74, 0x65, 0x6d, 0x73, 0x22, 0x3a, 0x20, 0x5b, 0x0a, 0x20,
  0x20, 0x20, 0x20, 0x20, 0x20, 0x20, 0x20, 0x20, 0x20, 0x7b, 0x0a, 0x20,
  0x20, 0x20, 0x20, 0x20, 0x20, 0x20, 0x20, 0x20, 0x20, 0x20, 0x20, 0x22,
  0x74, 0x65, 0x78, 0x74, 0x22, 0x3a, 0x20, 0x22, 0x43, 0x6f, 0x6e, 0x64,
  0x69, 0x74, 0x69, 0x6f, 0x6e, 0x20, 0x44, 0x61, 0x72, 0x65, 0x64, 0x65,
  0x76, 0x69, 0x6c, 0x69, 0x73, 0x20, 0x61, 0x6c, 0x6c, 0x20, 0x61, 0x62,
  0x6f, 0x75, 0x74, 0x20, 0x75, 0x73, 0x69, 0x6e, 0x67, 0x20, 0x79, 0x6f,
  0x75, 0x72, 0x20, 0x73, 0x70, 0x65, 0x63, 0x69, 0x61, 0x6c, 0x44, 0x6f,
  0x64, 0x67, 0x65, 0x61, 0x62, 0x69, 0x6c, 0x69, 0x74, 0x79, 0x20, 0x74,
  0x6f, 0x20, 0x62, 0x6f, 0x74, 0x68, 0x20, 0x64, 0x65, 0x61, 0x6c, 0x20,
  0x64, 0x61, 0x6d, 0x61, 0x67, 0x65, 0x20, 0x61, 0x6e, 0x64, 0x45, 0x76,
  0x61, 0x64, 0x65, 0x65, 0x6e, 0x65, 0x6d, 0x79, 0x20, 0x61, 0x74, 0x74,
  0x61, 0x63, 0x6b, 0x73, 0x2e, 0x20, 0x41, 0x44, 0x6f, 0x64, 0x67, 0x65,
  0x77, 0x69, 0x6c, 0x6c, 0x20, 0x68, 0x61, 0x76, 0x65, 0x20, 0x74, 0x68,
  0x65, 0x20, 0x66, 0x6f, 0x6c, 0x6c, 0x6f, 0x77, 0x69, 0x6e, 0x67, 0x20,
  0x65, 0x66, 0x66, 0x65, 0x63, 0x74, 0x73, 0x3a, 0x22, 0x0a, 0x20, 0x20,
  0x20, 0x20, 0x20, 0x20, 0x20, 0x20, 0x20, 0x20, 0x7d, 0x2c, 0x0a, 0x20,
  0x20, 0x20, 0x20, 0x20, 0x20, 0x20, 0x20, 0x20, 0x20, 0x7b, 0x0a, 0x20,
  0x20, 0x20, 0x20, 0x20, 0x20, 0x20, 0x20, 0x20, 0x20, 0x20, 0x20, 0x22,
  0x74, 0x65, 0x78, 0x74, 0x22, 0x3a, 0x20, 0x22, 0x49, 0x74, 0x20, 0x77,
  0x69, 0x6c, 0x6c, 0x20, 0x69, 0x6e, 0x66, 0x6c, 0x69, 0x63, 0x74, 0x20,
  0x63, 0x6f, 0x6e, 0x64, 0x69, 0x74, 0x69, 0x6f, 0x6e, 0x73, 0x20, 0x76,
  0x69, 0x61, 0x61, 0x6e, 0x64, 0x2e, 0x22, 0x0a, 0x20, 0x20, 0x20, 0x20,
  0x20, 0x20, 0x20, 0x20, 0x20, 0x20, 0x7d, 0x2c, 0x0a, 0x20, 0x20, 0x20,
  0x20, 0x20, 0x20, 0x20, 0x20, 0x20, 0x20, 0x7b, 0x0a, 0x20, 0x20, 0x20,
  0x20, 0x20, 0x20, 0x20, 0x20, 0x20, 0x20, 0x20, 0x20, 0x22, 0x74, 0x65,
  0x78, 0x74, 0x22, 0x3a, 0x20, 0x22, 0x49, 0x74, 0x20, 0x77, 0x69, 0x6c,
  0x6c, 0x20, 0x75, 0x70, 0x6b, 0x65, 0x65, 0x70, 0x2e, 0x20, 0x49, 0x74,
  0x20, 0x6c, 0x61, 0x73, 0x74, 0x73, 0x20, 0x36, 0x20, 0x73, 0x65, 0x63,
  0x6f, 0x6e, 0x64, 0x73, 0x2c, 0x20, 0x77, 0x68, 0x69, 0x63, 0x68, 0x20,
  0x69, 0x73, 0x20, 0x70, 0x6c, 0x65, 0x6e, 0x74, 0x79, 0x20, 0x6f, 0x66,
  0x20, 0x74, 0x69, 0x6d, 0x65, 0x20, 0x74, 0x6f, 0x20, 0x72, 0x65, 0x63,
  0x68, 0x61, 0x72, 0x67, 0x65, 0x20, 0x79, 0x6f, 0x75, 0x72, 0x45, 0x6e,
  0x64, 0x75, 0x72, 0x61, 0x6e, 0x63, 0x65, 0x76, 0x69, 0x61, 0x20, 0x6f,
  0x74, 0x68, 0x65, 0x72, 0x20, 0x70, 0x61, 0x72, 0x74, 0x73, 0x20, 0x6f,
  0x66, 0x20, 0x79, 0x6f, 0x75, 0x72, 0x20, 0x6b, 0x69, 0x74, 0x20, 0x28,
  0x73, 0x75, 0x63, 0x68, 0x20, 0x61, 0x73, 0x44, 0x61, 0x67, 0x67, 0x65,
  0x72, 0x61, 0x75, 0x74, 0x6f, 0x20, 0x61, 0x74, 0x74, 0x61, 0x63, 0x6b,
  0x73, 0x21, 0x29, 0x2e, 0x22, 0x0a, 0x20, 0x20, 0x20, 0x20, 0x20, 0x20,
  0x20, 0x20, 0x20, 0x20, 0x7d, 0x2c, 0x0a, 0x20, 0x20, 0x20, 0x20, 0x20,
  0x20, 0x20, 0x20, 0x20, 0x20, 0x7b, 0x0a, 0x20, 0x20, 0x20, 0x20, 0x20,
  0x20, 0x20, 0x20, 0x20, 0x20, 0x20, 0x20, 0x22, 0x74, 0x65, 0x78, 0x74,
  0x22, 0x3a, 0x20, 0x22, 0x42, 0x65, 0x73, 0x69, 0x64, 0x65, 0x73, 0x20,
  0x64, 0x6f, 0x64, 0x67, 0x69, 0x6e, 0x67, 0x2c, 0x20, 0x79, 0x6f, 0x75,
  0x20, 0x68, 0x61, 0x76, 0x65, 0x20, 0x73, 0x6f, 0x6d, 0x65, 0x20, 0x76,
  0x65, 0x72, 0x79, 0x20, 0x70, 0x6f, 0x77, 0x65, 0x72, 0x66, 0x75, 0x6c,
  0x20, 0x62, 0x75, 0x74, 0x74, 0x6f, 0x6e, 0x73, 0x20, 0x74, 0x68, 0x61,
  0x74, 0x20, 0x64, 0x65, 0x61, 0x6c, 0x20, 0x61, 0x20, 0x6c, 0x6f, 0x74,
  0x20, 0x6f, 0x66, 0x20, 0x64, 0x61, 0x6d, 0x61, 0x67, 0x65, 0x20, 0x77,
  0x69, 0x74, 0x68, 0x20, 0x6c, 0x69, 0x74, 0x74, 0x6c, 0x65, 0x20, 0x69,
  0x6e, 0x70, 0x75, 0x74, 0x2e, 0x20, 0x49, 0x6e, 0x20, 0x66, 0x61, 0x63,
  0x74, 0x2c, 0x20, 0x74, 0x68, 0x72, 0x65, 0x65, 0x20, 0x6f, 0x66, 0x20,
  0x74, 0x68, 0x65, 0x6d, 0x20, 0x64, 0x6f, 0x6e, 0x27, 0x74, 0x20, 0x65,
  0x76, 0x65, 0x6e, 0x20, 0x68, 0x61, 0x76, 0x65, 0x20, 0x61, 0x20, 0x63,
  0x61, 0x73, 0x74, 0x69, 0x6e, 0x67, 0x20, 0x74, 0x69, 0x6d, 0x65, 0x20,
  0x74, 0x6f, 0x20, 0x77, 0x6f, 0x72, 0x72, 0x79, 0x20, 0x61, 0x62, 0x6f,
  0x75, 0x74, 0x21, 0x20, 0x48, 0x65, 0x72, 0x65, 0x27, 0x73, 0x20, 0x74,
  0x68, 0x65, 0x20, 0x73, 0x6b, 0x69, 0x6c, 0x6c, 0x73, 0x20, 0x79, 0x6f,
  0x75, 0x20, 0x73, 0x68, 0x6f, 0x75, 0x6c, 0x64, 0x20, 0x70, 0x72, 0x69,
  0x6f, 0x72, 0x69, 0x74, 0x69, 0x7a, 0x65, 0x3a, 0x22, 0x0a, 0x20, 0x20,
  0x20, 0x20, 0x20, 0x20, 0x20, 0x20, 0x20, 0x20, 0x7d, 0x2c, 0x0a, 0x20,
  0x20, 0x20, 0x20, 0x20, 0x20, 0x20, 0x20, 0x20, 0x20, 0x7b, 0x0a, 0x20,
  0x20, 0x20, 0x20, 0x20, 0x20, 0x20, 0x20, 0x20, 0x20, 0x20, 0x20, 0x22,
  0x74, 0x65, 0x78, 0x74, 0x22, 0x3a, 0x20, 0x22, 0x28, 0x74, 0x68, 0x69,
  0x73, 0x20, 0x73, 0x6b, 0x69, 0x6c, 0x6c, 0x20, 0x69, 0x73, 0x20, 0x69,
  0x6e, 0x73, 0x74, 0x61, 0x6e, 0x74, 0x2d, 0x63, 0x61, 0x73, 0x74, 0x29,
  0x22, 0x0a, 0x20, 0x20, 0x20, 0x20, 0x20, 0x20, 0x20, 0x20, 0x20, 0x20,
  0x7d, 0x2c, 0x0a, 0x20, 0x20, 0x20, 0x20, 0x20, 0x20, 0x20, 0x20, 0x20,
  0x20, 0x7b, 0x0a, 0x20, 0x20, 0x20, 0x20, 0x20, 0x20, 0x20, 0x20, 0x20,
  0x20, 0x20, 0x20, 0x22, 0x74, 0x65, 0x78, 0x74, 0x22, 0x3a, 0x20, 0x22,
  0x28, 0x74, 0x68, 0x69, 0x73, 0x20, 0x73, 0x6b, 0x69, 0x6c, 0x6c, 0x20,
  0x69, 0x73, 0x20, 0x69, 0x6e, 0x73, 0x74, 0x61, 0x6e, 0x74, 0x2d, 0x63,
  0x61, 0x73, 0x74, 0x29, 0x22, 0x0a, 0x20, 0x20, 0x20, 0x20, 0x20, 0x20,
  0x20, 0x20, 0x20, 0x20, 0x7d, 0x2c, 0x0a, 0x20, 0x20, 0x20, 0x20, 0x20,
  0x20, 0x20, 0x20, 0x20, 0x20, 0x7b, 0x0a, 0x20, 0x20, 0x20, 0x20, 0x20,
  0x20, 0x20, 0x20, 0x20, 0x20, 0x20, 0x20, 0x22, 0x74, 0x65, 0x78, 0x74,
  0x22, 0x3a, 0x20, 0x22, 0x74, 0x72, 0x69, 0x67, 0x67, 0x65, 0x72, 0x73,
  0x2c, 0x20, 0x61, 0x70, 0x70, 0x6c, 0x79, 0x69, 0x6e, 0x67, 0x20, 0x6c,
  0x6f, 0x74, 0x73, 0x20, 0x6f, 0x66, 0x50, 0x6f, 0x69, 0x73, 0x6f, 0x6e,
  0x28, 0x74, 0x68, 0x69, 0x73, 0x20, 0x73, 0x6b, 0x69, 0x6c, 0x6c, 0x20,
  0x69, 0x73, 0x20, 0x69, 0x6e, 0x73, 0x74, 0x61, 0x6e, 0x74, 0x2d, 0x63,
  0x61, 0x73, 0x74, 0x29, 0x22, 0x0a, 0x20, 0x20, 0x20, 0x20, 0x20, 0x20,
  0x20, 0x20, 0x20, 0x20, 0x7d, 0x0a, 0x20, 0x20, 0x20, 0x20, 0x20, 0x20,
  0x20, 0x20, 0x5d, 0x0a, 0x20, 0x20, 0x20, 0x20, 0x20, 0x20, 0x7d, 0x2c,
  0x0a, 0x20, 0x20, 0x20, 0x20, 0x20, 0x20, 0x7b, 0x0a, 0x20, 0x20, 0x20,
  0x20, 0x20, 0x20, 0x20, 0x20, 0x22, 0x74, 0x69, 0x74, 0x6c, 0x65, 0x22,
  0x3a, 0x20, 0x22, 0x53, 0x74, 0x65, 0x70, 0x20, 0x4f, 0x6e, 0x65, 0x22,
  0x2c, 0x0a, 0x20, 0x20, 0x20, 0x20, 0x20, 0x20, 0x20, 0x20, 0x22, 0x69,
  0x74, 0x65, 0x6d, 0x73, 0x22, 0x3a, 0x20, 0x5b, 0x0a, 0x20, 0x20, 0x20,
  0x20, 0x20, 0x20, 0x20, 0x20, 0x20, 0x20, 0x7b, 0x0a, 0x20, 0x20, 0x20,
  0x20, 0x20, 0x20, 0x20, 0x20, 0x20, 0x20, 0x20, 0x20, 0x22, 0x74, 0x65,
  0x78, 0x74, 0x22, 0x3a, 0x20, 0x22, 0x43, 0x6f, 0x6e, 0x64, 0x69, 0x74,
  0x69, 0x6f, 0x6e, 0x20, 0x44, 0x61, 0x72, 0x65, 0x64, 0x65, 0x76, 0x69,
  0x6c, 0x64, 0x65, 0x61, 0x6c, 0x73, 0x20, 0x61, 0x20, 0x74, 0x6f, 0x6e,
  0x20, 0x6f, 0x66, 0x20, 0x64, 0x61, 0x6d, 0x61, 0x67, 0x65, 0x20, 0x76,
  0x69, 0x61, 0x20, 0x69, 0x74, 0x27, 0x73, 0x44, 0x6f, 0x64, 0x67, 0x65,
  0x2c, 0x20, 0x77, 0x68, 0x69, 0x63, 0x68, 0x20, 0x74, 0x72, 0x69, 0x67,
  0x67, 0x65, 0x72, 0x73, 0x61, 0x6e, 0x64, 0x2c, 0x20, 0x73, 0x6f, 0x20,
  0x79, 0x6f, 0x75, 0x27, 0x6c, 0x6c, 0x20, 0x73, 0x74, 0x61, 0x72, 0x74,
  0x20, 0x77, 0x69, 0x74, 0x68, 0x20, 0x6a, 0x75, 0x73, 0x74, 0x20, 0x74,
  0x68, 0x61, 0x74, 0x20, 0x61, 0x6e, 0x64, 0x20, 0x73, 0x6f, 0x6d, 0x65,
  0x41, 0x75, 0x74, 0x6f, 0x20, 0x41, 0x74, 0x74, 0x61, 0x63, 0x6b, 0x20,
  0x43, 0x68, 0x61, 0x69, 0x6e, 0x73, 0x2e, 0x22, 0x0a, 0x20, 0x20, 0x20,
  0x20, 0x20, 0x20, 0x20, 0x20, 0x20, 0x20, 0x7d, 0x2c, 0x0a, 0x20, 0x20,
  0x20, 0x20, 0x20, 0x20, 0x20, 0x20, 0x20, 0x20, 0x7b, 0x0a, 0x20, 0x20,
  0x20, 0x20, 0x20, 0x20, 0x20, 0x20, 0x20, 0x20, 0x20, 0x20, 0x22, 0x74,
  0x65, 0x78, 0x74, 0x22, 0x3a, 0x20, 0x22, 0x44, 0x6f, 0x64, 0x67, 0x65,
  0x22, 0x0a, 0x20, 0x20, 0x20, 0x20, 0x20, 0x20, 0x20, 0x20, 0x20, 0x20,
  0x7d, 0x2c, 0x0a, 0x20, 0x20, 0x20, 0x20, 0x20, 0x20, 0x20, 0x20, 0x20,
  0x20, 0x7b, 0x0a, 0x20, 0x20, 0x20, 0x20, 0x20, 0x20, 0x20, 0x20, 0x20,
  0x20, 0x20, 0x20, 0x22, 0x74, 0x65, 0x78, 0x74, 0x22, 0x3a, 0x20, 0x22,
  0x46, 0x69, 0x6c, 0x6c, 0x20, 0x74, 0x69, 0x6d, 0x65, 0x20, 0x77, 0x69,
  0x74, 0x68, 0x20, 0x74, 0x77, 0x6f, 0x20, 0x66, 0x75, 0x6c, 0x6c, 0x41,
  0x75, 0x74, 0x6f, 0x20, 0x41, 0x74, 0x74, 0x61, 0x63, 0x6b, 0x20, 0x43,
  0x68, 0x61, 0x69, 0x6e, 0x73, 0x2e, 0x22, 0x0a, 0x20, 0x20, 0x20, 0x20,
  0x20, 0x20, 0x20, 0x20, 0x20, 0x20, 0x7d, 0x2c, 0x0a, 0x20, 0x20, 0x20,
  0x20, 0x20, 0x20, 0x20, 0x20, 0x20, 0x20, 0x7b, 0x0a, 0x20, 0x20, 0x20,
  0x20, 0x20, 0x20, 0x20, 0x20, 0x20, 0x20, 0x20, 0x20, 0x22, 0x74, 0x65,
  0x78, 0x74, 0x22, 0x3a, 0x20, 0x22, 0x44, 0x6f, 0x64, 0x67, 0x65, 0x22,
  0x0a, 0x20, 0x20, 0x20, 0x20, 0x20, 0x20, 0x20, 0x20, 0x20, 0x20, 0x7d,
  0x2c, 0x0a, 0x20, 0x20, 0x20, 0x20, 0x20, 0x20, 0x20, 0x20, 0x20, 0x20,
  0x7b, 0x0a, 0x20, 0x20, 0x20, 0x20, 0x20, 0x20, 0x20, 0x20, 0x20, 0x20,
  0x20, 0x20, 0x22, 0x74, 0x65, 0x78, 0x74, 0x22, 0x3a, 0x20, 0x22, 0x59,
  0x6f, 0x75, 0x72, 0x44, 0x61, 0x67, 0x67, 0x65, 0x72, 0x61, 0x75, 0x74,
  0x6f, 0x20, 0x61, 0x74, 0x74, 0x61, 0x63, 0x6b, 0x73, 0x20, 0x77, 0x69,
  0x6c, 0x6c, 0x20, 0x72, 0x65, 0x73, 0x74, 0x6f, 0x72, 0x65, 0x45, 0x6e,
  0x64, 0x75, 0x72, 0x61, 0x6e, 0x63, 0x65, 0x6f, 0x6e, 0x2c, 0x20, 0x73,
  0x6f, 0x20, 0x79, 0x6f, 0x75, 0x27, 0x6c, 0x6c, 0x20, 0x62, 0x65, 0x20,
  0x61, 0x62, 0x6c, 0x65, 0x20, 0x74, 0x6f, 0x20, 0x6b, 0x65, 0x65, 0x70,
  0x20, 0x74, 0x68, 0x69, 0x73, 0x20, 0x67, 0x6f, 0x69, 0x6e, 0x67, 0x20,
  0x69, 0x6e, 0x64, 0x65, 0x66, 0x69, 0x6e, 0x69, 0x74, 0x65, 0x6c, 0x79,
  0x21, 0x22, 0x0a, 0x20, 0x20, 0x20, 0x20, 0x20, 0x20, 0x20, 0x20, 0x20,
  0x20, 0x7d, 0x0a, 0x20, 0x20, 0x20, 0x20, 0x20, 0x20, 0x20, 0x20, 0x5d,
  0x0a, 0x20, 0x20, 0x20, 0x20, 0x20, 0x20, 0x7d, 0x2c, 0x0a, 0x20, 0x20,
  0x20, 0x20, 0x20, 0x20, 0x7b, 0x0a, 0x20, 0x20, 0x20, 0x20, 0x20, 0x20,
  0x20, 0x20, 0x22, 0x74, 0x69, 0x74, 0x6c, 0x65, 0x22, 0x3a, 0x20, 0x22,
  0x53, 0x74, 0x65, 0x70, 0x20, 0x54, 0x77, 0x6f, 0x22, 0x2c, 0x0a, 0x20,
  0x20, 0x20, 0x20, 0x20, 0x20, 0x20, 0x20, 0x22, 0x69, 0x74, 0x65, 0x6d,
  0x73, 0x22, 0x3a, 0x20, 0x5b, 0x0a, 0x20, 0x20, 0x20, 0x20, 0x20, 0x20,
  0x20, 0x20, 0x20, 0x20, 0x7b, 0x0a, 0x20, 0x20, 0x20, 0x20, 0x20, 0x20,
  0x20, 0x20, 0x20, 0x20, 0x20, 0x20, 0x22, 0x74, 0x65, 0x78, 0x74, 0x22,
  0x3a, 0x20, 0x22, 0x69, 0x73, 0x20, 0x79, 0x6f, 0x75, 0x72, 0x20, 0x70,
  0x72, 0x6f, 0x66, 0x65, 0x73, 0x73, 0x69, 0x6f, 0x6e, 0x20, 0x6d, 0x65,
  0x63, 0x68, 0x61, 0x6e, 0x69, 0x63, 0x20, 0x73, 0x6b, 0x69, 0x6c, 0x6c,
  0x2e, 0x20, 0x54, 0x68, 0x61, 0x6e, 0x6b, 0x73, 0x20, 0x74, 0x6f, 0x61,
  0x6e, 0x64, 0x2c, 0x20, 0x69, 0x74, 0x20, 0x77, 0x69, 0x6c, 0x6c, 0x20,
  0x69, 0x6e, 0x66, 0x6c, 0x69, 0x63, 0x74, 0x20, 0x61, 0x20, 0x68, 0x75,
  0x67, 0x65, 0x20, 0x61, 0x6d, 0x6f, 0x75, 0x6e, 0x74, 0x20, 0x6f, 0x66,
  0x42, 0x6c, 0x65, 0x65, 0x64, 0x69, 0x6e, 0x67, 0x61, 0x6e, 0x64, 0x50,
  0x6f, 0x69, 0x73, 0x6f, 0x6e, 0x21, 0x20, 0x54, 0x72, 0x79, 0x20, 0x74,
  0x6f, 0x20, 0x63, 0x61, 0x73, 0x74, 0x20, 0x69, 0x74, 0x20, 0x6f, 0x66,
  0x66, 0x2d, 0x43, 0x6f, 0x6f, 0x6c, 0x64, 0x6f, 0x77, 0x6e, 0x66, 0x6f,
  0x72, 0x20, 0x64, 0x61, 0x6d, 0x61, 0x67, 0x65, 0x21, 0x22, 0x0a, 0x20,
  0x20, 0x20, 0x20, 0x20, 0x20, 0x20, 0x20, 0x20, 0x20, 0x7d, 0x2c, 0x0a,
  0x20, 0x20, 0x20, 0x20, 0x20, 0x20, 0x20, 0x20, 0x20, 0x20, 0x7b, 0x0a,
  0x20, 0x20, 0x20, 0x20, 0x20, 0x20, 0x20, 0x20, 0x20, 0x20, 0x20, 0x20,
  0x22, 0x74, 0x65, 0x78, 0x74, 0x22, 0x3a, 0x20, 0x22, 0x77, 0x69, 0x6c,
  0x6c, 0x20, 0x61, 0x6c, 0x73, 0x6f, 0x20, 0x74, 0x72, 0x69, 0x67, 0x67,
  0x65, 0x72, 0x61, 0x6e, 0x64, 0x2c, 0x20, 0x77, 0x68, 0x69, 0x63, 0x68,
  0x20, 0x77, 0x69, 0x6c, 0x6c, 0x20, 0x68, 0x65, 0x6c, 0x70, 0x20, 0x6d,
  0x61, 0x69, 0x6e, 0x74, 0x61, 0x69, 0x6e, 0x20, 0x79, 0x6f, 0x75, 0x72,
  0x45, 0x6e, 0x64, 0x75, 0x72, 0x61, 0x6e, 0x63, 0x65, 0x65, 0x76, 0x65,
  0x6e, 0x20, 0x6d, 0x6f, 0x72, 0x65, 0x2e, 0x22, 0x0a, 0x20, 0x20, 0x20,
  0x20, 0x20, 0x20, 0x20, 0x20, 0x20, 0x20, 0x7d, 0x2c, 0x0a, 0x20, 0x20,
  0x20, 0x20, 0x20, 0x20, 0x20, 0x20, 0x20, 0x20, 0x7b, 0x0a, 0x20, 0x20,
  0x20, 0x20, 0x20, 0x20, 0x20, 0x20, 0x20, 0x20, 0x20, 0x20, 0x22, 0x74,
  0x65, 0x78, 0x74, 0x22, 0x3a, 0x20, 0x22, 0x77, 0x69, 0x6c, 0x6c, 0x20,
  0x61, 0x6c, 0x73, 0x6f, 0x20, 0x74, 0x72, 0x69, 0x67, 0x67, 0x65, 0x72,
  0x61, 0x6e, 0x64, 0x2c, 0x20, 0x77, 0x68, 0x69, 0x63, 0x68, 0x20, 0x77,
  0x69, 0x6c, 0x6c, 0x20, 0x68, 0x65, 0x6c, 0x70, 0x20, 0x6d, 0x61, 0x69,
  0x6e, 0x74, 0x61, 0x69, 0x6e, 0x20, 0x79, 0x6f, 0x75, 0x72, 0x45, 0x6e,
  0x64, 0x75, 0x72, 0x61, 0x6e, 0x63, 0x65, 0x65, 0x76, 0x65, 0x6e, 0x20,
  0x6d, 0x6f, 0x72, 0x65, 0x2e, 0x22, 0x0a, 0x20, 0x20, 0x20, 0x20, 0x20,
  0x20, 0x20, 0x20, 0x20, 0x20, 0x7d, 0x2c, 0x0a, 0x20, 0x20, 0x20, 0x20,
  0x20, 0x20, 0x20, 0x20, 0x20, 0x20, 0x7b, 0x0a, 0x20, 0x20, 0x20, 0x20,
  0x20, 0x20, 0x20, 0x20, 0x20, 0x20, 0x20, 0x20, 0x22, 0x74, 0x65, 0x78,
  0x74, 0x22, 0x3a, 0x20, 0x22, 0x4e, 0x6f, 0x74, 0x65, 0x20, 0x74, 0x68,
  0x61, 0x74, 0x20, 0x74, 0x68, 0x69, 0x73, 0x20, 0x73, 0x6b, 0x69, 0x6c,
  0x6c, 0x20, 0x77, 0x69, 0x6c, 0x6c, 0x20, 0x61, 0x6c, 0x73, 0x6f, 0x20,
  0x74, 0x65, 0x6c, 0x65, 0x70, 0x6f, 0x72, 0x74, 0x20, 0x79, 0x6f, 0x75,
  0x20, 0x74, 0x6f, 0x20, 0x61, 0x6e, 0x20, 0x65, 0x6e, 0x65, 0x6d, 0x79,
  0x20, 0x75, 0x70, 0x20, 0x74, 0x6f, 0x31, 0x32, 0x30, 0x30, 0x20, 0x52,
  0x61, 0x6e, 0x67, 0x65, 0x61, 0x77, 0x61, 0x79, 0x2c, 0x20, 0x73, 0x6f,
  0x20, 0x66, 0x65, 0x65, 0x6c, 0x20, 0x66, 0x72, 0x65, 0x65, 0x20, 0x74,
  0x6f, 0x20, 0x75, 0x73, 0x65, 0x20, 0x69, 0x74, 0x20, 0x66, 0x6f, 0x72,
  0x20, 0x6d, 0x6f, 0x62, 0x69, 0x6c, 0x69, 0x74, 0x79, 0x20, 0x70, 0x75,
  0x72, 0x70, 0x6f, 0x73, 0x65, 0x73, 0x20, 0x77, 0x68, 0x65, 0x6e, 0x65,
  0x76, 0x65, 0x72, 0x20, 0x74, 0x68, 0x65, 0x20, 0x63, 0x68, 0x61, 0x6e,
  0x63, 0x65, 0x20, 0x61, 0x72, 0x69, 0x73, 0x65, 0x73, 0x21, 0x22, 0x0a,
  0x20, 0x20, 0x20, 0x20, 0x20, 0x20, 0x20, 0x20, 0x20, 0x20, 0x7d, 0x2c,
  0x0a, 0x20, 0x20, 0x20, 0x20, 0x20, 0x20, 0x20, 0x20, 0x20, 0x20, 0x7b,
  0x0a, 0x20, 0x20, 0x20, 0x20, 0x20, 0x20, 0x20, 0x20, 0x20, 0x20, 0x20,
  0x20, 0x22, 0x74, 0x65, 0x78, 0x74, 0x22, 0x3a, 0x20, 0x22, 0x4e, 0x6f,
  0x74, 0x65, 0x20, 0x74, 0x68, 0x61, 0x74, 0x20, 0x74, 0x68, 0x69, 0x73,
  0x20, 0x73, 0x6b, 0x69, 0x6c, 0x6c, 0x20, 0x77, 0x69, 0x6c, 0x6c, 0x20,
  0x61, 0x6c, 0x73, 0x6f, 0x20, 0x74, 0x65, 0x6c, 0x65, 0x70, 0x6f, 0x72,
  0x74, 0x20, 0x79, 0x6f, 0x75, 0x20, 0x74, 0x6f, 0x20, 0x61, 0x6e, 0x20,
  0x65, 0x6e, 0x65, 0x6d, 0x79, 0x20, 0x75, 0x70, 0x20, 0x74, 0x6f, 0x31,
  0x32, 0x30, 0x30, 0x20, 0x52, 0x61, 0x6e, 0x67, 0x65, 0x61, 0x77, 0x61,
  0x79, 0x2c, 0x20, 0x73, 0x6f, 0x20, 0x66, 0x65, 0x65, 0x6c, 0x20, 0x66,
  0x72, 0x65, 0x65, 0x20, 0x74, 0x6f, 0x20, 0x75, 0x73, 0x65, 0x20, 0x69,
  0x74, 0x20, 0x66, 0x6f, 0x72, 0x20, 0x6d, 0x6f, 0x62, 0x69, 0x6c, 0x69,
  0x74, 0x79, 0x20, 0x70, 0x75, 0x72, 0x70, 0x6f, 0x73, 0x65, 0x73, 0x20,
  0x77, 0x68, 0x65, 0x6e, 0x65, 0x76, 0x65, 0x72, 0x20, 0x74, 0x68, 0x65,
  0x20, 0x63, 0x68, 0x61, 0x6e, 0x63, 0x65, 0x20, 0x61, 0x72, 0x69, 0x73,
  0x65, 0x73, 0x21, 0x22, 0x0a, 0x20, 0x20, 0x20, 0x20, 0x20, 0x20, 0x20,
  0x20, 0x20, 0x20, 0x7d, 0x0a, 0x20, 0x20, 0x20, 0x20, 0x20, 0x20, 0x20,
  0x20, 0x5d, 0x0a, 0x20, 0x20, 0x20, 0x20, 0x20, 0x20, 0x7d, 0x2c, 0x0a,
  0x20, 0x20, 0x20, 0x20, 0x20, 0x20, 0x7b, 0x0a, 0x20, 0x20, 0x20, 0x20,
  0x20, 0x20, 0x20, 0x20, 0x22, 0x74, 0x69, 0x74, 0x6c, 0x65, 0x22, 0x3a,
  0x20, 0x22, 0x53, 0x74, 0x65, 0x70, 0x20, 0x54, 0x68, 0x72, 0x65, 0x65,
  0x22, 0x2c, 0x0a, 0x20, 0x20, 0x20, 0x20, 0x20, 0x20, 0x20, 0x20, 0x22,
  0x69, 0x74, 0x65, 0x6d, 0x73, 0x22, 0x3a, 0x20, 0x5b, 0x0a, 0x20, 0x20,
  0x20, 0x20, 0x20, 0x20, 0x20, 0x20, 0x20, 0x20, 0x7b, 0x0a, 0x20, 0x20,
  0x20, 0x20, 0x20, 0x20, 0x20, 0x20, 0x20, 0x20, 0x20, 0x20, 0x22, 0x74,
  0x65, 0x78, 0x74, 0x22, 0x3a, 0x20, 0x22, 0x54, 0x68, 0x65, 0x72, 0x65,
  0x27, 0x73, 0x20, 0x61, 0x20, 0x74, 0x6f, 0x6e, 0x20, 0x6f, 0x66, 0x20,
  0x64, 0x61, 0x6d, 0x61, 0x67, 0x65, 0x20, 0x69, 0x6e, 0x20, 0x79, 0x6f,
  0x75, 0x72, 0x20, 0x75, 0x74, 0x69, 0x6c, 0x69, 0x74, 0x79, 0x20, 0x73,
  0x6b, 0x69, 0x6c, 0x6c, 0x73, 0x2c, 0x20, 0x74, 0x6f, 0x6f, 0x21, 0x20,
  0x59, 0x6f, 0x75, 0x27, 0x6c, 0x6c, 0x20, 0x77, 0x61, 0x6e, 0x74, 0x20,
  0x74, 0x6f, 0x20, 0x69, 0x6e, 0x63, 0x6f, 0x72, 0x70, 0x6f, 0x72, 0x61,
  0x74, 0x65, 0x20, 0x74, 0x68, 0x65, 0x6d, 0x20, 0x77, 0x68, 0x65, 0x6e,
  0x65, 0x76, 0x65, 0x72, 0x20, 0x70, 0x6f, 0x73, 0x73, 0x69, 0x62, 0x6c,
  0x65, 0x2e, 0x20, 0x46, 0x6f, 0x6c, 0x6c, 0x6f, 0x77, 0x20, 0x74, 0x68,
  0x69, 0x73, 0x20, 0x70, 0x72, 0x69, 0x6f, 0x72, 0x69, 0x74, 0x79, 0x20,
  0x77, 0x68, 0x65, 0x6e, 0x20, 0x69, 0x6e, 0x63, 0x6f, 0x72, 0x70, 0x6f,
  0x72, 0x61, 0x74, 0x69, 0x6e, 0x67, 0x20, 0x74, 0x68, 0x65, 0x6d, 0x3a,
  0x22, 0x0a, 0x20, 0x20, 0x20, 0x20, 0x20, 0x20, 0x20, 0x20, 0x20, 0x20,
  0x7d, 0x2c, 0x0a, 0x20, 0x20, 0x20, 0x20, 0x20, 0x20, 0x20, 0x20, 0x20,
  0x20, 0x7b, 0x0a, 0x20, 0x20, 0x20, 0x20, 0x20, 0x20, 0x20, 0x20, 0x20,
  0x20, 0x20, 0x20, 0x22, 0x74, 0x65, 0x78, 0x74, 0x22, 0x3a, 0x20, 0x22,
  0x2e, 0x20, 0x54, 0x68, 0x69, 0x73, 0x20, 0x69, 0x73, 0x20, 0x79, 0x6f,
  0x75, 0x72, 0x20, 0x62, 0x69, 0x67, 0x67, 0x65, 0x73, 0x74, 0x20, 0x64,
  0x61, 0x6d, 0x61, 0x67, 0x65, 0x20, 0x75, 0x74, 0x69, 0x6c, 0x69, 0x74,
  0x79, 0x2c, 0x20, 0x62, 0x75, 0x74, 0x20, 0x69, 0x74, 0x20, 0x74, 0x61,
  0x6b, 0x65, 0x73, 0x20, 0x61, 0x20, 0x77, 0x68, 0x69, 0x6c, 0x65, 0x20,
  0x74, 0x6f, 0x20, 0x72, 0x61, 0x6d, 0x70, 0x20, 0x75, 0x70, 0x20, 0x69,
  0x74, 0x73, 0x20, 0x64, 0x61, 0x6d, 0x61, 0x67, 0x65, 0x2c, 0x20, 0x73,
  0x6f, 0x20, 0x69, 0x74, 0x27, 0x73, 0x20, 0x62, 0x65, 0x73, 0x74, 0x20,
  0x74, 0x6f, 0x20, 0x63, 0x61, 0x73, 0x74, 0x20, 0x69, 0x74, 0x20, 0x61,
  0x73, 0x20, 0x65, 0x61, 0x72, 0x6c, 0x79, 0x20, 0x61, 0x6e, 0x64, 0x20,
  0x6f, 0x66, 0x74, 0x65, 0x6e, 0x20, 0x61, 0x73, 0x20, 0x70, 0x6f, 0x73,
  0x73, 0x69, 0x62, 0x6c, 0x65, 0x2e, 0x22, 0x0a, 0x20, 0x20, 0x20, 0x20,
  0x20, 0x20, 0x20, 0x20, 0x20, 0x20, 0x7d, 0x2c, 0x0a, 0x20, 0x20, 0x20,
  0x20, 0x20, 0x20, 0x20, 0x20, 0x20, 0x20, 0x7b, 0x0a, 0x20, 0x20, 0x20,
  0x20, 0x20, 0x20, 0x20, 0x20, 0x20, 0x20, 0x20, 0x20, 0x22, 0x74, 0x65,
  0x78, 0x74, 0x22, 0x3a, 0x20, 0x22, 0x61, 0x6e, 0x64, 0x2e, 0x20, 0x54,
  0x68, 0x65, 0x73, 0x65, 0x20, 0x61, 0x72, 0x65, 0x20, 0x69, 0x6e, 0x73,
  0x74, 0x61, 0x6e, 0x74, 0x2d, 0x63, 0x61, 0x73, 0x74, 0x20, 0x73, 0x6b,
  0x69, 0x6c, 0x6c, 0x73, 0x20, 0x74, 0x68, 0x61, 0x74, 0x20, 0x61, 0x70,
  0x70, 0x6c, 0x79, 0x20, 0x73, 0x74, 0x61, 0x63, 0x6b, 0x73, 0x20, 0x6f,
  0x66, 0x20, 0x61, 0x20, 0x62, 0x75, 0x66, 0x66, 0x20, 0x74, 0x6f, 0x20,
  0x79, 0x6f, 0x75, 0x20, 0x61, 0x6e, 0x64, 0x20, 0x34, 0x20, 0x6f, 0x74,
  0x68, 0x65, 0x72, 0x20, 0x61, 0x6c, 0x6c, 0x69, 0x65, 0x73, 0x20, 0x74,
  0x68, 0x61, 0x74, 0x20, 0x61, 0x70, 0x70, 0x6c, 0x69, 0x65, 0x73, 0x20,
  0x63, 0x6f, 0x6e, 0x64, 0x69, 0x74, 0x69, 0x6f, 0x6e, 0x73, 0x20, 0x6f,
  0x6e, 0x20, 0x68, 0x69, 0x74, 0x2e, 0x20, 0x43, 0x61, 0x73, 0x74, 0x20,
  0x74, 0x68, 0x65, 0x6d, 0x20, 0x61, 0x72, 0x6f, 0x75, 0x6e, 0x64, 0x20,
  0x6f, 0x74, 0x68, 0x65, 0x72, 0x73, 0x20, 0x66, 0x6f, 0x72, 0x20, 0x6d,
  0x61, 0x78, 0x69, 0x6d, 0x75, 0x6d, 0x20, 0x70, 0x61, 0x79, 0x6f, 0x66,
  0x66, 0x21, 0x22, 0x0a, 0x20, 0x20, 0x20, 0x20, 0x20, 0x20, 0x20, 0x20,
  0x20, 0x20, 0x7d, 0x0a, 0x20, 0x20, 0x20, 0x20, 0x20, 0x20, 0x20, 0x20,
  0x5d, 0x0a, 0x20, 0x20, 0x20, 0x20, 0x20, 0x20, 0x7d, 0x2c, 0x0a, 0x20,
  0x20, 0x20, 0x20, 0x20, 0x20, 0x7b, 0x0a, 0x20, 0x20, 0x20, 0x20, 0x20,
  0x20, 0x20, 0x20, 0x22, 0x74, 0x69, 0x74, 0x6c, 0x65, 0x22, 0x3a, 0x20,
  0x22, 0x43, 0x72, 0x6f, 0x77, 0x64, 0x20, 0x43, 0x6f, 0x6e, 0x74, 0x72,
  0x6f, 0x6c, 0x22, 0x2c, 0x0a, 0x20, 0x20, 0x20, 0x20, 0x20, 0x20, 0x20,
  0x20, 0x22, 0x69, 0x74, 0x65, 0x6d, 0x73, 0x22, 0x3a, 0x20, 0x5b, 0x5d,
  0x0a, 0x20, 0x20, 0x20, 0x20, 0x20, 0x20, 0x7d, 0x0a, 0x20, 0x20, 0x20,
  0x20, 0x5d, 0x0a, 0x20, 0x20, 0x7d, 0x2c, 0x0a, 0x20, 0x20, 0x22, 0x74,
  0x68, 0x69, 0x65, 0x66, 0x2d, 0x70, 0x6f, 0x77, 0x65, 0x72, 0x2d, 0x64,
  0x61, 0x72, 0x65, 0x64, 0x65, 0x76, 0x69, 0x6c, 0x22, 0x3a, 0x20, 0x7b,
  0x0a, 0x20, 0x20, 0x20, 0x20, 0x22, 0x73, 0x65, 0x63, 0x74, 0x69, 0x6f,
  0x6e, 0x73, 0x22, 0x3a, 0x20, 0x5b, 0x0a, 0x20, 0x20, 0x20, 0x20, 0x20,
  0x20, 0x7b, 0x0a, 0x20, 0x20, 0x20, 0x20, 0x20, 0x20, 0x20, 0x20, 0x22,
  0x74, 0x69, 0x74, 0x6c, 0x65, 0x22, 0x3a, 0x20, 0x22, 0x4b, 0x65, 0x79,
  0x20, 0x43, 0x6f, 0x6e, 0x63, 0x65, 0x70, 0x74, 0x73, 0x22, 0x2c, 0x0a,
  0x20, 0x20, 0x20, 0x20, 0x20, 0x20, 0x20, 0x20, 0x22, 0x69, 0x74, 0x65,
  0x6d, 0x73, 0x22, 0x3a, 0x20, 0x5b, 0x0a, 0x20, 0x20, 0x20, 0x20, 0x20,
  0x20, 0x20, 0x20, 0x20, 0x20, 0x7b, 0x0a, 0x20, 0x20, 0x20, 0x20, 0x20,
  0x20, 0x20, 0x20, 0x20, 0x20, 0x20, 0x20, 0x22, 0x74, 0x65, 0x78, 0x74,
  0x22, 0x3a, 0x20, 0x22, 0x50, 0x6f, 0x77, 0x65, 0x72, 0x20, 0x44, 0x61,
  0x72, 0x65, 0x64, 0x65, 0x76, 0x69, 0x6c, 0x69, 0x73, 0x20, 0x61, 0x6c,
  0x6c, 0x20, 0x61, 0x62, 0x6f, 0x75, 0x74, 0x20, 0x75, 0x73, 0x69, 0x6e,
  0x67, 0x20, 0x79, 0x6f, 0x75, 0x72, 0x20, 0x73, 0x70, 0x65, 0x63, 0x69,
  0x61, 0x6c, 0x44, 0x6f, 0x64, 0x67, 0x65, 0x61, 0x62, 0x69, 0x6c, 0x69,
  0x74, 0x79, 0x20, 0x74, 0x6f, 0x20, 0x62, 0x6f, 0x74, 0x68, 0x20, 0x64,
  0x65, 0x61, 0x6c, 0x20, 0x64, 0x61, 0x6d, 0x61, 0x67, 0x65, 0x20, 0x61,
  0x6e, 0x64, 0x45, 0x76, 0x61, 0x64, 0x65, 0x65, 0x6e, 0x65, 0x6d, 0x79,
  0x20, 0x61, 0x74, 0x74, 0x61, 0x63, 0x6b, 0x73, 0x2e, 0x20, 0x41, 0x44,
  0x6f, 0x64, 0x67, 0x65, 0x77, 0x69, 0x6c, 0x6c, 0x20, 0x68, 0x61, 0x76,
  0x65, 0x20, 0x74, 0x68, 0x65, 0x20, 0x66, 0x6f, 0x6c, 0x6c, 0x6f, 0x77,
  0x69, 0x6e, 0x67, 0x20, 0x65, 0x66, 0x66, 0x65, 0x63, 0x74, 0x73, 0x3a,
  0x22, 0x0a, 0x20, 0x20, 0x20, 0x20, 0x20, 0x20, 0x20, 0x20, 0x20, 0x20,
  0x7d, 0x2c, 0x0a, 0x20, 0x20, 0x20, 0x20, 0x20, 0x20, 0x20, 0x20, 0x20,
  0x20, 0x7b, 0x0a, 0x20, 0x20, 0x20, 0x20, 0x20, 0x20, 0x20, 0x20, 0x20,
  0x20, 0x20, 0x20, 0x22, 0x74, 0x65, 0x78, 0x74, 0x22, 0x3a, 0x20, 0x22,
  0x49, 0x74, 0x20, 0x77, 0x69, 0x6c, 0x6c, 0x20, 0x64, 0x65, 0x61, 0x6c,
  0x20, 0x68, 0x65, 0x61, 0x76, 0x79, 0x20, 0x64, 0x61, 0x6d, 0x61, 0x67,
  0x65, 0x20, 0x76, 0x69, 0x61, 0x2e, 0x22, 0x0a, 0x20, 0x20, 0x20, 0x20,
  0x20, 0x20, 0x20, 0x20, 0x20, 0x20, 0x7d, 0x2c, 0x0a, 0x20, 0x20, 0x20,
  0x20, 0x20, 0x20, 0x20, 0x20, 0x20, 0x20, 0x7b, 0x0a, 0x20, 0x20, 0x20,
  0x20, 0x20, 0x20, 0x20, 0x20, 0x20, 0x20, 0x20, 0x20, 0x22, 0x74, 0x65,
  0x78, 0x74, 0x22, 0x3a, 0x20, 0x22, 0x49, 0x74, 0x20, 0x77, 0x69, 0x6c,
  0x6c, 0x20, 0x75, 0x70, 0x6b, 0x65, 0x65, 0x70, 0x2e, 0x20, 0x49, 0x74,
  0x20, 0x6c, 0x61, 0x73, 0x74, 0x73, 0x20, 0x36, 0x20, 0x73, 0x65, 0x63,
  0x6f, 0x6e, 0x64, 0x73, 0x2c, 0x20, 0x73, 0x6f, 0x20, 0x79, 0x6f, 0x75,
  0x20, 0x64, 0x6f, 0x6e, 0x27, 0x74, 0x20, 0x6e, 0x65, 0x65, 0x64, 0x20,
  0x74, 0x6f, 0x20, 0x62, 0x65, 0x20, 0x63, 0x6f, 0x6e, 0x73, 0x74, 0x61,
  0x6e, 0x74, 0x6c, 0x79, 0x20, 0x77, 0x6f, 0x72, 0x72, 0x69, 0x65, 0x64,
  0x20, 0x61, 0x62, 0x6f, 0x75, 0x74, 0x20, 0x69, 0x74, 0x2e, 0x22, 0x0a,
  0x20, 0x20, 0x20, 0x20, 0x20, 0x20, 0x20, 0x20, 0x20, 0x20, 0x7d, 0x2c,
  0x0a, 0x20, 0x20, 0x20, 0x20, 0x20, 0x20, 0x20, 0x20, 0x20, 0x20, 0x7b,
  0x0a, 0x20, 0x20, 0x20, 0x20, 0x20, 0x20, 0x20, 0x20, 0x20, 0x20, 0x20,
  0x20, 0x22, 0x74, 0x65, 0x78, 0x74, 0x22, 0x3a, 0x20, 0x22, 0x42, 0x65,
  0x73, 0x69, 0x64, 0x65, 0x73, 0x20, 0x64, 0x6f, 0x64, 0x67, 0x69, 0x6e,
  0x67, 0x2c, 0x20, 0x79, 0x6f, 0x75, 0x72, 0x20, 0x6d, 0x61, 0x69, 0x6e,
  0x20, 0x64, 0x61, 0x6d, 0x61, 0x67, 0x65, 0x20, 0x74, 0x6f, 0x6f, 0x6c,
  0x20, 0x77, 0x69, 0x6c, 0x6c, 0x20, 0x62, 0x65, 0x53, 0x74, 0x61, 0x66,
  0x66, 0x2e, 0x20, 0x54, 0x68, 0x69, 0x73, 0x20, 0x77, 0x65, 0x61, 0x70,
  0x6f, 0x6e, 0x20, 0x66, 0x65, 0x61, 0x74, 0x75, 0x72, 0x65, 0x73, 0x20,
  0x74, 0x68, 0x65, 0x20, 0x73, 0x74, 0x72, 0x6f, 0x6e, 0x67, 0x65, 0x73,
  0x74, 0x20, 0x41, 0x75, 0x74, 0x6f, 0x2d, 0x61, 0x74, 0x74, 0x61, 0x63,
  0x6b, 0x73, 0x20, 0x69, 0x6e, 0x20, 0x61, 0x6c, 0x6c, 0x20, 0x6f, 0x66,
  0x54, 0x68, 0x69, 0x65, 0x66, 0x21, 0x20, 0x53, 0x6d, 0x61, 0x63, 0x6b,
  0x20, 0x79, 0x6f, 0x75, 0x72, 0x20, 0x65, 0x6e, 0x65, 0x6d, 0x79, 0x20,
  0x77, 0x69, 0x74, 0x68, 0x20, 0x74, 0x68, 0x65, 0x20, 0x73, 0x74, 0x69,
  0x63, 0x6b, 0x20, 0x77, 0x68, 0x65, 0x6e, 0x65, 0x76, 0x65, 0x72, 0x20,
  0x79, 0x6f, 0x75, 0x27, 0x72, 0x65, 0x20, 0x62, 0x65, 0x74, 0x77, 0x65,
  0x65, 0x6e, 0x20, 0x64, 0x6f, 0x64, 0x67, 0x65, 0x73, 0x21, 0x22, 0x0a,
  0x20, 0x20, 0x20, 0x20, 0x20, 0x20, 0x20, 0x20, 0x20, 0x20, 0x7d, 0x0a,
  0x20, 0x20, 0x20, 0x20, 0x20, 0x20, 0x20, 0x20, 0x5d, 0x0a, 0x20, 0x20,
  0x20, 0x20, 0x20, 0x20, 0x7d, 0x2c, 0x0a, 0x20, 0x20, 0x20, 0x20, 0x20,
  0x20, 0x7b, 0x0a, 0x20, 0x20, 0x20, 0x20, 0x20, 0x20, 0x20, 0x20, 0x22,
  0x74, 0x69, 0x74, 0x6c, 0x65, 0x22, 0x3a, 0x20, 0x22, 0x53, 0x74, 0x65,
  0x70, 0x20, 0x4f, 0x6e, 0x65, 0x22, 0x2c, 0x0a, 0x20, 0x20, 0x20, 0x20,
  0x20, 0x20, 0x20, 0x20, 0x22, 0x69, 0x74, 0x65, 0x6d, 0x73, 0x22, 0x3a,
  0x20, 0x5b, 0x0a, 0x20, 0x20, 0x20, 0x20, 0x20, 0x20, 0x20, 0x20, 0x20,
  0x20, 0x7b, 0x0a, 0x20, 0x20, 0x20, 0x20, 0x20, 0x20, 0x20, 0x20, 0x20,
  0x20, 0x20, 0x20, 0x22, 0x74, 0x65, 0x78, 0x74, 0x22, 0x3a, 0x20, 0x22,
  0x50, 0x6f, 0x77, 0x65, 0x72, 0x20, 0x44, 0x61, 0x72, 0x65, 0x64, 0x65,
  0x76, 0x69, 0x6c, 0x64, 0x65, 0x61, 0x6c, 0x73, 0x20, 0x61, 0x20, 0x74,
  0x6f, 0x6e, 0x20, 0x6f, 0x66, 0x20, 0x64, 0x61, 0x6d, 0x61, 0x67, 0x65,
  0x20, 0x76, 0x69, 0x61, 0x20, 0x69, 0x74, 0x27, 0x73, 0x44, 0x6f, 0x64,
  0x67, 0x65, 0x77, 0x69, 0x74, 0x68, 0x2c, 0x20, 0x73, 0x6f, 0x20, 0x79,
  0x6f, 0x75, 0x27, 0x6c, 0x6c, 0x20, 0x73, 0x74, 0x61, 0x72, 0x74, 0x20,
  0x77, 0x69, 0x74, 0x68, 0x20, 0x6a, 0x75, 0x73, 0x74, 0x20, 0x74, 0x68,
  0x61, 0x74, 0x20, 0x61, 0x6e, 0x64, 0x20, 0x73, 0x6f, 0x6d, 0x65, 0x41,
  0x75, 0x74, 0x6f, 0x20, 0x41, 0x74, 0x74, 0x61, 0x63, 0x6b, 0x20, 0x43,
  0x68, 0x61, 0x69, 0x6e, 0x73, 0x2e, 0x22, 0x0a, 0x20, 0x20, 0x20, 0x20,
  0x20, 0x20, 0x20, 0x20, 0x20, 0x20, 0x7d, 0x2c, 0x0a, 0x20, 0x20, 0x20,
  0x20, 0x20, 0x20, 0x20, 0x20, 0x20, 0x20, 0x7b, 0x0a, 0x20, 0x20, 0x20,
  0x20, 0x20, 0x20, 0x20, 0x20, 0x20, 0x20, 0x20, 0x20, 0x22, 0x74, 0x65,
  0x78, 0x74, 0x22, 0x3a, 0x20, 0x22, 0x44, 0x6f, 0x64, 0x67, 0x65, 0x2e,
  0x20, 0x4d, 0x61, 0x6b, 0x65, 0x20, 0x73, 0x75, 0x72, 0x65, 0x20, 0x79,
  0x6f, 0x75, 0x20, 0x6c, 0x61, 0x6e, 0x64, 0x20, 0x6e, 0x65, 0x61, 0x72,
  0x20, 0x79, 0x6f, 0x75, 0x72, 0x20, 0x65, 0x6e, 0x65, 0x6d, 0x79, 0x20,
  0x73, 0x6f, 0x20, 0x74, 0x68, 0x61, 0x74, 0x68, 0x69, 0x74, 0x73, 0x21,
  0x22, 0x0a, 0x20, 0x20, 0x20, 0x20, 0x20, 0x20, 0x20, 0x20, 0x20, 0x20,
  0x7d, 0x2c, 0x0a, 0x20, 0x20, 0x20, 0x20, 0x20, 0x20, 0x20, 0x20, 0x20,
  0x20, 0x7b, 0x0a, 0x20, 0x20, 0x20, 0x20, 0x20, 0x20, 0x20, 0x20, 0x20,
  0x20, 0x20, 0x20, 0x22, 0x74, 0x65, 0x78, 0x74, 0x22, 0x3a, 0x20, 0x22,
  0x46, 0x69, 0x6c, 0x6c, 0x20, 0x74, 0x69, 0x6d, 0x65, 0x20, 0x77, 0x69,
  0x74, 0x68, 0x20, 0x74, 0x68, 0x72, 0x65, 0x65, 0x20, 0x66, 0x75, 0x6c,
  0x6c, 0x41, 0x75, 0x74, 0x6f, 0x20, 0x41, 0x74, 0x74, 0x61, 0x63, 0x6b,
  0x20, 0x43, 0x68, 0x61, 0x69, 0x6e, 0x73, 0x2e, 0x22, 0x0a, 0x20, 0x20,
  0x20, 0x20, 0x20, 0x20, 0x20, 0x20, 0x20, 0x20, 0x7d, 0x2c, 0x0a, 0x20,
  0x20, 0x20, 0x20, 0x20, 0x20, 0x20, 0x20, 0x20, 0x20, 0x7b, 0x0a, 0x20,
  0x20, 0x20, 0x20, 0x20, 0x20, 0x20, 0x20, 0x20, 0x20, 0x20, 0x20, 0x22,
  0x74, 0x65, 0x78, 0x74, 0x22, 0x3a, 0x20, 0x22, 0x44, 0x6f, 0x64, 0x67,
  0x65, 0x22, 0x0a, 0x20, 0x20, 0x20, 0x20, 0x20, 0x20, 0x20, 0x20, 0x20,
  0x20, 0x7d, 0x2c, 0x0a, 0x20, 0x20, 0x20, 0x20, 0x20, 0x20, 0x20, 0x20,
  0x20, 0x20, 0x7b, 0x0a, 0x20, 0x20, 0x20, 0x20, 0x20, 0x20, 0x20, 0x20,
  0x20, 0x20, 0x20, 0x20, 0x22, 0x74, 0x65, 0x78, 0x74, 0x22, 0x3a, 0x20,
  0x22, 0x55, 0x73, 0x65, 0x74, 0x6f, 0x20, 0x72, 0x65, 0x70, 0x6c, 0x65,
  0x6e, 0x69, 0x73, 0x68, 0x20, 0x6f, 0x6e, 0x65, 0x20, 0x62, 0x61, 0x72,
  0x20, 0x6f, 0x66, 0x45, 0x6e, 0x64, 0x75, 0x72, 0x61, 0x6e, 0x63, 0x65,
  0x77, 0x68, 0x65, 0x6e, 0x65, 0x76, 0x65, 0x72, 0x20, 0x69, 0x74, 0x73,
  0x20, 0x72, 0x75, 0x6e, 0x6e, 0x69, 0x6e, 0x67, 0x20, 0x6c, 0x6f, 0x77,
  0x20, 0x76, 0x69, 0x61, 0x2e, 0x22, 0x0a, 0x20, 0x20, 0x20, 0x20, 0x20,
  0x20, 0x20, 0x20, 0x20, 0x20, 0x7d, 0x0a, 0x20, 0x20, 0x20, 0x20, 0x20,
  0x20, 0x20, 0x20, 0x5d, 0x0a, 0x20, 0x20, 0x20, 0x20, 0x20, 0x20, 0x7d,
  0x2c, 0x0a, 0x20, 0x20, 0x20, 0x20, 0x20, 0x20, 0x7b, 0x0a, 0x20, 0x20,
  0x20, 0x20, 0x20, 0x20, 0x20, 0x20, 0x22, 0x74, 0x69, 0x74, 0x6c, 0x65,
  0x22, 0x3a, 0x20, 0x22, 0x53, 0x74, 0x65, 0x70, 0x20, 0x54, 0x77, 0x6f,
  0x22, 0x2c, 0x0a, 0x20, 0x20, 0x20, 0x20, 0x20, 0x20, 0x20, 0x20, 0x22,
  0x69, 0x74, 0x65, 0x6d, 0x73, 0x22, 0x3a, 0x20, 0x5b, 0x0a, 0x20, 0x20,
  0x20, 0x20, 0x20, 0x20, 0x20, 0x20, 0x20, 0x20, 0x7b, 0x0a, 0x20, 0x20,
  0x20, 0x20, 0x20, 0x20, 0x20, 0x20, 0x20, 0x20, 0x20, 0x20, 0x22, 0x74,
  0x65, 0x78, 0x74, 0x22, 0x3a, 0x20, 0x22, 0x54, 0x68, 0x65, 0x20, 0x6e,
  0x65, 0x78, 0x74, 0x20, 0x73, 0x74, 0x65, 0x70, 0x20, 0x69, 0x73, 0x20,
  0x74, 0x6f, 0x20, 0x75, 0x73, 0x65, 0x49, 0x6e, 0x69, 0x74, 0x69, 0x61,
  0x74, 0x69, 0x76, 0x65, 0x2c, 0x20, 0x79, 0x6f, 0x75, 0x72, 0x20, 0x70,
  0x72, 0x6f, 0x66, 0x65, 0x73, 0x73, 0x69, 0x6f, 0x6e, 0x20, 0x72, 0x65,
  0x73, 0x6f, 0x75, 0x72, 0x63, 0x65, 0x2e, 0x20, 0x59, 0x6f, 0x75, 0x20,
  0x63, 0x61, 0x6e, 0x20, 0x73, 0x70, 0x65, 0x6e, 0x64, 0x49, 0x6e, 0x69,
  0x74, 0x69, 0x61, 0x74, 0x69, 0x76, 0x65, 0x66, 0x72, 0x65, 0x65, 0x6c,
  0x79, 0x20, 0x6f, 0x6e, 0x2c, 0x20, 0x61, 0x20, 0x76, 0x65, 0x72, 0x79,
  0x20, 0x73, 0x69, 0x6d, 0x70, 0x6c, 0x65, 0x2d, 0x74, 0x6f, 0x2d, 0x75,
  0x73, 0x65, 0x20, 0x61, 0x62, 0x69, 0x6c, 0x69, 0x74, 0x79, 0x20, 0x74,
  0x68, 0x61, 0x74, 0x20, 0x63, 0x6c, 0x65, 0x61, 0x76, 0x65, 0x73, 0x20,
  0x65, 0x6e, 0x65, 0x6d, 0x69, 0x65, 0x73, 0x20, 0x69, 0x6e, 0x20, 0x61,
  0x6e, 0x20, 0x61, 0x72, 0x65, 0x61, 0x20, 0x61, 0x72, 0x6f, 0x75, 0x6e,
  0x64, 0x20, 0x79, 0x6f, 0x75, 0x21, 0x20, 0x48, 0x65, 0x72, 0x65, 0x27,
  0x73, 0x20, 0x61, 0x6e, 0x20, 0x65, 0x78, 0x61, 0x6d, 0x70, 0x6c, 0x65,
  0x20, 0x6f, 0x66, 0x20, 0x68, 0x6f, 0x77, 0x20, 0x74, 0x6f, 0x20, 0x75,
  0x73, 0x65, 0x20, 0x69, 0x74, 0x3a, 0x22, 0x0a, 0x20, 0x20, 0x20, 0x20,
  0x20, 0x20, 0x20, 0x20, 0x20, 0x20, 0x7d, 0x2c, 0x0a, 0x20, 0x20, 0x20,
  0x20, 0x20, 0x20, 0x20, 0x20, 0x20, 0x20, 0x7b, 0x0a, 0x20, 0x20, 0x20,
  0x20, 0x20, 0x20, 0x20, 0x20, 0x20, 0x20, 0x20, 0x20, 0x22, 0x74, 0x65,
  0x78, 0x74, 0x22, 0x3a, 0x20, 0x22, 0x44, 0x6f, 0x64, 0x67, 0x65, 0x22,
  0x0a, 0x20, 0x20, 0x20, 0x20, 0x20, 0x20, 0x20, 0x20, 0x20, 0x20, 0x7d,
  0x2c, 0x0a, 0x20, 0x20, 0x20, 0x20, 0x20, 0x20, 0x20, 0x20, 0x20, 0x20,
  0x7b, 0x0a, 0x20, 0x20, 0x20, 0x20, 0x20, 0x20, 0x20, 0x20, 0x20, 0x20,
  0x20, 0x20, 0x22, 0x74, 0x65, 0x78, 0x74, 0x22, 0x3a, 0x20, 0x22, 0x41,
  0x75, 0x74, 0x6f, 0x20, 0x41, 0x74, 0x74, 0x61, 0x63, 0x6b, 0x20, 0x43,
  0x68, 0x61, 0x69, 0x6e, 0x78, 0x32, 0x22, 0x0a, 0x20, 0x20, 0x20, 0x20,
  0x20, 0x20, 0x20, 0x20, 0x20, 0x20, 0x7d, 0x2c, 0x0a, 0x20, 0x20, 0x20,
  0x20, 0x20, 0x20, 0x20, 0x20, 0x20, 0x20, 0x7b, 0x0a, 0x20, 0x20, 0x20,
  0x20, 0x20, 0x20, 0x20, 0x20, 0x20, 0x20, 0x20, 0x20, 0x22, 0x74, 0x65,
  0x78, 0x74, 0x22, 0x3a, 0x20, 0x22, 0x44, 0x6f, 0x64, 0x67, 0x65, 0x22,
  0x0a, 0x20, 0x20, 0x20, 0x20, 0x20, 0x20, 0x20, 0x20, 0x20, 0x20, 0x7d,
  0x2c, 0x0a, 0x20, 0x20, 0x20, 0x20, 0x20, 0x20, 0x20, 0x20, 0x20, 0x20,
  0x7b, 0x0a, 0x20, 0x20, 0x20, 0x20, 0x20, 0x20, 0x20, 0x20, 0x20, 0x20,
  0x20, 0x20, 0x22, 0x74, 0x65, 0x78, 0x74, 0x22, 0x3a, 0x20, 0x22, 0x49,
  0x66, 0x20, 0x79, 0x6f, 0x75, 0x20, 0x68, 0x61, 0x76, 0x65, 0x20, 0x6d,
  0x6f, 0x72, 0x65, 0x49, 0x6e, 0x69, 0x74, 0x69, 0x61, 0x74, 0x69, 0x76,
  0x65, 0x74, 0x6f, 0x20, 0x73, 0x70, 0x65, 0x6e, 0x64, 0x2c, 0x20, 0x79,
  0x6f, 0x75, 0x20, 0x63, 0x61, 0x6e, 0x20, 0x63, 0x61, 0x73, 0x74, 0x20,
  0x61, 0x6e, 0x6f, 0x74, 0x68, 0x65, 0x72, 0x69, 0x6e, 0x20, 0x73, 0x74,
  0x65, 0x70, 0x20, 0x32, 0x20, 0x77, 0x68, 0x65, 0x6e, 0x65, 0x76, 0x65,
  0x72, 0x20, 0x79, 0x6f, 0x75, 0x20, 0x77, 0x69, 0x73, 0x68, 0x21, 0x22,
  0x0a, 0x20, 0x20, 0x20, 0x20, 0x20, 0x20, 0x20, 0x20, 0x20, 0x20, 0x7d,
  0x0a, 0x20, 0x20, 0x20, 0x20, 0x20, 0x20, 0x20, 0x20, 0x5d, 0x0a, 0x20,
  0x20, 0x20, 0x20, 0x20, 0x20, 0x7d, 0x2c, 0x0a, 0x20, 0x20, 0x20, 0x20,
  0x20, 0x20, 0x7b, 0x0a, 0x20, 0x20, 0x20, 0x20, 0x20, 0x20, 0x20, 0x20,
  0x22, 0x74, 0x69, 0x74, 0x6c, 0x65, 0x22, 0x3a, 0x20, 0x22, 0x53, 0x74,
  0x65, 0x70, 0x20, 0x54, 0x68, 0x72, 0x65, 0x65, 0x22, 0x2c, 0x0a, 0x20,
  0x20, 0x20, 0x20, 0x20, 0x20, 0x20, 0x20, 0x22, 0x69, 0x74, 0x65, 0x6d,
  0x73, 0x22, 0x3a, 0x20, 0x5b, 0x0a, 0x20, 0x20, 0x20, 0x20, 0x20, 0x20,
  0x20, 0x20, 0x20, 0x20, 0x7b, 0x0a, 0x20, 0x20, 0x20, 0x20, 0x20, 0x20,
  0x20, 0x20, 0x20, 0x20, 0x20, 0x20, 0x22, 0x74, 0x65, 0x78, 0x74, 0x22,
  0x3a, 0x20, 0x22, 0x59, 0x6f, 0x75, 0x20, 0x63, 0x61, 0x6e, 0x20, 0x67,
  0x6f, 0x20, 0x74, 0x68, 0x65, 0x20, 0x65, 0x78, 0x74, 0x72, 0x61, 0x20,
  0x6d, 0x69, 0x6c, 0x65, 0x20, 0x62, 0x79, 0x20, 0x61, 0x64, 0x64, 0x69,
  0x6e, 0x67, 0x20, 0x61, 0x6e, 0x20, 0x75, 0x74, 0x69, 0x6c, 0x69, 0x74,
  0x79, 0x20, 0x73, 0x6b, 0x69, 0x6c, 0x6c, 0x2e, 0x22, 0x0a, 0x20, 0x20,
  0x20, 0x20, 0x20, 0x20, 0x20, 0x20, 0x20, 0x20, 0x7d, 0x2c, 0x0a, 0x20,
  0x20, 0x20, 0x20, 0x20, 0x20, 0x20, 0x20, 0x20, 0x20, 0x7b, 0x0a, 0x20,
  0x20, 0x20, 0x20, 0x20, 0x20, 0x20, 0x20, 0x20, 0x20, 0x20, 0x20, 0x22,
  0x74, 0x65, 0x78, 0x74, 0x22, 0x3a, 0x20, 0x22, 0x44, 0x6f, 0x64, 0x67,
  0x65, 0x22, 0x0a, 0x20, 0x20, 0x20, 0x20, 0x20, 0x20, 0x20, 0x20, 0x20,
  0x20, 0x7d, 0x2c, 0x0a, 0x20, 0x20, 0x20, 0x20, 0x20, 0x20, 0x20, 0x20,
  0x20, 0x20, 0x7b, 0x0a, 0x20, 0x20, 0x20, 0x20, 0x20, 0x20, 0x20, 0x20,
  0x20, 0x20, 0x20, 0x20, 0x22, 0x74, 0x65, 0x78, 0x74, 0x22, 0x3a, 0x20,
  0x22, 0x78, 0x32, 0x22, 0x0a, 0x20, 0x20, 0x20, 0x20, 0x20, 0x20, 0x20,
  0x20, 0x20, 0x20, 0x7d, 0x2c, 0x0a, 0x20, 0x20, 0x20, 0x20, 0x20, 0x20,
  0x20, 0x20, 0x20, 0x20, 0x7b, 0x0a, 0x20, 0x20, 0x20, 0x20, 0x20, 0x20,
  0x20, 0x20, 0x20, 0x20, 0x20, 0x20, 0x22, 0x74, 0x65, 0x78, 0x74, 0x22,
  0x3a, 0x20, 0x22, 0x44, 0x6f, 0x64, 0x67, 0x65, 0x22, 0x0a, 0x20, 0x20,
  0x20, 0x20, 0x20, 0x20, 0x20, 0x20, 0x20, 0x20, 0x7d, 0x2c, 0x0a, 0x20,
  0x20, 0x20, 0x20, 0x20, 0x20, 0x20, 0x20, 0x20, 0x20, 0x7b, 0x0a, 0x20,
  0x20, 0x20, 0x20, 0x20, 0x20, 0x20, 0x20, 0x20, 0x20, 0x20, 0x20, 0x22,
  0x74, 0x65, 0x78, 0x74, 0x22, 0x3a, 0x20, 0x22, 0x54, 0x6f, 0x20, 0x6d,
  0x61, 0x6b, 0x65, 0x20, 0x74, 0x68, 0x65, 0x73, 0x65, 0x71, 0x75, 0x65,
  0x6e, 0x63, 0x65, 0x20, 0x6d, 0x75, 0x63, 0x68, 0x20, 0x65, 0x61, 0x73,
  0x69, 0x65, 0x72, 0x2c, 0x20, 0x77, 0x65, 0x20, 0x73, 0x75, 0x67, 0x67,
  0x65, 0x73, 0x74, 0x68, 0x6f, 0x6c, 0x64, 0x69, 0x6e, 0x67, 0x20, 0x64,
  0x6f, 0x77, 0x6e, 0x20, 0x74, 0x68, 0x65, 0x20, 0x6b, 0x65, 0x79, 0x2e,
  0x20, 0x54, 0x68, 0x69, 0x73, 0x20, 0x77, 0x69, 0x6c, 0x6c, 0x20, 0x6d,
  0x61, 0x6b, 0x65, 0x63, 0x61, 0x73, 0x74, 0x20, 0x61, 0x75, 0x74, 0x6f,
  0x6d, 0x61, 0x74, 0x69, 0x63, 0x61, 0x6c, 0x6c, 0x79, 0x20, 0x69, 0x66,
  0x20, 0x61, 0x6c, 0x6c, 0x20, 0x74, 0x68, 0x65, 0x20, 0x68, 0x69, 0x74,
  0x73, 0x20, 0x66, 0x72, 0x6f, 0x6d, 0x63, 0x6f, 0x6e, 0x6e, 0x65, 0x63,
  0x74, 0x65, 0x64, 0x21, 0x22, 0x0a, 0x20, 0x20, 0x20, 0x20, 0x20, 0x20,
  0x20, 0x20, 0x20, 0x20, 0x7d, 0x0a, 0x20, 0x20, 0x20, 0x20, 0x20, 0x20,
  0x20, 0x20, 0x5d, 0x0a, 0x20, 0x20, 0x20, 0x20, 0x20, 0x20, 0x7d, 0x0a,
  0x20, 0x20, 0x20, 0x20, 0x5d, 0x0a, 0x20, 0x20, 0x7d, 0x2c, 0x0a, 0x20,
  0x20, 0x22, 0x74, 0x68, 0x69, 0x65, 0x66, 0x2d, 0x70, 0x6f, 0x77, 0x65,
  0x72, 0x2d, 0x64, 0x65, 0x61, 0x64, 0x65, 0x79, 0x65, 0x22, 0x3a, 0x20,
  0x7b, 0x0a, 0x20, 0x20, 0x20, 0x20, 0x22, 0x73, 0x65, 0x63, 0x74, 0x69,
  0x6f, 0x6e, 0x73, 0x22, 0x3a, 0x20, 0x5b, 0x0a, 0x20, 0x20, 0x20, 0x20,
  0x20, 0x20, 0x7b, 0x0a, 0x20, 0x20, 0x20, 0x20, 0x20, 0x20, 0x20, 0x20,
  0x22, 0x74, 0x69, 0x74, 0x6c, 0x65, 0x22, 0x3a, 0x20, 0x22, 0x4b, 0x65,
  0x79, 0x20, 0x43, 0x6f, 0x6e, 0x63, 0x65, 0x70, 0x74, 0x73, 0x22, 0x2c,
  0x0a, 0x20, 0x20, 0x20, 0x20, 0x20, 0x20, 0x20, 0x20, 0x22, 0x69, 0x74,
  0x65, 0x6d, 0x73, 0x22, 0x3a, 0x20, 0x5b, 0x0a, 0x20, 0x20, 0x20, 0x20,
  0x20, 0x20, 0x20, 0x20, 0x20, 0x20, 0x7b, 0x0a, 0x20, 0x20, 0x20, 0x20,
  0x20, 0x20, 0x20, 0x20, 0x20, 0x20, 0x20, 0x20, 0x22, 0x74, 0x65, 0x78,
  0x74, 0x22, 0x3a, 0x20, 0x22, 0x54, 0x68, 0x65, 0x72, 0x65, 0x20, 0x61,
  0x72, 0x65, 0x20, 0x74, 0x77, 0x6f, 0x20, 0x6b, 0x65, 0x79, 0x20, 0x73,
  0x6b, 0x69, 0x6c, 0x6c, 0x73, 0x20, 0x74, 0x6f, 0x20, 0x75, 0x73, 0x65,
  0x20, 0x77, 0x68, 0x65, 0x6e, 0x20, 0x6c, 0x65, 0x61, 0x72, 0x6e, 0x69,
  0x6e, 0x67, 0x20, 0x74, 0x68, 0x69, 0x73, 0x20, 0x62, 0x75, 0x69, 0x6c,
  0x64, 0x3a, 0x22, 0x0a, 0x20, 0x20, 0x20, 0x20, 0x20, 0x20, 0x20, 0x20,
  0x20, 0x20, 0x7d, 0x2c, 0x0a, 0x20, 0x20, 0x20, 0x20, 0x20, 0x20, 0x20,
  0x20, 0x20, 0x20, 0x7b, 0x0a, 0x20, 0x20, 0x20, 0x20, 0x20, 0x20, 0x20,
  0x20, 0x20, 0x20, 0x20, 0x20, 0x22, 0x74, 0x65, 0x78, 0x74, 0x22, 0x3a,
  0x20, 0x22, 0x46, 0x69, 0x72, 0x73, 0x74, 0x2c, 0x20, 0x6c, 0x65, 0x74,
  0x27, 0x73, 0x20, 0x6c, 0x6f, 0x6f, 0x6b, 0x20, 0x61, 0x74, 0x3a, 0x22,
  0x0a, 0x20, 0x20, 0x20, 0x20, 0x20, 0x20, 0x20, 0x20, 0x20, 0x20, 0x7d,
  0x2c, 0x0a, 0x20, 0x20, 0x20, 0x20, 0x20, 0x20, 0x20, 0x20, 0x20, 0x20,
  0x7b, 0x0a, 0x20, 0x20, 0x20, 0x20, 0x20, 0x20, 0x20, 0x20, 0x20, 0x20,
  0x20, 0x20, 0x22, 0x74, 0x65, 0x78, 0x74, 0x22, 0x3a, 0x20, 0x22, 0x59,
  0x6f, 0x75, 0x20, 0x67, 0x61, 0x69, 0x6e, 0x4d, 0x61, 0x6c, 0x69, 0x63,
  0x65, 0x77, 0x68, 0x65, 0x6e, 0x20, 0x79, 0x6f, 0x75, 0x20, 0x73, 0x74,
  0x72, 0x69, 0x6b, 0x65, 0x20, 0x61, 0x20, 0x6d, 0x61, 0x72, 0x6b, 0x65,
  0x64, 0x20, 0x74, 0x61, 0x72, 0x67, 0x65, 0x74, 0x22, 0x0a, 0x20, 0x20,
  0x20, 0x20, 0x20, 0x20, 0x20, 0x20, 0x20, 0x20, 0x7d, 0x2c, 0x0a, 0x20,
  0x20, 0x20, 0x20, 0x20, 0x20, 0x20, 0x20, 0x20, 0x20, 0x7b, 0x0a, 0x20,
  0x20, 0x20, 0x20, 0x20, 0x20, 0x20, 0x20, 0x20, 0x20, 0x20, 0x20, 0x22,
  0x74, 0x65, 0x78, 0x74, 0x22, 0x3a, 0x20, 0x22, 0x59, 0x6f, 0x75, 0x20,
  0x64, 0x65, 0x61, 0x6c, 0x20, 0x31, 0x30, 0x25, 0x20, 0x69, 0x6e, 0x63,
  0x72, 0x65, 0x61, 0x73, 0x65, 0x64, 0x44, 0x61, 0x6d, 0x61, 0x67, 0x65,
  0x74, 0x6f, 0x20, 0x61, 0x20, 0x6d, 0x61, 0x72, 0x6b, 0x65, 0x64, 0x20,
  0x74, 0x61, 0x72, 0x67, 0x65, 0x74, 0x20, 0x64, 0x75, 0x65, 0x20, 0x74,
  0x6f, 0x22, 0x0a, 0x20, 0x20, 0x20, 0x20, 0x20, 0x20, 0x20, 0x20, 0x20,
  0x20, 0x7d, 0x2c, 0x0a, 0x20, 0x20, 0x20, 0x20, 0x20, 0x20, 0x20, 0x20,
  0x20, 0x20, 0x7b, 0x0a, 0x20, 0x20, 0x20, 0x20, 0x20, 0x20, 0x20, 0x20,
  0x20, 0x20, 0x20, 0x20, 0x22, 0x74, 0x65, 0x78, 0x74, 0x22, 0x3a, 0x20,
  0x22, 0x57, 0x68, 0x65, 0x6e, 0x65, 0x76, 0x65, 0x72, 0x20, 0x79, 0x6f,
  0x75, 0x20, 0x6b, 0x69, 0x6c, 0x6c, 0x20, 0x61, 0x20, 0x6d, 0x61, 0x72,
  0x6b, 0x65, 0x64, 0x20, 0x66, 0x6f, 0x65, 0x2c, 0x20, 0x79, 0x6f, 0x75,
  0x72, 0x77, 0x69, 0x6c, 0x6c, 0x52, 0x65, 0x63, 0x68, 0x61, 0x72, 0x67,
  0x65, 0x64, 0x75, 0x65, 0x20, 0x74, 0x6f, 0x2e, 0x22, 0x0a, 0x20, 0x20,
  0x20, 0x20, 0x20, 0x20, 0x20, 0x20, 0x20, 0x20, 0x7d, 0x2c, 0x0a, 0x20,
  0x20, 0x20, 0x20, 0x20, 0x20, 0x20, 0x20, 0x20, 0x20, 0x7b, 0x0a, 0x20,
  0x20, 0x20, 0x20, 0x20, 0x20, 0x20, 0x20, 0x20, 0x20, 0x20, 0x20, 0x22,
  0x74, 0x65, 0x78, 0x74, 0x22, 0x3a, 0x20, 0x22, 0x4b, 0x65, 0x65, 0x70,
  0x20, 0x69, 0x6e, 0x20, 0x6d, 0x69, 0x6e, 0x64, 0x20, 0x74, 0x68, 0x61,
  0x74, 0x64, 0x6f, 0x65, 0x73, 0x6e, 0x27, 0x74, 0x20, 0x6c, 0x61, 0x73,
  0x74, 0x20, 0x66, 0x6f, 0x72, 0x65, 0x76, 0x65, 0x72, 0x21, 0x20, 0x55,
  0x73, 0x65, 0x20, 0x69, 0x74, 0x20, 0x61, 0x67, 0x61, 0x69, 0x6e, 0x20,
  0x6f, 0x6e, 0x20, 0x79, 0x6f, 0x75, 0x72, 0x20, 0x74, 0x61, 0x72, 0x67,
  0x65, 0x74, 0x20, 0x69, 0x66, 0x20, 0x69, 0x74, 0x20, 0x72, 0x75, 0x6e,
  0x73, 0x20, 0x6f, 0x75, 0x74, 0x2e, 0x22, 0x0a, 0x20, 0x20, 0x20, 0x20,
  0x20, 0x20, 0x20, 0x20, 0x20, 0x20, 0x7d, 0x2c, 0x0a, 0x20, 0x20, 0x20,
  0x20, 0x20, 0x20, 0x20, 0x20, 0x20, 0x20, 0x7b, 0x0a, 0x20, 0x20, 0x20,
  0x20, 0x20, 0x20, 0x20, 0x20, 0x20, 0x20, 0x20, 0x20, 0x22, 0x74, 0x65,
  0x78, 0x74, 0x22, 0x3a, 0x20, 0x22, 0x61, 0x6c, 0x73, 0x6f, 0x20, 0x72,
  0x65, 0x64, 0x75, 0x63, 0x65, 0x73, 0x20, 0x69, 0x6e, 0x63, 0x6f, 0x6d,
  0x69, 0x6e, 0x67, 0x44, 0x61, 0x6d, 0x61, 0x67, 0x65, 0x66, 0x72, 0x6f,
  0x6d, 0x20, 0x79, 0x6f, 0x75, 0x72, 0x20, 0x6d, 0x61, 0x72, 0x6b, 0x65,
  0x64, 0x20, 0x74, 0x61, 0x72, 0x67, 0x65, 0x74, 0x20, 0x62, 0x79, 0x20,
  0x31, 0x35, 0x25, 0x2e, 0x22, 0x0a, 0x20, 0x20, 0x20, 0x20, 0x20, 0x20,
  0x20, 0x20, 0x20, 0x20, 0x7d, 0x2c, 0x0a, 0x20, 0x20, 0x20, 0x20, 0x20,
  0x20, 0x20, 0x20, 0x20, 0x20, 0x7b, 0x0a, 0x20, 0x20, 0x20, 0x20, 0x20,
  0x20, 0x20, 0x20, 0x20, 0x20, 0x20, 0x20, 0x22, 0x74, 0x65, 0x78, 0x74,
  0x22, 0x3a, 0x20, 0x22, 0x69, 0x73, 0x20, 0x74, 0x68, 0x65, 0x20, 0x64,
  0x75, 0x61, 0x6c, 0x2d, 0x77, 0x69, 0x65, 0x6c, 0x64, 0x20, 0x73, 0x6b,
  0x69, 0x6c, 0x6c, 0x20, 0x66, 0x6f, 0x72, 0x20, 0x79, 0x6f, 0x75, 0x72,
  0x50, 0x69, 0x73, 0x74, 0x6f, 0x6c, 0x73, 0x65, 0x74, 0x2e, 0x20, 0x57,
  0x68, 0x61, 0x74, 0x20, 0x64, 0x6f, 0x20, 0x79, 0x6f, 0x75, 0x20, 0x6e,
  0x65, 0x65, 0x64, 0x20, 0x74, 0x6f, 0x20, 0x6b, 0x6e, 0x6f, 0x77, 0x20,
  0x61, 0x62, 0x6f, 0x75, 0x74, 0x20, 0x69, 0x74, 0x3f, 0x22, 0x0a, 0x20,
  0x20, 0x20, 0x20, 0x20, 0x20, 0x20, 0x20, 0x20, 0x20, 0x7d, 0x2c, 0x0a,
  0x20, 0x20, 0x20, 0x20, 0x20, 0x20, 0x20, 0x20, 0x20, 0x20, 0x7b, 0x0a,
  0x20, 0x20, 0x20, 0x20, 0x20, 0x20, 0x20, 0x20, 0x20, 0x20, 0x20, 0x20,
  0x22, 0x74, 0x65, 0x78, 0x74, 0x22, 0x3a, 0x20, 0x22, 0x49, 0x74, 0x27,
  0x73, 0x20, 0x79, 0x6f, 0x75, 0x72, 0x20, 0x70, 0x72, 0x69, 0x6d, 0x61,
  0x72, 0x79, 0x20, 0x73, 0x6f, 0x75, 0x72, 0x63, 0x65, 0x20, 0x6f, 0x66,
  0x44, 0x61, 0x6d, 0x61, 0x67, 0x65, 0x22, 0x0a, 0x20, 0x20, 0x20, 0x20,
  0x20, 0x20, 0x20, 0x20, 0x20, 0x20, 0x7d, 0x2c, 0x0a, 0x20, 0x20, 0x20,
  0x20, 0x20, 0x20, 0x20, 0x20, 0x20, 0x20, 0x7b, 0x0a, 0x20, 0x20, 0x20,
  0x20, 0x20, 0x20, 0x20, 0x20, 0x20, 0x20, 0x20, 0x20, 0x22, 0x74, 0x65,
  0x78, 0x74, 0x22, 0x3a, 0x20, 0x22, 0x49, 0x66, 0x20, 0x61, 0x6c, 0x6c,
  0x20, 0x61, 0x74, 0x74, 0x61, 0x63, 0x6b, 0x73, 0x20, 0x68, 0x69, 0x74,
  0x2c, 0x20, 0x79, 0x6f, 0x75, 0x20, 0x67, 0x61, 0x69, 0x6e, 0x20, 0x61,
  0x64, 0x64, 0x69, 0x74, 0x69, 0x6f, 0x6e, 0x61, 0x6c, 0x49, 0x6e, 0x69,
  0x74, 0x69, 0x61, 0x74, 0x69, 0x76, 0x65, 0x22, 0x0a, 0x20, 0x20, 0x20,
  0x20, 0x20, 0x20, 0x20, 0x20, 0x20, 0x20, 0x7d, 0x2c, 0x0a, 0x20, 0x20,
  0x20, 0x20, 0x20, 0x20, 0x20, 0x20, 0x20, 0x20, 0x7b, 0x0a, 0x20, 0x20,
  0x20, 0x20, 0x20, 0x20, 0x20, 0x20, 0x20, 0x20, 0x20, 0x20, 0x22, 0x74,
  0x65, 0x78, 0x74, 0x22, 0x3a, 0x20, 0x22, 0x54, 0x68, 0x69, 0x73, 0x20,
  0x73, 0x6b, 0x69, 0x6c, 0x6c, 0x20, 0x69, 0x73, 0x49, 0x6e, 0x69, 0x74,
  0x69, 0x61, 0x74, 0x69, 0x76, 0x65, 0x70, 0x6f, 0x73, 0x69, 0x74, 0x69,
  0x76, 0x65, 0x2c, 0x20, 0x6c, 0x65, 0x74, 0x74, 0x69, 0x6e, 0x67, 0x20,
  0x79, 0x6f, 0x75, 0x20, 0x75, 0x73, 0x65, 0x20, 0x69, 0x74, 0x20, 0x63,
  0x6f, 0x6e, 0x74, 0x69, 0x6e, 0x75, 0x6f, 0x75, 0x73, 0x6c, 0x79, 0x2e,
  0x22, 0x0a, 0x20, 0x20, 0x20, 0x20, 0x20, 0x20, 0x20, 0x20, 0x20, 0x20,
  0x7d, 0x0a, 0x20, 0x20, 0x20, 0x20, 0x20, 0x20, 0x20, 0x20, 0x5d, 0x0a,
  0x20, 0x20, 0x20, 0x20, 0x20, 0x20, 0x7d, 0x2c, 0x0a, 0x20, 0x20, 0x20,
  0x20, 0x20, 0x20, 0x7b, 0x0a, 0x20, 0x20, 0x20, 0x20, 0x20, 0x20, 0x20,
  0x20, 0x22, 0x74, 0x69, 0x74, 0x6c, 0x65, 0x22, 0x3a, 0x20, 0x22, 0x53,
  0x74, 0x65, 0x70, 0x20, 0x4f, 0x6e, 0x65, 0x22, 0x2c, 0x0a, 0x20, 0x20,
  0x20, 0x20, 0x20, 0x20, 0x20, 0x20, 0x22, 0x69, 0x74, 0x65, 0x6d, 0x73,
  0x22, 0x3a, 0x20, 0x5b, 0x0a, 0x20, 0x20, 0x20, 0x20, 0x20, 0x20, 0x20,
  0x20, 0x20, 0x20, 0x7b, 0x0a, 0x20, 0x20, 0x20, 0x20, 0x20, 0x20, 0x20,
  0x20, 0x20, 0x20, 0x20, 0x20, 0x22, 0x74, 0x65, 0x78, 0x74, 0x22, 0x3a,
  0x20, 0x22, 0x59, 0x6f, 0x75, 0x72, 0x20, 0x72, 0x6f, 0x74, 0x61, 0x74,
  0x69, 0x6f, 0x6e, 0x20, 0x66, 0x6f, 0x72, 0x20, 0x74, 0x68, 0x69, 0x73,
  0x20, 0x62, 0x75, 0x69, 0x6c, 0x64, 0x20, 0x77, 0x69, 0x6c, 0x6c, 0x20,
  0x6c, 0x6f, 0x6f, 0x6b, 0x20, 0x6c, 0x69, 0x6b, 0x65, 0x20, 0x74, 0x68,
  0x69, 0x73, 0x3a, 0x22, 0x0a, 0x20, 0x20, 0x20, 0x20, 0x20, 0x20, 0x20,
  0x20, 0x20, 0x20, 0x7d, 0x2c, 0x0a, 0x20, 0x20, 0x20, 0x20, 0x20, 0x20,
  0x20, 0x20, 0x20, 0x20, 0x7b, 0x0a, 0x20, 0x20, 0x20, 0x20, 0x20, 0x20,
  0x20, 0x20, 0x20, 0x20, 0x20, 0x20, 0x22, 0x74, 0x65, 0x78, 0x74, 0x22,
  0x3a, 0x20, 0x22, 0x55, 0x73, 0x65, 0x6f, 0x6e, 0x20, 0x79, 0x6f, 0x75,
  0x72, 0x20, 0x74, 0x61, 0x72, 0x67, 0x65, 0x74, 0x22, 0x0a, 0x20, 0x20,
  0x20, 0x20, 0x20, 0x20, 0x20, 0x20, 0x20, 0x20, 0x7d, 0x2c, 0x0a, 0x20,
  0x20, 0x20, 0x20, 0x20, 0x20, 0x20, 0x20, 0x20, 0x20, 0x7b, 0x0a, 0x20,
  0x20, 0x20, 0x20, 0x20, 0x20, 0x20, 0x20, 0x20, 0x20, 0x20, 0x20, 0x22,
  0x74, 0x65, 0x78, 0x74, 0x22, 0x3a, 0x20, 0x22, 0x6f, 0x6e, 0x20, 0x79,
  0x6f, 0x75, 0x72, 0x20, 0x6d, 0x61, 0x72, 0x6b, 0x65, 0x64, 0x20, 0x74,
  0x61, 0x72, 0x67, 0x65, 0x74, 0x22, 0x0a, 0x20, 0x20, 0x20, 0x20, 0x20,
  0x20, 0x20, 0x20, 0x20, 0x20, 0x7d, 0x2c, 0x0a, 0x20, 0x20, 0x20, 0x20,
  0x20, 0x20, 0x20, 0x20, 0x20, 0x20, 0x7b, 0x0a, 0x20, 0x20, 0x20, 0x20,
  0x20, 0x20, 0x20, 0x20, 0x20, 0x20, 0x20, 0x20, 0x22, 0x74, 0x65, 0x78,
  0x74, 0x22, 0x3a, 0x20, 0x22, 0x4f, 0x6e, 0x63, 0x65, 0x20, 0x79, 0x6f,
  0x75, 0x72, 0x20, 0x74, 0x61, 0x72, 0x67, 0x65, 0x74, 0x20, 0x64, 0x69,
  0x65, 0x73, 0x2c, 0x20, 0x72, 0x65, 0x63, 0x61, 0x73, 0x74, 0x6f, 0x6e,
  0x20, 0x61, 0x20, 0x6e, 0x65, 0x77, 0x20, 0x74, 0x61, 0x72, 0x67, 0x65,
  0x74, 0x2e, 0x22, 0x0a, 0x20, 0x20, 0x20, 0x20, 0x20, 0x20, 0x20, 0x20,
  0x20, 0x20, 0x7d, 0x2c, 0x0a, 0x20, 0x20, 0x20, 0x20, 0x20, 0x20, 0x20,
  0x20, 0x20, 0x20, 0x7b, 0x0a, 0x20, 0x20, 0x20, 0x20, 0x20, 0x20, 0x20,
  0x20, 0x20, 0x20, 0x20, 0x20, 0x22, 0x74, 0x65, 0x78, 0x74, 0x22, 0x3a,
  0x20, 0x22, 0x57, 0x68, 0x79, 0x20, 0x63, 0x61, 0x6e, 0x20, 0x79, 0x6f,
  0x75, 0x20, 0x73, 0x70, 0x61, 0x6d, 0x69, 0x6e, 0x66, 0x69, 0x6e, 0x69,
  0x74, 0x65, 0x6c, 0x79, 0x3f, 0x22, 0x0a, 0x20, 0x20, 0x20, 0x20, 0x20,
  0x20, 0x20, 0x20, 0x20, 0x20, 0x7d, 0x2c, 0x0a, 0x20, 0x20, 0x20, 0x20,
  0x20, 0x20, 0x20, 0x20, 0x20, 0x20, 0x7b, 0x0a, 0x20, 0x20, 0x20, 0x20,
  0x20, 0x20, 0x20, 0x20, 0x20, 0x20, 0x20, 0x20, 0x22, 0x74, 0x65, 0x78,
  0x74, 0x22, 0x3a, 0x20, 0x22, 0x41, 0x73, 0x20, 0x6c, 0x6f, 0x6e, 0x67,
  0x20, 0x61, 0x73, 0x20, 0x79, 0x6f, 0x75, 0x20, 0x68, 0x69, 0x74, 0x20,
  0x79, 0x6f, 0x75, 0x72, 0x20, 0x74, 0x61, 0x72, 0x67, 0x65, 0x74, 0x20,
  0x77, 0x69, 0x74, 0x68, 0x20, 0x61, 0x6c, 0x6c, 0x20, 0x6f, 0x66, 0x20,
  0x74, 0x68, 0x65, 0x20, 0x68, 0x69, 0x74, 0x73, 0x20, 0x66, 0x72, 0x6f,
  0x6d, 0x2c, 0x20, 0x74, 0x68, 0x65, 0x6e, 0x20, 0x79, 0x6f, 0x75, 0x20,
  0x77, 0x69, 0x6c, 0x6c, 0x20, 0x67, 0x61, 0x69, 0x6e, 0x20, 0x74, 0x77,
  0x6f, 0x49, 0x6e, 0x69, 0x74, 0x69, 0x61, 0x74, 0x69, 0x76, 0x65, 0x2e,
  0x22, 0x0a, 0x20, 0x20, 0x20, 0x20, 0x20, 0x20, 0x20, 0x20, 0x20, 0x20,
  0x7d, 0x2c, 0x0a, 0x20, 0x20, 0x20, 0x20, 0x20, 0x20, 0x20, 0x20, 0x20,
  0x20, 0x7b, 0x0a, 0x20, 0x20, 0x20, 0x20, 0x20, 0x20, 0x20, 0x20, 0x20,
  0x20, 0x20, 0x20, 0x22, 0x74, 0x65, 0x78, 0x74, 0x22, 0x3a, 0x20, 0x22,
  0x59, 0x6f, 0x75, 0x20, 0x70, 0x61, 0x73, 0x73, 0x69, 0x76, 0x65, 0x6c,
  0x79, 0x20, 0x67, 0x61, 0x69, 0x6e, 0x20, 0x6f, 0x6e, 0x65, 0x49, 0x6e,
  0x69, 0x74, 0x69, 0x61, 0x74, 0x69, 0x76, 0x65, 0x70, 0x65, 0x72, 0x20,
  0x73, 0x65, 0x63, 0x6f, 0x6e, 0x64, 0x20, 0x61, 0x6e, 0x64, 0x74, 0x61,
  0x6b, 0x65, 0x73, 0x20, 0x6c, 0x6f, 0x6e, 0x67, 0x65, 0x72, 0x20, 0x74,
  0x68, 0x61, 0x6e, 0x20, 0x6f, 0x6e, 0x65, 0x20, 0x73, 0x65, 0x63, 0x6f,
  0x6e, 0x64, 0x20, 0x74, 0x6f, 0x20, 0x75, 0x73, 0x65, 0x2e, 0x22, 0x0a,
  0x20, 0x20, 0x20, 0x20, 0x20, 0x20, 0x20, 0x20, 0x20, 0x20, 0x7d, 0x2c,
  0x0a, 0x20, 0x20, 0x20, 0x20, 0x20, 0x20, 0x20, 0x20, 0x20, 0x20, 0x7b,
  0x0a, 0x20, 0x20, 0x20, 0x20, 0x20, 0x20, 0x20, 0x20, 0x20, 0x20, 0x20,
  0x20, 0x22, 0x74, 0x65, 0x78, 0x74, 0x22, 0x3a, 0x20, 0x22, 0x6f, 0x6e,
  0x6c, 0x79, 0x20, 0x63, 0x6f, 0x73, 0x74, 0x73, 0x20, 0x74, 0x68, 0x72,
  0x65, 0x65, 0x49, 0x6e, 0x69, 0x74, 0x69, 0x61, 0x74, 0x69, 0x76, 0x65,
  0x61, 0x6e, 0x64, 0x20, 0x73, 0x6f, 0x20, 0x61, 0x73, 0x20, 0x6c, 0x6f,
  0x6e, 0x67, 0x20, 0x61, 0x73, 0x20, 0x79, 0x6f, 0x75, 0x20, 0x6b, 0x65,
  0x65, 0x70, 0x20, 0x68, 0x69, 0x74, 0x74, 0x69, 0x6e, 0x67, 0x20, 0x79,
  0x6f, 0x75, 0x72, 0x20, 0x74, 0x61, 0x72, 0x67, 0x65, 0x74, 0x20, 0x77,
  0x69, 0x74, 0x68, 0x20, 0x74, 0x68, 0x65, 0x20, 0x65, 0x6e, 0x74, 0x69,
  0x72, 0x65, 0x20, 0x73, 0x6b, 0x69, 0x6c, 0x6c, 0x2c, 0x20, 0x79, 0x6f,
  0x75, 0x20, 0x77, 0x69, 0x6c, 0x6c, 0x20, 0x61, 0x6c, 0x77, 0x61, 0x79,
  0x73, 0x20, 0x68, 0x61, 0x76, 0x65, 0x20, 0x65, 0x6e, 0x6f, 0x75, 0x67,
  0x68, 0x49, 0x6e, 0x69, 0x74, 0x69, 0x61, 0x74, 0x69, 0x76, 0x65, 0x2e,
  0x22, 0x0a, 0x20, 0x20, 0x20, 0x20, 0x20, 0x20, 0x20, 0x20, 0x20, 0x20,
  0x7d, 0x0a, 0x20, 0x20, 0x20, 0x20, 0x20, 0x20, 0x20, 0x20, 0x5d, 0x0a,
  0x20, 0x20, 0x20, 0x20, 0x20, 0x20, 0x7d, 0x2c, 0x0a, 0x20, 0x20, 0x20,
  0x20, 0x20, 0x20, 0x7b, 0x0a, 0x20, 0x20, 0x20, 0x20, 0x20, 0x20, 0x20,
  0x20, 0x22, 0x74, 0x69, 0x74, 0x6c, 0x65, 0x22, 0x3a, 0x20, 0x22, 0x53,
  0x74, 0x65, 0x70, 0x20, 0x54, 0x77, 0x6f, 0x22, 0x2c, 0x0a, 0x20, 0x20,
  0x20, 0x20, 0x20, 0x20, 0x20, 0x20, 0x22, 0x69, 0x74, 0x65, 0x6d, 0x73,
  0x22, 0x3a, 0x20, 0x5b, 0x0a, 0x20, 0x20, 0x20, 0x20, 0x20, 0x20, 0x20,
  0x20, 0x20, 0x20, 0x7b, 0x0a, 0x20, 0x20, 0x20, 0x20, 0x20, 0x20, 0x20,
  0x20, 0x20, 0x20, 0x20, 0x20, 0x22, 0x74, 0x65, 0x78, 0x74, 0x22, 0x3a,
  0x20, 0x22, 0x69, 0x73, 0x20, 0x79, 0x6f, 0x75, 0x72, 0x20, 0x70, 0x61,
  0x6e, 0x69, 0x63, 0x20, 0x62, 0x75, 0x74, 0x74, 0x6f, 0x6e, 0x20, 0x61,
  0x6e, 0x64, 0x20, 0x68, 0x61, 0x73, 0x20, 0x61, 0x20, 0x66, 0x65, 0x77,
  0x20, 0x75, 0x73, 0x65, 0x73, 0x3a, 0x22, 0x0a, 0x20, 0x20, 0x20, 0x20,
  0x20, 0x20, 0x20, 0x20, 0x20, 0x20, 0x7d, 0x2c, 0x0a, 0x20, 0x20, 0x20,
  0x20, 0x20, 0x20, 0x20, 0x20, 0x20, 0x20, 0x7b, 0x0a, 0x20, 0x20, 0x20,
  0x20, 0x20, 0x20, 0x20, 0x20, 0x20, 0x20, 0x20, 0x20, 0x22, 0x74, 0x65,
  0x78, 0x74, 0x22, 0x3a, 0x20, 0x22, 0x49, 0x74, 0x27, 0x73, 0x20, 0x61,
  0x53, 0x74, 0x75, 0x6e, 0x20, 0x42, 0x72, 0x65, 0x61, 0x6b, 0x22, 0x0a,
  0x20, 0x20, 0x20, 0x20, 0x20, 0x20, 0x20, 0x20, 0x20, 0x20, 0x7d, 0x2c,
  0x0a, 0x20, 0x20, 0x20, 0x20, 0x20, 0x20, 0x20, 0x20, 0x20, 0x20, 0x7b,
  0x0a, 0x20, 0x20, 0x20, 0x20, 0x20, 0x20, 0x20, 0x20, 0x20, 0x20, 0x20,
  0x20, 0x22, 0x74, 0x65, 0x78, 0x74, 0x22, 0x3a, 0x20, 0x22, 0x49, 0x74,
  0x20, 0x72, 0x65, 0x66, 0x72, 0x65, 0x73, 0x68, 0x65, 0x73, 0x22, 0x0a,
  0x20, 0x20, 0x20, 0x20, 0x20, 0x20, 0x20, 0x20, 0x20, 0x20, 0x7d, 0x2c,
  0x0a, 0x20, 0x20, 0x20, 0x20, 0x20, 0x20, 0x20, 0x20, 0x20, 0x20, 0x7b,
  0x0a, 0x20, 0x20, 0x20, 0x20, 0x20, 0x20, 0x20, 0x20, 0x20, 0x20, 0x20,
  0x20, 0x22, 0x74, 0x65, 0x78, 0x74, 0x22, 0x3a, 0x20, 0x22, 0x49, 0x74,
  0x20, 0x67, 0x72, 0x61, 0x6e, 0x74, 0x73, 0x20, 0x74, 0x68, 0x72, 0x65,
  0x65, 0x49, 0x6e, 0x69, 0x74, 0x69, 0x61, 0x74, 0x69, 0x76, 0x65, 0x22,
  0x0a, 0x20, 0x20, 0x20, 0x20, 0x20, 0x20, 0x20, 0x20, 0x20, 0x20, 0x7d,
  0x2c, 0x0a, 0x20, 0x20, 0x20, 0x20, 0x20, 0x20, 0x20, 0x20, 0x20, 0x20,
  0x7b, 0x0a, 0x20, 0x20, 0x20, 0x20, 0x20, 0x20, 0x20, 0x20, 0x20, 0x20,
  0x20, 0x20, 0x22, 0x74, 0x65, 0x78, 0x74, 0x22, 0x3a, 0x20, 0x22, 0x49,
  0x74, 0x20, 0x67, 0x72, 0x61, 0x6e, 0x74, 0x73, 0x20, 0x61, 0x64, 0x64,
  0x69, 0x74, 0x69, 0x6f, 0x6e, 0x61, 0x6c, 0x49, 0x6e, 0x69, 0x74, 0x69,
  0x61, 0x74, 0x69, 0x76, 0x65, 0x66, 0x6f, 0x72, 0x20, 0x65, 0x61, 0x63,
  0x68, 0x20, 0x73, 0x74, 0x61, 0x63, 0x6b, 0x20, 0x6f, 0x66, 0x4d, 0x61,
  0x6c, 0x69, 0x63, 0x65, 0x69, 0x74, 0x20, 0x72, 0x65, 0x6d, 0x6f, 0x76,
  0x65, 0x73, 0x2e, 0x22, 0x0a, 0x20, 0x20, 0x20, 0x20, 0x20, 0x20, 0x20,
  0x20, 0x20, 0x20, 0x7d, 0x2c, 0x0a, 0x20, 0x20, 0x20, 0x20, 0x20, 0x20,
  0x20, 0x20, 0x20, 0x20, 0x7b, 0x0a, 0x20, 0x20, 0x20, 0x20, 0x20, 0x20,
  0x20, 0x20, 0x20, 0x20, 0x20, 0x20, 0x22, 0x74, 0x65, 0x78, 0x74, 0x22,
  0x3a, 0x20, 0x22, 0x54, 0x68, 0x69, 0x73, 0x20, 0x77, 0x69, 0x6c, 0x6c,
  0x20, 0x61, 0x6c, 0x6c, 0x6f, 0x77, 0x20, 0x79, 0x6f, 0x75, 0x20, 0x74,
  0x6f, 0x20, 0x72, 0x65, 0x63, 0x6f, 0x76, 0x65, 0x72, 0x6f, 0x72, 0x49,
  0x6e, 0x69, 0x74, 0x69, 0x61, 0x74, 0x69, 0x76, 0x65, 0x69, 0x6e, 0x20,
  0x61, 0x6e, 0x20, 0x65, 0x6d, 0x65, 0x72, 0x67, 0x65, 0x6e, 0x63, 0x79,
  0x20, 0x74, 0x6f, 0x20, 0x6b, 0x65, 0x65, 0x70, 0x20, 0x75, 0x73, 0x69,
  0x6e, 0x67, 0x2e, 0x20, 0x57, 0x69, 0x74, 0x68, 0x20, 0x74, 0x77, 0x6f,
  0x43, 0x68, 0x61, 0x72, 0x67, 0x65, 0x73, 0x2c, 0x20, 0x64, 0x6f, 0x6e,
  0x27, 0x74, 0x20, 0x62, 0x65, 0x20, 0x73, 0x63, 0x61, 0x72, 0x65, 0x64,
  0x20, 0x74, 0x6f, 0x20, 0x75, 0x73, 0x65, 0x20, 0x74, 0x68, 0x69, 0x73,
  0x20, 0x73, 0x6b, 0x69, 0x6c, 0x6c, 0x21, 0x22, 0x0a, 0x20, 0x20, 0x20,
  0x20, 0x20, 0x20, 0x20, 0x20, 0x20, 0x20, 0x7d, 0x0a, 0x20, 0x20, 0x20,
  0x20, 0x20, 0x20, 0x20, 0x20, 0x5d, 0x0a, 0x20, 0x20, 0x20, 0x20, 0x20,
  0x20, 0x7d, 0x2c, 0x0a, 0x20, 0x20, 0x20, 0x20, 0x20, 0x20, 0x7b, 0x0a,
  0x20, 0x20, 0x20, 0x20, 0x20, 0x20, 0x20, 0x20, 0x22, 0x74, 0x69, 0x74,
  0x6c, 0x65, 0x22, 0x3a, 0x20, 0x22, 0x43, 0x72, 0x6f, 0x77, 0x64, 0x20,
  0x43, 0x6f, 0x6e, 0x74, 0x72, 0x6f, 0x6c, 0x22, 0x2c, 0x0a, 0x20, 0x20,
  0x20, 0x20, 0x20, 0x20, 0x20, 0x20, 0x22, 0x69, 0x74, 0x65, 0x6d, 0x73,
  0x22, 0x3a, 0x20, 0x5b, 0x5d, 0x0a, 0x20, 0x20, 0x20, 0x20, 0x20, 0x20,
  0x7d, 0x0a, 0x20, 0x20, 0x20, 0x20, 0x5d, 0x0a, 0x20, 0x20, 0x7d, 0x2c,
  0x0a, 0x20, 0x20, 0x22, 0x74, 0x68, 0x69, 0x65, 0x66, 0x2d, 0x70, 0x6f,
  0x77, 0x65, 0x72, 0x2d, 0x71, 0x75, 0x69, 0x63, 0x6b, 0x6e, 0x65, 0x73,
  0x73, 0x2d, 0x64, 0x65, 0x61, 0x64, 0x65, 0x79, 0x65, 0x22, 0x3a, 0x20,
  0x7b, 0x0a, 0x20, 0x20, 0x20, 0x20, 0x22, 0x73, 0x65, 0x63, 0x74, 0x69,
  0x6f, 0x6e, 0x73, 0x22, 0x3a, 0x20, 0x5b, 0x0a, 0x20, 0x20, 0x20, 0x20,
  0x20, 0x20, 0x7b, 0x0a, 0x20, 0x20, 0x20, 0x20, 0x20, 0x20, 0x20, 0x20,
  0x22, 0x74, 0x69, 0x74, 0x6c, 0x65, 0x22, 0x3a, 0x20, 0x22, 0x4b, 0x65,
  0x79, 0x20, 0x43, 0x6f, 0x6e, 0x63, 0x65, 0x70, 0x74, 0x73, 0x22, 0x2c,
  0x0a, 0x20, 0x20, 0x20, 0x20, 0x20, 0x20, 0x20, 0x20, 0x22, 0x69, 0x74,
  0x65, 0x6d, 0x73, 0x22, 0x3a, 0x20, 0x5b, 0x0a, 0x20, 0x20, 0x20, 0x20,
  0x20, 0x20, 0x20, 0x20, 0x20, 0x20, 0x7b, 0x0a, 0x20, 0x20, 0x20, 0x20,
  0x20, 0x20, 0x20, 0x20, 0x20, 0x20, 0x20, 0x20, 0x22, 0x74, 0x65, 0x78,
  0x74, 0x22, 0x3a, 0x20, 0x22, 0x57, 0x69, 0x74, 0x68, 0x20, 0x74, 0x68,
  0x69, 0x73, 0x20, 0x62, 0x75, 0x69, 0x6c, 0x64, 0x2c, 0x20, 0x79, 0x6f,
  0x75, 0x20, 0x77, 0x69, 0x6c, 0x6c, 0x20, 0x67, 0x72, 0x61, 0x6e, 0x74,
  0x51, 0x75, 0x69, 0x63, 0x6b, 0x6e, 0x65, 0x73, 0x73, 0x2c, 0x46, 0x75,
  0x72, 0x79, 0x61, 0x6e, 0x64, 0x20, 0x38, 0x4d, 0x69, 0x67, 0x68, 0x74,
  0x74, 0x6f, 0x20, 0x79, 0x6f, 0x75, 0x72, 0x73, 0x65, 0x6c, 0x66, 0x20,
  0x61, 0x6e, 0x64, 0x20, 0x35, 0x20, 0x6f, 0x74, 0x68, 0x65, 0x72, 0x20,
  0x61, 0x6c, 0x6c, 0x69, 0x65, 0x73, 0x20, 0x66, 0x72, 0x6f, 0x6d, 0x20,
  0x75, 0x73, 0x69, 0x6e, 0x67, 0x20, 0x79, 0x6f, 0x75, 0x72, 0x20, 0x53,
  0x74, 0x6f, 0x6c, 0x65, 0x6e, 0x20, 0x53, 0x6b, 0x69, 0x6c, 0x6c, 0x2c,
  0x20, 0x77, 0x68, 0x69, 0x63, 0x68, 0x20, 0x77, 0x69, 0x6c, 0x6c, 0x20,
  0x61, 0x6c, 0x77, 0x61, 0x79, 0x73, 0x20, 0x62, 0x65, 0x74, 0x68, 0x61,
  0x6e, 0x6b, 0x73, 0x20, 0x74, 0x6f, 0x20, 0x74, 0x68, 0x65, 0x74, 0x72,
  0x61, 0x69, 0x74, 0x2e, 0x20, 0x59, 0x6f, 0x75, 0x20, 0x63, 0x61, 0x6e,
  0x20, 0x67, 0x61, 0x69, 0x6e, 0x20, 0x63, 0x68, 0x61, 0x72, 0x67, 0x65,
  0x73, 0x20, 0x6f, 0x66, 0x62, 0x79, 0x3a, 0x22, 0x0a, 0x20, 0x20, 0x20,
  0x20, 0x20, 0x20, 0x20, 0x20, 0x20, 0x20, 0x7d, 0x2c, 0x0a, 0x20, 0x20,
  0x20, 0x20, 0x20, 0x20, 0x20, 0x20, 0x20, 0x20, 0x7b, 0x0a, 0x20, 0x20,
  0x20, 0x20, 0x20, 0x20, 0x20, 0x20, 0x20, 0x20, 0x20, 0x20, 0x22, 0x74,
  0x65, 0x78, 0x74, 0x22, 0x3a, 0x20, 0x22, 0x4d, 0x61, 0x72, 0x6b, 0x69,
  0x6e, 0x67, 0x20, 0x61, 0x6e, 0x20, 0x65, 0x6e, 0x65, 0x6d, 0x79, 0x20,
  0x77, 0x69, 0x74, 0x68, 0x77, 0x69, 0x6c, 0x6c, 0x20, 0x67, 0x72, 0x61,
  0x6e, 0x74, 0x20, 0x32, 0x20, 0x63, 0x68, 0x61, 0x6e, 0x67, 0x65, 0x73,
  0x20, 0x6f, 0x66, 0x74, 0x68, 0x61, 0x6e, 0x6b, 0x73, 0x20, 0x74, 0x6f,
  0x22, 0x0a, 0x20, 0x20, 0x20, 0x20, 0x20, 0x20, 0x20, 0x20, 0x20, 0x20,
  0x7d, 0x2c, 0x0a, 0x20, 0x20, 0x20, 0x20, 0x20, 0x20, 0x20, 0x20, 0x20,
  0x20, 0x7b, 0x0a, 0x20, 0x20, 0x20, 0x20, 0x20, 0x20, 0x20, 0x20, 0x20,
  0x20, 0x20, 0x20, 0x22, 0x74, 0x65, 0x78, 0x74, 0x22, 0x3a, 0x20, 0x22,
  0x55, 0x73, 0x69, 0x6e, 0x67, 0x20, 0x61, 0x43, 0x61, 0x6e, 0x74, 0x72,
  0x69, 0x70, 0x73, 0x6b, 0x69, 0x6c, 0x6c, 0x20, 0x77, 0x68, 0x69, 0x6c,
  0x65, 0x20, 0x79, 0x6f, 0x75, 0x20, 0x68, 0x61, 0x76, 0x65, 0x20, 0x61,
  0x4d, 0x61, 0x72, 0x6b, 0x65, 0x64, 0x20, 0x54, 0x61, 0x72, 0x67, 0x65,
  0x74, 0x2c, 0x20, 0x74, 0x68, 0x61, 0x6e, 0x6b, 0x73, 0x20, 0x74, 0x6f,
  0x22, 0x0a, 0x20, 0x20, 0x20, 0x20, 0x20, 0x20, 0x20, 0x20, 0x20, 0x20,
  0x7d, 0x2c, 0x0a, 0x20, 0x20, 0x20, 0x20, 0x20, 0x20, 0x20, 0x20, 0x20,
  0x20, 0x7b, 0x0a, 0x20, 0x20, 0x20, 0x20, 0x20, 0x20, 0x20, 0x20, 0x20,
  0x20, 0x20, 0x20, 0x22, 0x74, 0x65, 0x78, 0x74, 0x22, 0x3a, 0x20, 0x22,
  0x69, 0x73, 0x20, 0x79, 0x6f, 0x75, 0x72, 0x20, 0x62, 0x65, 0x73, 0x74,
  0x20, 0x75, 0x74, 0x69, 0x6c, 0x69, 0x74, 0x79, 0x20, 0x73, 0x6b, 0x69,
  0x6c, 0x6c, 0x20, 0x66, 0x6f, 0x72, 0x20, 0x74, 0x68, 0x69, 0x73, 0x20,
  0x62, 0x75, 0x69, 0x6c, 0x64, 0x2c, 0x20, 0x6e, 0x65, 0x76, 0x65, 0x72,
  0x20, 0x74, 0x61, 0x6b, 0x65, 0x20, 0x74, 0x68, 0x69, 0x73, 0x20, 0x73,
  0x6b, 0x69, 0x6c, 0x6c, 0x20, 0x6f, 0x66, 0x66, 0x20, 0x79, 0x6f, 0x75,
  0x72, 0x20, 0x62, 0x61, 0x72, 0x21, 0x20, 0x49, 0x74, 0x20, 0x64, 0x6f,
  0x65, 0x73, 0x20, 0x6c, 0x6f, 0x74, 0x73, 0x20, 0x6f, 0x66, 0x20, 0x74,
  0x68, 0x69, 0x6e, 0x67, 0x73, 0x3a, 0x22, 0x0a, 0x20, 0x20, 0x20, 0x20,
  0x20, 0x20, 0x20, 0x20, 0x20, 0x20, 0x7d, 0x2c, 0x0a, 0x20, 0x20, 0x20,
  0x20, 0x20, 0x20, 0x20, 0x20, 0x20, 0x20, 0x7b, 0x0a, 0x20, 0x20, 0x20,
  0x20, 0x20, 0x20, 0x20, 0x20, 0x20, 0x20, 0x20, 0x20, 0x22, 0x74, 0x65,
  0x78, 0x74, 0x22, 0x3a, 0x20, 0x22, 0x49, 0x74, 0x20, 0x69, 0x73, 0x20,
  0x61, 0x43, 0x61, 0x6e, 0x74, 0x72, 0x69, 0x70, 0x2c, 0x20, 0x77, 0x68,
  0x69, 0x63, 0x68, 0x20, 0x77, 0x69, 0x6c, 0x6c, 0x20, 0x67, 0x65, 0x6e,
  0x65, 0x72, 0x61, 0x74, 0x65, 0x20, 0x61, 0x22, 0x0a, 0x20, 0x20, 0x20,
  0x20, 0x20, 0x20, 0x20, 0x20, 0x20, 0x20, 0x7d, 0x2c, 0x0a, 0x20, 0x20,
  0x20, 0x20, 0x20, 0x20, 0x20, 0x20, 0x20, 0x20, 0x7b, 0x0a, 0x20, 0x20,
  0x20, 0x20, 0x20, 0x20, 0x20, 0x20, 0x20, 0x20, 0x20, 0x20, 0x22, 0x74,
  0x65, 0x78, 0x74, 0x22, 0x3a, 0x20, 0x22, 0x49, 0x74, 0x27, 0x73, 0x20,
  0x61, 0x6e, 0x20, 0x69, 0x6e, 0x73, 0x74, 0x61, 0x6e, 0x74, 0x2d, 0x63,
  0x61, 0x73, 0x74, 0x53, 0x74, 0x75, 0x6e, 0x20, 0x42, 0x72, 0x65, 0x61,
  0x6b, 0x2e, 0x22, 0x0a, 0x20, 0x20, 0x20, 0x20, 0x20, 0x20, 0x20, 0x20,
  0x20, 0x20, 0x7d, 0x2c, 0x0a, 0x20, 0x20, 0x20, 0x20, 0x20, 0x20, 0x20,
  0x20, 0x20, 0x20, 0x7b, 0x0a, 0x20, 0x20, 0x20, 0x20, 0x20, 0x20, 0x20,
  0x20, 0x20, 0x20, 0x20, 0x20, 0x22, 0x74, 0x65, 0x78, 0x74, 0x22, 0x3a,
  0x20, 0x22, 0x49, 0x74, 0x20, 0x72, 0x65, 0x70, 0x6c, 0x65, 0x6e, 0x69,
  0x73, 0x68, 0x65, 0x73, 0x20, 0x61, 0x74, 0x20, 0x6c, 0x65, 0x61, 0x73,
  0x74, 0x20, 0x33, 0x49, 0x6e, 0x69, 0x74, 0x69, 0x61, 0x74, 0x69, 0x76,
  0x65, 0x65, 0x76, 0x65, 0x72, 0x79, 0x20, 0x74, 0x69, 0x6d, 0x65, 0x2e,
  0x22, 0x0a, 0x20, 0x20, 0x20, 0x20, 0x20, 0x20, 0x20, 0x20, 0x20, 0x20,
  0x7d, 0x2c, 0x0a, 0x20, 0x20, 0x20, 0x20, 0x20, 0x20, 0x20, 0x20, 0x20,
  0x20, 0x7b, 0x0a, 0x20, 0x20, 0x20, 0x20, 0x20, 0x20, 0x20, 0x20, 0x20,
  0x20, 0x20, 0x20, 0x22, 0x74, 0x65, 0x78, 0x74, 0x22, 0x3a, 0x20, 0x22,
  0x4d, 0x61, 0x72, 0x6b, 0x69, 0x6e, 0x67, 0x20, 0x61, 0x20, 0x74, 0x61,
  0x72, 0x67, 0x65, 0x74, 0x20, 0x77, 0x69, 0x74, 0x68, 0x61, 0x6c, 0x73,
  0x6f, 0x20, 0x68, 0x61, 0x73, 0x20, 0x6f, 0x74, 0x68, 0x65, 0x72, 0x20,
  0x73, 0x74, 0x72, 0x6f, 0x6e, 0x67, 0x20, 0x62, 0x65, 0x6e, 0x65, 0x66,
  0x69, 0x74, 0x73, 0x3a, 0x22, 0x0a, 0x20, 0x20, 0x20, 0x20, 0x20, 0x20,
  0x20, 0x20, 0x20, 0x20, 0x7d, 0x2c, 0x0a, 0x20, 0x20, 0x20, 0x20, 0x20,
  0x20, 0x20, 0x20, 0x20, 0x20, 0x7b, 0x0a, 0x20, 0x20, 0x20, 0x20, 0x20,
  0x20, 0x20, 0x20, 0x20, 0x20, 0x20, 0x20, 0x22, 0x74, 0x65, 0x78, 0x74,
  0x22, 0x3a, 0x20, 0x22, 0x69, 0x6e, 0x63, 0x72, 0x65, 0x61, 0x73, 0x65,
  0x73, 0x20, 0x64, 0x61, 0x6d, 0x61, 0x67, 0x65, 0x20, 0x74, 0x6f, 0x20,
  0x74, 0x68, 0x65, 0x4d, 0x61, 0x72, 0x6b, 0x65, 0x64, 0x20, 0x54, 0x61,
  0x72, 0x67, 0x65, 0x74, 0x62, 0x79, 0x20, 0x31, 0x30, 0x25, 0x2c, 0x20,
  0x61, 0x6e, 0x64, 0x20, 0x72, 0x65, 0x64, 0x75, 0x63, 0x65, 0x73, 0x20,
  0x64, 0x61, 0x6d, 0x61, 0x67, 0x65, 0x20, 0x74, 0x61, 0x6b, 0x65, 0x6e,
  0x20, 0x66, 0x72, 0x6f, 0x6d, 0x20, 0x69, 0x74, 0x20, 0x62, 0x79, 0x20,
  0x31, 0x35, 0x25, 0x2e, 0x22, 0x0a, 0x20, 0x20, 0x20, 0x20, 0x20, 0x20,
  0x20, 0x20, 0x20, 0x20, 0x7d, 0x2c, 0x0a, 0x20, 0x20, 0x20, 0x20, 0x20,
  0x20, 0x20, 0x20, 0x20, 0x20, 0x7b, 0x0a, 0x20, 0x20, 0x20, 0x20, 0x20,
  0x20, 0x20, 0x20, 0x20, 0x20, 0x20, 0x20, 0x22, 0x74, 0x65, 0x78, 0x74,
  0x22, 0x3a, 0x20, 0x22, 0x59, 0x6f, 0x75, 0x20, 0x77, 0x69, 0x6c, 0x6c,
  0x20, 0x67, 0x61, 0x69, 0x6e, 0x4d, 0x61, 0x6c, 0x69, 0x63, 0x65, 0x77,
  0x68, 0x65, 0x6e, 0x20, 0x73, 0x74, 0x72, 0x69, 0x6b, 0x69, 0x6e, 0x67,
  0x20, 0x61, 0x4d, 0x61, 0x72, 0x6b, 0x65, 0x64, 0x20, 0x54, 0x61, 0x72,
  0x67, 0x65, 0x74, 0x77, 0x69, 0x74, 0x68, 0x2e, 0x20, 0x57, 0x68, 0x65,
  0x6e, 0x20, 0x79, 0x6f, 0x75, 0x20, 0x68, 0x61, 0x76, 0x65, 0x20, 0x35,
  0x4d, 0x61, 0x6c, 0x69, 0x63, 0x65, 0x2c, 0x20, 0x79, 0x6f, 0x75, 0x20,
  0x63, 0x61, 0x6e, 0x20, 0x65, 0x6e, 0x74, 0x65, 0x72, 0x53, 0x74, 0x65,
  0x61, 0x6c, 0x74, 0x68, 0x66, 0x6f, 0x72, 0x20, 0x66, 0x72, 0x65, 0x65,
  0x20, 0x77, 0x68, 0x65, 0x6e, 0x20, 0x79, 0x6f, 0x75, 0x20, 0x63, 0x61,
  0x73, 0x74, 0x2e, 0x22, 0x0a, 0x20, 0x20, 0x20, 0x20, 0x20, 0x20, 0x20,
  0x20, 0x20, 0x20, 0x7d, 0x2c, 0x0a, 0x20, 0x20, 0x20, 0x20, 0x20, 0x20,
  0x20, 0x20, 0x20, 0x20, 0x7b, 0x0a, 0x20, 0x20, 0x20, 0x20, 0x20, 0x20,
  0x20, 0x20, 0x20, 0x20, 0x20, 0x20, 0x22, 0x74, 0x65, 0x78, 0x74, 0x22,
  0x3a, 0x20, 0x22, 0x4b, 0x69, 0x6c, 0x6c, 0x69, 0x6e, 0x67, 0x20, 0x79,
  0x6f, 0x75, 0x72, 0x4d, 0x61, 0x72, 0x6b, 0x65, 0x64, 0x20, 0x54, 0x61,
  0x72, 0x67, 0x65, 0x74, 0x77, 0x69, 0x6c, 0x6c, 0x20, 0x74, 0x72, 0x69,
  0x67, 0x67, 0x65, 0x72, 0x2e, 0x22, 0x0a, 0x20, 0x20, 0x20, 0x20, 0x20,
  0x20, 0x20, 0x20, 0x20, 0x20, 0x7d, 0x2c, 0x0a, 0x20, 0x20, 0x20, 0x20,
  0x20, 0x20, 0x20, 0x20, 0x20, 0x20, 0x7b, 0x0a, 0x20, 0x20, 0x20, 0x20,
  0x20, 0x20, 0x20, 0x20, 0x20, 0x20, 0x20, 0x20, 0x22, 0x74, 0x65, 0x78,
  0x74, 0x22, 0x3a, 0x20, 0x22, 0x59, 0x6f, 0x75, 0x72, 0x20, 0x70, 0x72,
  0x69, 0x6d, 0x61, 0x72, 0x79, 0x20, 0x73, 0x6f, 0x75, 0x72, 0x63, 0x65,
  0x20, 0x6f, 0x66, 0x20, 0x64, 0x61, 0x6d, 0x61, 0x67, 0x65, 0x20, 0x69,
  0x6e, 0x20, 0x74, 0x68, 0x69, 0x73, 0x20, 0x62, 0x75, 0x69, 0x6c, 0x64,
  0x20, 0x77, 0x69, 0x6c, 0x6c, 0x20, 0x62, 0x65, 0x2e, 0x20, 0x54, 0x68,
  0x69, 0x73, 0x20, 0x73, 0x6b, 0x69, 0x6c, 0x6c, 0x20, 0x77, 0x69, 0x6c,
  0x6c, 0x20, 0x72, 0x65, 0x66, 0x75, 0x6e, 0x64, 0x20, 0x69, 0x74, 0x73,
  0x20, 0x6f, 0x77, 0x6e, 0x20, 0x63, 0x6f, 0x73, 0x74, 0x20, 0x69, 0x66,
  0x20, 0x61, 0x6c, 0x6c, 0x20, 0x62, 0x75, 0x6c, 0x6c, 0x65, 0x74, 0x73,
  0x20, 0x68, 0x69, 0x74, 0x2c, 0x20, 0x6d, 0x61, 0x6b, 0x69, 0x6e, 0x67,
  0x20, 0x79, 0x6f, 0x75, 0x20, 0x61, 0x62, 0x6c, 0x65, 0x20, 0x74, 0x6f,
  0x20, 0x73, 0x70, 0x61, 0x6d, 0x20, 0x69, 0x74, 0x20, 0x69, 0x6e, 0x64,
  0x65, 0x66, 0x69, 0x6e, 0x69, 0x74, 0x65, 0x6c, 0x79, 0x2e, 0x22, 0x0a,
  0x20, 0x20, 0x20, 0x20, 0x20, 0x20, 0x20, 0x20, 0x20, 0x20, 0x7d, 0x0a,
  0x20, 0x20, 0x20, 0x20, 0x20, 0x20, 0x20, 0x20, 0x5d, 0x0a, 0x20, 0x20,
  0x20, 0x20, 0x20, 0x20, 0x7d, 0x2c, 0x0a, 0x20, 0x20, 0x20, 0x20, 0x20,
  0x20, 0x7b, 0x0a, 0x20, 0x20, 0x20, 0x20, 0x20, 0x20, 0x20, 0x20, 0x22,
  0x74, 0x69, 0x74, 0x6c, 0x65, 0x22, 0x3a, 0x20, 0x22, 0x53, 0x74, 0x65,
  0x70, 0x20, 0x4f, 0x6e, 0x65, 0x22, 0x2c, 0x0a, 0x20, 0x20, 0x20, 0x20,
  0x20, 0x20, 0x20, 0x20, 0x22, 0x69, 0x74, 0x65, 0x6d, 0x73, 0x22, 0x3a,
  0x20, 0x5b, 0x0a, 0x20, 0x20, 0x20, 0x20, 0x20, 0x20, 0x20, 0x20, 0x20,
  0x20, 0x7b, 0x0a, 0x20, 0x20, 0x20, 0x20, 0x20, 0x20, 0x20, 0x20, 0x20,
  0x20, 0x20, 0x20, 0x22, 0x74, 0x65, 0x78, 0x74, 0x22, 0x3a, 0x20, 0x22,
  0x46, 0x69, 0x72, 0x73, 0x74, 0x2c, 0x20, 0x79, 0x6f, 0x75, 0xe2, 0x80,
  0x99, 0x6c, 0x6c, 0x20, 0x77, 0x61, 0x6e, 0x74, 0x20, 0x74, 0x6f, 0x20,
  0x67, 0x65, 0x74, 0x20, 0x63, 0x6f, 0x6d, 0x66, 0x6f, 0x72, 0x74, 0x61,
  0x62, 0x6c, 0x65, 0x20, 0x77, 0x69, 0x74, 0x68, 0x20, 0x73, 0x70, 0x65,
  0x6e, 0x64, 0x69, 0x6e, 0x67, 0x20, 0x79, 0x6f, 0x75, 0x72, 0x20, 0x63,
  0x68, 0x61, 0x72, 0x67, 0x65, 0x73, 0x20, 0x6f, 0x66, 0x2e, 0x22, 0x0a,
  0x20, 0x20, 0x20, 0x20, 0x20, 0x20, 0x20, 0x20, 0x20, 0x20, 0x7d, 0x2c,
  0x0a, 0x20, 0x20, 0x20, 0x20, 0x20, 0x20, 0x20, 0x20, 0x20, 0x20, 0x7b,
  0x0a, 0x20, 0x20, 0x20, 0x20, 0x20, 0x20, 0x20, 0x20, 0x20, 0x20, 0x20,
  0x20, 0x22, 0x74, 0x65, 0x78, 0x74, 0x22, 0x3a, 0x20, 0x22, 0x55, 0x73,
  0x65, 0x6f, 0x6e, 0x20, 0x61, 0x6e, 0x20, 0x65, 0x6e, 0x65, 0x6d, 0x79,
  0x2e, 0x22, 0x0a, 0x20, 0x20, 0x20, 0x20, 0x20, 0x20, 0x20, 0x20, 0x20,
  0x20, 0x7d, 0x2c, 0x0a, 0x20, 0x20, 0x20, 0x20, 0x20, 0x20, 0x20, 0x20,
  0x20, 0x20, 0x7b, 0x0a, 0x20, 0x20, 0x20, 0x20, 0x20, 0x20, 0x20, 0x20,
  0x20, 0x20, 0x20, 0x20, 0x22, 0x74, 0x65, 0x78, 0x74, 0x22, 0x3a, 0x20,
  0x22, 0x53, 0x70, 0x65, 0x6e, 0x64, 0x20, 0x62, 0x6f, 0x74, 0x68, 0x20,
  0x6f, 0x66, 0x20, 0x79, 0x6f, 0x75, 0x72, 0x63, 0x68, 0x61, 0x72, 0x67,
  0x65, 0x73, 0x2e, 0x22, 0x0a, 0x20, 0x20, 0x20, 0x20, 0x20, 0x20, 0x20,
  0x20, 0x20, 0x20, 0x7d, 0x2c, 0x0a, 0x20, 0x20, 0x20, 0x20, 0x20, 0x20,
  0x20, 0x20, 0x20, 0x20, 0x7b, 0x0a, 0x20, 0x20, 0x20, 0x20, 0x20, 0x20,
  0x20, 0x20, 0x20, 0x20, 0x20, 0x20, 0x22, 0x74, 0x65, 0x78, 0x74, 0x22,
  0x3a, 0x20, 0x22, 0x59, 0x6f, 0x75, 0x20, 0x77, 0x69, 0x6c, 0x6c, 0x20,
  0x77, 0x61, 0x6e, 0x74, 0x20, 0x74, 0x6f, 0x20, 0x72, 0x65, 0x2d, 0x63,
  0x61, 0x73, 0x74, 0x6f, 0x6e, 0x63, 0x65, 0x20, 0x69, 0x74, 0x20, 0x63,
  0x6f, 0x6d, 0x65, 0x73, 0x20, 0x6f, 0x66, 0x66, 0x43, 0x6f, 0x6f, 0x6c,
  0x64, 0x6f, 0x77, 0x6e, 0x2c, 0x20, 0x61, 0x73, 0x20, 0x69, 0x74, 0x20,
  0x64, 0x6f, 0x65, 0x73, 0x6e, 0xe2, 0x80, 0x99, 0x74, 0x20, 0x6c, 0x61,
  0x73, 0x74, 0x20, 0x66, 0x6f, 0x72, 0x65, 0x76, 0x65, 0x72, 0x20, 0x6f,
  0x6e, 0x20, 0x79, 0x6f, 0x75, 0x72, 0x20, 0x74, 0x61, 0x72, 0x67, 0x65,
  0x74, 0x2e, 0x22, 0x0a, 0x20, 0x20, 0x20, 0x20, 0x20, 0x20, 0x20, 0x20,
  0x20, 0x20, 0x7d, 0x0a, 0x20, 0x20, 0x20, 0x20, 0x20, 0x20, 0x20, 0x20,
  0x5d, 0x0a, 0x20, 0x20, 0x20, 0x20, 0x20, 0x20, 0x7d, 0x2c, 0x0a, 0x20,
  0x20, 0x20, 0x20, 0x20, 0x20, 0x7b, 0x0a, 0x20, 0x20, 0x20, 0x20, 0x20,
  0x20, 0x20, 0x20, 0x22, 0x74, 0x69, 0x74, 0x6c, 0x65, 0x22, 0x3a, 0x20,
  0x22, 0x53, 0x74, 0x65, 0x70, 0x20, 0x54, 0x77, 0x6f, 0x22, 0x2c, 0x0a,
  0x20, 0x20, 0x20, 0x20, 0x20, 0x20, 0x20, 0x20, 0x22, 0x69, 0x74, 0x65,
  0x6d, 0x73, 0x22, 0x3a, 0x20, 0x5b, 0x0a, 0x20, 0x20, 0x20, 0x20, 0x20,
  0x20, 0x20, 0x20, 0x20, 0x20, 0x7b, 0x0a, 0x20, 0x20, 0x20, 0x20, 0x20,
  0x20, 0x20, 0x20, 0x20, 0x20, 0x20, 0x20, 0x22, 0x74, 0x65, 0x78, 0x74,
  0x22, 0x3a, 0x20, 0x22, 0x4e, 0x6f, 0x77, 0x2c, 0x20, 0x6c, 0x65, 0x74,
  0xe2, 0x80, 0x99, 0x73, 0x20, 0x61, 0x64, 0x64, 0x74, 0x6f, 0x20, 0x67,
  0x65, 0x6e, 0x65, 0x72, 0x61, 0x74, 0x65, 0x20, 0x6d, 0x6f, 0x72, 0x65,
  0x20, 0x63, 0x68, 0x61, 0x72, 0x67, 0x65, 0x73, 0x20, 0x6f, 0x66, 0x66,
  0x6f, 0x72, 0x20, 0x79, 0x6f, 0x75, 0x20, 0x74, 0x6f, 0x20, 0x63, 0x61,
  0x73, 0x74, 0x2e, 0x22, 0x0a, 0x20, 0x20, 0x20, 0x20, 0x20, 0x20, 0x20,
  0x20, 0x20, 0x20, 0x7d, 0x2c, 0x0a, 0x20, 0x20, 0x20, 0x20, 0x20, 0x20,
  0x20, 0x20, 0x20, 0x20, 0x7b, 0x0a, 0x20, 0x20, 0x20, 0x20, 0x20, 0x20,
  0x20, 0x20, 0x20, 0x20, 0x20, 0x20, 0x22, 0x74, 0x65, 0x78, 0x74, 0x22,
  0x3a, 0x20, 0x22, 0x41, 0x73, 0x20, 0x73, 0x6f, 0x6f, 0x6e, 0x20, 0x61,
  0x73, 0x20, 0x79, 0x6f, 0x75, 0xe2, 0x80, 0x99, 0x76, 0x65, 0x20, 0x73,
  0x70, 0x65, 0x6e, 0x74, 0x20, 0x79, 0x6f, 0x75, 0x72, 0x20, 0x69, 0x6e,
  0x69, 0x74, 0x69, 0x61, 0x6c, 0x20, 0x74, 0x77, 0x6f, 0x20, 0x63, 0x68,
  0x61, 0x72, 0x67, 0x65, 0x73, 0x20, 0x6f, 0x66, 0x66, 0x72, 0x6f, 0x6d,
  0x2c, 0x20, 0x63, 0x61, 0x73, 0x74, 0x74, 0x6f, 0x20, 0x72, 0x65, 0x73,
  0x65, 0x74, 0x20, 0x69, 0x74, 0x2e, 0x22, 0x0a, 0x20, 0x20, 0x20, 0x20,
  0x20, 0x20, 0x20, 0x20, 0x20, 0x20, 0x7d, 0x2c, 0x0a, 0x20, 0x20, 0x20,
  0x20, 0x20, 0x20, 0x20, 0x20, 0x20, 0x20, 0x7b, 0x0a, 0x20, 0x20, 0x20,
  0x20, 0x20, 0x20, 0x20, 0x20, 0x20, 0x20, 0x20, 0x20, 0x22, 0x74, 0x65,
  0x78, 0x74, 0x22, 0x3a, 0x20, 0x22, 0x53, 0x70, 0x65, 0x6e, 0x64, 0x20,
  0x74, 0x68, 0x65, 0x20, 0x6e, 0x65, 0x77, 0x20, 0x63, 0x68, 0x61, 0x72,
  0x67, 0x65, 0x20, 0x6f, 0x66, 0x66, 0x72, 0x6f, 0x6d, 0x2e, 0x22, 0x0a,
  0x20, 0x20, 0x20, 0x20, 0x20, 0x20, 0x20, 0x20, 0x20, 0x20, 0x7d, 0x2c,
  0x0a, 0x20, 0x20, 0x20, 0x20, 0x20, 0x20, 0x20, 0x20, 0x20, 0x20, 0x7b,
  0x0a, 0x20, 0x20, 0x20, 0x20, 0x20, 0x20, 0x20, 0x20, 0x20, 0x20, 0x20,
  0x20, 0x22, 0x74, 0x65, 0x78, 0x74, 0x22, 0x3a, 0x20, 0x22, 0x52, 0x65,
  0x63, 0x61, 0x73, 0x74, 0x66, 0x6f, 0x72, 0x20, 0x74, 0x77, 0x6f, 0x20,
  0x6e, 0x65, 0x77, 0x63, 0x68, 0x61, 0x72, 0x67, 0x65, 0x73, 0x2e, 0x22,
  0x0a, 0x20, 0x20, 0x20, 0x20, 0x20, 0x20, 0x20, 0x20, 0x20, 0x20, 0x7d,
  0x2c, 0x0a, 0x20, 0x20, 0x20, 0x20, 0x20, 0x20, 0x20, 0x20, 0x20, 0x20,
  0x7b, 0x0a, 0x20, 0x20, 0x20, 0x20, 0x20, 0x20, 0x20, 0x20, 0x20, 0x20,
  0x20, 0x20, 0x22, 0x74, 0x65, 0x78, 0x74, 0x22, 0x3a, 0x20, 0x22, 0x67,
  0x65, 0x6e, 0x65, 0x72, 0x61, 0x74, 0x65, 0x64, 0x20, 0x66, 0x72, 0x6f,
  0x6d, 0x20, 0x64, 0x69, 0x66, 0x66, 0x65, 0x72, 0x65, 0x6e, 0x74, 0x20,
  0x73, 0x6f, 0x75, 0x72, 0x63, 0x65, 0x73, 0x20, 0x64, 0x6f, 0x6e, 0xe2,
  0x80, 0x99, 0x74, 0x20, 0x73, 0x74, 0x61, 0x63, 0x6b, 0x2c, 0x20, 0x73,
  0x6f, 0x20, 0x72, 0x65, 0x6d, 0x65, 0x6d, 0x62, 0x65, 0x72, 0x20, 0x74,
  0x6f, 0x61, 0x6c, 0x77, 0x61, 0x79, 0x73, 0x20, 0x73, 0x70, 0x65, 0x6e,
  0x64, 0x20, 0x79, 0x6f, 0x75, 0x72, 0x20, 0x6f, 0x6c, 0x64, 0x20, 0x63,
  0x68, 0x61, 0x72, 0x67, 0x65, 0x73, 0x20, 0x62, 0x65, 0x66, 0x6f, 0x72,
  0x65, 0x20, 0x67, 0x65, 0x6e, 0x65, 0x72, 0x61, 0x74, 0x69, 0x6e, 0x67,
  0x20, 0x6e, 0x65, 0x77, 0x20, 0x6f, 0x6e, 0x65, 0x73, 0x22, 0x0a, 0x20,
  0x20, 0x20, 0x20, 0x20, 0x20, 0x20, 0x20, 0x20, 0x20, 0x7d, 0x0a, 0x20,
  0x20, 0x20, 0x20, 0x20, 0x20, 0x20, 0x20, 0x5d, 0x0a, 0x20, 0x20, 0x20,
  0x20, 0x20, 0x20, 0x7d, 0x2c, 0x0a, 0x20, 0x20, 0x20, 0x20, 0x20, 0x20,
  0x7b, 0x0a, 0x20, 0x20, 0x20, 0x20, 0x20, 0x20, 0x20, 0x20, 0x22, 0x74,
  0x69, 0x74, 0x6c, 0x65, 0x22, 0x3a, 0x20, 0x22, 0x53, 0x74, 0x65, 0x70,
  0x20, 0x54, 0x68, 0x72, 0x65, 0x65, 0x22, 0x2c, 0x0a, 0x20, 0x20, 0x20,
  0x20, 0x20, 0x20, 0x20, 0x20, 0x22, 0x69, 0x74, 0x65, 0x6d, 0x73, 0x22,
  0x3a, 0x20, 0x5b, 0x0a, 0x20, 0x20, 0x20, 0x20, 0x20, 0x20, 0x20, 0x20,
  0x20, 0x20, 0x7b, 0x0a, 0x20, 0x20, 0x20, 0x20, 0x20, 0x20, 0x20, 0x20,
  0x20, 0x20, 0x20, 0x20, 0x22, 0x74, 0x65, 0x78, 0x74, 0x22, 0x3a, 0x20,
  0x22, 0x49, 0x74, 0xe2, 0x80, 0x99, 0x73, 0x20, 0x74, 0x69, 0x6d, 0x65,
  0x20, 0x74, 0x6f, 0x20, 0x73, 0x74, 0x61, 0x72, 0x74, 0x20, 0x64, 0x65,
  0x61, 0x6c, 0x69, 0x6e, 0x67, 0x20, 0x64, 0x61, 0x6d, 0x61, 0x67, 0x65,
  0x2e, 0x20, 0x4e, 0x6f, 0x77, 0x20, 0x77, 0x65, 0x20, 0x61, 0x64, 0x64,
  0x21, 0x22, 0x0a, 0x20, 0x20, 0x20, 0x20, 0x20, 0x20, 0x20, 0x20, 0x20,
  0x20, 0x7d, 0x2c, 0x0a, 0x20, 0x20, 0x20, 0x20, 0x20, 0x20, 0x20, 0x20,
  0x20, 0x20, 0x7b, 0x0a, 0x20, 0x20, 0x20, 0x20, 0x20, 0x20, 0x20, 0x20,
  0x20, 0x20, 0x20, 0x20, 0x22, 0x74, 0x65, 0x78, 0x74, 0x22, 0x3a, 0x20,
  0x22, 0x41, 0x6e, 0x79, 0x20, 0x6f, 0x74, 0x68, 0x65, 0x72, 0x20, 0x74,
  0x69, 0x6d, 0x65, 0x20, 0x64, 0x75, 0x72, 0x69, 0x6e, 0x67, 0x20, 0x63,
  0x6f, 0x6d, 0x62, 0x61, 0x74, 0x20, 0x74, 0x68, 0x61, 0x74, 0x20, 0x79,
  0x6f, 0x75, 0x20, 0x61, 0x72, 0x65, 0x6e, 0xe2, 0x80, 0x99, 0x74, 0x20,
  0x63, 0x61, 0x73, 0x74, 0x69, 0x6e, 0x67, 0x6f, 0x72, 0x2c, 0x20, 0x69,
  0x74, 0x73, 0x20, 0x74, 0x69, 0x6d, 0x65, 0x20, 0x66, 0x6f, 0x72, 0x2e,
  0x20, 0x43, 0x6f, 0x6e, 0x73, 0x69, 0x64, 0x65, 0x72, 0x20, 0x74, 0x68,
  0x69, 0x73, 0x20, 0x61, 0x20, 0x72, 0x65, 0x70, 0x6c, 0x61, 0x63, 0x65,
  0x6d, 0x65, 0x6e, 0x74, 0x20, 0x66, 0x6f, 0x72, 0x20, 0x79, 0x6f, 0x75,
  0x72, 0x41, 0x75, 0x74, 0x6f, 0x20, 0x41, 0x74, 0x74, 0x61, 0x63, 0x6b,
  0x2e, 0x22, 0x0a, 0x20, 0x20, 0x20, 0x20, 0x20, 0x20, 0x20, 0x20, 0x20,
  0x20, 0x7d, 0x2c, 0x0a, 0x20, 0x20, 0x20, 0x20, 0x20, 0x20, 0x20, 0x20,
  0x20, 0x20, 0x7b, 0x0a, 0x20, 0x20, 0x20, 0x20, 0x20, 0x20, 0x20, 0x20,
  0x20, 0x20, 0x20, 0x20, 0x22, 0x74, 0x65, 0x78, 0x74, 0x22, 0x3a, 0x20,
  0x22, 0x46, 0x6f, 0x72, 0x20, 0x74, 0x68, 0x65, 0x20, 0x62, 0x65, 0x73,
  0x74, 0x20, 0x72, 0x65, 0x73, 0x75, 0x6c, 0x74, 0x73, 0x2c, 0x20, 0x74,
  0x72, 0x79, 0x20, 0x61, 0x6c, 0x74, 0x65, 0x72, 0x6e, 0x61, 0x74, 0x69,
  0x6e, 0x67, 0x20, 0x62, 0x65, 0x74, 0x77, 0x65, 0x65, 0x6e, 0x61, 0x6e,
  0x64, 0x20, 0x61, 0x6e, 0x6f, 0x74, 0x68, 0x65, 0x72, 0x20, 0x73, 0x6b,
  0x69, 0x6c, 0x6c, 0x20, 0x63, 0x61, 0x73, 0x74, 0x20, 0x77, 0x68, 0x65,
  0x6e, 0x20, 0x74, 0x68, 0x65, 0x79, 0x20, 0x61, 0x72, 0x65, 0x20, 0x61,
  0x76, 0x61, 0x69, 0x6c, 0x61, 0x62, 0x6c, 0x65, 0x2e, 0x20, 0x46, 0x6f,
  0x72, 0x20, 0x65, 0x78, 0x61, 0x6d, 0x70, 0x6c, 0x65, 0x3a, 0x22, 0x0a,
  0x20, 0x20, 0x20, 0x20, 0x20, 0x20, 0x20, 0x20, 0x20, 0x20, 0x7d, 0x0a,
  0x20, 0x20, 0x20, 0x20, 0x20, 0x20, 0x20, 0x20, 0x5d, 0x0a, 0x20, 0x20,
  0x20, 0x20, 0x20, 0x20, 0x7d, 0x2c, 0x0a, 0x20, 0x20, 0x20, 0x20, 0x20,
  0x20, 0x7b, 0x0a, 0x20, 0x20, 0x20, 0x20, 0x20, 0x20, 0x20, 0x20, 0x22,
  0x74, 0x69, 0x74, 0x6c, 0x65, 0x22, 0x3a, 0x20, 0x22, 0x53, 0x74, 0x65,
  0x70, 0x20, 0x46, 0x6f, 0x75, 0x72, 0x22, 0x2c, 0x0a, 0x20, 0x20, 0x20,
  0x20, 0x20, 0x20, 0x20, 0x20, 0x22, 0x69, 0x74, 0x65, 0x6d, 0x73, 0x22,
  0x3a, 0x20, 0x5b, 0x0a, 0x20, 0x20, 0x20, 0x20, 0x20, 0x20, 0x20, 0x20,
  0x20, 0x20, 0x7b, 0x0a, 0x20, 0x20, 0x20, 0x20, 0x20, 0x20, 0x20, 0x20,
  0x20, 0x20, 0x20, 0x20, 0x22, 0x74, 0x65, 0x78, 0x74, 0x22, 0x3a, 0x20,
  0x22, 0x59, 0x6f, 0x75, 0x27, 0x72, 0x65, 0x20, 0x70, 0x72, 0x65, 0x74,
  0x74, 0x79, 0x20, 0x6d, 0x75, 0x63, 0x68, 0x20, 0x61, 0x6c, 0x72, 0x65,
  0x61, 0x64, 0x79, 0x20, 0x67, 0x6f, 0x6f, 0x64, 0x20, 0x74, 0x6f, 0x20,
  0x67, 0x6f, 0x2c, 0x20, 0x62, 0x75, 0x74, 0x20, 0x66, 0x6f, 0x72, 0x20,
  0x73, 0x6f, 0x6d, 0x65, 0x20, 0x65, 0x78, 0x74, 0x72, 0x61, 0x20, 0x64,
  0x61, 0x6d, 0x61, 0x67, 0x65, 0x20, 0x61, 0x6e, 0x64, 0x20, 0x6d, 0x6f,
  0x72, 0x65, 0x51, 0x75, 0x69, 0x63, 0x6b, 0x6e, 0x65, 0x73, 0x73, 0x2c,
  0x20, 0x79, 0x6f, 0x75, 0x20, 0x63, 0x61, 0x6e, 0x20, 0x61, 0x64, 0x64,
  0x2e, 0x22, 0x0a, 0x20, 0x20, 0x20, 0x20, 0x20, 0x20, 0x20, 0x20, 0x20,
  0x20, 0x7d, 0x2c, 0x0a, 0x20, 0x20, 0x20, 0x20, 0x20, 0x20, 0x20, 0x20,
  0x20, 0x20, 0x7b, 0x0a, 0x20, 0x20, 0x20, 0x20, 0x20, 0x20, 0x20, 0x20,
  0x20, 0x20, 0x20, 0x20, 0x22, 0x74, 0x65, 0x78, 0x74, 0x22, 0x3a, 0x20,
  0x22, 0x49, 0x66, 0x20, 0x79, 0x6f, 0x75, 0xe2, 0x80, 0x99, 0x76, 0x65,
  0x20, 0x66, 0x6f, 0x6c, 0x6c, 0x6f, 0x77, 0x65, 0x64, 0x20, 0x75, 0x70,
  0x20, 0x74, 0x6f, 0x20, 0x68, 0x65, 0x72, 0x65, 0x2c, 0x20, 0x79, 0x6f,
  0x75, 0xe2, 0x80, 0x99, 0x6c, 0x6c, 0x20, 0x6e, 0x6f, 0x74, 0x69, 0x63,
  0x65, 0x20, 0x79, 0x6f, 0x75, 0x20, 0x63, 0x61, 0x6e, 0x20, 0x72, 0x75,
  0x6e, 0x20, 0x6f, 0x75, 0x74, 0x20, 0x6f, 0x66, 0x20, 0x73, 0x6b, 0x69,
  0x6c, 0x6c, 0x73, 0x20, 0x74, 0x6f, 0x20, 0x63, 0x61, 0x73, 0x74, 0x2c,
  0x20, 0x6f, 0x74, 0x68, 0x65, 0x72, 0x20, 0x74, 0x68, 0x61, 0x6e, 0x2e,
  0x20, 0x41, 0x64, 0x64, 0x20, 0x74, 0x68, 0x69, 0x73, 0x20, 0x73, 0x6b,
  0x69, 0x6c, 0x6c, 0x20, 0x77, 0x68, 0x65, 0x6e, 0x65, 0x76, 0x65, 0x72,
  0x20, 0x79, 0x6f, 0x75, 0x20, 0x68, 0x61, 0x76, 0x65, 0x20, 0x74, 0x68,
  0x61, 0x74, 0x20, 0x64, 0x6f, 0x77, 0x6e, 0x74, 0x69, 0x6d, 0x65, 0x20,
  0x74, 0x6f, 0x20, 0x64, 0x65, 0x61, 0x6c, 0x20, 0x65, 0x78, 0x74, 0x72,
  0x61, 0x20, 0x64, 0x61, 0x6d, 0x61, 0x67, 0x65, 0x20, 0x61, 0x6e, 0x64,
  0x20, 0x67, 0x65, 0x74, 0x20, 0x61, 0x63, 0x68, 0x61, 0x72, 0x67, 0x65,
  0x21, 0x22, 0x0a, 0x20, 0x20, 0x20, 0x20, 0x20, 0x20, 0x20, 0x20, 0x20,
  0x20, 0x7d, 0x2c, 0x0a, 0x20, 0x20, 0x20, 0x20, 0x20, 0x20, 0x20, 0x20,
  0x20, 0x20, 0x7b, 0x0a, 0x20, 0x20, 0x20, 0x20, 0x20, 0x20, 0x20, 0x20,
  0x20, 0x20, 0x20, 0x20, 0x22, 0x74, 0x65, 0x78, 0x74, 0x22, 0x3a, 0x20,
  0x22, 0x49, 0x66, 0x20, 0x79, 0x6f, 0x75, 0xe2, 0x80, 0x99, 0x76, 0x65,
  0x20, 0x66, 0x6f, 0x6c, 0x6c, 0x6f, 0x77, 0x65, 0x64, 0x20, 0x75, 0x70,
  0x20, 0x74, 0x6f, 0x20, 0x68, 0x65, 0x72, 0x65, 0x2c, 0x20, 0x79, 0x6f,
  0x75, 0xe2, 0x80, 0x99, 0x6c, 0x6c, 0x20, 0x6e, 0x6f, 0x74, 0x69, 0x63,
  0x65, 0x20, 0x79, 0x6f, 0x75, 0x20, 0x63, 0x61, 0x6e, 0x20, 0x72, 0x75,
  0x6e, 0x20, 0x6f, 0x75, 0x74, 0x20, 0x6f, 0x66, 0x20, 0x73, 0x6b, 0x69,
  0x6c, 0x6c, 0x73, 0x20, 0x74, 0x6f, 0x20, 0x63, 0x61, 0x73, 0x74, 0x2c,
  0x20, 0x6f, 0x74, 0x68, 0x65, 0x72, 0x20, 0x74, 0x68, 0x61, 0x6e, 0x2e,
  0x20, 0x41, 0x64, 0x64, 0x20, 0x74, 0x68, 0x69, 0x73, 0x20, 0x73, 0x6b,
  0x69, 0x6c, 0x6c, 0x20, 0x77, 0x68, 0x65, 0x6e, 0x65, 0x76, 0x65, 0x72,
  0x20, 0x79, 0x6f, 0x75, 0x20, 0x68, 0x61, 0x76, 0x65, 0x20, 0x74, 0x68,
  0x61, 0x74, 0x20, 0x64, 0x6f, 0x77, 0x6e, 0x74, 0x69, 0x6d, 0x65, 0x20,
  0x74, 0x6f, 0x20, 0x64, 0x65, 0x61, 0x6c, 0x20, 0x65, 0x78, 0x74, 0x72,
  0x61, 0x20, 0x64, 0x61, 0x6d, 0x61, 0x67, 0x65, 0x20, 0x61, 0x6e, 0x64,
  0x20, 0x67, 0x65, 0x74, 0x20, 0x61, 0x63, 0x68, 0x61, 0x72, 0x67, 0x65,
  0x21, 0x22, 0x0a, 0x20, 0x20, 0x20, 0x20, 0x20, 0x20, 0x20, 0x20, 0x20,
  0x20, 0x7d, 0x2c, 0x0a, 0x20, 0x20, 0x20, 0x20, 0x20, 0x20, 0x20, 0x20,
  0x20, 0x20, 0x7b, 0x0a, 0x20, 0x20, 0x20, 0x20, 0x20, 0x20, 0x20, 0x20,
  0x20, 0x20, 0x20, 0x20, 0x22, 0x74, 0x65, 0x78, 0x74, 0x22, 0x3a, 0x20,
  0x22, 0x59, 0x6f, 0x75, 0x20, 0x6d, 0x61, 0x79, 0x20, 0x61, 0x63, 0x74,
  0x69, 0x76, 0x61, 0x74, 0x65, 0x20, 0x74, 0x68, 0x65, 0x20, 0x73, 0x65,
  0x63, 0x6f, 0x6e, 0x64, 0x20, 0x70, 0x61, 0x72, 0x74, 0x20, 0x6f, 0x66,
  0x20, 0x74, 0x68, 0x69, 0x73, 0x20, 0x73, 0x6b, 0x69, 0x6c, 0x6c, 0x20,
  0x66, 0x6f, 0x72, 0x20, 0x61, 0x20, 0x73, 0x68, 0x6f, 0x72, 0x74, 0x20,
  0x74, 0x69, 0x6d, 0x65, 0x20, 0x61, 0x66, 0x74, 0x65, 0x72, 0x77, 0x61,
  0x72, 0x64, 0x73, 0x2c, 0x20, 0x77, 0x68, 0x69, 0x63, 0x68, 0x20, 0x77,
  0x69, 0x6c, 0x6c, 0x20, 0x74, 0x65, 0x6c, 0x65, 0x70, 0x6f, 0x72, 0x74,
  0x20, 0x79, 0x6f, 0x75, 0x20, 0x74, 0x6f, 0x20, 0x69, 0x74, 0x73, 0x20,
  0x6c, 0x6f, 0x63, 0x61, 0x74, 0x69, 0x6f, 0x6e, 0x20, 0x61, 0x6e, 0x64,
  0x20, 0x6d, 0x61, 0x6b, 0x65, 0x20, 0x69, 0x74, 0x20, 0x64, 0x65, 0x61,
  0x6c, 0x20, 0x64, 0x61, 0x6d, 0x61, 0x67, 0x65, 0x20, 0x61, 0x67, 0x61,
  0x69, 0x6e, 0x2e, 0x20, 0x54, 0x61, 0x6b, 0x65, 0x20, 0x61, 0x64, 0x76,
  0x61, 0x6e, 0x74, 0x61, 0x67, 0x65, 0x20, 0x6f, 0x66, 0x20, 0x74, 0x68,
  0x69, 0x73, 0x20, 0x6d, 0x6f, 0x62, 0x69, 0x6c, 0x69, 0x74, 0x79, 0x20,
  0x77, 0x68, 0x65, 0x6e, 0x65, 0x76, 0x65, 0x72, 0x20, 0x79, 0x6f, 0x75,
  0x20, 0x63, 0x61, 0x6e, 0x21, 0x22, 0x0a, 0x20, 0x20, 0x20, 0x20, 0x20,
  0x20, 0x20, 0x20, 0x20, 0x20, 0x7d, 0x2c, 0x0a, 0x20, 0x20, 0x20, 0x20,
  0x20, 0x20, 0x20, 0x20, 0x20, 0x20, 0x7b, 0x0a, 0x20, 0x20, 0x20, 0x20,
  0x20, 0x20, 0x20, 0x20, 0x20, 0x20, 0x20, 0x20, 0x22, 0x74, 0x65, 0x78,
  0x74, 0x22, 0x3a, 0x20, 0x22, 0x59, 0x6f, 0x75, 0x20, 0x6d, 0x61, 0x79,
  0x20, 0x61, 0x63, 0x74, 0x69, 0x76, 0x61, 0x74, 0x65, 0x20, 0x74, 0x68,
  0x65, 0x20, 0x73, 0x65, 0x63, 0x6f, 0x6e, 0x64, 0x20, 0x70, 0x61, 0x72,
  0x74, 0x20, 0x6f, 0x66, 0x20, 0x74, 0x68, 0x69, 0x73, 0x20, 0x73, 0x6b,
  0x69, 0x6c, 0x6c, 0x20, 0x66, 0x6f, 0x72, 0x20, 0x61, 0x20, 0x73, 0x68,
  0x6f, 0x72, 0x74, 0x20, 0x74, 0x69, 0x6d, 0x65, 0x20, 0x61, 0x66, 0x74,
  0x65, 0x72, 0x77, 0x61, 0x72, 0x64, 0x73, 0x2c, 0x20, 0x77, 0x68, 0x69,
  0x63, 0x68, 0x20, 0x77, 0x69, 0x6c, 0x6c, 0x20, 0x74, 0x65, 0x6c, 0x65,
  0x70, 0x6f, 0x72, 0x74, 0x20, 0x79, 0x6f, 0x75, 0x20, 0x74, 0x6f, 0x20,
  0x69, 0x74, 0x73, 0x20, 0x6c, 0x6f, 0x63, 0x61, 0x74, 0x69, 0x6f, 0x6e,
  0x20, 0x61, 0x6e, 0x64, 0x20, 0x6d, 0x61, 0x6b, 0x65, 0x20, 0x69, 0x74,
  0x20, 0x64, 0x65, 0x61, 0x6c, 0x20, 0x64, 0x61, 0x6d, 0x61, 0x67, 0x65,
  0x20, 0x61, 0x67, 0x61, 0x69, 0x6e, 0x2e, 0x20, 0x54, 0x61, 0x6b, 0x65,
  0x20, 0x61, 0x64, 0x76, 0x61, 0x6e, 0x74, 0x61, 0x67, 0x65, 0x20, 0x6f,
  0x66, 0x20, 0x74, 0x68, 0x69, 0x73, 0x20, 0x6d, 0x6f, 0x62, 0x69, 0x6c,
  0x69, 0x74, 0x79, 0x20, 0x77, 0x68, 0x65, 0x6e, 0x65, 0x76, 0x65, 0x72,
  0x20, 0x79, 0x6f, 0x75, 0x20, 0x63, 0x61, 0x6e, 0x21, 0x22, 0x0a, 0x20,
  0x20, 0x20, 0x20, 0x20, 0x20, 0x20, 0x20, 0x20, 0x20, 0x7d, 0x0a, 0x20,
  0x20, 0x20, 0x20, 0x20, 0x20, 0x20, 0x20, 0x5d, 0x0a, 0x20, 0x20, 0x20,
  0x20, 0x20, 0x20, 0x7d, 0x2c, 0x0a, 0x20, 0x20, 0x20, 0x20, 0x20, 0x20,
  0x7b, 0x0a, 0x20, 0x20, 0x20, 0x20, 0x20, 0x20, 0x20, 0x20, 0x22, 0x74,
  0x69, 0x74, 0x6c, 0x65, 0x22, 0x3a, 0x20, 0x22, 0x43, 0x72, 0x6f, 0x77,
  0x64, 0x20, 0x43, 0x6f, 0x6e, 0x74, 0x72, 0x6f, 0x6c, 0x22, 0x2c, 0x0a,
  0x20, 0x20, 0x20, 0x20, 0x20, 0x20, 0x20, 0x20, 0x22, 0x69, 0x74, 0x65,
  0x6d, 0x73, 0x22, 0x3a, 0x20, 0x5b, 0x5d, 0x0a, 0x20, 0x20, 0x20, 0x20,
  0x20, 0x20, 0x7d, 0x0a, 0x20, 0x20, 0x20, 0x20, 0x5d, 0x0a, 0x20, 0x20,
  0x7d, 0x2c, 0x0a, 0x20, 0x20, 0x22, 0x74, 0x68, 0x69, 0x65, 0x66, 0x2d,
  0x63, 0x6f, 0x6e, 0x64, 0x69, 0x74, 0x69, 0x6f, 0x6e, 0x2d, 0x73, 0x70,
  0x65, 0x63, 0x74, 0x65, 0x72, 0x22, 0x3a, 0x20, 0x7b, 0x0a, 0x20, 0x20,
  0x20, 0x20, 0x22, 0x73, 0x65, 0x63, 0x74, 0x69, 0x6f, 0x6e, 0x73, 0x22,
  0x3a, 0x20, 0x5b, 0x0a, 0x20, 0x20, 0x20, 0x20, 0x20, 0x20, 0x7b, 0x0a,
  0x20, 0x20, 0x20, 0x20, 0x20, 0x20, 0x20, 0x20, 0x22, 0x74, 0x69, 0x74,
  0x6c, 0x65, 0x22, 0x3a, 0x20, 0x22, 0x4b, 0x65, 0x79, 0x20, 0x43, 0x6f,
  0x6e, 0x63, 0x65, 0x70, 0x74, 0x73, 0x22, 0x2c, 0x0a, 0x20, 0x20, 0x20,
  0x20, 0x20, 0x20, 0x20, 0x20, 0x22, 0x69, 0x74, 0x65, 0x6d, 0x73, 0x22,
  0x3a, 0x20, 0x5b, 0x0a, 0x20, 0x20, 0x20, 0x20, 0x20, 0x20, 0x20, 0x20,
  0x20, 0x20, 0x7b, 0x0a, 0x20, 0x20, 0x20, 0x20, 0x20, 0x20, 0x20, 0x20,
  0x20, 0x20, 0x20, 0x20, 0x22, 0x74, 0x65, 0x78, 0x74, 0x22, 0x3a, 0x20,
  0x22, 0x54, 0x68, 0x65, 0x20, 0x6d, 0x61, 0x69, 0x6e, 0x20, 0x67, 0x6f,
  0x61, 0x6c, 0x20, 0x6f, 0x66, 0x20, 0x74, 0x68, 0x69, 0x73, 0x20, 0x62,
  0x75, 0x69, 0x6c, 0x64, 0x20, 0x69, 0x73, 0x20, 0x74, 0x6f, 0x20, 0x73,
  0x70, 0x65, 0x6e, 0x64, 0x20, 0x79, 0x6f, 0x75, 0x72, 0x49, 0x6e, 0x69,
  0x74, 0x69, 0x61, 0x74, 0x69, 0x76, 0x65, 0x6f, 0x6e, 0x20, 0x79, 0x6f,
  0x75, 0x72, 0x77, 0x68, 0x69, 0x6c, 0x65, 0x20, 0x6f, 0x75, 0x74, 0x73,
  0x69, 0x64, 0x65, 0x20, 0x6f, 0x66, 0x53, 0x68, 0x61, 0x64, 0x6f, 0x77,
  0x20, 0x53, 0x68, 0x72, 0x6f, 0x75, 0x64, 0x2c, 0x20, 0x74, 0x68, 0x65,
  0x6e, 0x20, 0x67, 0x6f, 0x20, 0x69, 0x6e, 0x74, 0x6f, 0x53, 0x68, 0x61,
  0x64, 0x6f, 0x77, 0x20, 0x53, 0x68, 0x72, 0x6f, 0x75, 0x64, 0x61, 0x6e,
  0x64, 0x20, 0x73, 0x70, 0x61, 0x6d, 0x20, 0x79, 0x6f, 0x75, 0x72, 0x73,
  0x6b, 0x69, 0x6c, 0x6c, 0x20, 0x77, 0x68, 0x69, 0x6c, 0x65, 0x20, 0x77,
  0x61, 0x69, 0x74, 0x69, 0x6e, 0x67, 0x20, 0x66, 0x6f, 0x72, 0x49, 0x6e,
  0x69, 0x74, 0x69, 0x61, 0x74, 0x69, 0x76, 0x65, 0x74, 0x6f, 0x20, 0x72,
  0x65, 0x63, 0x68, 0x61, 0x72, 0x67, 0x65, 0x2e, 0x22, 0x0a, 0x20, 0x20,
  0x20, 0x20, 0x20, 0x20, 0x20, 0x20, 0x20, 0x20, 0x7d, 0x2c, 0x0a, 0x20,
  0x20, 0x20, 0x20, 0x20, 0x20, 0x20, 0x20, 0x20, 0x20, 0x7b, 0x0a, 0x20,
  0x20, 0x20, 0x20, 0x20, 0x20, 0x20, 0x20, 0x20, 0x20, 0x20, 0x20, 0x22,
  0x74, 0x65, 0x78, 0x74, 0x22, 0x3a, 0x20, 0x22, 0x59, 0x6f, 0x75, 0xe2,
  0x80, 0x99, 0x6c, 0x6c, 0x20, 0x62, 0x65, 0x20, 0x70, 0x72, 0x65, 0x73,
  0x73, 0x69, 0x6e, 0x67, 0x20, 0x6d, 0x6f, 0x73, 0x74, 0x6c, 0x79, 0x20,
  0x74, 0x68, 0x65, 0x73, 0x65, 0x20, 0x33, 0x20, 0x73, 0x6b, 0x69, 0x6c,
  0x6c, 0x73, 0x3a, 0x22, 0x0a, 0x20, 0x20, 0x20, 0x20, 0x20, 0x20, 0x20,
  0x20, 0x20, 0x20, 0x7d, 0x2c, 0x0a, 0x20, 0x20, 0x20, 0x20, 0x20, 0x20,
  0x20, 0x20, 0x20, 0x20, 0x7b, 0x0a, 0x20, 0x20, 0x20, 0x20, 0x20, 0x20,
  0x20, 0x20, 0x20, 0x20, 0x20, 0x20, 0x22, 0x74, 0x65, 0x78, 0x74, 0x22,
  0x3a, 0x20, 0x22, 0x2c, 0x20, 0x77, 0x68, 0x69, 0x6c, 0x65, 0x20, 0x6f,
  0x75, 0x74, 0x73, 0x69, 0x64, 0x65, 0x20, 0x6f, 0x66, 0x53, 0x68, 0x61,
  0x64, 0x6f, 0x77, 0x20, 0x53, 0x68, 0x72, 0x6f, 0x75, 0x64, 0x2e, 0x22,
  0x0a, 0x20, 0x20, 0x20, 0x20, 0x20, 0x20, 0x20, 0x20, 0x20, 0x20, 0x7d,
  0x2c, 0x0a, 0x20, 0x20, 0x20, 0x20, 0x20, 0x20, 0x20, 0x20, 0x20, 0x20,
  0x7b, 0x0a, 0x20, 0x20, 0x20, 0x20, 0x20, 0x20, 0x20, 0x20, 0x20, 0x20,
  0x20, 0x20, 0x22, 0x74, 0x65, 0x78, 0x74, 0x22, 0x3a, 0x20, 0x22, 0x2c,
  0x20, 0x77, 0x68, 0x69, 0x6c, 0x65, 0x20, 0x69, 0x6e, 0x53, 0x68, 0x61,
  0x64, 0x6f, 0x77, 0x20, 0x53, 0x68, 0x72, 0x6f, 0x75, 0x64, 0x2e, 0x22,
  0x0a, 0x20, 0x20, 0x20, 0x20, 0x20, 0x20, 0x20, 0x20, 0x20, 0x20, 0x7d,
  0x2c, 0x0a, 0x20, 0x20, 0x20, 0x20, 0x20, 0x20, 0x20, 0x20, 0x20, 0x20,
  0x7b, 0x0a, 0x20, 0x20, 0x20, 0x20, 0x20, 0x20, 0x20, 0x20, 0x20, 0x20,
  0x20, 0x20, 0x22, 0x74, 0x65, 0x78, 0x74, 0x22, 0x3a, 0x20, 0x22, 0x2c,
  0x20, 0x77, 0x68, 0x65, 0x6e, 0x65, 0x76, 0x65, 0x72, 0x20, 0x69, 0x74,
  0xe2, 0x80, 0x99, 0x73, 0x20, 0x61, 0x76, 0x61, 0x69, 0x6c, 0x61, 0x62,
  0x6c, 0x65, 0x2e, 0x22, 0x0a, 0x20, 0x20, 0x20, 0x20, 0x20, 0x20, 0x20,
  0x20, 0x20, 0x20, 0x7d, 0x2c, 0x0a, 0x20, 0x20, 0x20, 0x20, 0x20, 0x20,
  0x20, 0x20, 0x20, 0x20, 0x7b, 0x0a, 0x20, 0x20, 0x20, 0x20, 0x20, 0x20,
  0x20, 0x20, 0x20, 0x20, 0x20, 0x20, 0x22, 0x74, 0x65, 0x78, 0x74, 0x22,
  0x3a, 0x20, 0x22, 0x59, 0x6f, 0x75, 0x20, 0x77, 0x69, 0x6c, 0x6c, 0x20,
  0x61, 0x6c, 0x73, 0x6f, 0x20, 0x75, 0x73, 0x65, 0x20, 0x79, 0x6f, 0x75,
  0x72, 0x20, 0x74, 0x68, 0x72, 0x65, 0x65, 0x20, 0x56, 0x65, 0x6e, 0x6f,
  0x6d, 0x20, 0x75, 0x74, 0x69, 0x6c, 0x69, 0x74, 0x79, 0x20, 0x73, 0x6b,
  0x69, 0x6c, 0x6c, 0x73, 0x20, 0x6f, 0x66, 0x66, 0x2d, 0x43, 0x6f, 0x6f,
  0x6c, 0x64, 0x6f, 0x77, 0x6e, 0x66, 0x6f, 0x72, 0x20, 0x64, 0x61, 0x6d,
  0x61, 0x67, 0x65, 0x3b, 0x20, 0x74, 0x68, 0x65, 0x79, 0x20, 0x61, 0x72,
  0x65, 0x20, 0x69, 0x6e, 0x73, 0x74, 0x61, 0x6e, 0x74, 0x2d, 0x63, 0x61,
  0x73, 0x74, 0x2c, 0x20, 0x73, 0x6f, 0x20, 0x6e, 0x6f, 0x20, 0x6e, 0x65,
  0x65, 0x64, 0x20, 0x74, 0x6f, 0x20, 0x74, 0x68, 0x69, 0x6e, 0x6b, 0x20,
  0x6d, 0x75, 0x63, 0x68, 0x20, 0x61, 0x62, 0x6f, 0x75, 0x74, 0x20, 0x74,
  0x68, 0x65, 0x6d, 0x20, 0x6f, 0x74, 0x68, 0x65, 0x72, 0x20, 0x74, 0x68,
  0x61, 0x6e, 0x20, 0x63, 0x6c, 0x69, 0x63, 0x6b, 0x69, 0x6e, 0x67, 0x20,
  0x74, 0x68, 0x65, 0x6d, 0x20, 0x61, 0x73, 0x20, 0x73, 0x6f, 0x6f, 0x6e,
  0x20, 0x61, 0x73, 0x20, 0x74, 0x68, 0x65, 0x79, 0x20, 0x61, 0x72, 0x65,
  0x20, 0x75, 0x70, 0x3a, 0x22, 0x0a, 0x20, 0x20, 0x20, 0x20, 0x20, 0x20,
  0x20, 0x20, 0x20, 0x20, 0x7d, 0x2c, 0x0a, 0x20, 0x20, 0x20, 0x20, 0x20,
  0x20, 0x20, 0x20, 0x20, 0x20, 0x7b, 0x0a, 0x20, 0x20, 0x20, 0x20, 0x20,
  0x20, 0x20, 0x20, 0x20, 0x20, 0x20, 0x20, 0x22, 0x74, 0x65, 0x78, 0x74,
  0x22, 0x3a, 0x20, 0x22, 0x28, 0x77, 0x69, 0x6c, 0x6c, 0x20, 0x69, 0x6e,
  0x66, 0x6c, 0x69, 0x63, 0x74, 0x50, 0x6f, 0x69, 0x73, 0x6f, 0x6e, 0x76,
  0x69, 0x61, 0x29, 0x22, 0x0a, 0x20, 0x20, 0x20, 0x20, 0x20, 0x20, 0x20,
  0x20, 0x20, 0x20, 0x7d, 0x0a, 0x20, 0x20, 0x20, 0x20, 0x20, 0x20, 0x20,
  0x20, 0x5d, 0x0a, 0x20, 0x20, 0x20, 0x20, 0x20, 0x20, 0x7d, 0x2c, 0x0a,
  0x20, 0x20, 0x20, 0x20, 0x20, 0x20, 0x7b, 0x0a, 0x20, 0x20, 0x20, 0x20,
  0x20, 0x20, 0x20, 0x20, 0x22, 0x74, 0x69, 0x74, 0x6c, 0x65, 0x22, 0x3a,
  0x20, 0x22, 0x53, 0x74, 0x65, 0x70, 0x20, 0x4f, 0x6e, 0x65, 0x22, 0x2c,
  0x0a, 0x20, 0x20, 0x20, 0x20, 0x20, 0x20, 0x20, 0x20, 0x22, 0x69, 0x74,
  0x65, 0x6d, 0x73, 0x22, 0x3a, 0x20, 0x5b, 0x0a, 0x20, 0x20, 0x20, 0x20,
  0x20, 0x20, 0x20, 0x20, 0x20, 0x20, 0x7b, 0x0a, 0x20, 0x20, 0x20, 0x20,
  0x20, 0x20, 0x20, 0x20, 0x20, 0x20, 0x20, 0x20, 0x22, 0x74, 0x65, 0x78,
  0x74, 0x22, 0x3a, 0x20, 0x22, 0x59, 0x6f, 0x75, 0xe2, 0x80, 0x99, 0x6c,
  0x6c, 0x20, 0x77, 0x61, 0x6e, 0x74, 0x20, 0x74, 0x6f, 0x20, 0x66, 0x69,
  0x72, 0x73, 0x74, 0x20, 0x67, 0x65, 0x74, 0x20, 0x63, 0x6f, 0x6d, 0x66,
  0x6f, 0x72, 0x74, 0x61, 0x62, 0x6c, 0x65, 0x20, 0x77, 0x69, 0x74, 0x68,
  0x20, 0x79, 0x6f, 0x75, 0x72, 0x20, 0x73, 0x6b, 0x69, 0x6c, 0x6c, 0x73,
  0x20, 0x6f, 0x75, 0x74, 0x73, 0x69, 0x64, 0x65, 0x20, 0x6f, 0x66, 0x53,
  0x68, 0x61, 0x64, 0x6f, 0x77, 0x20, 0x53, 0x68, 0x72, 0x6f, 0x75, 0x64,
  0x3a, 0x22, 0x0a, 0x20, 0x20, 0x20, 0x20, 0x20, 0x20, 0x20, 0x20, 0x20,
  0x20, 0x7d, 0x2c, 0x0a, 0x20, 0x20, 0x20, 0x20, 0x20, 0x20, 0x20, 0x20,
  0x20, 0x20, 0x7b, 0x0a, 0x20, 0x20, 0x20, 0x20, 0x20, 0x20, 0x20, 0x20,
  0x20, 0x20, 0x20, 0x20, 0x22, 0x74, 0x65, 0x78, 0x74, 0x22, 0x3a, 0x20,
  0x22, 0x53, 0x70, 0x65, 0x6e, 0x64, 0x20, 0x61, 0x6c, 0x6c, 0x20, 0x79,
  0x6f, 0x75, 0x72, 0x49, 0x6e, 0x69, 0x74, 0x69, 0x61, 0x74, 0x69, 0x76,
  0x65, 0x6f, 0x6e, 0x2e, 0x22, 0x0a, 0x20, 0x20, 0x20, 0x20, 0x20, 0x20,
  0x20, 0x20, 0x20, 0x20, 0x7d, 0x2c, 0x0a, 0x20, 0x20, 0x20, 0x20, 0x20,
  0x20, 0x20, 0x20, 0x20, 0x20, 0x7b, 0x0a, 0x20, 0x20, 0x20, 0x20, 0x20,
  0x20, 0x20, 0x20, 0x20, 0x20, 0x20, 0x20, 0x22, 0x74, 0x65, 0x78, 0x74,
  0x22, 0x3a, 0x20, 0x22, 0x57, 0x68, 0x65, 0x6e, 0x20, 0x6f, 0x75, 0x74,
  0x20, 0x6f, 0x66, 0x49, 0x6e, 0x69, 0x74, 0x69, 0x61, 0x74, 0x69, 0x76,
  0x65, 0x2c, 0x20, 0x79, 0x6f, 0x75, 0x20, 0x63, 0x61, 0x6e, 0x20, 0x66,
  0x69, 0x6c, 0x6c, 0x20, 0x74, 0x69, 0x6d, 0x65, 0x20, 0x77, 0x69, 0x74,
  0x68, 0x41, 0x75, 0x74, 0x6f, 0x20, 0x41, 0x74, 0x74, 0x61, 0x63, 0x6b,
  0x73, 0x2e, 0x22, 0x0a, 0x20, 0x20, 0x20, 0x20, 0x20, 0x20, 0x20, 0x20,
  0x20, 0x20, 0x7d, 0x0a, 0x20, 0x20, 0x20, 0x20, 0x20, 0x20, 0x20, 0x20,
  0x5d, 0x0a, 0x20, 0x20, 0x20, 0x20, 0x20, 0x20, 0x7d, 0x2c, 0x0a, 0x20,
  0x20, 0x20, 0x20, 0x20, 0x20, 0x7b, 0x0a, 0x20, 0x20, 0x20, 0x20, 0x20,
  0x20, 0x20, 0x20, 0x22, 0x74, 0x69, 0x74, 0x6c, 0x65, 0x22, 0x3a, 0x20,
  0x22, 0x53, 0x74, 0x65, 0x70, 0x20, 0x54, 0x77, 0x6f, 0x22, 0x2c, 0x0a,
  0x20, 0x20, 0x20, 0x20, 0x20, 0x20, 0x20, 0x20, 0x22, 0x69, 0x74, 0x65,
  0x6d, 0x73, 0x22, 0x3a, 0x20, 0x5b, 0x0a, 0x20, 0x20, 0x20, 0x20, 0x20,
  0x20, 0x20, 0x20, 0x20, 0x20, 0x7b, 0x0a, 0x20, 0x20, 0x20, 0x20, 0x20,
  0x20, 0x20, 0x20, 0x20, 0x20, 0x20, 0x20, 0x22, 0x74, 0x65, 0x78, 0x74,
  0x22, 0x3a, 0x20, 0x22, 0x57, 0x65, 0xe2, 0x80, 0x99, 0x6c, 0x6c, 0x20,
  0x61, 0x64, 0x64, 0x53, 0x68, 0x61, 0x64, 0x6f, 0x77, 0x20, 0x53, 0x68,
  0x72, 0x6f, 0x75, 0x64, 0x6e, 0x6f, 0x77, 0x20, 0x74, 0x6f, 0x20, 0x74,
  0x68, 0x65, 0x20, 0x6d, 0x69, 0x78, 0x2e, 0x20, 0x57, 0x68, 0x65, 0x6e,
  0x69, 0x73, 0x20, 0x61, 0x76, 0x61, 0x69, 0x6c, 0x61, 0x62, 0x6c, 0x65,
  0x2c, 0x20, 0x61, 0x6e, 0x64, 0x20, 0x79, 0x6f, 0x75, 0xe2, 0x80, 0x99,
  0x76, 0x65, 0x20, 0x73, 0x70, 0x65, 0x6e, 0x74, 0x20, 0x61, 0x76, 0x61,
  0x69, 0x6c, 0x61, 0x62, 0x6c, 0x65, 0x49, 0x6e, 0x69, 0x74, 0x69, 0x61,
  0x74, 0x69, 0x76, 0x65, 0x6f, 0x6e, 0x2c, 0x20, 0x64, 0x6f, 0x20, 0x74,
  0x68, 0x65, 0x20, 0x66, 0x6f, 0x6c, 0x6c, 0x6f, 0x77, 0x69, 0x6e, 0x67,
  0x20, 0x73, 0x69, 0x6d, 0x70, 0x6c, 0x65, 0x20, 0x6c, 0x6f, 0x6f, 0x70,
  0x3a, 0x22, 0x0a, 0x20, 0x20, 0x20, 0x20, 0x20, 0x20, 0x20, 0x20, 0x20,
  0x20, 0x7d, 0x2c, 0x0a, 0x20, 0x20, 0x20, 0x20, 0x20, 0x20, 0x20, 0x20,
  0x20, 0x20, 0x7b, 0x0a, 0x20, 0x20, 0x20, 0x20, 0x20, 0x20, 0x20, 0x20,
  0x20, 0x20, 0x20, 0x20, 0x22, 0x74, 0x65, 0x78, 0x74, 0x22, 0x3a, 0x20,
  0x22, 0x61, 0x6e, 0x64, 0x20, 0x6c, 0x65, 0x74, 0x20, 0x74, 0x68, 0x65,
  0x20, 0x67, 0x61, 0x6d, 0x65, 0x20, 0x63, 0x61, 0x73, 0x74, 0x20, 0x61,
  0x6e, 0x41, 0x75, 0x74, 0x6f, 0x20, 0x41, 0x74, 0x74, 0x61, 0x63, 0x6b,
  0x66, 0x6f, 0x72, 0x20, 0x79, 0x6f, 0x75, 0x2e, 0x22, 0x0a, 0x20, 0x20,
  0x20, 0x20, 0x20, 0x20, 0x20, 0x20, 0x20, 0x20, 0x7d, 0x2c, 0x0a, 0x20,
  0x20, 0x20, 0x20, 0x20, 0x20, 0x20, 0x20, 0x20, 0x20, 0x7b, 0x0a, 0x20,
  0x20, 0x20, 0x20, 0x20, 0x20, 0x20, 0x20, 0x20, 0x20, 0x20, 0x20, 0x22,
  0x74, 0x65, 0x78, 0x74, 0x22, 0x3a, 0x20, 0x22, 0x46, 0x69, 0x6c, 0x6c,
  0x20, 0x74, 0x69, 0x6d, 0x65, 0x20, 0x77, 0x69, 0x74, 0x68, 0x41, 0x75,
  0x74, 0x6f, 0x20, 0x41, 0x74, 0x74, 0x61, 0x63, 0x6b, 0x73, 0x22, 0x0a,
  0x20, 0x20, 0x20, 0x20, 0x20, 0x20, 0x20, 0x20, 0x20, 0x20, 0x7d, 0x2c,
  0x0a, 0x20, 0x20, 0x20, 0x20, 0x20, 0x20, 0x20, 0x20, 0x20, 0x20, 0x7b,
  0x0a, 0x20, 0x20, 0x20, 0x20, 0x20, 0x20, 0x20, 0x20, 0x20, 0x20, 0x20,
  0x20, 0x22, 0x74, 0x65, 0x78, 0x74, 0x22, 0x3a, 0x20, 0x22, 0x46, 0x69,
  0x6c, 0x6c, 0x20, 0x74, 0x69, 0x6d, 0x65, 0x20, 0x77, 0x69, 0x74, 0x68,
  0x41, 0x75, 0x74, 0x6f, 0x20, 0x41, 0x74, 0x74, 0x61, 0x63, 0x6b, 0x73,
  0x22, 0x0a, 0x20, 0x20, 0x20, 0x20, 0x20, 0x20, 0x20, 0x20, 0x20, 0x20,
  0x7d, 0x2c, 0x0a, 0x20, 0x20, 0x20, 0x20, 0x20, 0x20, 0x20, 0x20, 0x20,
  0x20, 0x7b, 0x0a, 0x20, 0x20, 0x20, 0x20, 0x20, 0x20, 0x20, 0x20, 0x20,
  0x20, 0x20, 0x20, 0x22, 0x74, 0x65, 0x78, 0x74, 0x22, 0x3a, 0x20, 0x22,
  0x4f, 0x6e, 0x63, 0x65, 0x20, 0x79, 0x6f, 0x75, 0x20, 0x65, 0x78, 0x69,
  0x74, 0x53, 0x68, 0x61, 0x64, 0x6f, 0x77, 0x20, 0x53, 0x68, 0x72, 0x6f,
  0x75, 0x64, 0x2c, 0x20, 0x79, 0x6f, 0x75, 0x20, 0x73, 0x68, 0x6f, 0x75,
  0x6c, 0x64, 0x20, 0x68, 0x61, 0x76, 0x65, 0x20, 0x73, 0x6f, 0x6d, 0x65,
  0x49, 0x6e, 0x69, 0x74, 0x69, 0x61, 0x74, 0x69, 0x76, 0x65, 0x62, 0x61,
  0x63, 0x6b, 0x20, 0x61, 0x67, 0x61, 0x69, 0x6e, 0x2e, 0x20, 0x53, 0x70,
  0x65, 0x6e, 0x64, 0x20, 0x69, 0x74, 0x20, 0x6f, 0x6e, 0x6c, 0x69, 0x6b,
  0x65, 0x20, 0x79, 0x6f, 0x75, 0x20, 0x6c, 0x65, 0x61, 0x72, 0x6e, 0x65,
  0x64, 0x20, 0x69, 0x6e, 0x20, 0x53, 0x74, 0x65, 0x70, 0x20, 0x4f, 0x6e,
  0x65, 0x2e, 0x22, 0x0a, 0x20, 0x20, 0x20, 0x20, 0x20, 0x20, 0x20, 0x20,
  0x20, 0x20, 0x7d, 0x0a, 0x20, 0x20, 0x20, 0x20, 0x20, 0x20, 0x20, 0x20,
  0x5d, 0x0a, 0x20, 0x20, 0x20, 0x20, 0x20, 0x20, 0x7d, 0x2c, 0x0a, 0x20,
  0x20, 0x20, 0x20, 0x20, 0x20, 0x7b, 0x0a, 0x20, 0x20, 0x20, 0x20, 0x20,
  0x20, 0x20, 0x20, 0x22, 0x74, 0x69, 0x74, 0x6c, 0x65, 0x22, 0x3a, 0x20,
  0x22, 0x53, 0x74, 0x65, 0x70, 0x20, 0x54, 0x68, 0x72, 0x65, 0x65, 0x22,
  0x2c, 0x0a, 0x20, 0x20, 0x20, 0x20, 0x20, 0x20, 0x20, 0x20, 0x22, 0x69,
  0x74, 0x65, 0x6d, 0x73, 0x22, 0x3a, 0x20, 0x5b, 0x0a, 0x20, 0x20, 0x20,
  0x20, 0x20, 0x20, 0x20, 0x20, 0x20, 0x20, 0x7b, 0x0a, 0x20, 0x20, 0x20,
  0x20, 0x20, 0x20, 0x20, 0x20, 0x20, 0x20, 0x20, 0x20, 0x22, 0x74, 0x65,
  0x78, 0x74, 0x22, 0x3a, 0x20, 0x22, 0x4e, 0x6f, 0x77, 0x20, 0x74, 0x68,
  0x61, 0x74, 0x20, 0x79, 0x6f, 0x75, 0x20, 0x6b, 0x6e, 0x6f, 0x77, 0x20,
  0x68, 0x6f, 0x77, 0x20, 0x74, 0x6f, 0x20, 0x70, 0x6c, 0x61, 0x79, 0x20,
  0x69, 0x6e, 0x20, 0x61, 0x6e, 0x64, 0x20, 0x6f, 0x75, 0x74, 0x20, 0x6f,
  0x66, 0x53, 0x68, 0x61, 0x64, 0x6f, 0x77, 0x20, 0x53, 0x68, 0x72, 0x6f,
  0x75, 0x64, 0x2c, 0x20, 0x79, 0x6f, 0x75, 0x20, 0x63, 0x61, 0x6e, 0x20,
  0x61, 0x64, 0x64, 0x61, 0x6e, 0x64, 0x20, 0x73, 0x6f, 0x6d, 0x65, 0x20,
  0x75, 0x74, 0x69, 0x6c, 0x69, 0x74, 0x79, 0x20, 0x73, 0x6b, 0x69, 0x6c,
  0x6c, 0x73, 0x2e, 0x22, 0x0a, 0x20, 0x20, 0x20, 0x20, 0x20, 0x20, 0x20,
  0x20, 0x20, 0x20, 0x7d, 0x2c, 0x0a, 0x20, 0x20, 0x20, 0x20, 0x20, 0x20,
  0x20, 0x20, 0x20, 0x20, 0x7b, 0x0a, 0x20, 0x20, 0x20, 0x20, 0x20, 0x20,
  0x20, 0x20, 0x20, 0x20, 0x20, 0x20, 0x22, 0x74, 0x65, 0x78, 0x74, 0x22,
  0x3a, 0x20, 0x22, 0x50, 0x72, 0x65, 0x73, 0x73, 0x2c, 0x61, 0x6e, 0x64,
  0x77, 0x68, 0x65, 0x6e, 0x65, 0x76, 0x65, 0x72, 0x20, 0x74, 0x68, 0x65,
  0x79, 0xe2, 0x80, 0x99, 0x72, 0x65, 0x20, 0x61, 0x76, 0x61, 0x69, 0x6c,
  0x61, 0x62, 0x6c, 0x65, 0x2e, 0x22, 0x0a, 0x20, 0x20, 0x20, 0x20, 0x20,
  0x20, 0x20, 0x20, 0x20, 0x20, 0x7d, 0x2c, 0x0a, 0x20, 0x20, 0x20, 0x20,
  0x20, 0x20, 0x20, 0x20, 0x20, 0x20, 0x7b, 0x0a, 0x20, 0x20, 0x20, 0x20,
  0x20, 0x20, 0x20, 0x20, 0x20, 0x20, 0x20, 0x20, 0x22, 0x74, 0x65, 0x78,
  0x74, 0x22, 0x3a, 0x20, 0x22, 0x43, 0x61, 0x73, 0x74, 0x6f, 0x6e, 0x20,
  0x79, 0x6f, 0x75, 0x72, 0x20, 0x65, 0x6e, 0x65, 0x6d, 0x79, 0x20, 0x74,
  0x6f, 0x20, 0x69, 0x6e, 0x66, 0x6c, 0x69, 0x63, 0x74, 0x20, 0x61, 0x20,
  0x6c, 0x6f, 0x74, 0x20, 0x6f, 0x66, 0x42, 0x6c, 0x65, 0x65, 0x64, 0x69,
  0x6e, 0x67, 0x61, 0x6e, 0x64, 0x50, 0x6f, 0x69, 0x73, 0x6f, 0x6e, 0x2e,
  0x20, 0x55, 0x73, 0x65, 0x20, 0x74, 0x68, 0x69, 0x73, 0x20, 0x73, 0x6b,
  0x69, 0x6c, 0x6c, 0x20, 0x77, 0x68, 0x65, 0x6e, 0x65, 0x76, 0x65, 0x72,
  0x20, 0x69, 0x74, 0xe2, 0x80, 0x99, 0x73, 0x20, 0x61, 0x76, 0x61, 0x69,
  0x6c, 0x61, 0x62, 0x6c, 0x65, 0x20, 0x28, 0x65, 0x76, 0x65, 0x6e, 0x20,
  0x77, 0x68, 0x69, 0x6c, 0x65, 0x20, 0x69, 0x6e, 0x53, 0x68, 0x61, 0x64,
  0x6f, 0x77, 0x20, 0x53, 0x68, 0x72, 0x6f, 0x75, 0x64, 0x29, 0x2e, 0x22,
  0x0a, 0x20, 0x20, 0x20, 0x20, 0x20, 0x20, 0x20, 0x20, 0x20, 0x20, 0x7d,
  0x2c, 0x0a, 0x20, 0x20, 0x20, 0x20, 0x20, 0x20, 0x20, 0x20, 0x20, 0x20,
  0x7b, 0x0a, 0x20, 0x20, 0x20, 0x20, 0x20, 0x20, 0x20, 0x20, 0x20, 0x20,
  0x20, 0x20, 0x22, 0x74, 0x65, 0x78, 0x74, 0x22, 0x3a, 0x20, 0x22, 0x59,
  0x6f, 0x75, 0x20, 0x63, 0x61, 0x6e, 0x20, 0x6b, 0x65, 0x65, 0x70, 0x41,
  0x75, 0x74, 0x6f, 0x20, 0x41, 0x74, 0x74, 0x61, 0x63, 0x6b, 0x69, 0x6e,
  0x67, 0x64, 0x75, 0x72, 0x69, 0x6e, 0x67, 0x20, 0x64, 0x6f, 0x77, 0x6e,
  0x74, 0x69, 0x6d, 0x65, 0x2e, 0x20, 0x49, 0x74, 0x27, 0x73, 0x20, 0x75,
  0x73, 0x65, 0x66, 0x75, 0x6c, 0x20, 0x66, 0x69, 0x6c, 0x6c, 0x65, 0x72,
  0x21, 0x22, 0x0a, 0x20, 0x20, 0x20, 0x20, 0x20, 0x20, 0x20, 0x20, 0x20,
  0x20, 0x7d, 0x0a, 0x20, 0x20, 0x20, 0x20, 0x20, 0x20, 0x20, 0x20, 0x5d,
  0x0a, 0x20, 0x20, 0x20, 0x20, 0x20, 0x20, 0x7d, 0x2c, 0x0a, 0x20, 0x20,
  0x20, 0x20, 0x20, 0x20, 0x7b, 0x0a, 0x20, 0x20, 0x20, 0x20, 0x20, 0x20,
  0x20, 0x20, 0x22, 0x74, 0x69, 0x74, 0x6c, 0x65, 0x22, 0x3a, 0x20, 0x22,
  0x53, 0x74, 0x65, 0x70, 0x20, 0x46, 0x6f, 0x75, 0x72, 0x22, 0x2c, 0x0a,
  0x20, 0x20, 0x20, 0x20, 0x20, 0x20, 0x20, 0x20, 0x22, 0x69, 0x74, 0x65,
  0x6d, 0x73, 0x22, 0x3a, 0x20, 0x5b, 0x0a, 0x20, 0x20, 0x20, 0x20, 0x20,
  0x20, 0x20, 0x20, 0x20, 0x20, 0x7b, 0x0a, 0x20, 0x20, 0x20, 0x20, 0x20,
  0x20, 0x20, 0x20, 0x20, 0x20, 0x20, 0x20, 0x22, 0x74, 0x65, 0x78, 0x74,
  0x22, 0x3a, 0x20, 0x22, 0x46, 0x6f, 0x72, 0x20, 0x61, 0x20, 0x6c, 0x69,
  0x74, 0x74, 0x6c, 0x65, 0x20, 0x62, 0x69, 0x74, 0x20, 0x6f, 0x66, 0x20,
  0x65, 0x78, 0x74, 0x72, 0x61, 0x20, 0x64, 0x61, 0x6d, 0x61, 0x67, 0x65,
  0x2c, 0x20, 0x79, 0x6f, 0x75, 0x20, 0x63, 0x61, 0x6e, 0x20, 0x61, 0x64,
  0x64, 0x77, 0x68, 0x65, 0x6e, 0x20, 0x61, 0x76, 0x61, 0x69, 0x6c, 0x61,
  0x62, 0x6c, 0x65, 0x2e, 0x22, 0x0a, 0x20, 0x20, 0x20, 0x20, 0x20, 0x20,
  0x20, 0x20, 0x20, 0x20, 0x7d, 0x2c, 0x0a, 0x20, 0x20, 0x20, 0x20, 0x20,
  0x20, 0x20, 0x20, 0x20, 0x20, 0x7b, 0x0a, 0x20, 0x20, 0x20, 0x20, 0x20,
  0x20, 0x20, 0x20, 0x20, 0x20, 0x20, 0x20, 0x22, 0x74, 0x65, 0x78, 0x74,
  0x22, 0x3a, 0x20, 0x22, 0x57, 0x68, 0x69, 0x6c, 0x65, 0x20, 0x69, 0x6e,
  0x53, 0x68, 0x61, 0x64, 0x6f, 0x77, 0x20, 0x53, 0x68, 0x72, 0x6f, 0x75,
  0x64, 0x2c, 0x20, 0x79, 0x6f, 0x75, 0x20, 0x63, 0x61, 0x6e, 0x20, 0x61,
  0x64, 0x64, 0x20, 0x61, 0x20, 0x63, 0x61, 0x73, 0x74, 0x20, 0x6f, 0x66,
  0x77, 0x68, 0x69, 0x6c, 0x65, 0x20, 0x69, 0x6e, 0x20, 0x6d, 0x65, 0x6c,
  0x65, 0x65, 0x20, 0x72, 0x61, 0x6e, 0x67, 0x65, 0x20, 0x66, 0x6f, 0x72,
  0x20, 0x61, 0x20, 0x6e, 0x69, 0x63, 0x65, 0x20, 0x73, 0x70, 0x69, 0x6b,
  0x65, 0x20, 0x6f, 0x66, 0x50, 0x6f, 0x69, 0x73, 0x6f, 0x6e, 0x64, 0x61,
  0x6d, 0x61, 0x67, 0x65, 0x2e, 0x22, 0x0a, 0x20, 0x20, 0x20, 0x20, 0x20,
  0x20, 0x20, 0x20, 0x20, 0x20, 0x7d, 0x0a, 0x20, 0x20, 0x20, 0x20, 0x20,
  0x20, 0x20, 0x20, 0x5d, 0x0a, 0x20, 0x20, 0x20, 0x20, 0x20, 0x20, 0x7d,
  0x2c, 0x0a, 0x20, 0x20, 0x20, 0x20, 0x20, 0x20, 0x7b, 0x0a, 0x20, 0x20,
  0x20, 0x20, 0x20, 0x20, 0x20, 0x20, 0x22, 0x74, 0x69, 0x74, 0x6c, 0x65,
  0x22, 0x3a, 0x20, 0x22, 0x43, 0x72, 0x6f, 0x77, 0x64, 0x20, 0x43, 0x6f,
  0x6e, 0x74, 0x72, 0x6f, 0x6c, 0x22, 0x2c, 0x0a, 0x20, 0x20, 0x20, 0x20,
  0x20, 0x20, 0x20, 0x20, 0x22, 0x69, 0x74, 0x65, 0x6d, 0x73, 0x22, 0x3a,
  0x20, 0x5b, 0x5d, 0x0a, 0x20, 0x20, 0x20, 0x20, 0x20, 0x20, 0x7d, 0x0a,
  0x20, 0x20, 0x20, 0x20, 0x5d, 0x0a, 0x20, 0x20, 0x7d, 0x2c, 0x0a, 0x20,
  0x20, 0x22, 0x74, 0x68, 0x69, 0x65, 0x66, 0x2d, 0x68, 0x65, 0x61, 0x6c,
  0x2d, 0x61, 0x6c, 0x61, 0x63, 0x72, 0x69, 0x74, 0x79, 0x2d, 0x73, 0x70,
  0x65, 0x63, 0x74, 0x65, 0x72, 0x22, 0x3a, 0x20, 0x7b, 0x0a, 0x20, 0x20,
  0x20, 0x20, 0x22, 0x73, 0x65, 0x63, 0x74, 0x69, 0x6f, 0x6e, 0x73, 0x22,
  0x3a, 0x20, 0x5b, 0x0a, 0x20, 0x20, 0x20, 0x20, 0x20, 0x20, 0x7b, 0x0a,
  0x20, 0x20, 0x20, 0x20, 0x20, 0x20, 0x20, 0x20, 0x22, 0x74, 0x69, 0x74,
  0x6c, 0x65, 0x22, 0x3a, 0x20, 0x22, 0x4b, 0x65, 0x79, 0x20, 0x43, 0x6f,
  0x6e, 0x63, 0x65, 0x70, 0x74, 0x73, 0x22, 0x2c, 0x0a, 0x20, 0x20, 0x20,
  0x20, 0x20, 0x20, 0x20, 0x20, 0x22, 0x69, 0x74, 0x65, 0x6d, 0x73, 0x22,
  0x3a, 0x20, 0x5b, 0x0a, 0x20, 0x20, 0x20, 0x20, 0x20, 0x20, 0x20, 0x20,
  0x20, 0x20, 0x7b, 0x0a, 0x20, 0x20, 0x20, 0x20, 0x20, 0x20, 0x20, 0x20,
  0x20, 0x20, 0x20, 0x20, 0x22, 0x74, 0x65, 0x78, 0x74, 0x22, 0x3a, 0x20,
  0x22, 0x41, 0x73, 0x20, 0x61, 0x20, 0x64, 0x65, 0x66, 0x65, 0x6e, 0x73,
  0x69, 0x76, 0x65, 0x20, 0x73, 0x75, 0x70, 0x70, 0x6f, 0x72, 0x74, 0x2c,
  0x20, 0x79, 0x6f, 0x75, 0x72, 0x20, 0x6d, 0x61, 0x69, 0x6e, 0x20, 0x67,
  0x6f, 0x61, 0x6c, 0x20, 0x69, 0x73, 0x20, 0x74, 0x6f, 0x20, 0x70, 0x72,
  0x6f, 0x76, 0x69, 0x64, 0x65, 0x20, 0x62, 0x6f, 0x6f, 0x6e, 0x73, 0x20,
  0x66, 0x6f, 0x72, 0x20, 0x61, 0x6c, 0x6c, 0x69, 0x65, 0x73, 0x20, 0x61,
  0x6e, 0x64, 0x20, 0x6b, 0x65, 0x65, 0x70, 0x20, 0x74, 0x68, 0x65, 0x6d,
  0x20, 0x68, 0x65, 0x61, 0x6c, 0x74, 0x68, 0x79, 0x2e, 0x22, 0x0a, 0x20,
  0x20, 0x20, 0x20, 0x20, 0x20, 0x20, 0x20, 0x20, 0x20, 0x7d, 0x2c, 0x0a,
  0x20, 0x20, 0x20, 0x20, 0x20, 0x20, 0x20, 0x20, 0x20, 0x20, 0x7b, 0x0a,
  0x20, 0x20, 0x20, 0x20, 0x20, 0x20, 0x20, 0x20, 0x20, 0x20, 0x20, 0x20,
  0x22, 0x74, 0x65, 0x78, 0x74, 0x22, 0x3a, 0x20, 0x22, 0x59, 0x6f, 0x75,
  0xe2, 0x80, 0x99, 0x6c, 0x6c, 0x20, 0x62, 0x65, 0x20, 0x70, 0x72, 0x6f,
  0x76, 0x69, 0x64, 0x69, 0x6e, 0x67, 0x20, 0x62, 0x6f, 0x6f, 0x6e, 0x73,
  0x20, 0x6d, 0x61, 0x69, 0x6e, 0x6c, 0x79, 0x20, 0x66, 0x72, 0x6f, 0x6d,
  0x20, 0x74, 0x68, 0x65, 0x20, 0x66, 0x6f, 0x6c, 0x6c, 0x6f, 0x77, 0x69,
  0x6e, 0x67, 0x20, 0x73, 0x6f, 0x75, 0x72, 0x63, 0x65, 0x73, 0x3a, 0x22,
  0x0a, 0x20, 0x20, 0x20, 0x20, 0x20, 0x20, 0x20, 0x20, 0x20, 0x20, 0x7d,
  0x2c, 0x0a, 0x20, 0x20, 0x20, 0x20, 0x20, 0x20, 0x20, 0x20, 0x20, 0x20,
  0x7b, 0x0a, 0x20, 0x20, 0x20, 0x20, 0x20, 0x20, 0x20, 0x20, 0x20, 0x20,
  0x20, 0x20, 0x22, 0x74, 0x65, 0x78, 0x74, 0x22, 0x3a, 0x20, 0x22, 0x57,
  0x68, 0x69, 0x6c, 0x65, 0x20, 0x69, 0x6e, 0x53, 0x68, 0x61, 0x64, 0x6f,
  0x77, 0x20, 0x53, 0x68, 0x72, 0x6f, 0x75, 0x64, 0x3a, 0x22, 0x0a, 0x20,
  0x20, 0x20, 0x20, 0x20, 0x20, 0x20, 0x20, 0x20, 0x20, 0x7d, 0x2c, 0x0a,
  0x20, 0x20, 0x20, 0x20, 0x20, 0x20, 0x20, 0x20, 0x20, 0x20, 0x7b, 0x0a,
  0x20, 0x20, 0x20, 0x20, 0x20, 0x20, 0x20, 0x20, 0x20, 0x20, 0x20, 0x20,
  0x22, 0x74, 0x65, 0x78, 0x74, 0x22, 0x3a, 0x20, 0x22, 0x77, 0x69, 0x6c,
  0x6c, 0x20, 0x70, 0x72, 0x6f, 0x76, 0x69, 0x64, 0x65, 0x41, 0x6c, 0x61,
  0x63, 0x72, 0x69, 0x74, 0x79, 0x2e, 0x22, 0x0a, 0x20, 0x20, 0x20, 0x20,
  0x20, 0x20, 0x20, 0x20, 0x20, 0x20, 0x7d, 0x2c, 0x0a, 0x20, 0x20, 0x20,
  0x20, 0x20, 0x20, 0x20, 0x20, 0x20, 0x20, 0x7b, 0x0a, 0x20, 0x20, 0x20,
  0x20, 0x20, 0x20, 0x20, 0x20, 0x20, 0x20, 0x20, 0x20, 0x22, 0x74, 0x65,
  0x78, 0x74, 0x22, 0x3a, 0x20, 0x22, 0x41, 0x74, 0x20, 0x61, 0x6e, 0x79,
  0x20, 0x6d, 0x6f, 0x6d, 0x65, 0x6e, 0x74, 0x20, 0x77, 0x68, 0x69, 0x6c,
  0x65, 0x20, 0x74, 0x61, 0x72, 0x67, 0x65, 0x74, 0x74, 0x69, 0x6e, 0x67,
  0x20, 0x61, 0x6e, 0x20, 0x65, 0x6e, 0x65, 0x6d, 0x79, 0x3a, 0x22, 0x0a,
  0x20, 0x20, 0x20, 0x20, 0x20, 0x20, 0x20, 0x20, 0x20, 0x20, 0x7d, 0x2c,
  0x0a, 0x20, 0x20, 0x20, 0x20, 0x20, 0x20, 0x20, 0x20, 0x20, 0x20, 0x7b,
  0x0a, 0x20, 0x20, 0x20, 0x20, 0x20, 0x20, 0x20, 0x20, 0x20, 0x20, 0x20,
  0x20, 0x22, 0x74, 0x65, 0x78, 0x74, 0x22, 0x3a, 0x20, 0x22, 0x77, 0x69,
  0x6c, 0x6c, 0x20, 0x70, 0x72, 0x6f, 0x76, 0x69, 0x64, 0x65, 0x46, 0x75,
  0x72, 0x79, 0x2c, 0x20, 0x31, 0x30, 0x4d, 0x69, 0x67, 0x68, 0x74, 0x2c,
  0x50, 0x72, 0x6f, 0x74, 0x65, 0x63, 0x74, 0x69, 0x6f, 0x6e, 0x2c, 0x53,
  0x77, 0x69, 0x66, 0x74, 0x6e, 0x65, 0x73, 0x73, 0x61, 0x6e, 0x64, 0x56,
  0x69, 0x67, 0x6f, 0x72, 0x2e, 0x22, 0x0a, 0x20, 0x20, 0x20, 0x20, 0x20,
  0x20, 0x20, 0x20, 0x20, 0x20, 0x7d, 0x2c, 0x0a, 0x20, 0x20, 0x20, 0x20,
  0x20, 0x20, 0x20, 0x20, 0x20, 0x20, 0x7b, 0x0a, 0x20, 0x20, 0x20, 0x20,
  0x20, 0x20, 0x20, 0x20, 0x20, 0x20, 0x20, 0x20, 0x22, 0x74, 0x65, 0x78,
  0x74, 0x22, 0x3a, 0x20, 0x22, 0x57, 0x68, 0x69, 0x6c, 0x65, 0x20, 0x6f,
  0x75, 0x74, 0x73, 0x69, 0x64, 0x65, 0x20, 0x6f, 0x66, 0x53, 0x68, 0x61,
  0x64, 0x6f, 0x77, 0x20, 0x53, 0x68, 0x72, 0x6f, 0x75, 0x64, 0x3a, 0x22,
  0x0a, 0x20, 0x20, 0x20, 0x20, 0x20, 0x20, 0x20, 0x20, 0x20, 0x20, 0x7d,
  0x2c, 0x0a, 0x20, 0x20, 0x20, 0x20, 0x20, 0x20, 0x20, 0x20, 0x20, 0x20,
  0x7b, 0x0a, 0x20, 0x20, 0x20, 0x20, 0x20, 0x20, 0x20, 0x20, 0x20, 0x20,
  0x20, 0x20, 0x22, 0x74, 0x65, 0x78, 0x74, 0x22, 0x3a, 0x20, 0x22, 0x77,
  0x69, 0x6c, 0x6c, 0x20, 0x70, 0x72, 0x6f, 0x76, 0x69, 0x64, 0x65, 0x20,
  0x6d, 0x6f, 0x72, 0x65, 0x4d, 0x69, 0x67, 0x68, 0x74, 0x61, 0x6e, 0x64,
  0x50, 0x72, 0x6f, 0x74, 0x65, 0x63, 0x74, 0x69, 0x6f, 0x6e, 0x2e, 0x22,
  0x0a, 0x20, 0x20, 0x20, 0x20, 0x20, 0x20, 0x20, 0x20, 0x20, 0x20, 0x7d,
  0x2c, 0x0a, 0x20, 0x20, 0x20, 0x20, 0x20, 0x20, 0x20, 0x20, 0x20, 0x20,
  0x7b, 0x0a, 0x20, 0x20, 0x20, 0x20, 0x20, 0x20, 0x20, 0x20, 0x20, 0x20,
  0x20, 0x20, 0x22, 0x74, 0x65, 0x78, 0x74, 0x22, 0x3a, 0x20, 0x22, 0x77,
  0x69, 0x6c, 0x6c, 0x20, 0x62, 0x65, 0x20, 0x79, 0x6f, 0x75, 0x72, 0x20,
  0x73, 0x6f, 0x75, 0x72, 0x63, 0x65, 0x20, 0x6f, 0x66, 0x52, 0x65, 0x67,
  0x65, 0x6e, 0x65, 0x72, 0x61, 0x74, 0x69, 0x6f, 0x6e, 0x61, 0x6e, 0x64,
  0x53, 0x74, 0x61, 0x62, 0x69, 0x6c, 0x69, 0x74, 0x79, 0x2e, 0x20, 0x49,
  0x74, 0x20, 0x61, 0x6c, 0x73, 0x6f, 0x20, 0x70, 0x72, 0x6f, 0x76, 0x69,
  0x64, 0x65, 0x73, 0x20, 0x6f, 0x74, 0x68, 0x65, 0x72, 0x20, 0x62, 0x6f,
  0x6f, 0x6e, 0x73, 0x20, 0x61, 0x6c, 0x72, 0x65, 0x61, 0x64, 0x79, 0x20,
  0x66, 0x6f, 0x75, 0x6e, 0x64, 0x20, 0x6f, 0x6e, 0x20, 0x70, 0x72, 0x65,
  0x76, 0x69, 0x6f, 0x75, 0x73, 0x20, 0x73, 0x6b, 0x69, 0x6c, 0x6c, 0x73,
  0x2e, 0x22, 0x0a, 0x20, 0x20, 0x20, 0x20, 0x20, 0x20, 0x20, 0x20, 0x20,
  0x20, 0x7d, 0x2c, 0x0a, 0x20, 0x20, 0x20, 0x20, 0x20, 0x20, 0x20, 0x20,
  0x20, 0x20, 0x7b, 0x0a, 0x20, 0x20, 0x20, 0x20, 0x20, 0x20, 0x20, 0x20,
  0x20, 0x20, 0x20, 0x20, 0x22, 0x74, 0x65, 0x78, 0x74, 0x22, 0x3a, 0x20,
  0x22, 0x43, 0x61, 0x73, 0x74, 0x69, 0x6e, 0x67, 0x20, 0x74, 0x68, 0x65,
  0x73, 0x65, 0x20, 0x66, 0x6f, 0x75, 0x72, 0x20, 0x61, 0x62, 0x69, 0x6c,
  0x69, 0x74, 0x69, 0x65, 0x73, 0x20, 0x6f, 0x66, 0x74, 0x65, 0x6e, 0x20,
  0x77, 0x69, 0x6c, 0x6c, 0x20, 0x75, 0x70, 0x6b, 0x65, 0x65, 0x70, 0x20,
  0x66, 0x75, 0x6c, 0x6c, 0x20, 0x75, 0x70, 0x74, 0x69, 0x6d, 0x65, 0x20,
  0x6f, 0x66, 0x20, 0x74, 0x68, 0x65, 0x20, 0x66, 0x6f, 0x6c, 0x6c, 0x6f,
  0x77, 0x69, 0x6e, 0x67, 0x20, 0x65, 0x73, 0x73, 0x65, 0x6e, 0x74, 0x69,
  0x61, 0x6c, 0x20, 0x62, 0x6f, 0x6f, 0x6e, 0x73, 0x20, 0x6f, 0x6e, 0x20,
  0x79, 0x6f, 0x75, 0x72, 0x20, 0x70, 0x61, 0x72, 0x74, 0x79, 0x3a, 0x22,
  0x0a, 0x20, 0x20, 0x20, 0x20, 0x20, 0x20, 0x20, 0x20, 0x20, 0x20, 0x7d,
  0x2c, 0x0a, 0x20, 0x20, 0x20, 0x20, 0x20, 0x20, 0x20, 0x20, 0x20, 0x20,
  0x7b, 0x0a, 0x20, 0x20, 0x20, 0x20, 0x20, 0x20, 0x20, 0x20, 0x20, 0x20,
  0x20, 0x20, 0x22, 0x74, 0x65, 0x78, 0x74, 0x22, 0x3a, 0x20, 0x22, 0x4f,
  0x66, 0x66, 0x65, 0x6e, 0x73, 0x69, 0x76, 0x65, 0x20, 0x62, 0x6f, 0x6f,
  0x6e, 0x73, 0x3a, 0x41, 0x6c, 0x61, 0x63, 0x72, 0x69, 0x74, 0x79, 0x2c,
  0x4d, 0x69, 0x67, 0x68, 0x74, 0x2c, 0x20, 0x61, 0x6e, 0x64, 0x46, 0x75,
  0x72, 0x79, 0x22, 0x0a, 0x20, 0x20, 0x20, 0x20, 0x20, 0x20, 0x20, 0x20,
  0x20, 0x20, 0x7d, 0x2c, 0x0a, 0x20, 0x20, 0x20, 0x20, 0x20, 0x20, 0x20,
  0x20, 0x20, 0x20, 0x7b, 0x0a, 0x20, 0x20, 0x20, 0x20, 0x20, 0x20, 0x20,
  0x20, 0x20, 0x20, 0x20, 0x20, 0x22, 0x74, 0x65, 0x78, 0x74, 0x22, 0x3a,
  0x20, 0x22, 0x44, 0x65, 0x66, 0x65, 0x6e, 0x73, 0x69, 0x76, 0x65, 0x20,
  0x62, 0x6f, 0x6f, 0x6e, 0x73, 0x3a, 0x50, 0x72, 0x6f, 0x74, 0x65, 0x63,
  0x74, 0x69, 0x6f, 0x6e, 0x61, 0x6e, 0x64, 0x52, 0x65, 0x67, 0x65, 0x6e,
  0x65, 0x72, 0x61, 0x74, 0x69, 0x6f, 0x6e, 0x22, 0x0a, 0x20, 0x20, 0x20,
  0x20, 0x20, 0x20, 0x20, 0x20, 0x20, 0x20, 0x7d, 0x2c, 0x0a, 0x20, 0x20,
  0x20, 0x20, 0x20, 0x20, 0x20, 0x20, 0x20, 0x20, 0x7b, 0x0a, 0x20, 0x20,
  0x20, 0x20, 0x20, 0x20, 0x20, 0x20, 0x20, 0x20, 0x20, 0x20, 0x22, 0x74,
  0x65, 0x78, 0x74, 0x22, 0x3a, 0x20, 0x22, 0x55, 0x74, 0x69, 0x6c, 0x69,
  0x74, 0x79, 0x20, 0x62, 0x6f, 0x6f, 0x6e, 0x73, 0x3a, 0x53, 0x77, 0x69,
  0x66, 0x74, 0x6e, 0x65, 0x73, 0x73, 0x61, 0x6e, 0x64, 0x56, 0x69, 0x67,
  0x6f, 0x72, 0x22, 0x0a, 0x20, 0x20, 0x20, 0x20, 0x20, 0x20, 0x20, 0x20,
  0x20, 0x20, 0x7d, 0x2c, 0x0a, 0x20, 0x20, 0x20, 0x20, 0x20, 0x20, 0x20,
  0x20, 0x20, 0x20, 0x7b, 0x0a, 0x20, 0x20, 0x20, 0x20, 0x20, 0x20, 0x20,
  0x20, 0x20, 0x20, 0x20, 0x20, 0x22, 0x74, 0x65, 0x78, 0x74, 0x22, 0x3a,
  0x20, 0x22, 0x4d, 0x6f, 0x73, 0x74, 0x20, 0x6f, 0x66, 0x20, 0x79, 0x6f,
  0x75, 0x72, 0x48, 0x65, 0x61, 0x6c, 0x69, 0x6e, 0x67, 0x77, 0x69, 0x6c,
  0x6c, 0x20, 0x68, 0x61, 0x70, 0x70, 0x65, 0x6e, 0x20, 0x6e, 0x61, 0x74,
  0x75, 0x72, 0x61, 0x6c, 0x6c, 0x79, 0x20, 0x66, 0x72, 0x6f, 0x6d, 0x53,
  0x68, 0x61, 0x64, 0x6f, 0x77, 0x20, 0x53, 0x68, 0x72, 0x6f, 0x75, 0x64,
  0x73, 0x6b, 0x69, 0x6c, 0x6c, 0x73, 0x2c, 0x42, 0x61, 0x72, 0x72, 0x69,
  0x65, 0x72, 0x66, 0x72, 0x6f, 0x6d, 0x2c, 0x20, 0x61, 0x6e, 0x64, 0x20,
  0x69, 0x6e, 0x63, 0x69, 0x64, 0x65, 0x6e, 0x74, 0x61, 0x6c, 0x42, 0x6c,
  0x61, 0x73, 0x74, 0x20, 0x46, 0x69, 0x6e, 0x69, 0x73, 0x68, 0x65, 0x72,
  0x73, 0x66, 0x6f, 0x72, 0x2c, 0x20, 0x77, 0x68, 0x69, 0x63, 0x68, 0x20,
  0x77, 0x69, 0x6c, 0x6c, 0x20, 0x6f, 0x75, 0x74, 0x70, 0x75, 0x74, 0x20,
  0x61, 0x20, 0x6c, 0x6f, 0x74, 0x20, 0x6f, 0x66, 0x20, 0x68, 0x65, 0x61,
  0x6c, 0x69, 0x6e, 0x67, 0x20, 0x65, 0x76, 0x65, 0x6e, 0x20, 0x77, 0x68,
  0x69, 0x6c, 0x65, 0x20, 0x66, 0x6f, 0x72, 0x67, 0x65, 0x74, 0x74, 0x69,
  0x6e, 0x67, 0x20, 0x69, 0x74, 0x20, 0x65, 0x78, 0x69, 0x73, 0x74, 0x73,
  0x2e, 0x22, 0x0a, 0x20, 0x20, 0x20, 0x20, 0x20, 0x20, 0x20, 0x20, 0x20,
  0x20, 0x7d, 0x0a, 0x20, 0x20, 0x20, 0x20, 0x20, 0x20, 0x20, 0x20, 0x5d,
  0x0a, 0x20, 0x20, 0x20, 0x20, 0x20, 0x20, 0x7d, 0x2c, 0x0a, 0x20, 0x20,
  0x20, 0x20, 0x20, 0x20, 0x7b, 0x0a, 0x20, 0x20, 0x20, 0x20, 0x20, 0x20,
  0x20, 0x20, 0x22, 0x74, 0x69, 0x74, 0x6c, 0x65, 0x22, 0x3a, 0x20, 0x22,
  0x4f, 0x70, 0x65, 0x6e, 0x65, 0x72, 0x22, 0x2c, 0x0a, 0x20, 0x20, 0x20,
  0x20, 0x20, 0x20, 0x20, 0x20, 0x22, 0x69, 0x74, 0x65, 0x6d, 0x73, 0x22,
  0x3a, 0x20, 0x5b, 0x0a, 0x20, 0x20, 0x20, 0x20, 0x20, 0x20, 0x20, 0x20,
  0x20, 0x20, 0x7b, 0x0a, 0x20, 0x20, 0x20, 0x20, 0x20, 0x20, 0x20, 0x20,
  0x20, 0x20, 0x20, 0x20, 0x22, 0x74, 0x65, 0x78, 0x74, 0x22, 0x3a, 0x20,
  0x22, 0x4a, 0x75, 0x73, 0x74, 0x20, 0x6c, 0x65, 0x61, 0x72, 0x6e, 0x69,
  0x6e, 0x67, 0x20, 0x74, 0x68, 0x69, 0x73, 0x20, 0x6f, 0x70, 0x65, 0x6e,
  0x65, 0x72, 0x20, 0x77, 0x69, 0x6c, 0x6c, 0x20, 0x65, 0x6e, 0x73, 0x75,
  0x72, 0x65, 0x20, 0x79, 0x6f, 0x75, 0x72, 0x20, 0x70, 0x61, 0x72, 0x74,
  0x79, 0x20, 0x68, 0x61, 0x73, 0x20, 0x69, 0x74, 0x73, 0x20, 0x73, 0x75,
  0x69, 0x74, 0x65, 0x20, 0x6f, 0x66, 0x20, 0x76, 0x69, 0x74, 0x61, 0x6c,
  0x20, 0x62, 0x6f, 0x6f, 0x6e, 0x73, 0x20, 0x61, 0x73, 0x20, 0x73, 0x6f,
  0x6f, 0x6e, 0x20, 0x61, 0x73, 0x20, 0x70, 0x6f, 0x73, 0x73, 0x69, 0x62,
  0x6c, 0x65, 0x2e, 0x20, 0x54, 0x61, 0x6b, 0x65, 0x20, 0x61, 0x20, 0x6c,
  0x69, 0x74, 0x74, 0x6c, 0x65, 0x20, 0x62, 0x69, 0x74, 0x20, 0x6f, 0x66,
  0x20, 0x74, 0x69, 0x6d, 0x65, 0x20, 0x74, 0x6f, 0x20, 0x6c, 0x65, 0x61,
  0x72, 0x6e, 0x20, 0x69, 0x74, 0x21, 0x20, 0x59, 0x6f, 0x75, 0x20, 0x63,
  0x61, 0x6e, 0x20, 0x66, 0x61, 0x6c, 0x6c, 0x20, 0x62, 0x61, 0x63, 0x6b,
  0x20, 0x74, 0x6f, 0x20, 0x69, 0x74, 0x20, 0x61, 0x67, 0x61, 0x69, 0x6e,
  0x20, 0x66, 0x6f, 0x72, 0x20, 0x73, 0x61, 0x66, 0x65, 0x74, 0x79, 0x20,
  0x77, 0x68, 0x65, 0x6e, 0x20, 0x69, 0x6e, 0x20, 0x61, 0x20, 0x68, 0x65,
  0x63, 0x74, 0x69, 0x63, 0x20, 0x73, 0x69, 0x74, 0x75, 0x61, 0x74, 0x69,
  0x6f, 0x6e, 0x3a, 0x22, 0x0a, 0x20, 0x20, 0x20, 0x20, 0x20, 0x20, 0x20,
  0x20, 0x20, 0x20, 0x7d, 0x2c, 0x0a, 0x20, 0x20, 0x20, 0x20, 0x20, 0x20,
  0x20, 0x20, 0x20, 0x20, 0x7b, 0x0a, 0x20, 0x20, 0x20, 0x20, 0x20, 0x20,
  0x20, 0x20, 0x20, 0x20, 0x20, 0x20, 0x22, 0x74, 0x65, 0x78, 0x74, 0x22,
  0x3a, 0x20, 0x22, 0x78, 0x20, 0x32, 0x22, 0x0a, 0x20, 0x20, 0x20, 0x20,
  0x20, 0x20, 0x20, 0x20, 0x20, 0x20, 0x7d, 0x2c, 0x0a, 0x20, 0x20, 0x20,
  0x20, 0x20, 0x20, 0x20, 0x20, 0x20, 0x20, 0x7b, 0x0a, 0x20, 0x20, 0x20,
  0x20, 0x20, 0x20, 0x20, 0x20, 0x20, 0x20, 0x20, 0x20, 0x22, 0x74, 0x65,
  0x78, 0x74, 0x22, 0x3a, 0x20, 0x22, 0x46, 0x69, 0x6c, 0x6c, 0x20, 0x74,
  0x69, 0x6d, 0x65, 0x20, 0x77, 0x69, 0x74, 0x68, 0x41, 0x75, 0x74, 0x6f,
  0x20, 0x41, 0x74, 0x74, 0x61, 0x63, 0x6b, 0x73, 0x22, 0x0a, 0x20, 0x20,
  0x20, 0x20, 0x20, 0x20, 0x20, 0x20, 0x20, 0x20, 0x7d, 0x0a, 0x20, 0x20,
  0x20, 0x20, 0x20, 0x20, 0x20, 0x20, 0x5d, 0x0a, 0x20, 0x20, 0x20, 0x20,
  0x20, 0x20, 0x7d, 0x2c, 0x0a, 0x20, 0x20, 0x20, 0x20, 0x20, 0x20, 0x7b,
  0x0a, 0x20, 0x20, 0x20, 0x20, 0x20, 0x20, 0x20, 0x20, 0x22, 0x74, 0x69,
  0x74, 0x6c, 0x65, 0x22, 0x3a, 0x20, 0x22, 0x53, 0x74, 0x65, 0x70, 0x20,
  0x4f, 0x6e, 0x65, 0x22, 0x2c, 0x0a, 0x20, 0x20, 0x20, 0x20, 0x20, 0x20,
  0x20, 0x20, 0x22, 0x69, 0x74, 0x65, 0x6d, 0x73, 0x22, 0x3a, 0x20, 0x5b,
  0x0a, 0x20, 0x20, 0x20, 0x20, 0x20, 0x20, 0x20, 0x20, 0x20, 0x20, 0x7b,
  0x0a, 0x20, 0x20, 0x20, 0x20, 0x20, 0x20, 0x20, 0x20, 0x20, 0x20, 0x20,
  0x20, 0x22, 0x74, 0x65, 0x78, 0x74, 0x22, 0x3a, 0x20, 0x22, 0x59, 0x6f,
  0x75, 0xe2, 0x80, 0x99, 0x6c, 0x6c, 0x20, 0x77, 0x61, 0x6e, 0x74, 0x20,
  0x74, 0x6f, 0x20, 0x66, 0x69, 0x72, 0x73, 0x74, 0x20, 0x67, 0x65, 0x74,
  0x20, 0x63, 0x6f, 0x6d, 0x66, 0x6f, 0x72, 0x74, 0x61, 0x62, 0x6c, 0x65,
  0x20, 0x77, 0x69, 0x74, 0x68, 0x20, 0x79, 0x6f, 0x75, 0x72, 0x20, 0x73,
  0x6b, 0x69, 0x6c, 0x6c, 0x73, 0x20, 0x6f, 0x75, 0x74, 0x73, 0x69, 0x64,
  0x65, 0x20, 0x6f, 0x66, 0x53, 0x68, 0x61, 0x64, 0x6f, 0x77, 0x20, 0x53,
  0x68, 0x72, 0x6f, 0x75, 0x64, 0x3a, 0x22, 0x0a, 0x20, 0x20, 0x20, 0x20,
  0x20, 0x20, 0x20, 0x20, 0x20, 0x20, 0x7d, 0x2c, 0x0a, 0x20, 0x20, 0x20,
  0x20, 0x20, 0x20, 0x20, 0x20, 0x20, 0x20, 0x7b, 0x0a, 0x20, 0x20, 0x20,
  0x20, 0x20, 0x20, 0x20, 0x20, 0x20, 0x20, 0x20, 0x20, 0x22, 0x74, 0x65,
  0x78, 0x74, 0x22, 0x3a, 0x20, 0x22, 0x53, 0x70, 0x65, 0x6e, 0x64, 0x20,
  0x79, 0x6f, 0x75, 0x72, 0x49, 0x6e, 0x69, 0x74, 0x69, 0x61, 0x74, 0x69,
  0x76, 0x65, 0x6f, 0x6e, 0x2e, 0x22, 0x0a, 0x20, 0x20, 0x20, 0x20, 0x20,
  0x20, 0x20, 0x20, 0x20, 0x20, 0x7d, 0x2c, 0x0a, 0x20, 0x20, 0x20, 0x20,
  0x20, 0x20, 0x20, 0x20, 0x20, 0x20, 0x7b, 0x0a, 0x20, 0x20, 0x20, 0x20,
  0x20, 0x20, 0x20, 0x20, 0x20, 0x20, 0x20, 0x20, 0x22, 0x74, 0x65, 0x78,
  0x74, 0x22, 0x3a, 0x20, 0x22, 0x53, 0x70, 0x65, 0x6e, 0x64, 0x20, 0x79,
  0x6f, 0x75, 0x72, 0x49, 0x6e, 0x69, 0x74, 0x69, 0x61, 0x74, 0x69, 0x76,
  0x65, 0x6f, 0x6e, 0x2e, 0x22, 0x0a, 0x20, 0x20, 0x20, 0x20, 0x20, 0x20,
  0x20, 0x20, 0x20, 0x20, 0x7d, 0x2c, 0x0a, 0x20, 0x20, 0x20, 0x20, 0x20,
  0x20, 0x20, 0x20, 0x20, 0x20, 0x7b, 0x0a, 0x20, 0x20, 0x20, 0x20, 0x20,
  0x20, 0x20, 0x20, 0x20, 0x20, 0x20, 0x20, 0x22, 0x74, 0x65, 0x78, 0x74,
  0x22, 0x3a, 0x20, 0x22, 0x55, 0x73, 0x65, 0x61, 0x6e, 0x64, 0x6f, 0x66,
  0x66, 0x43, 0x6f, 0x6f, 0x6c, 0x64, 0x6f, 0x77, 0x6e, 0x69, 0x66, 0x20,
  0x79, 0x6f, 0x75, 0xe2, 0x80, 0x99, 0x72, 0x65, 0x20, 0x61, 0x62, 0x6c,
  0x65, 0x2e, 0x22, 0x0a, 0x20, 0x20, 0x20, 0x20, 0x20, 0x20, 0x20, 0x20,
  0x20, 0x20, 0x7d, 0x2c, 0x0a, 0x20, 0x20, 0x20, 0x20, 0x20, 0x20, 0x20,
  0x20, 0x20, 0x20, 0x7b, 0x0a, 0x20, 0x20, 0x20, 0x20, 0x20, 0x20, 0x20,
  0x20, 0x20, 0x20, 0x20, 0x20, 0x22, 0x74, 0x65, 0x78, 0x74, 0x22, 0x3a,
  0x20, 0x22, 0x55, 0x73, 0x65, 0x61, 0x6e, 0x64, 0x6f, 0x66, 0x66, 0x43,
  0x6f, 0x6f, 0x6c, 0x64, 0x6f, 0x77, 0x6e, 0x69, 0x66, 0x20, 0x79, 0x6f,
  0x75, 0xe2, 0x80, 0x99, 0x72, 0x65, 0x20, 0x61, 0x62, 0x6c, 0x65, 0x2e,
  0x22, 0x0a, 0x20, 0x20, 0x20, 0x20, 0x20, 0x20, 0x20, 0x20, 0x20, 0x20,
  0x7d, 0x2c, 0x0a, 0x20, 0x20, 0x20, 0x20, 0x20, 0x20, 0x20, 0x20, 0x20,
  0x20, 0x7b, 0x0a, 0x20, 0x20, 0x20, 0x20, 0x20, 0x20, 0x20, 0x20, 0x20,
  0x20, 0x20, 0x20, 0x22, 0x74, 0x65, 0x78, 0x74, 0x22, 0x3a, 0x20, 0x22,
  0x77, 0x69, 0x6c, 0x6c, 0x20, 0x67, 0x72, 0x61, 0x6e, 0x74, 0x20, 0x79,
  0x6f, 0x75, 0x72, 0x20, 0x67, 0x72, 0x6f, 0x75, 0x70, 0x20, 0x6c, 0x6f,
  0x74, 0x73, 0x20, 0x6f, 0x66, 0x42, 0x61, 0x72, 0x72, 0x69, 0x65, 0x72,
  0x2c, 0x4d, 0x69, 0x67, 0x68, 0x74, 0x61, 0x6e, 0x64, 0x50, 0x72, 0x6f,
  0x74, 0x65, 0x63, 0x74, 0x69, 0x6f, 0x6e, 0x2c, 0x20, 0x61, 0x6e, 0x64,
  0x20, 0x73, 0x65, 0x72, 0x76, 0x65, 0x20, 0x61, 0x73, 0x20, 0x61, 0x42,
  0x6c, 0x61, 0x73, 0x74, 0x20, 0x46, 0x69, 0x6e, 0x69, 0x73, 0x68, 0x65,
  0x72, 0x6f, 0x6e, 0x20, 0x61, 0x6e, 0x79, 0x20, 0x66, 0x69, 0x65, 0x6c,
  0x64, 0x73, 0x20, 0x79, 0x6f, 0x75, 0x72, 0x20, 0x70, 0x61, 0x72, 0x74,
  0x79, 0x20, 0x6d, 0x61, 0x79, 0x20, 0x68, 0x61, 0x76, 0x65, 0x20, 0x6f,
  0x6e, 0x20, 0x74, 0x68, 0x65, 0x20, 0x61, 0x72, 0x65, 0x6e, 0x61, 0x2e,
  0x22, 0x0a, 0x20, 0x20, 0x20, 0x20, 0x20, 0x20, 0x20, 0x20, 0x20, 0x20,
  0x7d, 0x2c, 0x0a, 0x20, 0x20, 0x20, 0x20, 0x20, 0x20, 0x20, 0x20, 0x20,
  0x20, 0x7b, 0x0a, 0x20, 0x20, 0x20, 0x20, 0x20, 0x20, 0x20, 0x20, 0x20,
  0x20, 0x20, 0x20, 0x22, 0x74, 0x65, 0x78, 0x74, 0x22, 0x3a, 0x20, 0x22,
  0x45, 0x6e, 0x74, 0x65, 0x72, 0x53, 0x68, 0x61, 0x64, 0x6f, 0x77, 0x20,
  0x53, 0x68, 0x72, 0x6f, 0x75, 0x64, 0x77, 0x68, 0x65, 0x6e, 0x65, 0x76,
  0x65, 0x72, 0x20, 0x69, 0x74, 0xe2, 0x80, 0x99, 0x73, 0x20, 0x6f, 0x66,
  0x66, 0x43, 0x6f, 0x6f, 0x6c, 0x64, 0x6f, 0x77, 0x6e, 0x61, 0x67, 0x61,
  0x69, 0x6e, 0x2e, 0x22, 0x0a, 0x20, 0x20, 0x20, 0x20, 0x20, 0x20, 0x20,
  0x20, 0x20, 0x20, 0x7d, 0x0a, 0x20, 0x20, 0x20, 0x20, 0x20, 0x20, 0x20,
  0x20, 0x5d, 0x0a, 0x20, 0x20, 0x20, 0x20, 0x20, 0x20, 0x7d, 0x2c, 0x0a,
  0x20, 0x20, 0x20, 0x20, 0x20, 0x20, 0x7b, 0x0a, 0x20, 0x20, 0x20, 0x20,
  0x20, 0x20, 0x20, 0x20, 0x22, 0x74, 0x69, 0x74, 0x6c, 0x65, 0x22, 0x3a,
  0x20, 0x22, 0x53, 0x74, 0x65, 0x70, 0x20, 0x54, 0x77, 0x6f, 0x22, 0x2c,
  0x0a, 0x20, 0x20, 0x20, 0x20, 0x20, 0x20, 0x20, 0x20, 0x22, 0x69, 0x74,
  0x65, 0x6d, 0x73, 0x22, 0x3a, 0x20, 0x5b, 0x0a, 0x20, 0x20, 0x20, 0x20,
  0x20, 0x20, 0x20, 0x20, 0x20, 0x20, 0x7b, 0x0a, 0x20, 0x20, 0x20, 0x20,
  0x20, 0x20, 0x20, 0x20, 0x20, 0x20, 0x20, 0x20, 0x22, 0x74, 0x65, 0x78,
  0x74, 0x22, 0x3a, 0x20, 0x22, 0x57, 0x68, 0x65, 0x6e, 0x69, 0x73, 0x20,
  0x61, 0x76, 0x61, 0x69, 0x6c, 0x61, 0x62, 0x6c, 0x65, 0x2c, 0x20, 0x64,
  0x6f, 0x20, 0x74, 0x68, 0x65, 0x20, 0x66, 0x6f, 0x6c, 0x6c, 0x6f, 0x77,
  0x69, 0x6e, 0x67, 0x20, 0x73, 0x69, 0x6d, 0x70, 0x6c, 0x65, 0x20, 0x6c,
  0x6f, 0x6f, 0x70, 0x3a, 0x22, 0x0a, 0x20, 0x20, 0x20, 0x20, 0x20, 0x20,
  0x20, 0x20, 0x20, 0x20, 0x7d, 0x2c, 0x0a, 0x20, 0x20, 0x20, 0x20, 0x20,
  0x20, 0x20, 0x20, 0x20, 0x20, 0x7b, 0x0a, 0x20, 0x20, 0x20, 0x20, 0x20,
  0x20, 0x20, 0x20, 0x20, 0x20, 0x20, 0x20, 0x22, 0x74, 0x65, 0x78, 0x74,
  0x22, 0x3a, 0x20, 0x22, 0x61, 0x6e, 0x64, 0x20, 0x6c, 0x65, 0x74, 0x20,
  0x74, 0x68, 0x65, 0x20, 0x67, 0x61, 0x6d, 0x65, 0x20, 0x63, 0x61, 0x73,
  0x74, 0x20, 0x61, 0x6e, 0x41, 0x75, 0x74, 0x6f, 0x20, 0x41, 0x74, 0x74,
  0x61, 0x63, 0x6b, 0x66, 0x6f, 0x72, 0x20, 0x79, 0x6f, 0x75, 0x2e, 0x22,
  0x0a, 0x20, 0x20, 0x20, 0x20, 0x20, 0x20, 0x20, 0x20, 0x20, 0x20, 0x7d,
  0x2c, 0x0a, 0x20, 0x20, 0x20, 0x20, 0x20, 0x20, 0x20, 0x20, 0x20, 0x20,
  0x7b, 0x0a, 0x20, 0x20, 0x20, 0x20, 0x20, 0x20, 0x20, 0x20, 0x20, 0x20,
  0x20, 0x20, 0x22, 0x74, 0x65, 0x78, 0x74, 0x22, 0x3a, 0x20, 0x22, 0x46,
  0x69, 0x6c, 0x6c, 0x20, 0x74, 0x69, 0x6d, 0x65, 0x20, 0x77, 0x69, 0x74,
  0x68, 0x41, 0x75, 0x74, 0x6f, 0x20, 0x41, 0x74, 0x74, 0x61, 0x63, 0x6b,
  0x73, 0x22, 0x0a, 0x20, 0x20, 0x20, 0x20, 0x20, 0x20, 0x20, 0x20, 0x20,
  0x20, 0x7d, 0x2c, 0x0a, 0x20, 0x20, 0x20, 0x20, 0x20, 0x20, 0x20, 0x20,
  0x20, 0x20, 0x7b, 0x0a, 0x20, 0x20, 0x20, 0x20, 0x20, 0x20, 0x20, 0x20,
  0x20, 0x20, 0x20, 0x20, 0x22, 0x74, 0x65, 0x78, 0x74, 0x22, 0x3a, 0x20,
  0x22, 0x46, 0x69, 0x6c, 0x6c, 0x20, 0x74, 0x69, 0x6d, 0x65, 0x20, 0x77,
  0x69, 0x74, 0x68, 0x41, 0x75, 0x74, 0x6f, 0x20, 0x41, 0x74, 0x74, 0x61,
  0x63, 0x6b, 0x73, 0x22, 0x0a, 0x20, 0x20, 0x20, 0x20, 0x20, 0x20, 0x20,
  0x20, 0x20, 0x20, 0x7d, 0x2c, 0x0a, 0x20, 0x20, 0x20, 0x20, 0x20, 0x20,
  0x20, 0x20, 0x20, 0x20, 0x7b, 0x0a, 0x20, 0x20, 0x20, 0x20, 0x20, 0x20,
  0x20, 0x20, 0x20, 0x20, 0x20, 0x20, 0x22, 0x74, 0x65, 0x78, 0x74, 0x22,
  0x3a, 0x20, 0x22, 0x45, 0x61, 0x63, 0x68, 0x20, 0x63, 0x61, 0x73, 0x74,
  0x20, 0x6f, 0x66, 0x67, 0x72, 0x61, 0x6e, 0x74, 0x73, 0x20, 0x61, 0x20,
  0x77, 0x68, 0x6f, 0x70, 0x70, 0x69, 0x6e, 0x67, 0x20, 0x31, 0x30, 0x20,
  0x73, 0x65, 0x63, 0x6f, 0x6e, 0x64, 0x73, 0x20, 0x6f, 0x66, 0x41, 0x6c,
  0x61, 0x63, 0x72, 0x69, 0x74, 0x79, 0x74, 0x6f, 0x20, 0x79, 0x6f, 0x75,
  0x72, 0x20, 0x70, 0x61, 0x72, 0x74, 0x79, 0x2c, 0x20, 0x61, 0x6c, 0x6c,
  0x6f, 0x77, 0x69, 0x6e, 0x67, 0x20, 0x79, 0x6f, 0x75, 0x20, 0x61, 0x20,
  0x6c, 0x6f, 0x74, 0x20, 0x6f, 0x66, 0x20, 0x74, 0x69, 0x6d, 0x65, 0x20,
  0x74, 0x6f, 0x20, 0x73, 0x70, 0x61, 0x63, 0x65, 0x20, 0x6f, 0x75, 0x74,
  0x20, 0x79, 0x6f, 0x75, 0x72, 0x20, 0x76, 0x69, 0x73, 0x69, 0x74, 0x73,
  0x20, 0x74, 0x6f, 0x53, 0x68, 0x61, 0x64, 0x6f, 0x77, 0x20, 0x53, 0x68,
  0x72, 0x6f, 0x75, 0x64, 0x2e, 0x22, 0x0a, 0x20, 0x20, 0x20, 0x20, 0x20,
  0x20, 0x20, 0x20, 0x20, 0x20, 0x7d, 0x0a, 0x20, 0x20, 0x20, 0x20, 0x20,
  0x20, 0x20, 0x20, 0x5d, 0x0a, 0x20, 0x20, 0x20, 0x20, 0x20, 0x20, 0x7d,
  0x2c, 0x0a, 0x20, 0x20, 0x20, 0x20, 0x20, 0x20, 0x7b, 0x0a, 0x20, 0x20,
  0x20, 0x20, 0x20, 0x20, 0x20, 0x20, 0x22, 0x74, 0x69, 0x74, 0x6c, 0x65,
  0x22, 0x3a, 0x20, 0x22, 0x53, 0x74, 0x65, 0x70, 0x20, 0x54, 0x68, 0x72,
  0x65, 0x65, 0x22, 0x2c, 0x0a, 0x20, 0x20, 0x20, 0x20, 0x20, 0x20, 0x20,
  0x20, 0x22, 0x69, 0x74, 0x65, 0x6d, 0x73, 0x22, 0x3a, 0x20, 0x5b, 0x0a,
  0x20, 0x20, 0x20, 0x20, 0x20, 0x20, 0x20, 0x20, 0x20, 0x20, 0x7b, 0x0a,
  0x20, 0x20, 0x20, 0x20, 0x20, 0x20, 0x20, 0x20, 0x20, 0x20, 0x20, 0x20,
  0x22, 0x74, 0x65, 0x78, 0x74, 0x22, 0x3a, 0x20, 0x22, 0x4c, 0x61, 0x73,
  0x74, 0x6c, 0x79, 0x2c, 0x20, 0x79, 0x6f, 0x75, 0x20, 0x63, 0x61, 0x6e,
  0x20, 0x6b, 0x65, 0x65, 0x70, 0x20, 0x69, 0x6e, 0x20, 0x6d, 0x69, 0x6e,
  0x64, 0x20, 0x74, 0x68, 0x65, 0x20, 0x66, 0x6f, 0x6c, 0x6c, 0x6f, 0x77,
  0x69, 0x6e, 0x67, 0x20, 0x61, 0x64, 0x6a, 0x75, 0x73, 0x74, 0x6d, 0x65,
  0x6e, 0x74, 0x73, 0x20, 0x74, 0x6f, 0x20, 0x67, 0x6f, 0x20, 0x74, 0x68,
  0x65, 0x20, 0x65, 0x78, 0x74, 0x72, 0x61, 0x20, 0x6d, 0x69, 0x6c, 0x65,
  0x3a, 0x22, 0x0a, 0x20, 0x20, 0x20, 0x20, 0x20, 0x20, 0x20, 0x20, 0x20,
  0x20, 0x7d, 0x2c, 0x0a, 0x20, 0x20, 0x20, 0x20, 0x20, 0x20, 0x20, 0x20,
  0x20, 0x20, 0x7b, 0x0a, 0x20, 0x20, 0x20, 0x20, 0x20, 0x20, 0x20, 0x20,
  0x20, 0x20, 0x20, 0x20, 0x22, 0x74, 0x65, 0x78, 0x74, 0x22, 0x3a, 0x20,
  0x22, 0x69, 0x73, 0x20, 0x61, 0x20, 0x62, 0x69, 0x67, 0x20, 0x62, 0x75,
  0x72, 0x73, 0x74, 0x20, 0x68, 0x65, 0x61, 0x6c, 0x2c, 0x20, 0x66, 0x6f,
  0x6c, 0x6c, 0x6f, 0x77, 0x65, 0x64, 0x20, 0x62, 0x79, 0x20, 0x61, 0x20,
  0x74, 0x69, 0x63, 0x6b, 0x69, 0x6e, 0x67, 0x48, 0x65, 0x61, 0x6c, 0x69,
  0x6e, 0x67, 0x66, 0x69, 0x65, 0x6c, 0x64, 0x2e, 0x20, 0x49, 0x74, 0x20,
  0x68, 0x61, 0x73, 0x20, 0x61, 0x20, 0x73, 0x68, 0x6f, 0x72, 0x74, 0x2c,
  0x20, 0x61, 0x63, 0x63, 0x65, 0x73, 0x73, 0x69, 0x62, 0x6c, 0x65, 0x43,
  0x6f, 0x6f, 0x6c, 0x64, 0x6f, 0x77, 0x6e, 0x2c, 0x20, 0x73, 0x6f, 0x20,
  0x64, 0x6f, 0x6e, 0xe2, 0x80, 0x99, 0x74, 0x20, 0x77, 0x6f, 0x72, 0x72,
  0x79, 0x20, 0x61, 0x62, 0x6f, 0x75, 0x74, 0x20, 0x73, 0x61, 0x76, 0x69,
  0x6e, 0x67, 0x20, 0x69, 0x74, 0x21, 0x22, 0x0a, 0x20, 0x20, 0x20, 0x20,
  0x20, 0x20, 0x20, 0x20, 0x20, 0x20, 0x7d, 0x2c, 0x0a, 0x20, 0x20, 0x20,
  0x20, 0x20, 0x20, 0x20, 0x20, 0x20, 0x20, 0x7b, 0x0a, 0x20, 0x20, 0x20,
  0x20, 0x20, 0x20, 0x20, 0x20, 0x20, 0x20, 0x20, 0x20, 0x22, 0x74, 0x65,
  0x78, 0x74, 0x22, 0x3a, 0x20, 0x22, 0x69, 0x73, 0x20, 0x61, 0x20, 0x62,
  0x69, 0x67, 0x20, 0x62, 0x75, 0x72, 0x73, 0x74, 0x20, 0x68, 0x65, 0x61,
  0x6c, 0x2c, 0x20, 0x66, 0x6f, 0x6c, 0x6c, 0x6f, 0x77, 0x65, 0x64, 0x20,
  0x62, 0x79, 0x20, 0x61, 0x20, 0x74, 0x69, 0x63, 0x6b, 0x69, 0x6e, 0x67,
  0x48, 0x65, 0x61, 0x6c, 0x69, 0x6e, 0x67, 0x66, 0x69, 0x65, 0x6c, 0x64,
  0x2e, 0x20, 0x49, 0x74, 0x20, 0x68, 0x61, 0x73, 0x20, 0x61, 0x20, 0x73,
  0x68, 0x6f, 0x72, 0x74, 0x2c, 0x20, 0x61, 0x63, 0x63, 0x65, 0x73, 0x73,
  0x69, 0x62, 0x6c, 0x65, 0x43, 0x6f, 0x6f, 0x6c, 0x64, 0x6f, 0x77, 0x6e,
  0x2c, 0x20, 0x73, 0x6f, 0x20, 0x64, 0x6f, 0x6e, 0xe2, 0x80, 0x99, 0x74,
  0x20, 0x77, 0x6f, 0x72, 0x72, 0x79, 0x20, 0x61, 0x62, 0x6f, 0x75, 0x74,
  0x20, 0x73, 0x61, 0x76, 0x69, 0x6e, 0x67, 0x20, 0x69, 0x74, 0x21, 0x22,
  0x0a, 0x20, 0x20, 0x20, 0x20, 0x20, 0x20, 0x20, 0x20, 0x20, 0x20, 0x7d,
  0x2c, 0x0a, 0x20, 0x20, 0x20, 0x20, 0x20, 0x20, 0x20, 0x20, 0x20, 0x20,
  0x7b, 0x0a, 0x20, 0x20, 0x20, 0x20, 0x20, 0x20, 0x20, 0x20, 0x20, 0x20,
  0x20, 0x20, 0x22, 0x74, 0x65, 0x78, 0x74, 0x22, 0x3a, 0x20, 0x22, 0x41,
  0x6c, 0x6c, 0x20, 0x79, 0x6f, 0x75, 0x72, 0x20, 0x57, 0x65, 0x6c, 0x6c,
  0x20, 0x73, 0x6b, 0x69, 0x6c, 0x6c, 0x73, 0x2c, 0x20, 0x61, 0x73, 0x20,
  0x77, 0x65, 0x6c, 0x6c, 0x20, 0x61, 0x73, 0x2c, 0x20, 0x77, 0x69, 0x6c,
  0x6c, 0x20, 0x73, 0x70, 0x61, 0x77, 0x6e, 0x20, 0x61, 0x44, 0x61, 0x72,
  0x6b, 0x20, 0x46, 0x69, 0x65, 0x6c, 0x64, 0x75, 0x6e, 0x64, 0x65, 0x72,
  0x20, 0x79, 0x6f, 0x75, 0x2e, 0x20, 0x59, 0x6f, 0x75, 0x20, 0x63, 0x61,
  0x6e, 0x20, 0x67, 0x69, 0x76, 0x65, 0x20, 0x61, 0x6c, 0x6c, 0x69, 0x65,
  0x73, 0x20, 0x65, 0x78, 0x74, 0x72, 0x61, 0x48, 0x65, 0x61, 0x6c, 0x69,
  0x6e, 0x67, 0x61, 0x6e, 0x64, 0x43, 0x6f, 0x6e, 0x64, 0x69, 0x74, 0x69,
  0x6f, 0x6e, 0x20, 0x52, 0x65, 0x6d, 0x6f, 0x76, 0x61, 0x6c, 0x62, 0x79,
  0x20, 0x75, 0x73, 0x69, 0x6e, 0x67, 0x73, 0x70, 0x65, 0x63, 0x69, 0x66,
  0x69, 0x63, 0x61, 0x6c, 0x6c, 0x79, 0x20, 0x69, 0x6e, 0x20, 0x61, 0x44,
  0x61, 0x72, 0x6b, 0x20, 0x46, 0x69, 0x65, 0x6c, 0x64, 0x2e, 0x22, 0x0a,
  0x20, 0x20, 0x20, 0x20, 0x20, 0x20, 0x20, 0x20, 0x20, 0x20, 0x7d, 0x2c,
  0x0a, 0x20, 0x20, 0x20, 0x20, 0x20, 0x20, 0x20, 0x20, 0x20, 0x20, 0x7b,
  0x0a, 0x20, 0x20, 0x20, 0x20, 0x20, 0x20, 0x20, 0x20, 0x20, 0x20, 0x20,
  0x20, 0x22, 0x74, 0x65, 0x78, 0x74, 0x22, 0x3a, 0x20, 0x22, 0x41, 0x6c,
  0x6c, 0x20, 0x79, 0x6f, 0x75, 0x72, 0x20, 0x57, 0x65, 0x6c, 0x6c, 0x20,
  0x73, 0x6b, 0x69, 0x6c, 0x6c, 0x73, 0x2c, 0x20, 0x61, 0x73, 0x20, 0x77,
  0x65, 0x6c, 0x6c, 0x20, 0x61, 0x73, 0x2c, 0x20, 0x77, 0x69, 0x6c, 0x6c,
  0x20, 0x73, 0x70, 0x61, 0x77, 0x6e, 0x20, 0x61, 0x44, 0x61, 0x72, 0x6b,
  0x20, 0x46, 0x69, 0x65, 0x6c, 0x64, 0x75, 0x6e, 0x64, 0x65, 0x72, 0x20,
  0x79, 0x6f, 0x75, 0x2e, 0x20, 0x59, 0x6f, 0x75, 0x20, 0x63, 0x61, 0x6e,
  0x20, 0x67, 0x69, 0x76, 0x65, 0x20, 0x61, 0x6c, 0x6c, 0x69, 0x65, 0x73,
  0x20, 0x65, 0x78, 0x74, 0x72, 0x61, 0x48, 0x65, 0x61, 0x6c, 0x69, 0x6e,
  0x67, 0x61, 0x6e, 0x64, 0x43, 0x6f, 0x6e, 0x64, 0x69, 0x74, 0x69, 0x6f,
  0x6e, 0x20, 0x52, 0x65, 0x6d, 0x6f, 0x76, 0x61, 0x6c, 0x62, 0x79, 0x20,
  0x75, 0x73, 0x69, 0x6e, 0x67, 0x73, 0x70, 0x65, 0x63, 0x69, 0x66, 0x69,
  0x63, 0x61, 0x6c, 0x6c, 0x79, 0x20, 0x69, 0x6e, 0x20, 0x61, 0x44, 0x61,
  0x72, 0x6b, 0x20, 0x46, 0x69, 0x65, 0x6c, 0x64, 0x2e, 0x22, 0x0a, 0x20,
  0x20, 0x20, 0x20, 0x20, 0x20, 0x20, 0x20, 0x20, 0x20, 0x7d, 0x2c, 0x0a,
  0x20, 0x20, 0x20, 0x20, 0x20, 0x20, 0x20, 0x20, 0x20, 0x20, 0x7b, 0x0a,
  0x20, 0x20, 0x20, 0x20, 0x20, 0x20, 0x20, 0x20, 0x20, 0x20, 0x20, 0x20,
  0x22, 0x74, 0x65, 0x78, 0x74, 0x22, 0x3a, 0x20, 0x22, 0x57, 0x68, 0x69,
  0x6c, 0x65, 0x20, 0x69, 0x6e, 0x20, 0x53, 0x68, 0x72, 0x6f, 0x75, 0x64,
  0x2c, 0x20, 0x79, 0x6f, 0x75, 0x20, 0x63, 0x61, 0x6e, 0x20, 0x6f, 0x70,
  0x74, 0x20, 0x74, 0x6f, 0x20, 0x75, 0x73, 0x65, 0x77, 0x68, 0x65, 0x6e,
  0x20, 0x61, 0x76, 0x61, 0x69, 0x6c, 0x61, 0x62, 0x6c, 0x65, 0x2c, 0x20,
  0x66, 0x6f, 0x72, 0x20, 0x61, 0x6e, 0x6f, 0x74, 0x68, 0x65, 0x72, 0x20,
  0x62, 0x69, 0x67, 0x20, 0x62, 0x75, 0x72, 0x73, 0x74, 0x20, 0x68, 0x65,
  0x61, 0x6c, 0x2e, 0x22, 0x0a, 0x20, 0x20, 0x20, 0x20, 0x20, 0x20, 0x20,
  0x20, 0x20, 0x20, 0x7d, 0x2c, 0x0a, 0x20, 0x20, 0x20, 0x20, 0x20, 0x20,
  0x20, 0x20, 0x20, 0x20, 0x7b, 0x0a, 0x20, 0x20, 0x20, 0x20, 0x20, 0x20,
  0x20, 0x20, 0x20, 0x20, 0x20, 0x20, 0x22, 0x74, 0x65, 0x78, 0x74, 0x22,
  0x3a, 0x20, 0x22, 0x57, 0x68, 0x69, 0x6c, 0x65, 0x20, 0x69, 0x6e, 0x20,
  0x53, 0x68, 0x72, 0x6f, 0x75, 0x64, 0x2c, 0x20, 0x79, 0x6f, 0x75, 0x20,
  0x63, 0x61, 0x6e, 0x20, 0x6f, 0x70, 0x74, 0x20, 0x74, 0x6f, 0x20, 0x75,
  0x73, 0x65, 0x77, 0x68, 0x65, 0x6e, 0x20, 0x61, 0x76, 0x61, 0x69, 0x6c,
  0x61, 0x62, 0x6c, 0x65, 0x2c, 0x20, 0x66, 0x6f, 0x72, 0x20, 0x61, 0x6e,
  0x6f, 0x74, 0x68, 0x65, 0x72, 0x20, 0x62, 0x69, 0x67, 0x20, 0x62, 0x75,
  0x72, 0x73, 0x74, 0x20, 0x68, 0x65, 0x61, 0x6c, 0x2e, 0x22, 0x0a, 0x20,
  0x20, 0x20, 0x20, 0x20, 0x20, 0x20, 0x20, 0x20, 0x20, 0x7d, 0x0a, 0x20,
  0x20, 0x20, 0x20, 0x20, 0x20, 0x20, 0x20, 0x5d, 0x0a, 0x20, 0x20, 0x20,
  0x20, 0x20, 0x20, 0x7d, 0x2c, 0x0a, 0x20, 0x20, 0x20, 0x20, 0x20, 0x20,
  0x7b, 0x0a, 0x20, 0x20, 0x20, 0x20, 0x20, 0x20, 0x20, 0x20, 0x22, 0x74,
  0x69, 0x74, 0x6c, 0x65, 0x22, 0x3a, 0x20, 0x22, 0x43, 0x72, 0x6f, 0x77,
  0x64, 0x20, 0x43, 0x6f, 0x6e, 0x74, 0x72, 0x6f, 0x6c, 0x22, 0x2c, 0x0a,
  0x20, 0x20, 0x20, 0x20, 0x20, 0x20, 0x20, 0x20, 0x22, 0x69, 0x74, 0x65,
  0x6d, 0x73, 0x22, 0x3a, 0x20, 0x5b, 0x5d, 0x0a, 0x20, 0x20, 0x20, 0x20,
  0x20, 0x20, 0x7d, 0x0a, 0x20, 0x20, 0x20, 0x20, 0x5d, 0x0a, 0x20, 0x20,
  0x7d, 0x2c, 0x0a, 0x20, 0x20, 0x22, 0x67, 0x75, 0x61, 0x72, 0x64, 0x69,
  0x61, 0x6e, 0x2d, 0x70, 0x6f, 0x77, 0x65, 0x72, 0x2d, 0x64, 0x72, 0x61,
  0x67, 0x6f, 0x6e, 0x68, 0x75, 0x6e, 0x74, 0x65, 0x72, 0x22, 0x3a, 0x20,
  0x7b, 0x0a, 0x20, 0x20, 0x20, 0x20, 0x22, 0x73, 0x65, 0x63, 0x74, 0x69,
  0x6f, 0x6e, 0x73, 0x22, 0x3a, 0x20, 0x5b, 0x0a, 0x20, 0x20, 0x20, 0x20,
  0x20, 0x20, 0x7b, 0x0a, 0x20, 0x20, 0x20, 0x20, 0x20, 0x20, 0x20, 0x20,
  0x22, 0x74, 0x69, 0x74, 0x6c, 0x65, 0x22, 0x3a, 0x20, 0x22, 0x4b, 0x65,
  0x79, 0x20, 0x43, 0x6f, 0x6e, 0x63, 0x65, 0x70, 0x74, 0x73, 0x22, 0x2c,
  0x0a, 0x20, 0x20, 0x20, 0x20, 0x20, 0x20, 0x20, 0x20, 0x22, 0x69, 0x74,
  0x65, 0x6d, 0x73, 0x22, 0x3a, 0x20, 0x5b, 0x0a, 0x20, 0x20, 0x20, 0x20,
  0x20, 0x20, 0x20, 0x20, 0x20, 0x20, 0x7b, 0x0a, 0x20, 0x20, 0x20, 0x20,
  0x20, 0x20, 0x20, 0x20, 0x20, 0x20, 0x20, 0x20, 0x22, 0x74, 0x65, 0x78,
  0x74, 0x22, 0x3a, 0x20, 0x22, 0x54, 0x68, 0x69, 0x73, 0x20, 0x62, 0x75,
  0x69, 0x6c, 0x64, 0x20, 0x69, 0x73, 0x20, 0x66, 0x6f, 0x63, 0x75, 0x73,
  0x65, 0x64, 0x20, 0x61, 0x72, 0x6f, 0x75, 0x6e, 0x64, 0x20, 0x63, 0x6f,
  0x6d, 0x70, 0x6c, 0x65, 0x74, 0x69, 0x6e, 0x67, 0x20, 0x79, 0x6f, 0x75,
  0x72, 0x41, 0x75, 0x74, 0x6f, 0x20, 0x41, 0x74, 0x74, 0x61, 0x63, 0x6b,
  0x6f, 0x6e, 0x20, 0x79, 0x6f, 0x75, 0x72, 0x48, 0x61, 0x6d, 0x6d, 0x65,
  0x72, 0x69, 0x6e, 0x20, 0x6f, 0x72, 0x64, 0x65, 0x72, 0x20, 0x74, 0x6f,
  0x20, 0x6d, 0x61, 0x69, 0x6e, 0x74, 0x61, 0x69, 0x6e, 0x20, 0x70, 0x65,
  0x72, 0x6d, 0x61, 0x6e, 0x65, 0x6e, 0x74, 0x53, 0x79, 0x6d, 0x62, 0x6f,
  0x6c, 0x76, 0x69, 0x61, 0x2e, 0x22, 0x0a, 0x20, 0x20, 0x20, 0x20, 0x20,
  0x20, 0x20, 0x20, 0x20, 0x20, 0x7d, 0x2c, 0x0a, 0x20, 0x20, 0x20, 0x20,
  0x20, 0x20, 0x20, 0x20, 0x20, 0x20, 0x7b, 0x0a, 0x20, 0x20, 0x20, 0x20,
  0x20, 0x20, 0x20, 0x20, 0x20, 0x20, 0x20, 0x20, 0x22, 0x74, 0x65, 0x78,
  0x74, 0x22, 0x3a, 0x20, 0x22, 0x43, 0x6f, 0x6d, 0x70, 0x6c, 0x65, 0x78,
  0x69, 0x74, 0x79, 0x20, 0x63, 0x61, 0x6e, 0x20, 0x62, 0x65, 0x20, 0x61,
  0x64, 0x64, 0x65, 0x64, 0x20, 0x74, 0x68, 0x72, 0x6f, 0x75, 0x67, 0x68,
  0x20, 0x75, 0x73, 0x69, 0x6e, 0x67, 0x2c, 0x61, 0x6e, 0x64, 0x2e, 0x22,
  0x0a, 0x20, 0x20, 0x20, 0x20, 0x20, 0x20, 0x20, 0x20, 0x20, 0x20, 0x7d,
  0x2c, 0x0a, 0x20, 0x20, 0x20, 0x20, 0x20, 0x20, 0x20, 0x20, 0x20, 0x20,
  0x7b, 0x0a, 0x20, 0x20, 0x20, 0x20, 0x20, 0x20, 0x20, 0x20, 0x20, 0x20,
  0x20, 0x20, 0x22, 0x74, 0x65, 0x78, 0x74, 0x22, 0x3a, 0x20, 0x22, 0x59,
  0x6f, 0x75, 0x72, 0x20, 0x74, 0x72, 0x61, 0x70, 0x73, 0x20, 0x70, 0x72,
  0x6f, 0x76, 0x69, 0x64, 0x65, 0x20, 0x79, 0x6f, 0x75, 0x20, 0x77, 0x69,
  0x74, 0x68, 0x20, 0x61, 0x64, 0x64, 0x69, 0x74, 0x69, 0x6f, 0x6e, 0x61,
  0x6c, 0x44, 0x61, 0x6d, 0x61, 0x67, 0x65, 0x61, 0x6e, 0x64, 0x20, 0x75,
  0x70, 0x74, 0x69, 0x6d, 0x65, 0x20, 0x6f, 0x6e, 0x20, 0x79, 0x6f, 0x75,
  0x72, 0x2e, 0x22, 0x0a, 0x20, 0x20, 0x20, 0x20, 0x20, 0x20, 0x20, 0x20,
  0x20, 0x20, 0x7d, 0x0a, 0x20, 0x20, 0x20, 0x20, 0x20, 0x20, 0x20, 0x20,
  0x5d, 0x0a, 0x20, 0x20, 0x20, 0x20, 0x20, 0x20, 0x7d, 0x2c, 0x0a, 0x20,
  0x20, 0x20, 0x20, 0x20, 0x20, 0x7b, 0x0a, 0x20, 0x20, 0x20, 0x20, 0x20,
  0x20, 0x20, 0x20, 0x22, 0x74, 0x69, 0x74, 0x6c, 0x65, 0x22, 0x3a, 0x20,
  0x22, 0x53, 0x74, 0x65, 0x70, 0x20, 0x4f, 0x6e, 0x65, 0x22, 0x2c, 0x0a,
  0x20, 0x20, 0x20, 0x20, 0x20, 0x20, 0x20, 0x20, 0x22, 0x69, 0x74, 0x65,
  0x6d, 0x73, 0x22, 0x3a, 0x20, 0x5b, 0x0a, 0x20, 0x20, 0x20, 0x20, 0x20,
  0x20, 0x20, 0x20, 0x20, 0x20, 0x7b, 0x0a, 0x20, 0x20, 0x20, 0x20, 0x20,
  0x20, 0x20, 0x20, 0x20, 0x20, 0x20, 0x20, 0x22, 0x74, 0x65, 0x78, 0x74,
  0x22, 0x3a, 0x20, 0x22, 0x43, 0x6f, 0x6e, 0x74, 0x69, 0x6e, 0x75, 0x61,
  0x6c, 0x6c, 0x79, 0x41, 0x75, 0x74, 0x6f, 0x20, 0x41, 0x74, 0x74, 0x61,
  0x63, 0x6b, 0x6f, 0x6e, 0x20, 0x79, 0x6f, 0x75, 0x72, 0x48, 0x61, 0x6d,
  0x6d, 0x65, 0x72, 0x2e, 0x20, 0x57, 0x65, 0x20, 0x77, 0x61, 0x6e, 0x74,
  0x20, 0x74, 0x6f, 0x20, 0x61, 0x6c, 0x77, 0x61, 0x79, 0x73, 0x20, 0x66,
  0x69, 0x6e, 0x69, 0x73, 0x68, 0x20, 0x6f, 0x66, 0x66, 0x20, 0x74, 0x68,
  0x65, 0x20, 0x66, 0x75, 0x6c, 0x6c, 0x41, 0x75, 0x74, 0x6f, 0x20, 0x41,
  0x74, 0x74, 0x61, 0x63, 0x6b, 0x20, 0x43, 0x68, 0x61, 0x69, 0x6e, 0x2e,
  0x22, 0x0a, 0x20, 0x20, 0x20, 0x20, 0x20, 0x20, 0x20, 0x20, 0x20, 0x20,
  0x7d, 0x2c, 0x0a, 0x20, 0x20, 0x20, 0x20, 0x20, 0x20, 0x20, 0x20, 0x20,
  0x20, 0x7b, 0x0a, 0x20, 0x20, 0x20, 0x20, 0x20, 0x20, 0x20, 0x20, 0x20,
  0x20, 0x20, 0x20, 0x22, 0x74, 0x65, 0x78, 0x74, 0x22, 0x3a, 0x20, 0x22,
  0x54, 0x68, 0x69, 0x73, 0x20, 0x69, 0x73, 0x20, 0x73, 0x6f, 0x20, 0x77,
  0x65, 0x20, 0x63, 0x61, 0x6e, 0x20, 0x6c, 0x65, 0x61, 0x76, 0x65, 0x20,
  0x61, 0x53, 0x79, 0x6d, 0x62, 0x6f, 0x6c, 0x6f, 0x6e, 0x20, 0x74, 0x68,
  0x65, 0x20, 0x67, 0x72, 0x6f, 0x75, 0x6e, 0x64, 0x20, 0x76, 0x69, 0x61,
  0x77, 0x68, 0x69, 0x63, 0x68, 0x20, 0x77, 0x69, 0x6c, 0x6c, 0x20, 0x63,
  0x6f, 0x6e, 0x74, 0x69, 0x6e, 0x75, 0x61, 0x6c, 0x6c, 0x79, 0x20, 0x74,
  0x69, 0x63, 0x6b, 0x44, 0x61, 0x6d, 0x61, 0x67, 0x65, 0x2e, 0x22, 0x0a,
  0x20, 0x20, 0x20, 0x20, 0x20, 0x20, 0x20, 0x20, 0x20, 0x20, 0x7d, 0x0a,
  0x20, 0x20, 0x20, 0x20, 0x20, 0x20, 0x20, 0x20, 0x5d, 0x0a, 0x20, 0x20,
  0x20, 0x20, 0x20, 0x20, 0x7d, 0x2c, 0x0a, 0x20, 0x20, 0x20, 0x20, 0x20,
  0x20, 0x7b, 0x0a, 0x20, 0x20, 0x20, 0x20, 0x20, 0x20, 0x20, 0x20, 0x22,
  0x74, 0x69, 0x74, 0x6c, 0x65, 0x22, 0x3a, 0x20, 0x22, 0x53, 0x74, 0x65,
  0x70, 0x20, 0x54, 0x77, 0x6f, 0x22, 0x2c, 0x0a, 0x20, 0x20, 0x20, 0x20,
  0x20, 0x20, 0x20, 0x20, 0x22, 0x69, 0x74, 0x65, 0x6d, 0x73, 0x22, 0x3a,
  0x20, 0x5b, 0x0a, 0x20, 0x20, 0x20, 0x20, 0x20, 0x20, 0x20, 0x20, 0x20,
  0x20, 0x7b, 0x0a, 0x20, 0x20, 0x20, 0x20, 0x20, 0x20, 0x20, 0x20, 0x20,
  0x20, 0x20, 0x20, 0x22, 0x74, 0x65, 0x78, 0x74, 0x22, 0x3a, 0x20, 0x22,
  0x57, 0x65, 0x20, 0x63, 0x61, 0x6e, 0x20, 0x6e, 0x6f, 0x77, 0x20, 0x61,
  0x64, 0x64, 0x20, 0x69, 0x6e, 0x2e, 0x22, 0x0a, 0x20, 0x20, 0x20, 0x20,
  0x20, 0x20, 0x20, 0x20, 0x20, 0x20, 0x7d, 0x2c, 0x0a, 0x20, 0x20, 0x20,
  0x20, 0x20, 0x20, 0x20, 0x20, 0x20, 0x20, 0x7b, 0x0a, 0x20, 0x20, 0x20,
  0x20, 0x20, 0x20, 0x20, 0x20, 0x20, 0x20, 0x20, 0x20, 0x22, 0x74, 0x65,
  0x78, 0x74, 0x22, 0x3a, 0x20, 0x22, 0x55, 0x73, 0x65, 0x20, 0x79, 0x6f,
  0x75, 0x72, 0x61, 0x73, 0x20, 0x73, 0x6f, 0x6f, 0x6e, 0x20, 0x61, 0x73,
  0x20, 0x69, 0x74, 0x20, 0x62, 0x65, 0x63, 0x6f, 0x6d, 0x65, 0x73, 0x20,
  0x61, 0x76, 0x61, 0x69, 0x6c, 0x61, 0x62, 0x6c, 0x65, 0x20, 0x61, 0x73,
  0x20, 0x69, 0x74, 0x20, 0x70, 0x72, 0x6f, 0x76, 0x69, 0x64, 0x65, 0x73,
  0x20, 0x76, 0x65, 0x72, 0x79, 0x20, 0x67, 0x6f, 0x6f, 0x64, 0x44, 0x61,
  0x6d, 0x61, 0x67, 0x65, 0x2e, 0x22, 0x0a, 0x20, 0x20, 0x20, 0x20, 0x20,
  0x20, 0x20, 0x20, 0x20, 0x20, 0x7d, 0x2c, 0x0a, 0x20, 0x20, 0x20, 0x20,
  0x20, 0x20, 0x20, 0x20, 0x20, 0x20, 0x7b, 0x0a, 0x20, 0x20, 0x20, 0x20,
  0x20, 0x20, 0x20, 0x20, 0x20, 0x20, 0x20, 0x20, 0x22, 0x74, 0x65, 0x78,
  0x74, 0x22, 0x3a, 0x20, 0x22, 0x54, 0x72, 0x79, 0x20, 0x6e, 0x6f, 0x74,
  0x20, 0x74, 0x6f, 0x20, 0x69, 0x6e, 0x74, 0x65, 0x72, 0x72, 0x75, 0x70,
  0x74, 0x20, 0x79, 0x6f, 0x75, 0x72, 0x41, 0x75, 0x74, 0x6f, 0x20, 0x41,
  0x74, 0x74, 0x61, 0x63, 0x6b, 0x20, 0x43, 0x68, 0x61, 0x69, 0x6e, 0x6f,
  0x6e, 0x48, 0x61, 0x6d, 0x6d, 0x65, 0x72, 0x77, 0x68, 0x65, 0x6e, 0x20,
  0x75, 0x73, 0x69, 0x6e, 0x67, 0x2e, 0x22, 0x0a, 0x20, 0x20, 0x20, 0x20,
  0x20, 0x20, 0x20, 0x20, 0x20, 0x20, 0x7d, 0x0a, 0x20, 0x20, 0x20, 0x20,
  0x20, 0x20, 0x20, 0x20, 0x5d, 0x0a, 0x20, 0x20, 0x20, 0x20, 0x20, 0x20,
  0x7d, 0x2c, 0x0a, 0x20, 0x20, 0x20, 0x20, 0x20, 0x20, 0x7b, 0x0a, 0x20,
  0x20, 0x20, 0x20, 0x20, 0x20, 0x20, 0x20, 0x22, 0x74, 0x69, 0x74, 0x6c,
  0x65, 0x22, 0x3a, 0x20, 0x22, 0x53, 0x74, 0x65, 0x70, 0x20, 0x54, 0x68,
  0x72, 0x65, 0x65, 0x22, 0x2c, 0x0a, 0x20, 0x20, 0x20, 0x20, 0x20, 0x20,
  0x20, 0x20, 0x22, 0x69, 0x74, 0x65, 0x6d, 0x73, 0x22, 0x3a, 0x20, 0x5b,
  0x0a, 0x20, 0x20, 0x20, 0x20, 0x20, 0x20, 0x20, 0x20, 0x20, 0x20, 0x7b,
  0x0a, 0x20, 0x20, 0x20, 0x20, 0x20, 0x20, 0x20, 0x20, 0x20, 0x20, 0x20,
  0x20, 0x22, 0x74, 0x65, 0x78, 0x74, 0x22, 0x3a, 0x20, 0x22, 0x57, 0x65,
  0x20, 0x63, 0x61, 0x6e, 0x20, 0x6e, 0x6f, 0x77, 0x20, 0x61, 0x64, 0x64,
  0x20, 0x69, 0x6e, 0x61, 0x6e, 0x64, 0x2e, 0x22, 0x0a, 0x20, 0x20, 0x20,
  0x20, 0x20, 0x20, 0x20, 0x20, 0x20, 0x20, 0x7d, 0x2c, 0x0a, 0x20, 0x20,
  0x20, 0x20, 0x20, 0x20, 0x20, 0x20, 0x20, 0x20, 0x7b, 0x0a, 0x20, 0x20,
  0x20, 0x20, 0x20, 0x20, 0x20, 0x20, 0x20, 0x20, 0x20, 0x20, 0x22, 0x74,
  0x65, 0x78, 0x74, 0x22, 0x3a, 0x20, 0x22, 0x6f, 0x72, 0x73, 0x68, 0x6f,
  0x75, 0x6c, 0x64, 0x20, 0x62, 0x65, 0x20, 0x75, 0x73, 0x65, 0x64, 0x20,
  0x77, 0x68, 0x65, 0x6e, 0x20, 0x79, 0x6f, 0x75, 0x20, 0x73, 0x65, 0x65,
  0x20, 0x79, 0x6f, 0x75, 0x20, 0x64, 0x6f, 0x6e, 0x27, 0x74, 0x20, 0x68,
  0x61, 0x76, 0x65, 0x20, 0x74, 0x68, 0x65, 0x20, 0x62, 0x75, 0x66, 0x66,
  0x20, 0x66, 0x72, 0x6f, 0x6d, 0x2e, 0x22, 0x0a, 0x20, 0x20, 0x20, 0x20,
  0x20, 0x20, 0x20, 0x20, 0x20, 0x20, 0x7d, 0x2c, 0x0a, 0x20, 0x20, 0x20,
  0x20, 0x20, 0x20, 0x20, 0x20, 0x20, 0x20, 0x7b, 0x0a, 0x20, 0x20, 0x20,
  0x20, 0x20, 0x20, 0x20, 0x20, 0x20, 0x20, 0x20, 0x20, 0x22, 0x74, 0x65,
  0x78, 0x74, 0x22, 0x3a, 0x20, 0x22, 0x54, 0x72, 0x79, 0x20, 0x6e, 0x6f,
  0x74, 0x20, 0x74, 0x6f, 0x20, 0x69, 0x6e, 0x74, 0x65, 0x72, 0x72, 0x75,
  0x70, 0x74, 0x20, 0x79, 0x6f, 0x75, 0x72, 0x41, 0x75, 0x74, 0x6f, 0x20,
  0x41, 0x74, 0x74, 0x61, 0x63, 0x6b, 0x20, 0x43, 0x68, 0x61, 0x69, 0x6e,
  0x6f, 0x6e, 0x48, 0x61, 0x6d, 0x6d, 0x65, 0x72, 0x77, 0x68, 0x65, 0x6e,
  0x20, 0x75, 0x73, 0x69, 0x6e, 0x67, 0x2e, 0x22, 0x0a, 0x20, 0x20, 0x20,
  0x20, 0x20, 0x20, 0x20, 0x20, 0x20, 0x20, 0x7d, 0x0a, 0x20, 0x20, 0x20,
  0x20, 0x20, 0x20, 0x20, 0x20, 0x5d, 0x0a, 0x20, 0x20, 0x20, 0x20, 0x20,
  0x20, 0x7d, 0x2c, 0x0a, 0x20, 0x20, 0x20, 0x20, 0x20, 0x20, 0x7b, 0x0a,
  0x20, 0x20, 0x20, 0x20, 0x20, 0x20, 0x20, 0x20, 0x22, 0x74, 0x69, 0x74,
  0x6c, 0x65, 0x22, 0x3a, 0x20, 0x22, 0x44, 0x65, 0x66, 0x65, 0x6e, 0x73,
  0x65, 0x22, 0x2c, 0x0a, 0x20, 0x20, 0x20, 0x20, 0x20, 0x20, 0x20, 0x20,
  0x22, 0x69, 0x74, 0x65, 0x6d, 0x73, 0x22, 0x3a, 0x20, 0x5b, 0x0a, 0x20,
  0x20, 0x20, 0x20, 0x20, 0x20, 0x20, 0x20, 0x20, 0x20, 0x7b, 0x0a, 0x20,
  0x20, 0x20, 0x20, 0x20, 0x20, 0x20, 0x20, 0x20, 0x20, 0x20, 0x20, 0x22,
  0x74, 0x65, 0x78, 0x74, 0x22, 0x3a, 0x20, 0x22, 0x65, 0x73, 0x73, 0x65,
  0x6e, 0x74, 0x69, 0x61, 0x6c, 0x6c, 0x79, 0x20, 0x66, 0x75, 0x6e, 0x63,
  0x74, 0x69, 0x6f, 0x6e, 0x73, 0x20, 0x61, 0x73, 0x20, 0x61, 0x6e, 0x20,
  0x69, 0x6e, 0x76, 0x75, 0x6c, 0x6e, 0x65, 0x72, 0x61, 0x62, 0x69, 0x6c,
  0x69, 0x74, 0x79, 0x20, 0x77, 0x69, 0x6e, 0x64, 0x6f, 0x77, 0x2c, 0x20,
  0x75, 0x73, 0x65, 0x20, 0x74, 0x68, 0x69, 0x73, 0x20, 0x74, 0x6f, 0x20,
  0x79, 0x6f, 0x75, 0x72, 0x20, 0x61, 0x64, 0x76, 0x61, 0x6e, 0x74, 0x61,
  0x67, 0x65, 0x2e, 0x22, 0x0a, 0x20, 0x20, 0x20, 0x20, 0x20, 0x20, 0x20,
  0x20, 0x20, 0x20, 0x7d, 0x2c, 0x0a, 0x20, 0x20, 0x20, 0x20, 0x20, 0x20,
  0x20, 0x20, 0x20, 0x20, 0x7b, 0x0a, 0x20, 0x20, 0x20, 0x20, 0x20, 0x20,
  0x20, 0x20, 0x20, 0x20, 0x20, 0x20, 0x22, 0x74, 0x65, 0x78, 0x74, 0x22,
  0x3a, 0x20, 0x22, 0x77, 0x69, 0x6c, 0x6c, 0x48, 0x65, 0x61, 0x6c, 0x61,
  0x6e, 0x64, 0x52, 0x65, 0x6d, 0x6f, 0x76, 0x65, 0x20, 0x43, 0x6f, 0x6e,
  0x64, 0x69, 0x74, 0x69, 0x6f, 0x6e, 0x73, 0x2e, 0x22, 0x0a, 0x20, 0x20,
  0x20, 0x20, 0x20, 0x20, 0x20, 0x20, 0x20, 0x20, 0x7d, 0x2c, 0x0a, 0x20,
  0x20, 0x20, 0x20, 0x20, 0x20, 0x20, 0x20, 0x20, 0x20, 0x7b, 0x0a, 0x20,
  0x20, 0x20, 0x20, 0x20, 0x20, 0x20, 0x20, 0x20, 0x20, 0x20, 0x20, 0x22,
  0x74, 0x65, 0x78, 0x74, 0x22, 0x3a, 0x20, 0x22, 0x55, 0x73, 0x65, 0x74,
  0x6f, 0x20, 0x67, 0x61, 0x69, 0x6e, 0x41, 0x65, 0x67, 0x69, 0x73, 0x61,
  0x6e, 0x64, 0x42, 0x6c, 0x6f, 0x63, 0x6b, 0x61, 0x74, 0x74, 0x61, 0x63,
  0x6b, 0x73, 0x20, 0x66, 0x6f, 0x72, 0x20, 0x74, 0x68, 0x72, 0x65, 0x65,
  0x20, 0x73, 0x65, 0x63, 0x6f, 0x6e, 0x64, 0x73, 0x2e, 0x22, 0x0a, 0x20,
  0x20, 0x20, 0x20, 0x20, 0x20, 0x20, 0x20, 0x20, 0x20, 0x7d, 0x2c, 0x0a,
  0x20, 0x20, 0x20, 0x20, 0x20, 0x20, 0x20, 0x20, 0x20, 0x20, 0x7b, 0x0a,
  0x20, 0x20, 0x20, 0x20, 0x20, 0x20, 0x20, 0x20, 0x20, 0x20, 0x20, 0x20,
  0x22, 0x74, 0x65, 0x78, 0x74, 0x22, 0x3a, 0x20, 0x22, 0x41, 0x74, 0x74,
  0x61, 0x63, 0x6b, 0x73, 0x20, 0x6d, 0x61, 0x64, 0x65, 0x20, 0x62, 0x65,
  0x68, 0x69, 0x6e, 0x64, 0x20, 0x6f, 0x72, 0x20, 0x74, 0x6f, 0x20, 0x74,
  0x68, 0x65, 0x20, 0x73, 0x69, 0x64, 0x65, 0x20, 0x6f, 0x66, 0x20, 0x79,
  0x6f, 0x75, 0x72, 0x20, 0x63, 0x68, 0x61, 0x72, 0x61, 0x63, 0x74, 0x65,
  0x72, 0x20, 0x77, 0x69, 0x6c, 0x6c, 0x6e, 0x6f, 0x74, 0x62, 0x65, 0x42,
  0x6c, 0x6f, 0x63, 0x6b, 0x65, 0x64, 0x2e, 0x22, 0x0a, 0x20, 0x20, 0x20,
  0x20, 0x20, 0x20, 0x20, 0x20, 0x20, 0x20, 0x7d, 0x2c, 0x0a, 0x20, 0x20,
  0x20, 0x20, 0x20, 0x20, 0x20, 0x20, 0x20, 0x20, 0x7b, 0x0a, 0x20, 0x20,
  0x20, 0x20, 0x20, 0x20, 0x20, 0x20, 0x20, 0x20, 0x20, 0x20, 0x22, 0x74,
  0x65, 0x78, 0x74, 0x22, 0x3a, 0x20, 0x22, 0x41, 0x74, 0x74, 0x61, 0x63,
  0x6b, 0x73, 0x20, 0x6d, 0x61, 0x64, 0x65, 0x20, 0x61, 0x67, 0x61, 0x69,
  0x6e, 0x73, 0x74, 0x20, 0x61, 0x6c, 0x6c, 0x69, 0x65, 0x73, 0x20, 0x6e,
  0x65, 0x61, 0x72, 0x20, 0x79, 0x6f, 0x75, 0x72, 0x20, 0x63, 0x68, 0x61,
  0x72, 0x61, 0x63, 0x74, 0x65, 0x72, 0x20, 0x77, 0x69, 0x6c, 0x6c, 0x61,
  0x6c, 0x73, 0x6f, 0x62, 0x65, 0x42, 0x6c, 0x6f, 0x63, 0x6b, 0x65, 0x64,
  0x2e, 0x22, 0x0a, 0x20, 0x20, 0x20, 0x20, 0x20, 0x20, 0x20, 0x20, 0x20,
  0x20, 0x7d, 0x2c, 0x0a, 0x20, 0x20, 0x20, 0x20, 0x20, 0x20, 0x20, 0x20,
  0x20, 0x20, 0x7b, 0x0a, 0x20, 0x20, 0x20, 0x20, 0x20, 0x20, 0x20, 0x20,
  0x20, 0x20, 0x20, 0x20, 0x22, 0x74, 0x65, 0x78, 0x74, 0x22, 0x3a, 0x20,
  0x22, 0x59, 0x6f, 0x75, 0x20, 0x63, 0x61, 0x6e, 0x20, 0x73, 0x74, 0x69,
  0x6c, 0x6c, 0x20, 0x75, 0x73, 0x65, 0x20, 0x61, 0x6c, 0x6c, 0x20, 0x79,
  0x6f, 0x75, 0x72, 0x20, 0x6f, 0x74, 0x68, 0x65, 0x72, 0x20, 0x73, 0x6b,
  0x69, 0x6c, 0x6c, 0x73, 0x20, 0x77, 0x68, 0x69, 0x6c, 0x65, 0x69, 0x73,
  0x20, 0x61, 0x63, 0x74, 0x69, 0x76, 0x65, 0x2e, 0x22, 0x0a, 0x20, 0x20,
  0x20, 0x20, 0x20, 0x20, 0x20, 0x20, 0x20, 0x20, 0x7d, 0x0a, 0x20, 0x20,
  0x20, 0x20, 0x20, 0x20, 0x20, 0x20, 0x5d, 0x0a, 0x20, 0x20, 0x20, 0x20,
  0x20, 0x20, 0x7d, 0x2c, 0x0a, 0x20, 0x20, 0x20, 0x20, 0x20, 0x20, 0x7b,
  0x0a, 0x20, 0x20, 0x20, 0x20, 0x20, 0x20, 0x20, 0x20, 0x22, 0x74, 0x69,
  0x74, 0x6c, 0x65, 0x22, 0x3a, 0x20, 0x22, 0x43, 0x72, 0x6f, 0x77, 0x64,
  0x20, 0x43, 0x6f, 0x6e, 0x74, 0x72, 0x6f, 0x6c, 0x22, 0x2c, 0x0a, 0x20,
  0x20, 0x20, 0x20, 0x20, 0x20, 0x20, 0x20, 0x22, 0x69, 0x74, 0x65, 0x6d,
  0x73, 0x22, 0x3a, 0x20, 0x5b, 0x5d, 0x0a, 0x20, 0x20, 0x20, 0x20, 0x20,
  0x20, 0x7d, 0x0a, 0x20, 0x20, 0x20, 0x20, 0x5d, 0x0a, 0x20, 0x20, 0x7d,
  0x2c, 0x0a, 0x20, 0x20, 0x22, 0x67, 0x75, 0x61, 0x72, 0x64, 0x69, 0x61,
  0x6e, 0x2d, 0x63, 0x6f, 0x6e, 0x64, 0x69, 0x74, 0x69, 0x6f, 0x6e, 0x2d,
  0x77, 0x69, 0x6c, 0x6c, 0x62, 0x65, 0x6e, 0x64, 0x65, 0x72, 0x22, 0x3a,
  0x20, 0x7b, 0x0a, 0x20, 0x20, 0x20, 0x20, 0x22, 0x73, 0x65, 0x63, 0x74,
  0x69, 0x6f, 0x6e, 0x73, 0x22, 0x3a, 0x20, 0x5b, 0x0a, 0x20, 0x20, 0x20,
  0x20, 0x20, 0x20, 0x7b, 0x0a, 0x20, 0x20, 0x20, 0x20, 0x20, 0x20, 0x20,
  0x20, 0x22, 0x74, 0x69, 0x74, 0x6c, 0x65, 0x22, 0x3a, 0x20, 0x22, 0x4b,
  0x65, 0x79, 0x20, 0x43, 0x6f, 0x6e, 0x63, 0x65, 0x70, 0x74, 0x73, 0x22,
  0x2c, 0x0a, 0x20, 0x20, 0x20, 0x20, 0x20, 0x20, 0x20, 0x20, 0x22, 0x69,
  0x74, 0x65, 0x6d, 0x73, 0x22, 0x3a, 0x20, 0x5b, 0x0a, 0x20, 0x20, 0x20,
  0x20, 0x20, 0x20, 0x20, 0x20, 0x20, 0x20, 0x7b, 0x0a, 0x20, 0x20, 0x20,
  0x20, 0x20, 0x20, 0x20, 0x20, 0x20, 0x20, 0x20, 0x20, 0x22, 0x74, 0x65,
  0x78, 0x74, 0x22, 0x3a, 0x20, 0x22, 0x54, 0x68, 0x69, 0x73, 0x20, 0x62,
  0x75, 0x69, 0x6c, 0x64, 0x20, 0x69, 0x73, 0x20, 0x66, 0x6f, 0x63, 0x75,
  0x73, 0x65, 0x64, 0x20, 0x6f, 0x6e, 0x20, 0x75, 0x73, 0x69, 0x6e, 0x67,
  0x20, 0x62, 0x6f, 0x74, 0x68, 0x20, 0x6f, 0x66, 0x20, 0x79, 0x6f, 0x75,
  0x72, 0x50, 0x69, 0x73, 0x74, 0x6f, 0x6c, 0x73, 0x61, 0x6e, 0x64, 0x74,
  0x6f, 0x20, 0x71, 0x75, 0x69, 0x63, 0x6b, 0x6c, 0x79, 0x20, 0x72, 0x61,
  0x6d, 0x70, 0x20, 0x75, 0x70, 0x20, 0x79, 0x6f, 0x75, 0x72, 0x42, 0x75,
  0x72, 0x6e, 0x69, 0x6e, 0x67, 0x2e, 0x22, 0x0a, 0x20, 0x20, 0x20, 0x20,
  0x20, 0x20, 0x20, 0x20, 0x20, 0x20, 0x7d, 0x2c, 0x0a, 0x20, 0x20, 0x20,
  0x20, 0x20, 0x20, 0x20, 0x20, 0x20, 0x20, 0x7b, 0x0a, 0x20, 0x20, 0x20,
  0x20, 0x20, 0x20, 0x20, 0x20, 0x20, 0x20, 0x20, 0x20, 0x22, 0x74, 0x65,
  0x78, 0x74, 0x22, 0x3a, 0x20, 0x22, 0x55, 0x73, 0x69, 0x6e, 0x67, 0x67,
  0x72, 0x61, 0x6e, 0x74, 0x73, 0x20, 0x74, 0x68, 0x65, 0x4a, 0x75, 0x73,
  0x74, 0x69, 0x63, 0x65, 0x62, 0x75, 0x66, 0x66, 0x20, 0x66, 0x6f, 0x72,
  0x20, 0x31, 0x30, 0x20, 0x73, 0x65, 0x63, 0x6f, 0x6e, 0x64, 0x73, 0x20,
  0x64, 0x75, 0x65, 0x20, 0x74, 0x6f, 0x2e, 0x20, 0x57, 0x68, 0x69, 0x6c,
  0x65, 0x20, 0x74, 0x68, 0x69, 0x73, 0x20, 0x62, 0x75, 0x66, 0x66, 0x20,
  0x69, 0x73, 0x20, 0x61, 0x63, 0x74, 0x69, 0x76, 0x65, 0x2c, 0x20, 0x69,
  0x6e, 0x66, 0x6c, 0x69, 0x63, 0x74, 0x42, 0x75, 0x72, 0x6e, 0x69, 0x6e,
  0x67, 0x69, 0x6e, 0x20, 0x61, 0x6e, 0x41, 0x6f, 0x45, 0x65, 0x76, 0x65,
  0x72, 0x79, 0x20, 0x74, 0x68, 0x72, 0x65, 0x65, 0x20, 0x73, 0x74, 0x72,
  0x69, 0x6b, 0x65, 0x73, 0x2e, 0x20, 0x41, 0x6c, 0x77, 0x61, 0x79, 0x73,
  0x20, 0x75, 0x73, 0x65, 0x6f, 0x66, 0x66, 0x43, 0x6f, 0x6f, 0x6c, 0x64,
  0x6f, 0x77, 0x6e, 0x74, 0x6f, 0x20, 0x6d, 0x61, 0x78, 0x69, 0x6d, 0x69,
  0x7a, 0x65, 0x20, 0x79, 0x6f, 0x75, 0x72, 0x44, 0x61, 0x6d, 0x61, 0x67,
  0x65, 0x2e, 0x22, 0x0a, 0x20, 0x20, 0x20, 0x20, 0x20, 0x20, 0x20, 0x20,
  0x20, 0x20, 0x7d, 0x2c, 0x0a, 0x20, 0x20, 0x20, 0x20, 0x20, 0x20, 0x20,
  0x20, 0x20, 0x20, 0x7b, 0x0a, 0x20, 0x20, 0x20, 0x20, 0x20, 0x20, 0x20,
  0x20, 0x20, 0x20, 0x20, 0x20, 0x22, 0x74, 0x65, 0x78, 0x74, 0x22, 0x3a,
  0x20, 0x22, 0x55, 0x73, 0x65, 0x20, 0x79, 0x6f, 0x75, 0x72, 0x50, 0x69,
  0x73, 0x74, 0x6f, 0x6c, 0x73, 0x6b, 0x69, 0x6c, 0x6c, 0x73, 0x20, 0x6f,
  0x66, 0x66, 0x43, 0x6f, 0x6f, 0x6c, 0x64, 0x6f, 0x77, 0x6e, 0x3a, 0x22,
  0x0a, 0x20, 0x20, 0x20, 0x20, 0x20, 0x20, 0x20, 0x20, 0x20, 0x20, 0x7d,
  0x0a, 0x20, 0x20, 0x20, 0x20, 0x20, 0x20, 0x20, 0x20, 0x5d, 0x0a, 0x20,
  0x20, 0x20, 0x20, 0x20, 0x20, 0x7d, 0x2c, 0x0a, 0x20, 0x20, 0x20, 0x20,
  0x20, 0x20, 0x7b, 0x0a, 0x20, 0x20, 0x20, 0x20, 0x20, 0x20, 0x20, 0x20,
  0x22, 0x74, 0x69, 0x74, 0x6c, 0x65, 0x22, 0x3a, 0x20, 0x22, 0x4f, 0x70,
  0x65, 0x6e, 0x65, 0x72, 0x22, 0x2c, 0x0a, 0x20, 0x20, 0x20, 0x20, 0x20,
  0x20, 0x20, 0x20, 0x22, 0x69, 0x74, 0x65, 0x6d, 0x73, 0x22, 0x3a, 0x20,
  0x5b, 0x0a, 0x20, 0x20, 0x20, 0x20, 0x20, 0x20, 0x20, 0x20, 0x20, 0x20,
  0x7b, 0x0a, 0x20, 0x20, 0x20, 0x20, 0x20, 0x20, 0x20, 0x20, 0x20, 0x20,
  0x20, 0x20, 0x22, 0x74, 0x65, 0x78, 0x74, 0x22, 0x3a, 0x20, 0x22, 0x54,
  0x61, 0x6b, 0x65, 0x20, 0x74, 0x69, 0x6d, 0x65, 0x20, 0x74, 0x6f, 0x20,
  0x6c, 0x65, 0x61, 0x72, 0x6e, 0x20, 0x74, 0x68, 0x69, 0x73, 0x20, 0x6f,
  0x70, 0x65, 0x6e, 0x69, 0x6e, 0x67, 0x20, 0x77, 0x65, 0x6c, 0x6c, 0x20,
  0x61, 0x73, 0x20, 0x69, 0x74, 0x20, 0x77, 0x69, 0x6c, 0x6c, 0x20, 0x70,
  0x72, 0x6f, 0x76, 0x69, 0x64, 0x65, 0x20, 0x79, 0x6f, 0x75, 0x20, 0x77,
  0x69, 0x74, 0x68, 0x20, 0x61, 0x20, 0x73, 0x74, 0x72, 0x6f, 0x6e, 0x67,
  0x20, 0x6f, 0x70, 0x65, 0x6e, 0x69, 0x6e, 0x67, 0x20, 0x62, 0x75, 0x72,
  0x73, 0x74, 0x2e, 0x22, 0x0a, 0x20, 0x20, 0x20, 0x20, 0x20, 0x20, 0x20,
  0x20, 0x20, 0x20, 0x7d, 0x0a, 0x20, 0x20, 0x20, 0x20, 0x20, 0x20, 0x20,
  0x20, 0x5d, 0x0a, 0x20, 0x20, 0x20, 0x20, 0x20, 0x20, 0x7d, 0x2c, 0x0a,
  0x20, 0x20, 0x20, 0x20, 0x20, 0x20, 0x7b, 0x0a, 0x20, 0x20, 0x20, 0x20,
  0x20, 0x20, 0x20, 0x20, 0x22, 0x74, 0x69, 0x74, 0x6c, 0x65, 0x22, 0x3a,
  0x20, 0x22, 0x53, 0x74, 0x65, 0x70, 0x20, 0x4f, 0x6e, 0x65, 0x22, 0x2c,
  0x0a, 0x20, 0x20, 0x20, 0x20, 0x20, 0x20, 0x20, 0x20, 0x22, 0x69, 0x74,
  0x65, 0x6d, 0x73, 0x22, 0x3a, 0x20, 0x5b, 0x0a, 0x20, 0x20, 0x20, 0x20,
  0x20, 0x20, 0x20, 0x20, 0x20, 0x20, 0x7b, 0x0a, 0x20, 0x20, 0x20, 0x20,
  0x20, 0x20, 0x20, 0x20, 0x20, 0x20, 0x20, 0x20, 0x22, 0x74, 0x65, 0x78,
  0x74, 0x22, 0x3a, 0x20, 0x22, 0x55, 0x73, 0x65, 0x20, 0x74, 0x68, 0x65,
  0x20, 0x66, 0x6f, 0x6c, 0x6c, 0x6f, 0x77, 0x69, 0x6e, 0x67, 0x20, 0x73,
  0x6b, 0x69, 0x6c, 0x6c, 0x73, 0x20, 0x6f, 0x66, 0x66, 0x43, 0x6f, 0x6f,
  0x6c, 0x64, 0x6f, 0x77, 0x6e, 0x3a, 0x22, 0x0a, 0x20, 0x20, 0x20, 0x20,
  0x20, 0x20, 0x20, 0x20, 0x20, 0x20, 0x7d, 0x2c, 0x0a, 0x20, 0x20, 0x20,
  0x20, 0x20, 0x20, 0x20, 0x20, 0x20, 0x20, 0x7b, 0x0a, 0x20, 0x20, 0x20,
  0x20, 0x20, 0x20, 0x20, 0x20, 0x20, 0x20, 0x20, 0x20, 0x22, 0x74, 0x65,
  0x78, 0x74, 0x22, 0x3a, 0x20, 0x22, 0x46, 0x69, 0x6c, 0x6c, 0x20, 0x69,
  0x6e, 0x20, 0x74, 0x68, 0x65, 0x20, 0x67, 0x61, 0x70, 0x73, 0x20, 0x77,
  0x69, 0x74, 0x68, 0x41, 0x75, 0x74, 0x6f, 0x20, 0x41, 0x74, 0x74, 0x61,
  0x63, 0x6b, 0x73, 0x2e, 0x22, 0x0a, 0x20, 0x20, 0x20, 0x20, 0x20, 0x20,
  0x20, 0x20, 0x20, 0x20, 0x7d, 0x2c, 0x0a, 0x20, 0x20, 0x20, 0x20, 0x20,
  0x20, 0x20, 0x20, 0x20, 0x20, 0x7b, 0x0a, 0x20, 0x20, 0x20, 0x20, 0x20,
  0x20, 0x20, 0x20, 0x20, 0x20, 0x20, 0x20, 0x22, 0x74, 0x65, 0x78, 0x74,
  0x22, 0x3a, 0x20, 0x22, 0x4b, 0x65, 0x65, 0x70, 0x20, 0x69, 0x6e, 0x20,
  0x6d, 0x69, 0x6e, 0x64, 0x20, 0x74, 0x68, 0x61, 0x74, 0x77, 0x69, 0x6c,
  0x6c, 0x20, 0x6d, 0x6f, 0x76, 0x65, 0x20, 0x79, 0x6f, 0x75, 0x2e, 0x22,
  0x0a, 0x20, 0x20, 0x20, 0x20, 0x20, 0x20, 0x20, 0x20, 0x20, 0x20, 0x7d,
  0x0a, 0x20, 0x20, 0x20, 0x20, 0x20, 0x20, 0x20, 0x20, 0x5d, 0x0a, 0x20,
  0x20, 0x20, 0x20, 0x20, 0x20, 0x7d, 0x2c, 0x0a, 0x20, 0x20, 0x20, 0x20,
  0x20, 0x20, 0x7b, 0x0a, 0x20, 0x20, 0x20, 0x20, 0x20, 0x20, 0x20, 0x20,
  0x22, 0x74, 0x69, 0x74, 0x6c, 0x65, 0x22, 0x3a, 0x20, 0x22, 0x53, 0x74,
  0x65, 0x70, 0x20, 0x54, 0x77, 0x6f, 0x22, 0x2c, 0x0a, 0x20, 0x20, 0x20,
  0x20, 0x20, 0x20, 0x20, 0x20, 0x22, 0x69, 0x74, 0x65, 0x6d, 0x73, 0x22,
  0x3a, 0x20, 0x5b, 0x0a, 0x20, 0x20, 0x20, 0x20, 0x20, 0x20, 0x20, 0x20,
  0x20, 0x20, 0x7b, 0x0a, 0x20, 0x20, 0x20, 0x20, 0x20, 0x20, 0x20, 0x20,
  0x20, 0x20, 0x20, 0x20, 0x22, 0x74, 0x65, 0x78, 0x74, 0x22, 0x3a, 0x20,
  0x22, 0x4f, 0x6e, 0x63, 0x65, 0x20, 0x79, 0x6f, 0x75, 0x20, 0x61, 0x72,
  0x65, 0x20, 0x63, 0x6f, 0x6d, 0x66, 0x6f, 0x72, 0x74, 0x61, 0x62, 0x6c,
  0x65, 0x20, 0x77, 0x69, 0x74, 0x68, 0x20, 0x74, 0x68, 0x65, 0x20, 0x70,
  0x72, 0x65, 0x76, 0x69, 0x6f, 0x75, 0x73, 0x20, 0x73, 0x74, 0x65, 0x70,
  0x2c, 0x20, 0x79, 0x6f, 0x75, 0x20, 0x63, 0x61, 0x6e, 0x20, 0x73, 0x74,
  0x61, 0x72, 0x74, 0x20, 0x74, 0x6f, 0x20, 0x61, 0x64, 0x64, 0x20, 0x69,
  0x6e, 0x20, 0x74, 0x68, 0x65, 0x20, 0x66, 0x69, 0x72, 0x73, 0x74, 0x50,
  0x69, 0x73, 0x74, 0x6f, 0x6c, 0x73, 0x6b, 0x69, 0x6c, 0x6c, 0x73, 0x20,
  0x61, 0x6e, 0x64, 0x20, 0x75, 0x73, 0x65, 0x20, 0x74, 0x68, 0x65, 0x6d,
  0x20, 0x6f, 0x66, 0x66, 0x43, 0x6f, 0x6f, 0x6c, 0x64, 0x6f, 0x77, 0x6e,
  0x2e, 0x22, 0x0a, 0x20, 0x20, 0x20, 0x20, 0x20, 0x20, 0x20, 0x20, 0x20,
  0x20, 0x7d, 0x0a, 0x20, 0x20, 0x20, 0x20, 0x20, 0x20, 0x20, 0x20, 0x5d,
  0x0a, 0x20, 0x20, 0x20, 0x20, 0x20, 0x20, 0x7d, 0x2c, 0x0a, 0x20, 0x20,
  0x20, 0x20, 0x20, 0x20, 0x7b, 0x0a, 0x20, 0x20, 0x20, 0x20, 0x20, 0x20,
  0x20, 0x20, 0x22, 0x74, 0x69, 0x74, 0x6c, 0x65, 0x22, 0x3a, 0x20, 0x22,
  0x53, 0x74, 0x65, 0x70, 0x20, 0x54, 0x68, 0x72, 0x65, 0x65, 0x22, 0x2c,
  0x0a, 0x20, 0x20, 0x20, 0x20, 0x20, 0x20, 0x20, 0x20, 0x22, 0x69, 0x74,
  0x65, 0x6d, 0x73, 0x22, 0x3a, 0x20, 0x5b, 0x0a, 0x20, 0x20, 0x20, 0x20,
  0x20, 0x20, 0x20, 0x20, 0x20, 0x20, 0x7b, 0x0a, 0x20, 0x20, 0x20, 0x20,
  0x20, 0x20, 0x20, 0x20, 0x20, 0x20, 0x20, 0x20, 0x22, 0x74, 0x65, 0x78,
  0x74, 0x22, 0x3a, 0x20, 0x22, 0x4e, 0x6f, 0x77, 0x20, 0x79, 0x6f, 0x75,
  0x20, 0x63, 0x61, 0x6e, 0x20, 0x61, 0x64, 0x64, 0x20, 0x69, 0x6e, 0x20,
  0x74, 0x68, 0x65, 0x20, 0x72, 0x65, 0x6d, 0x61, 0x69, 0x6e, 0x69, 0x6e,
  0x67, 0x50, 0x69, 0x73, 0x74, 0x6f, 0x6c, 0x73, 0x6b, 0x69, 0x6c, 0x6c,
  0x73, 0x3a, 0x61, 0x6e, 0x64, 0x22, 0x0a, 0x20, 0x20, 0x20, 0x20, 0x20,
  0x20, 0x20, 0x20, 0x20, 0x20, 0x7d, 0x2c, 0x0a, 0x20, 0x20, 0x20, 0x20,
  0x20, 0x20, 0x20, 0x20, 0x20, 0x20, 0x7b, 0x0a, 0x20, 0x20, 0x20, 0x20,
  0x20, 0x20, 0x20, 0x20, 0x20, 0x20, 0x20, 0x20, 0x22, 0x74, 0x65, 0x78,
  0x74, 0x22, 0x3a, 0x20, 0x22, 0x55, 0x73, 0x65, 0x20, 0x79, 0x6f, 0x75,
  0x72, 0x50, 0x69, 0x73, 0x74, 0x6f, 0x6c, 0x73, 0x6b, 0x69, 0x6c, 0x6c,
  0x73, 0x20, 0x77, 0x69, 0x74, 0x68, 0x20, 0x74, 0x68, 0x65, 0x20, 0x66,
  0x6f, 0x6c, 0x6c, 0x6f, 0x77, 0x69, 0x6e, 0x67, 0x20, 0x70, 0x72, 0x69,
  0x6f, 0x72, 0x69, 0x74, 0x79, 0x20, 0x6f, 0x66, 0x66, 0x43, 0x6f, 0x6f,
  0x6c, 0x64, 0x6f, 0x77, 0x6e, 0x3a, 0x22, 0x0a, 0x20, 0x20, 0x20, 0x20,
  0x20, 0x20, 0x20, 0x20, 0x20, 0x20, 0x7d, 0x2c, 0x0a, 0x20, 0x20, 0x20,
  0x20, 0x20, 0x20, 0x20, 0x20, 0x20, 0x20, 0x7b, 0x0a, 0x20, 0x20, 0x20,
  0x20, 0x20, 0x20, 0x20, 0x20, 0x20, 0x20, 0x20, 0x20, 0x22, 0x74, 0x65,
  0x78, 0x74, 0x22, 0x3a, 0x20, 0x22, 0x41, 0x75, 0x74, 0x6f, 0x20, 0x41,
  0x74, 0x74, 0x61, 0x63, 0x6b, 0x77, 0x69, 0x74, 0x68, 0x77, 0x68, 0x65,
  0x6e, 0x20, 0x65, 0x76, 0x65, 0x72, 0x79, 0x20, 0x6f, 0x74, 0x68, 0x65,
  0x72, 0x20, 0x73, 0x6b, 0x69, 0x6c, 0x6c, 0x20, 0x69, 0x73, 0x20, 0x6f,
  0x6e, 0x43, 0x6f, 0x6f, 0x6c, 0x64, 0x6f, 0x77, 0x6e, 0x2e, 0x22, 0x0a,
  0x20, 0x20, 0x20, 0x20, 0x20, 0x20, 0x20, 0x20, 0x20, 0x20, 0x7d, 0x2c,
  0x0a, 0x20, 0x20, 0x20, 0x20, 0x20, 0x20, 0x20, 0x20, 0x20, 0x20, 0x7b,
  0x0a, 0x20, 0x20, 0x20, 0x20, 0x20, 0x20, 0x20, 0x20, 0x20, 0x20, 0x20,
  0x20, 0x22, 0x74, 0x65, 0x78, 0x74, 0x22, 0x3a, 0x20, 0x22, 0x55, 0x73,
  0x65, 0x61, 0x66, 0x74, 0x65, 0x72, 0x20, 0x70, 0x6c, 0x61, 0x63, 0x69,
  0x6e, 0x67, 0x2c, 0x20, 0x61, 0x73, 0x73, 0x75, 0x6d, 0x69, 0x6e, 0x67,
  0x20, 0x61, 0x6c, 0x6c, 0x20, 0x6f, 0x74, 0x68, 0x65, 0x72, 0x20, 0x73,
  0x6b, 0x69, 0x6c, 0x6c, 0x73, 0x20, 0x61, 0x72, 0x65, 0x20, 0x6f, 0x6e,
  0x43, 0x6f, 0x6f, 0x6c, 0x64, 0x6f, 0x77, 0x6e, 0x2e, 0x22, 0x0a, 0x20,
  0x20, 0x20, 0x20, 0x20, 0x20, 0x20, 0x20, 0x20, 0x20, 0x7d, 0x2c, 0x0a,
  0x20, 0x20, 0x20, 0x20, 0x20, 0x20, 0x20, 0x20, 0x20, 0x20, 0x7b, 0x0a,
  0x20, 0x20, 0x20, 0x20, 0x20, 0x20, 0x20, 0x20, 0x20, 0x20, 0x20, 0x20,
  0x22, 0x74, 0x65, 0x78, 0x74, 0x22, 0x3a, 0x20, 0x22, 0x49, 0x66, 0x61,
  0x6e, 0x64, 0x63, 0x6f, 0x6d, 0x65, 0x20, 0x6f, 0x66, 0x66, 0x43, 0x6f,
  0x6f, 0x6c, 0x64, 0x6f, 0x77, 0x6e, 0x61, 0x74, 0x20, 0x74, 0x68, 0x65,
  0x20, 0x73, 0x61, 0x6d, 0x65, 0x20, 0x74, 0x69, 0x6d, 0x65, 0x2c, 0x20,
  0x75, 0x73, 0x65, 0x66, 0x6f, 0x72, 0x20, 0x6d, 0x6f, 0x72, 0x65, 0x44,
  0x61, 0x6d, 0x61, 0x67, 0x65, 0x2e, 0x22, 0x0a, 0x20, 0x20, 0x20, 0x20,
  0x20, 0x20, 0x20, 0x20, 0x20, 0x20, 0x7d, 0x0a, 0x20, 0x20, 0x20, 0x20,
  0x20, 0x20, 0x20, 0x20, 0x5d, 0x0a, 0x20, 0x20, 0x20, 0x20, 0x20, 0x20,
  0x7d, 0x2c, 0x0a, 0x20, 0x20, 0x20, 0x20, 0x20, 0x20, 0x7b, 0x0a, 0x20,
  0x20, 0x20, 0x20, 0x20, 0x20, 0x20, 0x20, 0x22, 0x74, 0x69, 0x74, 0x6c,
  0x65, 0x22, 0x3a, 0x20, 0x22, 0x43, 0x72, 0x6f, 0x77, 0x64, 0x20, 0x43,
  0x6f, 0x6e, 0x74, 0x72, 0x6f, 0x6c, 0x22, 0x2c, 0x0a, 0x20, 0x20, 0x20,
  0x20, 0x20, 0x20, 0x20, 0x20, 0x22, 0x69, 0x74, 0x65, 0x6d, 0x73, 0x22,
  0x3a, 0x20, 0x5b, 0x5d, 0x0a, 0x20, 0x20, 0x20, 0x20, 0x20, 0x20, 0x7d,
  0x0a, 0x20, 0x20, 0x20, 0x20, 0x5d, 0x0a, 0x20, 0x20, 0x7d, 0x2c, 0x0a,
  0x20, 0x20, 0x22, 0x72, 0x65, 0x76, 0x65, 0x6e, 0x61, 0x6e, 0x74, 0x2d,
  0x68, 0x65, 0x61, 0x6c, 0x2d, 0x71, 0x75, 0x69, 0x63, 0x6b, 0x6e, 0x65,
  0x73, 0x73, 0x2d, 0x68, 0x65, 0x72, 0x61, 0x6c, 0x64, 0x22, 0x3a, 0x20,
  0x7b, 0x0a, 0x20, 0x20, 0x20, 0x20, 0x22, 0x73, 0x65, 0x63, 0x74, 0x69,
  0x6f, 0x6e, 0x73, 0x22, 0x3a, 0x20, 0x5b, 0x0a, 0x20, 0x20, 0x20, 0x20,
  0x20, 0x20, 0x7b, 0x0a, 0x20, 0x20, 0x20, 0x20, 0x20, 0x20, 0x20, 0x20,
  0x22, 0x74, 0x69, 0x74, 0x6c, 0x65, 0x22, 0x3a, 0x20, 0x22, 0x4b, 0x65,
  0x79, 0x20, 0x43, 0x6f, 0x6e, 0x63, 0x65, 0x70, 0x74, 0x73, 0x22, 0x2c,
  0x0a, 0x20, 0x20, 0x20, 0x20, 0x20, 0x20, 0x20, 0x20, 0x22, 0x69, 0x74,
  0x65, 0x6d, 0x73, 0x22, 0x3a, 0x20, 0x5b, 0x0a, 0x20, 0x20, 0x20, 0x20,
  0x20, 0x20, 0x20, 0x20, 0x20, 0x20, 0x7b, 0x0a, 0x20, 0x20, 0x20, 0x20,
  0x20, 0x20, 0x20, 0x20, 0x20, 0x20, 0x20, 0x20, 0x22, 0x74, 0x65, 0x78,
  0x74, 0x22, 0x3a, 0x20, 0x22, 0x48, 0x65, 0x61, 0x6c, 0x20, 0x51, 0x75,
  0x69, 0x63, 0x6b, 0x6e, 0x65, 0x73, 0x73, 0x20, 0x48, 0x65, 0x72, 0x61,
  0x6c, 0x64, 0x70, 0x72, 0x6f, 0x76, 0x69, 0x64, 0x65, 0x73, 0x51, 0x75,
  0x69, 0x63, 0x6b, 0x6e, 0x65, 0x73, 0x73, 0x61, 0x6e, 0x64, 0x20, 0x61,
  0x20, 0x77, 0x69, 0x64, 0x65, 0x20, 0x61, 0x72, 0x72, 0x61, 0x79, 0x20,
  0x6f, 0x66, 0x20, 0x6f, 0x74, 0x68, 0x65, 0x72, 0x20, 0x42, 0x6f, 0x6f,
  0x6e, 0x73, 0x20, 0x74, 0x6f, 0x20, 0x61, 0x6c, 0x6c, 0x69, 0x65, 0x73,
  0x20, 0x70, 0x72, 0x69, 0x6d, 0x61, 0x72, 0x69, 0x6c, 0x79, 0x20, 0x62,
  0x79, 0x20, 0x6d, 0x61, 0x69, 0x6e, 0x74, 0x61, 0x69, 0x6e, 0x69, 0x6e,
  0x67, 0x20, 0x69, 0x74, 0x73, 0x46, 0x61, 0x63, 0x65, 0x74, 0x73, 0x77,
  0x68, 0x69, 0x6c, 0x65, 0x20, 0x69, 0x6e, 0x2e, 0x20, 0x49, 0x74, 0x20,
  0x61, 0x6c, 0x73, 0x6f, 0x20, 0x70, 0x61, 0x73, 0x73, 0x69, 0x76, 0x65,
  0x6c, 0x79, 0x20, 0x73, 0x75, 0x70, 0x70, 0x6c, 0x69, 0x65, 0x73, 0x42,
  0x61, 0x72, 0x72, 0x69, 0x65, 0x72, 0x61, 0x6e, 0x64, 0x48, 0x65, 0x61,
  0x6c, 0x69, 0x6e, 0x67, 0x74, 0x6f, 0x20, 0x61, 0x6c, 0x6c, 0x69, 0x65,
  0x73, 0x20, 0x69, 0x6e, 0x20, 0x61, 0x20, 0x76, 0x65, 0x72, 0x79, 0x20,
  0x6c, 0x61, 0x72, 0x67, 0x65, 0x20, 0x72, 0x61, 0x64, 0x69, 0x75, 0x73,
  0x20, 0x61, 0x72, 0x6f, 0x75, 0x6e, 0x64, 0x20, 0x79, 0x6f, 0x75, 0x2e,
  0x22, 0x0a, 0x20, 0x20, 0x20, 0x20, 0x20, 0x20, 0x20, 0x20, 0x20, 0x20,
  0x7d, 0x2c, 0x0a, 0x20, 0x20, 0x20, 0x20, 0x20, 0x20, 0x20, 0x20, 0x20,
  0x20, 0x7b, 0x0a, 0x20, 0x20, 0x20, 0x20, 0x20, 0x20, 0x20, 0x20, 0x20,
  0x20, 0x20, 0x20, 0x22, 0x74, 0x65, 0x78, 0x74, 0x22, 0x3a, 0x20, 0x22,
  0x4f, 0x6e, 0x63, 0x65, 0x20, 0x61, 0x63, 0x74, 0x69, 0x76, 0x61, 0x74,
  0x65, 0x64, 0x2c, 0x46, 0x61, 0x63, 0x65, 0x74, 0x73, 0x63, 0x6f, 0x6e,
  0x74, 0x69, 0x6e, 0x75, 0x65, 0x20, 0x74, 0x6f, 0x20, 0x67, 0x72, 0x61,
  0x6e, 0x74, 0x20, 0x74, 0x68, 0x65, 0x69, 0x72, 0x20, 0x65, 0x66, 0x66,
  0x65, 0x63, 0x74, 0x73, 0x20, 0x75, 0x6e, 0x74, 0x69, 0x6c, 0x20, 0x79,
  0x6f, 0x75, 0x53, 0x77, 0x61, 0x70, 0x20, 0x79, 0x6f, 0x75, 0x72, 0x20,
  0x4c, 0x65, 0x67, 0x65, 0x6e, 0x64, 0x61, 0x72, 0x79, 0x20, 0x53, 0x74,
  0x61, 0x6e, 0x63, 0x65, 0x6f, 0x72, 0x20, 0x64, 0x65, 0x70, 0x6c, 0x65,
  0x74, 0x65, 0x20, 0x79, 0x6f, 0x75, 0x72, 0x45, 0x6e, 0x65, 0x72, 0x67,
  0x79, 0x2e, 0x22, 0x0a, 0x20, 0x20, 0x20, 0x20, 0x20, 0x20, 0x20, 0x20,
  0x20, 0x20, 0x7d, 0x2c, 0x0a, 0x20, 0x20, 0x20, 0x20, 0x20, 0x20, 0x20,
  0x20, 0x20, 0x20, 0x7b, 0x0a, 0x20, 0x20, 0x20, 0x20, 0x20, 0x20, 0x20,
  0x20, 0x20, 0x20, 0x20, 0x20, 0x22, 0x74, 0x65, 0x78, 0x74, 0x22, 0x3a,
  0x20, 0x22, 0x67, 0x69, 0x76, 0x65, 0x73, 0x20, 0x79, 0x6f, 0x75, 0x20,
  0x61, 0x64, 0x64, 0x69, 0x74, 0x69, 0x6f, 0x6e, 0x61, 0x6c, 0x20, 0x73,
  0x75, 0x70, 0x70, 0x6f, 0x72, 0x74, 0x69, 0x76, 0x65, 0x20, 0x74, 0x6f,
  0x6f, 0x6c, 0x73, 0x2c, 0x20, 0x61, 0x6c, 0x6c, 0x6f, 0x77, 0x69, 0x6e,
  0x67, 0x20, 0x79, 0x6f, 0x75, 0x20, 0x74, 0x6f, 0x20, 0x70, 0x72, 0x6f,
  0x76, 0x69, 0x64, 0x65, 0x20, 0x61, 0x20, 0x6c, 0x6f, 0x74, 0x20, 0x6f,
  0x66, 0x53, 0x74, 0x61, 0x62, 0x69, 0x6c, 0x69, 0x74, 0x79, 0x66, 0x6f,
  0x72, 0x20, 0x6d, 0x6f, 0x72, 0x65, 0x20, 0x74, 0x68, 0x61, 0x6e, 0x20,
  0x6a, 0x75, 0x73, 0x74, 0x20, 0x79, 0x6f, 0x75, 0x72, 0x20, 0x53, 0x75,
  0x62, 0x67, 0x72, 0x6f, 0x75, 0x70, 0x2e, 0x22, 0x0a, 0x20, 0x20, 0x20,
  0x20, 0x20, 0x20, 0x20, 0x20, 0x20, 0x20, 0x7d, 0x2c, 0x0a, 0x20, 0x20,
  0x20, 0x20, 0x20, 0x20, 0x20, 0x20, 0x20, 0x20, 0x7b, 0x0a, 0x20, 0x20,
  0x20, 0x20, 0x20, 0x20, 0x20, 0x20, 0x20, 0x20, 0x20, 0x20, 0x22, 0x74,
  0x65, 0x78, 0x74, 0x22, 0x3a, 0x20, 0x22, 0x67, 0x65, 0x6e, 0x65, 0x72,
  0x61, 0x74, 0x65, 0x73, 0x4d, 0x69, 0x67, 0x68, 0x74, 0x61, 0x6e, 0x64,
  0x51, 0x75, 0x69, 0x63, 0x6b, 0x6e, 0x65, 0x73, 0x73, 0x61, 0x73, 0x20,
  0x6c, 0x6f, 0x6e, 0x67, 0x20, 0x61, 0x73, 0x20, 0x79, 0x6f, 0x75, 0x20,
  0x6d, 0x61, 0x69, 0x6e, 0x74, 0x61, 0x69, 0x6e, 0x20, 0x61, 0x74, 0x20,
  0x6c, 0x65, 0x61, 0x73, 0x74, 0x20, 0x2d, 0x36, 0x55, 0x70, 0x6b, 0x65,
  0x65, 0x70, 0x2c, 0x20, 0x61, 0x6e, 0x64, 0x20, 0x61, 0x64, 0x64, 0x69,
  0x74, 0x69, 0x6f, 0x6e, 0x61, 0x6c, 0x6c, 0x79, 0x20, 0x68, 0x65, 0x61,
  0x6c, 0x73, 0x20, 0x79, 0x6f, 0x75, 0x72, 0x20, 0x61, 0x6c, 0x6c, 0x69,
  0x65, 0x73, 0x20, 0x77, 0x68, 0x65, 0x6e, 0x65, 0x76, 0x65, 0x72, 0x20,
  0x79, 0x6f, 0x75, 0x20, 0x67, 0x72, 0x61, 0x6e, 0x74, 0x20, 0x74, 0x68,
  0x65, 0x6d, 0x20, 0x42, 0x6f, 0x6f, 0x6e, 0x73, 0x2e, 0x22, 0x0a, 0x20,
  0x20, 0x20, 0x20, 0x20, 0x20, 0x20, 0x20, 0x20, 0x20, 0x7d, 0x0a, 0x20,
  0x20, 0x20, 0x20, 0x20, 0x20, 0x20, 0x20, 0x5d, 0x0a, 0x20, 0x20, 0x20,
  0x20, 0x20, 0x20, 0x7d, 0x2c, 0x0a, 0x20, 0x20, 0x20, 0x20, 0x20, 0x20,
  0x7b, 0x0a, 0x20, 0x20, 0x20, 0x20, 0x20, 0x20, 0x20, 0x20, 0x22, 0x74,
  0x69, 0x74, 0x6c, 0x65, 0x22, 0x3a, 0x20, 0x22, 0x53, 0x74, 0x65, 0x70,
  0x20, 0x4f, 0x6e, 0x65, 0x22, 0x2c, 0x0a, 0x20, 0x20, 0x20, 0x20, 0x20,
  0x20, 0x20, 0x20, 0x22, 0x69, 0x74, 0x65, 0x6d, 0x73, 0x22, 0x3a, 0x20,
  0x5b, 0x0a, 0x20, 0x20, 0x20, 0x20, 0x20, 0x20, 0x20, 0x20, 0x20, 0x20,
  0x7b, 0x0a, 0x20, 0x20, 0x20, 0x20, 0x20, 0x20, 0x20, 0x20, 0x20, 0x20,
  0x20, 0x20, 0x22, 0x74, 0x65, 0x78, 0x74, 0x22, 0x3a, 0x20, 0x22, 0x53,
  0x74, 0x61, 0x72, 0x74, 0x20, 0x6f, 0x6e, 0x20, 0x79, 0x6f, 0x75, 0x72,
  0x2e, 0x20, 0x57, 0x68, 0x65, 0x6e, 0x20, 0x79, 0x6f, 0x75, 0x20, 0x73,
  0x74, 0x61, 0x72, 0x74, 0x20, 0x74, 0x68, 0x65, 0x20, 0x45, 0x6e, 0x63,
  0x6f, 0x75, 0x6e, 0x74, 0x65, 0x72, 0x2c, 0x20, 0x79, 0x6f, 0x75, 0x20,
  0x77, 0x61, 0x6e, 0x74, 0x20, 0x74, 0x6f, 0x20, 0x74, 0x75, 0x72, 0x6e,
  0x20, 0x73, 0x6f, 0x6d, 0x65, 0x46, 0x61, 0x63, 0x65, 0x74, 0x73, 0x74,
  0x6f, 0x20, 0x73, 0x74, 0x61, 0x72, 0x74, 0x20, 0x70, 0x72, 0x6f, 0x76,
  0x69, 0x64, 0x69, 0x6e, 0x67, 0x20, 0x42, 0x6f, 0x6f, 0x6e, 0x73, 0x2e,
  0x20, 0x41, 0x63, 0x74, 0x69, 0x76, 0x61, 0x74, 0x65, 0x20, 0x74, 0x68,
  0x65, 0x20, 0x66, 0x6f, 0x6c, 0x6c, 0x6f, 0x77, 0x69, 0x6e, 0x67, 0x3a,
  0x22, 0x0a, 0x20, 0x20, 0x20, 0x20, 0x20, 0x20, 0x20, 0x20, 0x20, 0x20,
  0x7d, 0x2c, 0x0a, 0x20, 0x20, 0x20, 0x20, 0x20, 0x20, 0x20, 0x20, 0x20,
  0x20, 0x7b, 0x0a, 0x20, 0x20, 0x20, 0x20, 0x20, 0x20, 0x20, 0x20, 0x20,
  0x20, 0x20, 0x20, 0x22, 0x74, 0x65, 0x78, 0x74, 0x22, 0x3a, 0x20, 0x22,
  0x36, 0x22, 0x0a, 0x20, 0x20, 0x20, 0x20, 0x20, 0x20, 0x20, 0x20, 0x20,
  0x20, 0x7d, 0x2c, 0x0a, 0x20, 0x20, 0x20, 0x20, 0x20, 0x20, 0x20, 0x20,
  0x20, 0x20, 0x7b, 0x0a, 0x20, 0x20, 0x20, 0x20, 0x20, 0x20, 0x20, 0x20,
  0x20, 0x20, 0x20, 0x20, 0x22, 0x74, 0x65, 0x78, 0x74, 0x22, 0x3a, 0x20,
  0x22, 0x55, 0x74, 0x69, 0x6c, 0x69, 0x74, 0x79, 0x22, 0x0a, 0x20, 0x20,
  0x20, 0x20, 0x20, 0x20, 0x20, 0x20, 0x20, 0x20, 0x7d, 0x2c, 0x0a, 0x20,
  0x20, 0x20, 0x20, 0x20, 0x20, 0x20, 0x20, 0x20, 0x20, 0x7b, 0x0a, 0x20,
  0x20, 0x20, 0x20, 0x20, 0x20, 0x20, 0x20, 0x20, 0x20, 0x20, 0x20, 0x22,
  0x74, 0x65, 0x78, 0x74, 0x22, 0x3a, 0x20, 0x22, 0x55, 0x74, 0x69, 0x6c,
  0x69, 0x74, 0x79, 0x22, 0x0a, 0x20, 0x20, 0x20, 0x20, 0x20, 0x20, 0x20,
  0x20, 0x20, 0x20, 0x7d, 0x2c, 0x0a, 0x20, 0x20, 0x20, 0x20, 0x20, 0x20,
  0x20, 0x20, 0x20, 0x20, 0x7b, 0x0a, 0x20, 0x20, 0x20, 0x20, 0x20, 0x20,
  0x20, 0x20, 0x20, 0x20, 0x20, 0x20, 0x22, 0x74, 0x65, 0x78, 0x74, 0x22,
  0x3a, 0x20, 0x22, 0x30, 0x22, 0x0a, 0x20, 0x20, 0x20, 0x20, 0x20, 0x20,
  0x20, 0x20, 0x20, 0x20, 0x7d, 0x2c, 0x0a, 0x20, 0x20, 0x20, 0x20, 0x20,
  0x20, 0x20, 0x20, 0x20, 0x20, 0x7b, 0x0a, 0x20, 0x20, 0x20, 0x20, 0x20,
  0x20, 0x20, 0x20, 0x20, 0x20, 0x20, 0x20, 0x22, 0x74, 0x65, 0x78, 0x74,
  0x22, 0x3a, 0x20, 0x22, 0x4f, 0x6e, 0x63, 0x65, 0x20, 0x79, 0x6f, 0x75,
  0x72, 0x45, 0x6e, 0x65, 0x72, 0x67, 0x79, 0x69, 0x73, 0x20, 0x66, 0x75,
  0x6c, 0x6c, 0x79, 0x20, 0x64, 0x72, 0x61, 0x69, 0x6e, 0x65, 0x64, 0x20,
  0x61, 0x6e, 0x64, 0x20, 0x79, 0x6f, 0x75, 0x72, 0x20, 0x70, 0x61, 0x73,
  0x73, 0x69, 0x76, 0x65, 0x20, 0x61, 0x62, 0x69, 0x6c, 0x69, 0x74, 0x65,
  0x73, 0x20, 0x74, 0x75, 0x72, 0x6e, 0x20, 0x6f, 0x66, 0x66, 0x2c, 0x20,
  0x77, 0x61, 0x69, 0x74, 0x20, 0x75, 0x6e, 0x74, 0x69, 0x6c, 0x20, 0x79,
  0x6f, 0x75, 0x20, 0x68, 0x61, 0x76, 0x65, 0x20, 0x35, 0x30, 0x45, 0x6e,
  0x65, 0x72, 0x67, 0x79, 0x61, 0x6e, 0x64, 0x20, 0x73, 0x74, 0x61, 0x72,
  0x74, 0x20, 0x61, 0x67, 0x61, 0x69, 0x6e, 0x2e, 0x22, 0x0a, 0x20, 0x20,
  0x20, 0x20, 0x20, 0x20, 0x20, 0x20, 0x20, 0x20, 0x7d, 0x0a, 0x20, 0x20,
  0x20, 0x20, 0x20, 0x20, 0x20, 0x20, 0x5d, 0x0a, 0x20, 0x20, 0x20, 0x20,
  0x20, 0x20, 0x7d, 0x2c, 0x0a, 0x20, 0x20, 0x20, 0x20, 0x20, 0x20, 0x7b,
  0x0a, 0x20, 0x20, 0x20, 0x20, 0x20, 0x20, 0x20, 0x20, 0x22, 0x74, 0x69,
  0x74, 0x6c, 0x65, 0x22, 0x3a, 0x20, 0x22, 0x53, 0x74, 0x65, 0x70, 0x20,
  0x54, 0x77, 0x6f, 0x22, 0x2c, 0x0a, 0x20, 0x20, 0x20, 0x20, 0x20, 0x20,
  0x20, 0x20, 0x22, 0x69, 0x74, 0x65, 0x6d, 0x73, 0x22, 0x3a, 0x20, 0x5b,
  0x0a, 0x20, 0x20, 0x20, 0x20, 0x20, 0x20, 0x20, 0x20, 0x20, 0x20, 0x7b,
  0x0a, 0x20, 0x20, 0x20, 0x20, 0x20, 0x20, 0x20, 0x20, 0x20, 0x20, 0x20,
  0x20, 0x22, 0x74, 0x65, 0x78, 0x74, 0x22, 0x3a, 0x20, 0x22, 0x41, 0x75,
  0x74, 0x6f, 0x20, 0x41, 0x74, 0x74, 0x61, 0x63, 0x6b, 0x74, 0x6f, 0x20,
  0x67, 0x65, 0x6e, 0x65, 0x72, 0x61, 0x74, 0x65, 0x20, 0x61, 0x64, 0x64,
  0x69, 0x74, 0x69, 0x6f, 0x6e, 0x61, 0x6c, 0x4d, 0x69, 0x67, 0x68, 0x74,
  0x61, 0x6e, 0x64, 0x42, 0x61, 0x72, 0x72, 0x69, 0x65, 0x72, 0x77, 0x68,
  0x65, 0x6e, 0x20, 0x79, 0x6f, 0x75, 0x20, 0x61, 0x72, 0x65, 0x20, 0x6e,
  0x6f, 0x74, 0x20, 0x61, 0x63, 0x74, 0x69, 0x76, 0x61, 0x74, 0x69, 0x6e,
  0x67, 0x46, 0x61, 0x63, 0x65, 0x74, 0x73, 0x2e, 0x22, 0x0a, 0x20, 0x20,
  0x20, 0x20, 0x20, 0x20, 0x20, 0x20, 0x20, 0x20, 0x7d, 0x0a, 0x20, 0x20,
  0x20, 0x20, 0x20, 0x20, 0x20, 0x20, 0x5d, 0x0a, 0x20, 0x20, 0x20, 0x20,
  0x20, 0x20, 0x7d, 0x2c, 0x0a, 0x20, 0x20, 0x20, 0x20, 0x20, 0x20, 0x7b,
  0x0a, 0x20, 0x20, 0x20, 0x20, 0x20, 0x20, 0x20, 0x20, 0x22, 0x74, 0x69,
  0x74, 0x6c, 0x65, 0x22, 0x3a, 0x20, 0x22, 0x53, 0x74, 0x65, 0x70, 0x20,
  0x54, 0x68, 0x72, 0x65, 0x65, 0x22, 0x2c, 0x0a, 0x20, 0x20, 0x20, 0x20,
  0x20, 0x20, 0x20, 0x20, 0x22, 0x69, 0x74, 0x65, 0x6d, 0x73, 0x22, 0x3a,
  0x20, 0x5b, 0x0a, 0x20, 0x20, 0x20, 0x20, 0x20, 0x20, 0x20, 0x20, 0x20,
  0x20, 0x7b, 0x0a, 0x20, 0x20, 0x20, 0x20, 0x20, 0x20, 0x20, 0x20, 0x20,
  0x20, 0x20, 0x20, 0x22, 0x74, 0x65, 0x78, 0x74, 0x22, 0x3a, 0x20, 0x22,
  0x57, 0x65, 0x20, 0x63, 0x61, 0x6e, 0x20, 0x6e, 0x6f, 0x77, 0x20, 0x61,
  0x64, 0x64, 0x20, 0x69, 0x6e, 0x4c, 0x65, 0x67, 0x65, 0x6e, 0x64, 0x61,
  0x72, 0x79, 0x20, 0x53, 0x74, 0x61, 0x6e, 0x63, 0x65, 0x20, 0x53, 0x77,
  0x61, 0x70, 0x46, 0x31, 0x2e, 0x20, 0x49, 0x6e, 0x73, 0x74, 0x65, 0x61,
  0x64, 0x20, 0x6f, 0x66, 0x20, 0x77, 0x61, 0x69, 0x74, 0x69, 0x6e, 0x67,
  0x20, 0x66, 0x6f, 0x72, 0x20, 0x79, 0x6f, 0x75, 0x72, 0x45, 0x6e, 0x65,
  0x72, 0x67, 0x79, 0x74, 0x6f, 0x20, 0x72, 0x65, 0x63, 0x68, 0x61, 0x72,
  0x67, 0x65, 0x20, 0x74, 0x6f, 0x20, 0x35, 0x30, 0x2c, 0x20, 0x77, 0x65,
  0x20, 0x77, 0x69, 0x6c, 0x6c, 0x20, 0x75, 0x73, 0x65, 0x4c, 0x65, 0x67,
  0x65, 0x6e, 0x64, 0x61, 0x72, 0x79, 0x20, 0x53, 0x74, 0x61, 0x6e, 0x63,
  0x65, 0x20, 0x53, 0x77, 0x61, 0x70, 0x46, 0x31, 0x22, 0x0a, 0x20, 0x20,
  0x20, 0x20, 0x20, 0x20, 0x20, 0x20, 0x20, 0x20, 0x7d, 0x2c, 0x0a, 0x20,
  0x20, 0x20, 0x20, 0x20, 0x20, 0x20, 0x20, 0x20, 0x20, 0x7b, 0x0a, 0x20,
  0x20, 0x20, 0x20, 0x20, 0x20, 0x20, 0x20, 0x20, 0x20, 0x20, 0x20, 0x22,
  0x74, 0x65, 0x78, 0x74, 0x22, 0x3a, 0x20, 0x22, 0x41, 0x73, 0x20, 0x73,
  0x6f, 0x6f, 0x6e, 0x20, 0x61, 0x73, 0x20, 0x79, 0x6f, 0x75, 0x20, 0x65,
  0x6e, 0x74, 0x65, 0x72, 0x2c, 0x20, 0x75, 0x73, 0x65, 0x55, 0x74, 0x69,
  0x6c, 0x69, 0x74, 0x79, 0x2e, 0x22, 0x0a, 0x20, 0x20, 0x20, 0x20, 0x20,
  0x20, 0x20, 0x20, 0x20, 0x20, 0x7d, 0x2c, 0x0a, 0x20, 0x20, 0x20, 0x20,
  0x20, 0x20, 0x20, 0x20, 0x20, 0x20, 0x7b, 0x0a, 0x20, 0x20, 0x20, 0x20,
  0x20, 0x20, 0x20, 0x20, 0x20, 0x20, 0x20, 0x20, 0x22, 0x74, 0x65, 0x78,
  0x74, 0x22, 0x3a, 0x20, 0x22, 0x41, 0x6c, 0x77, 0x61, 0x79, 0x73, 0x20,
  0x6b, 0x65, 0x65, 0x70, 0x41, 0x75, 0x74, 0x6f, 0x20, 0x41, 0x74, 0x74,
  0x61, 0x63, 0x6b, 0x69, 0x6e, 0x67, 0x75, 0x6e, 0x74, 0x69, 0x6c, 0x20,
  0x79, 0x6f, 0x75, 0x72, 0x4c, 0x65, 0x67, 0x65, 0x6e, 0x64, 0x61, 0x72,
  0x79, 0x20, 0x53, 0x74, 0x61, 0x6e, 0x63, 0x65, 0x20, 0x53, 0x77, 0x61,
  0x70, 0x46, 0x31, 0x69, 0x73, 0x20, 0x61, 0x76, 0x61, 0x69, 0x6c, 0x61,
  0x62, 0x6c, 0x65, 0x2e, 0x22, 0x0a, 0x20, 0x20, 0x20, 0x20, 0x20, 0x20,
  0x20, 0x20, 0x20, 0x20, 0x7d, 0x2c, 0x0a, 0x20, 0x20, 0x20, 0x20, 0x20,
  0x20, 0x20, 0x20, 0x20, 0x20, 0x7b, 0x0a, 0x20, 0x20, 0x20, 0x20, 0x20,
  0x20, 0x20, 0x20, 0x20, 0x20, 0x20, 0x20, 0x22, 0x74, 0x65, 0x78, 0x74,
  0x22, 0x3a, 0x20, 0x22, 0x55, 0x73, 0x65, 0x20, 0x61, 0x6e, 0x6f, 0x74,
  0x68, 0x65, 0x72, 0x55, 0x74, 0x69, 0x6c, 0x69, 0x74, 0x79, 0x62, 0x65,
  0x66, 0x6f, 0x72, 0x65, 0x20, 0x79, 0x6f, 0x75, 0x4c, 0x65, 0x67, 0x65,
  0x6e, 0x64, 0x61, 0x72, 0x79, 0x20, 0x53, 0x74, 0x61, 0x6e, 0x63, 0x65,
  0x20, 0x53, 0x77, 0x61, 0x70, 0x46, 0x31, 0x2e, 0x22, 0x0a, 0x20, 0x20,
  0x20, 0x20, 0x20, 0x20, 0x20, 0x20, 0x20, 0x20, 0x7d, 0x0a, 0x20, 0x20,
  0x20, 0x20, 0x20, 0x20, 0x20, 0x20, 0x5d, 0x0a, 0x20, 0x20, 0x20, 0x20,
  0x20, 0x20, 0x7d, 0x2c, 0x0a, 0x20, 0x20, 0x20, 0x20, 0x20, 0x20, 0x7b,
  0x0a, 0x20, 0x20, 0x20, 0x20, 0x20, 0x20, 0x20, 0x20, 0x22, 0x74, 0x69,
  0x74, 0x6c, 0x65, 0x22, 0x3a, 0x20, 0x22, 0x44, 0x65, 0x66, 0x65, 0x6e,
  0x73, 0x65, 0x22, 0x2c, 0x0a, 0x20, 0x20, 0x20, 0x20, 0x20, 0x20, 0x20,
  0x20, 0x22, 0x69, 0x74, 0x65, 0x6d, 0x73, 0x22, 0x3a, 0x20, 0x5b, 0x0a,
  0x20, 0x20, 0x20, 0x20, 0x20, 0x20, 0x20, 0x20, 0x20, 0x20, 0x7b, 0x0a,
  0x20, 0x20, 0x20, 0x20, 0x20, 0x20, 0x20, 0x20, 0x20, 0x20, 0x20, 0x20,
  0x22, 0x74, 0x65, 0x78, 0x74, 0x22, 0x3a, 0x20, 0x22, 0x57, 0x68, 0x69,
  0x6c, 0x65, 0x20, 0x6b, 0x65, 0x65, 0x70, 0x69, 0x6e, 0x67, 0x20, 0x79,
  0x6f, 0x75, 0x72, 0x20, 0x61, 0x6c, 0x6c, 0x69, 0x65, 0x73, 0x20, 0x61,
  0x6c, 0x69, 0x76, 0x65, 0x2c, 0x20, 0x69, 0x74, 0x20, 0x69, 0x73, 0x20,
  0x65, 0x61, 0x73, 0x79, 0x20, 0x74, 0x6f, 0x20, 0x66, 0x6f, 0x72, 0x67,
  0x65, 0x74, 0x20, 0x61, 0x62, 0x6f, 0x75, 0x74, 0x20, 0x79, 0x6f, 0x75,
  0x72, 0x20, 0x6f, 0x77, 0x6e, 0x20, 0x73, 0x75, 0x72, 0x76, 0x69, 0x76,
  0x61, 0x6c, 0x2e, 0x20, 0x59, 0x6f, 0x75, 0x20, 0x68, 0x61, 0x76, 0x65,
  0x20, 0x73, 0x6f, 0x6d, 0x65, 0x20, 0x64, 0x65, 0x66, 0x65, 0x6e, 0x73,
  0x69, 0x76, 0x65, 0x20, 0x74, 0x6f, 0x6f, 0x6c, 0x73, 0x20, 0x69, 0x6e,
  0x20, 0x74, 0x68, 0x65, 0x20, 0x66, 0x6f, 0x72, 0x6d, 0x20, 0x6f, 0x66,
  0x20, 0x70, 0x61, 0x73, 0x73, 0x69, 0x76, 0x65, 0x42, 0x61, 0x72, 0x72,
  0x69, 0x65, 0x72, 0x61, 0x6e, 0x64, 0x48, 0x65, 0x61, 0x6c, 0x69, 0x6e,
  0x67, 0x2c, 0x20, 0x62, 0x75, 0x74, 0x20, 0x74, 0x68, 0x65, 0x73, 0x65,
  0x20, 0x61, 0x6c, 0x6f, 0x6e, 0x65, 0x20, 0x61, 0x72, 0x65, 0x20, 0x6e,
  0x6f, 0x74, 0x20, 0x61, 0x6c, 0x77, 0x61, 0x79, 0x73, 0x20, 0x65, 0x6e,
  0x6f, 0x75, 0x67, 0x68, 0x2e, 0x22, 0x0a, 0x20, 0x20, 0x20, 0x20, 0x20,
  0x20, 0x20, 0x20, 0x20, 0x20, 0x7d, 0x2c, 0x0a, 0x20, 0x20, 0x20, 0x20,
  0x20, 0x20, 0x20, 0x20, 0x20, 0x20, 0x7b, 0x0a, 0x20, 0x20, 0x20, 0x20,
  0x20, 0x20, 0x20, 0x20, 0x20, 0x20, 0x20, 0x20, 0x22, 0x74, 0x65, 0x78,
  0x74, 0x22, 0x3a, 0x20, 0x22, 0x4c, 0x75, 0x63, 0x6b, 0x69, 0x6c, 0x79,
  0x2c, 0x20, 0x79, 0x6f, 0x75, 0x20, 0x61, 0x6c, 0x73, 0x6f, 0x20, 0x68,
  0x61, 0x76, 0x65, 0x20, 0x73, 0x65, 0x76, 0x65, 0x72, 0x61, 0x6c, 0x20,
  0x6f, 0x70, 0x74, 0x69, 0x6f, 0x6e, 0x73, 0x20, 0x74, 0x68, 0x61, 0x74,
  0x20, 0x63, 0x61, 0x6e, 0x20, 0x68, 0x65, 0x6c, 0x70, 0x20, 0x79, 0x6f,
  0x75, 0x20, 0x73, 0x74, 0x61, 0x79, 0x20, 0x73, 0x61, 0x66, 0x65, 0x20,
  0x77, 0x68, 0x65, 0x6e, 0x20, 0x74, 0x68, 0x69, 0x6e, 0x67, 0x73, 0x20,
  0x62, 0x65, 0x63, 0x6f, 0x6d, 0x65, 0x20, 0x64, 0x61, 0x6e, 0x67, 0x65,
  0x72, 0x6f, 0x75, 0x73, 0x2e, 0x22, 0x0a, 0x20, 0x20, 0x20, 0x20, 0x20,
  0x20, 0x20, 0x20, 0x20, 0x20, 0x7d, 0x0a, 0x20, 0x20, 0x20, 0x20, 0x20,
  0x20, 0x20, 0x20, 0x5d, 0x0a, 0x20, 0x20, 0x20, 0x20, 0x20, 0x20, 0x7d,
  0x2c, 0x0a, 0x20, 0x20, 0x20, 0x20, 0x20, 0x20, 0x7b, 0x0a, 0x20, 0x20,
  0x20, 0x20, 0x20, 0x20, 0x20, 0x20, 0x22, 0x74, 0x69, 0x74, 0x6c, 0x65,
  0x22, 0x3a, 0x20, 0x22, 0x43, 0x72, 0x6f, 0x77, 0x64, 0x20, 0x43, 0x6f,
  0x6e, 0x74, 0x72, 0x6f, 0x6c, 0x22, 0x2c, 0x0a, 0x20, 0x20, 0x20, 0x20,
  0x20, 0x20, 0x20, 0x20, 0x22, 0x69, 0x74, 0x65, 0x6d, 0x73, 0x22, 0x3a,
  0x20, 0x5b, 0x0a, 0x20, 0x20, 0x20, 0x20, 0x20, 0x20, 0x20, 0x20, 0x20,
  0x20, 0x7b, 0x0a, 0x20, 0x20, 0x20, 0x20, 0x20, 0x20, 0x20, 0x20, 0x20,
  0x20, 0x20, 0x20, 0x22, 0x74, 0x65, 0x78, 0x74, 0x22, 0x3a, 0x20, 0x22,
  0x53, 0x74, 0x61, 0x66, 0x66, 0x63, 0x61, 0x6e, 0x20, 0x62, 0x65, 0x20,
  0x61, 0x6e, 0x20, 0x6f, 0x70, 0x74, 0x69, 0x6f, 0x6e, 0x61, 0x6c, 0x20,
  0x73, 0x65, 0x63, 0x6f, 0x6e, 0x64, 0x61, 0x72, 0x79, 0x20, 0x77, 0x65,
  0x61, 0x70, 0x6f, 0x6e, 0x20, 0x66, 0x6f, 0x72, 0x20, 0x61, 0x64, 0x64,
  0x69, 0x74, 0x69, 0x6f, 0x6e, 0x61, 0x6c, 0x44, 0x65, 0x66, 0x69, 0x61,
  0x6e, 0x63, 0x65, 0x20, 0x62, 0x72, 0x65, 0x61, 0x6b, 0x2e, 0x55, 0x73,
  0x65, 0x35, 0x61, 0x6e, 0x64, 0x20, 0x63, 0x6f, 0x6e, 0x74, 0x69, 0x6e,
  0x75, 0x65, 0x20, 0x77, 0x69, 0x74, 0x68, 0x41, 0x75, 0x74, 0x6f, 0x20,
  0x41, 0x74, 0x74, 0x61, 0x63, 0x6b, 0x75, 0x6e, 0x74, 0x69, 0x6c, 0x20,
  0x79, 0x6f, 0x75, 0x20, 0x63, 0x61, 0x6e, 0x57, 0x65, 0x61, 0x70, 0x6f,
  0x6e, 0x20, 0x53, 0x77, 0x61, 0x70, 0x61, 0x67, 0x61, 0x69, 0x6e, 0x2e,
  0x22, 0x0a, 0x20, 0x20, 0x20, 0x20, 0x20, 0x20, 0x20, 0x20, 0x20, 0x20,
  0x7d, 0x0a, 0x20, 0x20, 0x20, 0x20, 0x20, 0x20, 0x20, 0x20, 0x5d, 0x0a,
  0x20, 0x20, 0x20, 0x20, 0x20, 0x20, 0x7d, 0x0a, 0x20, 0x20, 0x20, 0x20,
  0x5d, 0x0a, 0x20, 0x20, 0x7d, 0x2c, 0x0a, 0x20, 0x20, 0x22, 0x72, 0x65,
  0x76, 0x65, 0x6e, 0x61, 0x6e, 0x74, 0x2d, 0x70, 0x6f, 0x77, 0x65, 0x72,
  0x2d, 0x76, 0x69, 0x6e, 0x64, 0x69, 0x63, 0x61, 0x74, 0x6f, 0x72, 0x22,
  0x3a, 0x20, 0x7b, 0x0a, 0x20, 0x20, 0x20, 0x20, 0x22, 0x73, 0x65, 0x63,
  0x74, 0x69, 0x6f, 0x6e, 0x73, 0x22, 0x3a, 0x20, 0x5b, 0x0a, 0x20, 0x20,
  0x20, 0x20, 0x20, 0x20, 0x7b, 0x0a, 0x20, 0x20, 0x20, 0x20, 0x20, 0x20,
  0x20, 0x20, 0x22, 0x74, 0x69, 0x74, 0x6c, 0x65, 0x22, 0x3a, 0x20, 0x22,
  0x4b, 0x65, 0x79, 0x20, 0x43, 0x6f, 0x6e, 0x63, 0x65, 0x70, 0x74, 0x73,
  0x22, 0x2c, 0x0a, 0x20, 0x20, 0x20, 0x20, 0x20, 0x20, 0x20, 0x20, 0x22,
  0x69, 0x74, 0x65, 0x6d, 0x73, 0x22, 0x3a, 0x20, 0x5b, 0x0a, 0x20, 0x20,
  0x20, 0x20, 0x20, 0x20, 0x20, 0x20, 0x20, 0x20, 0x7b, 0x0a, 0x20, 0x20,
  0x20, 0x20, 0x20, 0x20, 0x20, 0x20, 0x20, 0x20, 0x20, 0x20, 0x22, 0x74,
  0x65, 0x78, 0x74, 0x22, 0x3a, 0x20, 0x22, 0x41, 0x63, 0x74, 0x69, 0x76,
  0x61, 0x74, 0x65, 0x62, 0x79, 0x44, 0x6f, 0x64, 0x67, 0x69, 0x6e, 0x67,
  0x2e, 0x44, 0x6f, 0x64, 0x67, 0x69, 0x6e, 0x67, 0x69, 0x73, 0x44, 0x61,
  0x6d, 0x61, 0x67, 0x65, 0x2c, 0x20, 0x73, 0x6f, 0x20, 0x6b, 0x65, 0x65,
  0x70, 0x44, 0x6f, 0x64, 0x67, 0x69, 0x6e, 0x67, 0x61, 0x6e, 0x64, 0x20,
  0x6e, 0x65, 0x76, 0x65, 0x72, 0x20, 0x6c, 0x65, 0x74, 0x20, 0x79, 0x6f,
  0x75, 0x72, 0x45, 0x6e, 0x64, 0x75, 0x72, 0x61, 0x6e, 0x63, 0x65, 0x66,
  0x69, 0x6c, 0x6c, 0x20, 0x75, 0x70, 0x2e, 0x22, 0x0a, 0x20, 0x20, 0x20,
  0x20, 0x20, 0x20, 0x20, 0x20, 0x20, 0x20, 0x7d, 0x2c, 0x0a, 0x20, 0x20,
  0x20, 0x20, 0x20, 0x20, 0x20, 0x20, 0x20, 0x20, 0x7b, 0x0a, 0x20, 0x20,
  0x20, 0x20, 0x20, 0x20, 0x20, 0x20, 0x20, 0x20, 0x20, 0x20, 0x22, 0x74,
  0x65, 0x78, 0x74, 0x22, 0x3a, 0x20, 0x22, 0x57, 0x68, 0x65, 0x6e, 0x20,
  0x79, 0x6f, 0x75, 0x20, 0x61, 0x72, 0x65, 0x6e, 0x27, 0x74, 0x44, 0x6f,
  0x64, 0x67, 0x69, 0x6e, 0x67, 0x2c, 0x20, 0x75, 0x73, 0x65, 0x41, 0x75,
  0x74, 0x6f, 0x20, 0x41, 0x74, 0x74, 0x61, 0x63, 0x6b, 0x6f, 0x6e, 0x53,
  0x77, 0x6f, 0x72, 0x64, 0x61, 0x6e, 0x64, 0x20, 0x75, 0x73, 0x65, 0x55,
  0x70, 0x6b, 0x65, 0x65, 0x70, 0x73, 0x6b, 0x69, 0x6c, 0x6c, 0x73, 0x20,
  0x74, 0x6f, 0x20, 0x62, 0x6f, 0x6f, 0x73, 0x74, 0x44, 0x61, 0x6d, 0x61,
  0x67, 0x65, 0x2e, 0x22, 0x0a, 0x20, 0x20, 0x20, 0x20, 0x20, 0x20, 0x20,
  0x20, 0x20, 0x20, 0x7d, 0x2c, 0x0a, 0x20, 0x20, 0x20, 0x20, 0x20, 0x20,
  0x20, 0x20, 0x20, 0x20, 0x7b, 0x0a, 0x20, 0x20, 0x20, 0x20, 0x20, 0x20,
  0x20, 0x20, 0x20, 0x20, 0x20, 0x20, 0x22, 0x74, 0x65, 0x78, 0x74, 0x22,
  0x3a, 0x20, 0x22, 0x57, 0x65, 0x20, 0x63, 0x61, 0x6e, 0x20, 0x61, 0x64,
  0x64, 0x20, 0x66, 0x75, 0x72, 0x74, 0x68, 0x65, 0x72, 0x20, 0x63, 0x6f,
  0x6d, 0x70, 0x6c, 0x65, 0x78, 0x69, 0x74, 0x79, 0x20, 0x74, 0x68, 0x72,
  0x6f, 0x75, 0x67, 0x68, 0x20, 0x75, 0x73, 0x69, 0x6e, 0x67, 0x2c, 0x53,
  0x77, 0x6f, 0x72, 0x64, 0x73, 0x6b, 0x69, 0x6c, 0x6c, 0x73, 0x20, 0x61,
  0x6e, 0x64, 0x20, 0x63, 0x68, 0x61, 0x6e, 0x67, 0x69, 0x6e, 0x67, 0x20,
  0x74, 0x6f, 0x20, 0x61, 0x20, 0x73, 0x74, 0x72, 0x6f, 0x6e, 0x67, 0x65,
  0x72, 0x4c, 0x65, 0x67, 0x65, 0x6e, 0x64, 0x61, 0x72, 0x79, 0x20, 0x53,
  0x74, 0x61, 0x6e, 0x63, 0x65, 0x2e, 0x22, 0x0a, 0x20, 0x20, 0x20, 0x20,
  0x20, 0x20, 0x20, 0x20, 0x20, 0x20, 0x7d, 0x0a, 0x20, 0x20, 0x20, 0x20,
  0x20, 0x20, 0x20, 0x20, 0x5d, 0x0a, 0x20, 0x20, 0x20, 0x20, 0x20, 0x20,
  0x7d, 0x2c, 0x0a, 0x20, 0x20, 0x20, 0x20, 0x20, 0x20, 0x7b, 0x0a, 0x20,
  0x20, 0x20, 0x20, 0x20, 0x20, 0x20, 0x20, 0x22, 0x74, 0x69, 0x74, 0x6c,
  0x65, 0x22, 0x3a, 0x20, 0x22, 0x53, 0x74, 0x65, 0x70, 0x20, 0x4f, 0x6e,
  0x65, 0x22, 0x2c, 0x0a, 0x20, 0x20, 0x20, 0x20, 0x20, 0x20, 0x20, 0x20,
  0x22, 0x69, 0x74, 0x65, 0x6d, 0x73, 0x22, 0x3a, 0x20, 0x5b, 0x0a, 0x20,
  0x20, 0x20, 0x20, 0x20, 0x20, 0x20, 0x20, 0x20, 0x20, 0x7b, 0x0a, 0x20,
  0x20, 0x20, 0x20, 0x20, 0x20, 0x20, 0x20, 0x20, 0x20, 0x20, 0x20, 0x22,
  0x74, 0x65, 0x78, 0x74, 0x22, 0x3a, 0x20, 0x22, 0x53, 0x74, 0x61, 0x72,
  0x74, 0x20, 0x77, 0x69, 0x74, 0x68, 0x44, 0x6f, 0x64, 0x67, 0x65, 0x61,
  0x6e, 0x64, 0x20, 0x69, 0x6d, 0x6d, 0x65, 0x64, 0x69, 0x61, 0x74, 0x65,
  0x6c, 0x79, 0x20, 0x70, 0x72, 0x6f, 0x63, 0x65, 0x65, 0x64, 0x20, 0x77,
  0x69, 0x74, 0x68, 0x20, 0x79, 0x6f, 0x75, 0x72, 0x41, 0x75, 0x74, 0x6f,
  0x20, 0x41, 0x74, 0x74, 0x61, 0x63, 0x6b, 0x73, 0x2e, 0x22, 0x0a, 0x20,
  0x20, 0x20, 0x20, 0x20, 0x20, 0x20, 0x20, 0x20, 0x20, 0x7d, 0x2c, 0x0a,
  0x20, 0x20, 0x20, 0x20, 0x20, 0x20, 0x20, 0x20, 0x20, 0x20, 0x7b, 0x0a,
  0x20, 0x20, 0x20, 0x20, 0x20, 0x20, 0x20, 0x20, 0x20, 0x20, 0x20, 0x20,
  0x22, 0x74, 0x65, 0x78, 0x74, 0x22, 0x3a, 0x20, 0x22, 0x44, 0x6f, 0x64,
  0x67, 0x65, 0x61, 0x67, 0x61, 0x69, 0x6e, 0x20, 0x77, 0x68, 0x65, 0x6e,
  0x20, 0x79, 0x6f, 0x75, 0x72, 0x45, 0x6e, 0x64, 0x75, 0x72, 0x61, 0x6e,
  0x63, 0x65, 0x61, 0x6c, 0x6c, 0x6f, 0x77, 0x73, 0x2c, 0x20, 0x77, 0x68,
  0x69, 0x6c, 0x65, 0x20, 0x74, 0x72, 0x79, 0x69, 0x6e, 0x67, 0x20, 0x6e,
  0x6f, 0x74, 0x20, 0x74, 0x6f, 0x20, 0x69, 0x6e, 0x74, 0x65, 0x72, 0x72,
  0x75, 0x70, 0x74, 0x20, 0x79, 0x6f, 0x75, 0x72, 0x41, 0x75, 0x74, 0x6f,
  0x20, 0x41, 0x74, 0x74, 0x61, 0x63, 0x6b, 0x20, 0x43, 0x68, 0x61, 0x69,
  0x6e, 0x74, 0x6f, 0x6f, 0x20, 0x6f, 0x66, 0x74, 0x65, 0x6e, 0x2e, 0x22,
  0x0a, 0x20, 0x20, 0x20, 0x20, 0x20, 0x20, 0x20, 0x20, 0x20, 0x20, 0x7d,
  0x2c, 0x0a, 0x20, 0x20, 0x20, 0x20, 0x20, 0x20, 0x20, 0x20, 0x20, 0x20,
  0x7b, 0x0a, 0x20, 0x20, 0x20, 0x20, 0x20, 0x20, 0x20, 0x20, 0x20, 0x20,
  0x20, 0x20, 0x22, 0x74, 0x65, 0x78, 0x74, 0x22, 0x3a, 0x20, 0x22, 0x55,
  0x73, 0x65, 0x61, 0x6e, 0x64, 0x20, 0x61, 0x63, 0x74, 0x69, 0x76, 0x61,
  0x74, 0x65, 0x20, 0x69, 0x74, 0x20, 0x72, 0x65, 0x70, 0x65, 0x61, 0x74,
  0x65, 0x64, 0x6c, 0x79, 0x20, 0x61, 0x73, 0x20, 0x73, 0x6f, 0x6f, 0x6e,
  0x20, 0x69, 0x74, 0x20, 0x69, 0x73, 0x20, 0x61, 0x76, 0x61, 0x69, 0x6c,
  0x61, 0x62, 0x6c, 0x65, 0x2e, 0x20, 0x54, 0x68, 0x69, 0x73, 0x20, 0x77,
  0x69, 0x6c, 0x6c, 0x20, 0x67, 0x72, 0x61, 0x6e, 0x74, 0x20, 0x74, 0x68,
  0x65, 0x65, 0x66, 0x66, 0x65, 0x63, 0x74, 0x20, 0x74, 0x6f, 0x20, 0x69,
  0x6d, 0x70, 0x72, 0x6f, 0x76, 0x65, 0x20, 0x79, 0x6f, 0x75, 0x72, 0x20,
  0x6e, 0x65, 0x78, 0x74, 0x44, 0x6f, 0x64, 0x67, 0x65, 0x2c, 0x20, 0x73,
  0x6f, 0x20, 0x74, 0x72, 0x79, 0x20, 0x74, 0x6f, 0x20, 0x64, 0x6f, 0x20,
  0x73, 0x6f, 0x20, 0x61, 0x73, 0x20, 0x73, 0x6f, 0x6f, 0x6e, 0x20, 0x61,
  0x73, 0x20, 0x70, 0x6f, 0x73, 0x73, 0x69, 0x62, 0x6c, 0x65, 0x20, 0x6f,
  0x6e, 0x63, 0x65, 0x20, 0x61, 0x63, 0x74, 0x69, 0x76, 0x61, 0x74, 0x65,
  0x64, 0x2e, 0x22, 0x0a, 0x20, 0x20, 0x20, 0x20, 0x20, 0x20, 0x20, 0x20,
  0x20, 0x20, 0x7d, 0x2c, 0x0a, 0x20, 0x20, 0x20, 0x20, 0x20, 0x20, 0x20,
  0x20, 0x20, 0x20, 0x7b, 0x0a, 0x20, 0x20, 0x20, 0x20, 0x20, 0x20, 0x20,
  0x20, 0x20, 0x20, 0x20, 0x20, 0x22, 0x74, 0x65, 0x78, 0x74, 0x22, 0x3a,
  0x20, 0x22, 0x52, 0x65, 0x6d, 0x65, 0x6d, 0x62, 0x65, 0x72, 0x2c, 0x20,
  0x79, 0x6f, 0x75, 0x20, 0x63, 0x61, 0x6e, 0x20, 0x6d, 0x6f, 0x76, 0x65,
  0x20, 0x61, 0x6e, 0x64, 0x20, 0x72, 0x65, 0x70, 0x6f, 0x73, 0x69, 0x74,
  0x69, 0x6f, 0x6e, 0x20, 0x77, 0x68, 0x69, 0x6c, 0x65, 0x44, 0x6f, 0x64,
  0x67, 0x69, 0x6e, 0x67, 0x21, 0x22, 0x0a, 0x20, 0x20, 0x20, 0x20, 0x20,
  0x20, 0x20, 0x20, 0x20, 0x20, 0x7d, 0x0a, 0x20, 0x20, 0x20, 0x20, 0x20,
  0x20, 0x20, 0x20, 0x5d, 0x0a, 0x20, 0x20, 0x20, 0x20, 0x20, 0x20, 0x7d,
  0x2c, 0x0a, 0x20, 0x20, 0x20, 0x20, 0x20, 0x20, 0x7b, 0x0a, 0x20, 0x20,
  0x20, 0x20, 0x20, 0x20, 0x20, 0x20, 0x22, 0x74, 0x69, 0x74, 0x6c, 0x65,
  0x22, 0x3a, 0x20, 0x22, 0x53, 0x74, 0x65, 0x70, 0x20, 0x54, 0x77, 0x6f,
  0x22, 0x2c, 0x0a, 0x20, 0x20, 0x20, 0x20, 0x20, 0x20, 0x20, 0x20, 0x22,
  0x69, 0x74, 0x65, 0x6d, 0x73, 0x22, 0x3a, 0x20, 0x5b, 0x0a, 0x20, 0x20,
  0x20, 0x20, 0x20, 0x20, 0x20, 0x20, 0x20, 0x20, 0x7b, 0x0a, 0x20, 0x20,
  0x20, 0x20, 0x20, 0x20, 0x20, 0x20, 0x20, 0x20, 0x20, 0x20, 0x22, 0x74,
  0x65, 0x78, 0x74, 0x22, 0x3a, 0x20, 0x22, 0x4e, 0x65, 0x78, 0x74, 0x2c,
  0x20, 0x77, 0x65, 0x27, 0x6c, 0x6c, 0x20, 0x61, 0x64, 0x64, 0x20, 0x69,
  0x6e, 0x55, 0x70, 0x6b, 0x65, 0x65, 0x70, 0x73, 0x6b, 0x69, 0x6c, 0x6c,
  0x73, 0x2e, 0x22, 0x0a, 0x20, 0x20, 0x20, 0x20, 0x20, 0x20, 0x20, 0x20,
  0x20, 0x20, 0x7d, 0x2c, 0x0a, 0x20, 0x20, 0x20, 0x20, 0x20, 0x20, 0x20,
  0x20, 0x20, 0x20, 0x7b, 0x0a, 0x20, 0x20, 0x20, 0x20, 0x20, 0x20, 0x20,
  0x20, 0x20, 0x20, 0x20, 0x20, 0x22, 0x74, 0x65, 0x78, 0x74, 0x22, 0x3a,
  0x20, 0x22, 0x55, 0x73, 0x65, 0x61, 0x6e, 0x64, 0x20, 0x6c, 0x65, 0x74,
  0x20, 0x69, 0x74, 0x20, 0x64, 0x72, 0x61, 0x69, 0x6e, 0x20, 0x79, 0x6f,
  0x75, 0x72, 0x45, 0x6e, 0x65, 0x72, 0x67, 0x79, 0x2e, 0x20, 0x54, 0x68,
  0x69, 0x73, 0x20, 0x73, 0x6b, 0x69, 0x6c, 0x6c, 0x20, 0x61, 0x64, 0x64,
  0x73, 0x20, 0x61, 0x64, 0x64, 0x69, 0x74, 0x69, 0x6f, 0x6e, 0x61, 0x6c,
  0x44, 0x61, 0x6d, 0x61, 0x67, 0x65, 0x77, 0x68, 0x65, 0x6e, 0x20, 0x79,
  0x6f, 0x75, 0x20, 0x73, 0x74, 0x72, 0x69, 0x6b, 0x65, 0x20, 0x65, 0x6e,
  0x65, 0x6d, 0x69, 0x65, 0x73, 0x2e, 0x22, 0x0a, 0x20, 0x20, 0x20, 0x20,
  0x20, 0x20, 0x20, 0x20, 0x20, 0x20, 0x7d, 0x2c, 0x0a, 0x20, 0x20, 0x20,
  0x20, 0x20, 0x20, 0x20, 0x20, 0x20, 0x20, 0x7b, 0x0a, 0x20, 0x20, 0x20,
  0x20, 0x20, 0x20, 0x20, 0x20, 0x20, 0x20, 0x20, 0x20, 0x22, 0x74, 0x65,
  0x78, 0x74, 0x22, 0x3a, 0x20, 0x22, 0x57, 0x68, 0x65, 0x6e, 0x20, 0x79,
  0x6f, 0x75, 0x20, 0x72, 0x75, 0x6e, 0x20, 0x6f, 0x75, 0x74, 0x20, 0x6f,
  0x66, 0x45, 0x6e, 0x65, 0x72, 0x67, 0x79, 0x2c, 0x20, 0x73, 0x77, 0x61,
  0x70, 0x20, 0x74, 0x6f, 0x61, 0x6e, 0x64, 0x20, 0x75, 0x73, 0x65, 0x2e,
  0x20, 0x54, 0x68, 0x69, 0x73, 0x20, 0x73, 0x6b, 0x69, 0x6c, 0x6c, 0x20,
  0x61, 0x63, 0x74, 0x73, 0x20, 0x73, 0x69, 0x6d, 0x69, 0x6c, 0x61, 0x72,
  0x6c, 0x79, 0x20, 0x61, 0x6e, 0x64, 0x20, 0x64, 0x65, 0x61, 0x6c, 0x73,
  0x44, 0x61, 0x6d, 0x61, 0x67, 0x65, 0x61, 0x72, 0x6f, 0x75, 0x6e, 0x64,
  0x20, 0x79, 0x6f, 0x75, 0x20, 0x69, 0x6e, 0x20, 0x63, 0x6c, 0x6f, 0x73,
  0x65, 0x20, 0x70, 0x72, 0x6f, 0x78, 0x69, 0x6d, 0x69, 0x74, 0x79, 0x2e,
  0x22, 0x0a, 0x20, 0x20, 0x20, 0x20, 0x20, 0x20, 0x20, 0x20, 0x20, 0x20,
  0x7d, 0x2c, 0x0a, 0x20, 0x20, 0x20, 0x20, 0x20, 0x20, 0x20, 0x20, 0x20,
  0x20, 0x7b, 0x0a, 0x20, 0x20, 0x20, 0x20, 0x20, 0x20, 0x20, 0x20, 0x20,
  0x20, 0x20, 0x20, 0x22, 0x74, 0x65, 0x78, 0x74, 0x22, 0x3a, 0x20, 0x22,
  0x4f, 0x6e, 0x63, 0x65, 0x69, 0x73, 0x20, 0x72, 0x65, 0x61, 0x64, 0x79,
  0x20, 0x61, 0x67, 0x61, 0x69, 0x6e, 0x2c, 0x20, 0x73, 0x77, 0x61, 0x70,
  0x20, 0x62, 0x61, 0x63, 0x6b, 0x20, 0x74, 0x6f, 0x20, 0x69, 0x74, 0x20,
  0x61, 0x6e, 0x64, 0x20, 0x72, 0x65, 0x70, 0x65, 0x61, 0x74, 0x21, 0x22,
  0x0a, 0x20, 0x20, 0x20, 0x20, 0x20, 0x20, 0x20, 0x20, 0x20, 0x20, 0x7d,
  0x0a, 0x20, 0x20, 0x20, 0x20, 0x20, 0x20, 0x20, 0x20, 0x5d, 0x0a, 0x20,
  0x20, 0x20, 0x20, 0x20, 0x20, 0x7d, 0x2c, 0x0a, 0x20, 0x20, 0x20, 0x20,
  0x20, 0x20, 0x7b, 0x0a, 0x20, 0x20, 0x20, 0x20, 0x20, 0x20, 0x20, 0x20,
  0x22, 0x74, 0x69, 0x74, 0x6c, 0x65, 0x22, 0x3a, 0x20, 0x22, 0x53, 0x74,
  0x65, 0x70, 0x20, 0x54, 0x68, 0x72, 0x65, 0x65, 0x22, 0x2c, 0x0a, 0x20,
  0x20, 0x20, 0x20, 0x20, 0x20, 0x20, 0x20, 0x22, 0x69, 0x74, 0x65, 0x6d,
  0x73, 0x22, 0x3a, 0x20, 0x5b, 0x0a, 0x20, 0x20, 0x20, 0x20, 0x20, 0x20,
  0x20, 0x20, 0x20, 0x20, 0x7b, 0x0a, 0x20, 0x20, 0x20, 0x20, 0x20, 0x20,
  0x20, 0x20, 0x20, 0x20, 0x20, 0x20, 0x22, 0x74, 0x65, 0x78, 0x74, 0x22,
  0x3a, 0x20, 0x22, 0x4c, 0x61, 0x73, 0x74, 0x6c, 0x79, 0x2c, 0x20, 0x77,
  0x65, 0x20, 0x73, 0x68, 0x6f, 0x75, 0x6c, 0x64, 0x20, 0x61, 0x64, 0x64,
  0x20, 0x69, 0x6e, 0x20, 0x77, 0x65, 0x61, 0x70, 0x6f, 0x6e, 0x20, 0x73,
  0x6b, 0x69, 0x6c, 0x6c, 0x73, 0x2e, 0x20, 0x54, 0x72, 0x79, 0x20, 0x74,
  0x6f, 0x20, 0x77, 0x65, 0x61, 0x76, 0x65, 0x20, 0x74, 0x68, 0x65, 0x73,
  0x65, 0x20, 0x69, 0x6e, 0x20, 0x62, 0x65, 0x74, 0x77, 0x65, 0x65, 0x6e,
  0x41, 0x75, 0x74, 0x6f, 0x20, 0x41, 0x74, 0x74, 0x61, 0x63, 0x6b, 0x73,
  0x2c, 0x20, 0x62, 0x75, 0x74, 0x20, 0x73, 0x74, 0x69, 0x6c, 0x6c, 0x20,
  0x70, 0x72, 0x69, 0x6f, 0x72, 0x69, 0x74, 0x69, 0x73, 0x65, 0x44, 0x6f,
  0x64, 0x67, 0x65, 0x2e, 0x22, 0x0a, 0x20, 0x20, 0x20, 0x20, 0x20, 0x20,
  0x20, 0x20, 0x20, 0x20, 0x7d, 0x2c, 0x0a, 0x20, 0x20, 0x20, 0x20, 0x20,
  0x20, 0x20, 0x20, 0x20, 0x20, 0x7b, 0x0a, 0x20, 0x20, 0x20, 0x20, 0x20,
  0x20, 0x20, 0x20, 0x20, 0x20, 0x20, 0x20, 0x22, 0x74, 0x65, 0x78, 0x74,
  0x22, 0x3a, 0x20, 0x22, 0x46, 0x6f, 0x6c, 0x6c, 0x6f, 0x77, 0x20, 0x74,
  0x68, 0x69, 0x73, 0x20, 0x70, 0x72, 0x69, 0x6f, 0x72, 0x69, 0x74, 0x79,
  0x20, 0x6f, 0x6e, 0x20, 0x79, 0x6f, 0x75, 0x72, 0x53, 0x77, 0x6f, 0x72,
  0x64, 0x73, 0x3a, 0x22, 0x0a, 0x20, 0x20, 0x20, 0x20, 0x20, 0x20, 0x20,
  0x20, 0x20, 0x20, 0x7d, 0x2c, 0x0a, 0x20, 0x20, 0x20, 0x20, 0x20, 0x20,
  0x20, 0x20, 0x20, 0x20, 0x7b, 0x0a, 0x20, 0x20, 0x20, 0x20, 0x20, 0x20,
  0x20, 0x20, 0x20, 0x20, 0x20, 0x20, 0x22, 0x74, 0x65, 0x78, 0x74, 0x22,
  0x3a, 0x20, 0x22, 0x54, 0x72, 0x79, 0x20, 0x74, 0x6f, 0x2c, 0x20, 0x61,
  0x73, 0x20, 0x74, 0x68, 0x65, 0x79, 0x20, 0x68, 0x61, 0x76, 0x65, 0x20,
  0x74, 0x68, 0x65, 0x20, 0x73, 0x61, 0x6d, 0x65, 0x43, 0x6f, 0x6f, 0x6c,
  0x64, 0x6f, 0x77, 0x6e, 0x2e, 0x22, 0x0a, 0x20, 0x20, 0x20, 0x20, 0x20,
  0x20, 0x20, 0x20, 0x20, 0x20, 0x7d, 0x0a, 0x20, 0x20, 0x20, 0x20, 0x20,
  0x20, 0x20, 0x20, 0x5d, 0x0a, 0x20, 0x20, 0x20, 0x20, 0x20, 0x20, 0x7d,
  0x2c, 0x0a, 0x20, 0x20, 0x20, 0x20, 0x20, 0x20, 0x7b, 0x0a, 0x20, 0x20,
  0x20, 0x20, 0x20, 0x20, 0x20, 0x20, 0x22, 0x74, 0x69, 0x74, 0x6c, 0x65,
  0x22, 0x3a, 0x20, 0x22, 0x53, 0x74, 0x65, 0x70, 0x20, 0x46, 0x6f, 0x75,
  0x72, 0x22, 0x2c, 0x0a, 0x20, 0x20, 0x20, 0x20, 0x20, 0x20, 0x20, 0x20,
  0x22, 0x69, 0x74, 0x65, 0x6d, 0x73, 0x22, 0x3a, 0x20, 0x5b, 0x0a, 0x20,
  0x20, 0x20, 0x20, 0x20, 0x20, 0x20, 0x20, 0x20, 0x20, 0x7b, 0x0a, 0x20,
  0x20, 0x20, 0x20, 0x20, 0x20, 0x20, 0x20, 0x20, 0x20, 0x20, 0x20, 0x22,
  0x74, 0x65, 0x78, 0x74, 0x22, 0x3a, 0x20, 0x22, 0x52, 0x65, 0x70, 0x6c,
  0x61, 0x63, 0x65, 0x77, 0x69, 0x74, 0x68, 0x2e, 0x20, 0x54, 0x68, 0x69,
  0x73, 0x20, 0x73, 0x74, 0x61, 0x6e, 0x63, 0x65, 0x20, 0x77, 0x69, 0x6c,
  0x6c, 0x20, 0x75, 0x73, 0x65, 0x20, 0x73, 0x6c, 0x6f, 0x74, 0x20, 0x73,
  0x6b, 0x69, 0x6c, 0x6c, 0x73, 0x20, 0x66, 0x6f, 0x72, 0x20, 0x6d, 0x6f,
  0x72, 0x65, 0x20, 0x64, 0x61, 0x6d, 0x61, 0x67, 0x65, 0x20, 0x69, 0x6e,
  0x73, 0x74, 0x65, 0x61, 0x64, 0x20, 0x6f, 0x66, 0x55, 0x70, 0x6b, 0x65,
  0x65, 0x70, 0x2e, 0x22, 0x0a, 0x20, 0x20, 0x20, 0x20, 0x20, 0x20, 0x20,
  0x20, 0x20, 0x20, 0x7d, 0x2c, 0x0a, 0x20, 0x20, 0x20, 0x20, 0x20, 0x20,
  0x20, 0x20, 0x20, 0x20, 0x7b, 0x0a, 0x20, 0x20, 0x20, 0x20, 0x20, 0x20,
  0x20, 0x20, 0x20, 0x20, 0x20, 0x20, 0x22, 0x74, 0x65, 0x78, 0x74, 0x22,
  0x3a, 0x20, 0x22, 0x55, 0x73, 0x65, 0x77, 0x68, 0x65, 0x6e, 0x20, 0x79,
  0x6f, 0x75, 0x20, 0x65, 0x6e, 0x74, 0x65, 0x72, 0x20, 0x74, 0x68, 0x65,
  0x20, 0x73, 0x74, 0x61, 0x6e, 0x63, 0x65, 0x2c, 0x20, 0x61, 0x6e, 0x64,
  0x20, 0x61, 0x67, 0x61, 0x69, 0x6e, 0x20, 0x62, 0x65, 0x66, 0x6f, 0x72,
  0x65, 0x20, 0x6c, 0x65, 0x61, 0x76, 0x69, 0x6e, 0x67, 0x2e, 0x22, 0x0a,
  0x20, 0x20, 0x20, 0x20, 0x20, 0x20, 0x20, 0x20, 0x20, 0x20, 0x7d, 0x2c,
  0x0a, 0x20, 0x20, 0x20, 0x20, 0x20, 0x20, 0x20, 0x20, 0x20, 0x20, 0x7b,
  0x0a, 0x20, 0x20, 0x20, 0x20, 0x20, 0x20, 0x20, 0x20, 0x20, 0x20, 0x20,
  0x20, 0x22, 0x74, 0x65, 0x78, 0x74, 0x22, 0x3a, 0x20, 0x22, 0x55, 0x73,
  0x65, 0x74, 0x77, 0x69, 0x63, 0x65, 0x20, 0x69, 0x6e, 0x20, 0x62, 0x65,
  0x74, 0x77, 0x65, 0x65, 0x6e, 0x20, 0x6f, 0x74, 0x68, 0x65, 0x72, 0x20,
  0x73, 0x6b, 0x69, 0x6c, 0x6c, 0x73, 0x2e, 0x22, 0x0a, 0x20, 0x20, 0x20,
  0x20, 0x20, 0x20, 0x20, 0x20, 0x20, 0x20, 0x7d, 0x2c, 0x0a, 0x20, 0x20,
  0x20, 0x20, 0x20, 0x20, 0x20, 0x20, 0x20, 0x20, 0x7b, 0x0a, 0x20, 0x20,
  0x20, 0x20, 0x20, 0x20, 0x20, 0x20, 0x20, 0x20, 0x20, 0x20, 0x22, 0x74,
  0x65, 0x78, 0x74, 0x22, 0x3a, 0x20, 0x22, 0x69, 0x73, 0x20, 0x61, 0x20,
  0x67, 0x72, 0x65, 0x61, 0x74, 0x20, 0x61, 0x6c, 0x74, 0x65, 0x72, 0x6e,
  0x61, 0x74, 0x69, 0x76, 0x65, 0x20, 0x73, 0x6b, 0x69, 0x6c, 0x6c, 0x20,
  0x74, 0x68, 0x61, 0x74, 0x20, 0x67, 0x72, 0x61, 0x6e, 0x74, 0x73, 0x20,
  0x79, 0x6f, 0x75, 0x46, 0x75, 0x72, 0x79, 0x2c, 0x51, 0x75, 0x69, 0x63,
  0x6b, 0x6e, 0x65, 0x73, 0x73, 0x61, 0x6e, 0x64, 0x45, 0x6e, 0x64, 0x75,
  0x72, 0x61, 0x6e, 0x63, 0x65, 0x74, 0x6f, 0x20, 0x61, 0x6c, 0x6c, 0x6f,
  0x77, 0x20, 0x6d, 0x6f, 0x72, 0x65, 0x44, 0x6f, 0x64, 0x67, 0x65, 0x73,
  0x2e, 0x22, 0x0a, 0x20, 0x20, 0x20, 0x20, 0x20, 0x20, 0x20, 0x20, 0x20,
  0x20, 0x7d, 0x0a, 0x20, 0x20, 0x20, 0x20, 0x20, 0x20, 0x20, 0x20, 0x5d,
  0x0a, 0x20, 0x20, 0x20, 0x20, 0x20, 0x20, 0x7d, 0x2c, 0x0a, 0x20, 0x20,
  0x20, 0x20, 0x20, 0x20, 0x7b, 0x0a, 0x20, 0x20, 0x20, 0x20, 0x20, 0x20,
  0x20, 0x20, 0x22, 0x74, 0x69, 0x74, 0x6c, 0x65, 0x22, 0x3a, 0x20, 0x22,
  0x44, 0x65, 0x66, 0x65, 0x6e, 0x73, 0x65, 0x22, 0x2c, 0x0a, 0x20, 0x20,
  0x20, 0x20, 0x20, 0x20, 0x20, 0x20, 0x22, 0x69, 0x74, 0x65, 0x6d, 0x73,
  0x22, 0x3a, 0x20, 0x5b, 0x0a, 0x20, 0x20, 0x20, 0x20, 0x20, 0x20, 0x20,
  0x20, 0x20, 0x20, 0x7b, 0x0a, 0x20, 0x20, 0x20, 0x20, 0x20, 0x20, 0x20,
  0x20, 0x20, 0x20, 0x20, 0x20, 0x22, 0x74, 0x65, 0x78, 0x74, 0x22, 0x3a,
  0x20, 0x22, 0x67, 0x72, 0x61, 0x6e, 0x74, 0x73, 0x20, 0x79, 0x6f, 0x75,
  0x20, 0x32, 0x30, 0x25, 0x20, 0x64, 0x61, 0x6d, 0x61, 0x67, 0x65, 0x20,
  0x72, 0x65, 0x64, 0x75, 0x63, 0x74, 0x69, 0x6f, 0x6e, 0x20, 0x77, 0x68,
  0x69, 0x6c, 0x65, 0x20, 0x61, 0x63, 0x74, 0x69, 0x76, 0x65, 0x2c, 0x20,
  0x61, 0x6e, 0x64, 0x20, 0x79, 0x6f, 0x75, 0x20, 0x63, 0x61, 0x6e, 0x20,
  0x67, 0x61, 0x69, 0x6e, 0x20, 0x66, 0x75, 0x72, 0x74, 0x68, 0x65, 0x72,
  0x20, 0x64, 0x61, 0x6d, 0x61, 0x67, 0x65, 0x20, 0x72, 0x65, 0x64, 0x75,
  0x63, 0x74, 0x69, 0x6f, 0x6e, 0x20, 0x66, 0x72, 0x6f, 0x6d, 0x2e, 0x20,
  0x54, 0x68, 0x69, 0x73, 0x20, 0x69, 0x73, 0x20, 0x61, 0x6c, 0x73, 0x6f,
  0x20, 0x6f, 0x6e, 0x65, 0x20, 0x6f, 0x66, 0x20, 0x79, 0x6f, 0x75, 0x72,
  0x53, 0x74, 0x75, 0x6e, 0x20, 0x42, 0x72, 0x65, 0x61, 0x6b, 0x73, 0x2e,
  0x22, 0x0a, 0x20, 0x20, 0x20, 0x20, 0x20, 0x20, 0x20, 0x20, 0x20, 0x20,
  0x7d, 0x2c, 0x0a, 0x20, 0x20, 0x20, 0x20, 0x20, 0x20, 0x20, 0x20, 0x20,
  0x20, 0x7b, 0x0a, 0x20, 0x20, 0x20, 0x20, 0x20, 0x20, 0x20, 0x20, 0x20,
  0x20, 0x20, 0x20, 0x22, 0x74, 0x65, 0x78, 0x74, 0x22, 0x3a, 0x20, 0x22,
  0x49, 0x74, 0x20, 0x63, 0x61, 0x6e, 0x20, 0x62, 0x65, 0x20, 0x67, 0x6f,
  0x6f, 0x64, 0x20, 0x74, 0x6f, 0x20, 0x6e, 0x6f, 0x74, 0x20, 0x69, 0x6d,
  0x70, 0x75, 0x6c, 0x73, 0x69, 0x76, 0x65, 0x6c, 0x79, 0x20, 0x75, 0x73,
  0x65, 0x44, 0x6f, 0x64, 0x67, 0x65, 0x61, 0x6c, 0x6c, 0x20, 0x74, 0x68,
  0x65, 0x20, 0x74, 0x69, 0x6d, 0x65, 0x2c, 0x20, 0x73, 0x75, 0x63, 0x68,
  0x20, 0x74, 0x68, 0x61, 0x74, 0x20, 0x79, 0x6f, 0x75, 0x20, 0x6d, 0x61,
  0x79, 0x20, 0x62, 0x65, 0x20, 0x61, 0x62, 0x6c, 0x65, 0x20, 0x74, 0x6f,
  0x45, 0x76, 0x61, 0x64, 0x65, 0x61, 0x6e, 0x20, 0x69, 0x6e, 0x63, 0x6f,
  0x6d, 0x69, 0x6e, 0x67, 0x20, 0x61, 0x74, 0x74, 0x61, 0x63, 0x6b, 0x2e,
  0x20, 0x59, 0x6f, 0x75, 0x20, 0x63, 0x61, 0x6e, 0x20, 0x61, 0x6c, 0x73,
  0x6f, 0x20, 0x75, 0x73, 0x65, 0x2c, 0x20, 0x79, 0x6f, 0x75, 0x72, 0x20,
  0x6f, 0x74, 0x68, 0x65, 0x72, 0x53, 0x74, 0x75, 0x6e, 0x20, 0x42, 0x72,
  0x65, 0x61, 0x6b, 0x2c, 0x20, 0x77, 0x68, 0x69, 0x63, 0x68, 0x45, 0x76,
  0x61, 0x64, 0x65, 0x73, 0x62, 0x61, 0x63, 0x6b, 0x77, 0x61, 0x72, 0x64,
  0x73, 0x2c, 0x20, 0x6f, 0x72, 0x74, 0x6f, 0x20, 0x61, 0x76, 0x6f, 0x69,
  0x64, 0x20, 0x61, 0x74, 0x74, 0x61, 0x63, 0x6b, 0x73, 0x2e, 0x20, 0x48,
  0x6f, 0x77, 0x65, 0x76, 0x65, 0x72, 0x2c, 0x20, 0x62, 0x6f, 0x74, 0x68,
  0x20, 0x77, 0x69, 0x6c, 0x6c, 0x20, 0x6c, 0x6f, 0x63, 0x6b, 0x20, 0x79,
  0x6f, 0x75, 0x20, 0x69, 0x6e, 0x74, 0x6f, 0x20, 0x61, 0x6e, 0x20, 0x61,
  0x6e, 0x69, 0x6d, 0x61, 0x74, 0x69, 0x6f, 0x6e, 0x2e, 0x22, 0x0a, 0x20,
  0x20, 0x20, 0x20, 0x20, 0x20, 0x20, 0x20, 0x20, 0x20, 0x7d, 0x2c, 0x0a,
  0x20, 0x20, 0x20, 0x20, 0x20, 0x20, 0x20, 0x20, 0x20, 0x20, 0x7b, 0x0a,
  0x20, 0x20, 0x20, 0x20, 0x20, 0x20, 0x20, 0x20, 0x20, 0x20, 0x20, 0x20,
  0x22, 0x74, 0x65, 0x78, 0x74, 0x22, 0x3a, 0x20, 0x22, 0x69, 0x73, 0x20,
  0x61, 0x20, 0x73, 0x74, 0x72, 0x6f, 0x6e, 0x67, 0x20, 0x68, 0x65, 0x61,
  0x6c, 0x20, 0x77, 0x69, 0x74, 0x68, 0x43, 0x6f, 0x6e, 0x64, 0x69, 0x74,
  0x69, 0x6f, 0x6e, 0x20, 0x52, 0x65, 0x6d, 0x6f, 0x76, 0x61, 0x6c, 0x2e,
  0x70, 0x72, 0x6f, 0x76, 0x69, 0x64, 0x65, 0x73, 0x53, 0x74, 0x61, 0x62,
  0x69, 0x6c, 0x69, 0x74, 0x79, 0x69, 0x6e, 0x20, 0x61, 0x20, 0x6c, 0x61,
  0x72, 0x67, 0x65, 0x41, 0x6f, 0x45, 0x2e, 0x22, 0x0a, 0x20, 0x20, 0x20,
  0x20, 0x20, 0x20, 0x20, 0x20, 0x20, 0x20, 0x7d, 0x2c, 0x0a, 0x20, 0x20,
  0x20, 0x20, 0x20, 0x20, 0x20, 0x20, 0x20, 0x20, 0x7b, 0x0a, 0x20, 0x20,
  0x20, 0x20, 0x20, 0x20, 0x20, 0x20, 0x20, 0x20, 0x20, 0x20, 0x22, 0x74,
  0x65, 0x78, 0x74, 0x22, 0x3a, 0x20, 0x22, 0x49, 0x6e, 0x79, 0x6f, 0x75,
  0x20, 0x68, 0x61, 0x76, 0x65, 0x20, 0x61, 0x63, 0x63, 0x65, 0x73, 0x73,
  0x20, 0x74, 0x6f, 0x20, 0x73, 0x65, 0x76, 0x65, 0x72, 0x61, 0x6c, 0x20,
  0x6f, 0x74, 0x68, 0x65, 0x72, 0x20, 0x68, 0x65, 0x61, 0x6c, 0x69, 0x6e,
  0x67, 0x20, 0x73, 0x6b, 0x69, 0x6c, 0x6c, 0x73, 0x20, 0x61, 0x6e, 0x64,
  0x53, 0x74, 0x75, 0x6e, 0x20, 0x42, 0x72, 0x65, 0x61, 0x6b, 0x73, 0x62,
  0x79, 0x20, 0x73, 0x77, 0x61, 0x70, 0x70, 0x69, 0x6e, 0x67, 0x20, 0x62,
  0x65, 0x74, 0x77, 0x65, 0x65, 0x6e, 0x20, 0x65, 0x61, 0x63, 0x68, 0x20,
  0x66, 0x61, 0x63, 0x74, 0x69, 0x6f, 0x6e, 0x20, 0x77, 0x69, 0x74, 0x68,
  0x2e, 0x22, 0x0a, 0x20, 0x20, 0x20, 0x20, 0x20, 0x20, 0x20, 0x20, 0x20,
  0x20, 0x7d, 0x0a, 0x20, 0x20, 0x20, 0x20, 0x20, 0x20, 0x20, 0x20, 0x5d,
  0x0a, 0x20, 0x20, 0x20, 0x20, 0x20, 0x20, 0x7d, 0x2c, 0x0a, 0x20, 0x20,
  0x20, 0x20, 0x20, 0x20, 0x7b, 0x0a, 0x20, 0x20, 0x20, 0x20, 0x20, 0x20,
  0x20, 0x20, 0x22, 0x74, 0x69, 0x74, 0x6c, 0x65, 0x22, 0x3a, 0x20, 0x22,
  0x43, 0x72, 0x6f, 0x77, 0x64, 0x20, 0x43, 0x6f, 0x6e, 0x74, 0x72, 0x6f,
  0x6c, 0x22, 0x2c, 0x0a, 0x20, 0x20, 0x20, 0x20, 0x20, 0x20, 0x20, 0x20,
  0x22, 0x69, 0x74, 0x65, 0x6d, 0x73, 0x22, 0x3a, 0x20, 0x5b, 0x5d, 0x0a,
  0x20, 0x20, 0x20, 0x20, 0x20, 0x20, 0x7d, 0x0a, 0x20, 0x20, 0x20, 0x20,
  0x5d, 0x0a, 0x20, 0x20, 0x7d, 0x2c, 0x0a, 0x20, 0x20, 0x22, 0x77, 0x61,
  0x72, 0x72, 0x69, 0x6f, 0x72, 0x2d, 0x70, 0x6f, 0x77, 0x65, 0x72, 0x2d,
  0x73, 0x70, 0x65, 0x6c, 0x6c, 0x62, 0x72, 0x65, 0x61, 0x6b, 0x65, 0x72,
  0x22, 0x3a, 0x20, 0x7b, 0x0a, 0x20, 0x20, 0x20, 0x20, 0x22, 0x73, 0x65,
  0x63, 0x74, 0x69, 0x6f, 0x6e, 0x73, 0x22, 0x3a, 0x20, 0x5b, 0x0a, 0x20,
  0x20, 0x20, 0x20, 0x20, 0x20, 0x7b, 0x0a, 0x20, 0x20, 0x20, 0x20, 0x20,
  0x20, 0x20, 0x20, 0x22, 0x74, 0x69, 0x74, 0x6c, 0x65, 0x22, 0x3a, 0x20,
  0x22, 0x4b, 0x65, 0x79, 0x20, 0x43, 0x6f, 0x6e, 0x63, 0x65, 0x70, 0x74,
  0x73, 0x22, 0x2c, 0x0a, 0x20, 0x20, 0x20, 0x20, 0x20, 0x20, 0x20, 0x20,
  0x22, 0x69, 0x74, 0x65, 0x6d, 0x73, 0x22, 0x3a, 0x20, 0x5b, 0x0a, 0x20,
  0x20, 0x20, 0x20, 0x20, 0x20, 0x20, 0x20, 0x20, 0x20, 0x7b, 0x0a, 0x20,
  0x20, 0x20, 0x20, 0x20, 0x20, 0x20, 0x20, 0x20, 0x20, 0x20, 0x20, 0x22,
  0x74, 0x65, 0x78, 0x74, 0x22, 0x3a, 0x20, 0x22, 0x54, 0x68, 0x69, 0x73,
  0x20, 0x62, 0x75, 0x69, 0x6c, 0x64, 0x20, 0x72, 0x65, 0x6c, 0x69, 0x65,
  0x73, 0x20, 0x6f, 0x6e, 0x20, 0x73, 0x74, 0x61, 0x63, 0x6b, 0x69, 0x6e,
  0x67, 0x44, 0x61, 0x6d, 0x61, 0x67, 0x65, 0x62, 0x75, 0x66, 0x66, 0x73,
  0x20, 0x66, 0x72, 0x6f, 0x6d, 0x20, 0x73, 0x65, 0x76, 0x65, 0x72, 0x61,
  0x6c, 0x20, 0x73, 0x6f, 0x75, 0x72, 0x63, 0x65, 0x73, 0x3a, 0x22, 0x0a,
  0x20, 0x20, 0x20, 0x20, 0x20, 0x20, 0x20, 0x20, 0x20, 0x20, 0x7d, 0x2c,
  0x0a, 0x20, 0x20, 0x20, 0x20, 0x20, 0x20, 0x20, 0x20, 0x20, 0x20, 0x7b,
  0x0a, 0x20, 0x20, 0x20, 0x20, 0x20, 0x20, 0x20, 0x20, 0x20, 0x20, 0x20,
  0x20, 0x22, 0x74, 0x65, 0x78, 0x74, 0x22, 0x3a, 0x20, 0x22, 0x61, 0x70,
  0x70, 0x6c, 0x69, 0x65, 0x64, 0x20, 0x62, 0x79, 0x42, 0x75, 0x72, 0x73,
  0x74, 0x20, 0x73, 0x6b, 0x69, 0x6c, 0x6c, 0x73, 0x22, 0x0a, 0x20, 0x20,
  0x20, 0x20, 0x20, 0x20, 0x20, 0x20, 0x20, 0x20, 0x7d, 0x2c, 0x0a, 0x20,
  0x20, 0x20, 0x20, 0x20, 0x20, 0x20, 0x20, 0x20, 0x20, 0x7b, 0x0a, 0x20,
  0x20, 0x20, 0x20, 0x20, 0x20, 0x20, 0x20, 0x20, 0x20, 0x20, 0x20, 0x22,
  0x74, 0x65, 0x78, 0x74, 0x22, 0x3a, 0x20, 0x22, 0x61, 0x70, 0x70, 0x6c,
  0x69, 0x65, 0x64, 0x20, 0x62, 0x79, 0x20, 0x53, 0x69, 0x67, 0x6e, 0x65,
  0x74, 0x73, 0x22, 0x0a, 0x20, 0x20, 0x20, 0x20, 0x20, 0x20, 0x20, 0x20,
  0x20, 0x20, 0x7d, 0x2c, 0x0a, 0x20, 0x20, 0x20, 0x20, 0x20, 0x20, 0x20,
  0x20, 0x20, 0x20, 0x7b, 0x0a, 0x20, 0x20, 0x20, 0x20, 0x20, 0x20, 0x20,
  0x20, 0x20, 0x20, 0x20, 0x20, 0x22, 0x74, 0x65, 0x78, 0x74, 0x22, 0x3a,
  0x20, 0x22, 0x61, 0x70, 0x70, 0x6c, 0x69, 0x65, 0x64, 0x20, 0x62, 0x79,
  0x44, 0x65, 0x66, 0x69, 0x61, 0x6e, 0x63, 0x65, 0x20, 0x42, 0x72, 0x65,
  0x61, 0x6b, 0x73, 0x6b, 0x69, 0x6c, 0x6c, 0x73, 0x22, 0x0a, 0x20, 0x20,
  0x20, 0x20, 0x20, 0x20, 0x20, 0x20, 0x20, 0x20, 0x7d, 0x2c, 0x0a, 0x20,
  0x20, 0x20, 0x20, 0x20, 0x20, 0x20, 0x20, 0x20, 0x20, 0x7b, 0x0a, 0x20,
  0x20, 0x20, 0x20, 0x20, 0x20, 0x20, 0x20, 0x20, 0x20, 0x20, 0x20, 0x22,
  0x74, 0x65, 0x78, 0x74, 0x22, 0x3a, 0x20, 0x22, 0x49, 0x74, 0x20, 0x74,
  0x68, 0x65, 0x6e, 0x20, 0x74, 0x61, 0x6b, 0x65, 0x73, 0x20, 0x61, 0x64,
  0x76, 0x61, 0x6e, 0x74, 0x61, 0x67, 0x65, 0x20, 0x6f, 0x66, 0x20, 0x74,
  0x68, 0x65, 0x73, 0x65, 0x20, 0x62, 0x75, 0x66, 0x66, 0x73, 0x20, 0x74,
  0x68, 0x72, 0x6f, 0x75, 0x67, 0x68, 0x20, 0x77, 0x65, 0x61, 0x70, 0x6f,
  0x6e, 0x20, 0x73, 0x6b, 0x69, 0x6c, 0x6c, 0x73, 0x20, 0x61, 0x6e, 0x64,
  0x41, 0x75, 0x74, 0x6f, 0x20, 0x41, 0x74, 0x74, 0x61, 0x63, 0x6b, 0x20,
  0x43, 0x68, 0x61, 0x69, 0x6e, 0x73, 0x2e, 0x20, 0x59, 0x6f, 0x75, 0x72,
  0x41, 0x75, 0x74, 0x6f, 0x20, 0x41, 0x74, 0x74, 0x61, 0x63, 0x6b, 0x73,
  0x61, 0x72, 0x65, 0x20, 0x75, 0x6c, 0x74, 0x72, 0x61, 0x2d, 0x66, 0x61,
  0x73, 0x74, 0x20, 0x74, 0x68, 0x61, 0x6e, 0x6b, 0x73, 0x20, 0x74, 0x6f,
  0x2e, 0x22, 0x0a, 0x20, 0x20, 0x20, 0x20, 0x20, 0x20, 0x20, 0x20, 0x20,
  0x20, 0x7d, 0x0a, 0x20, 0x20, 0x20, 0x20, 0x20, 0x20, 0x20, 0x20, 0x5d,
  0x0a, 0x20, 0x20, 0x20, 0x20, 0x20, 0x20, 0x7d, 0x2c, 0x0a, 0x20, 0x20,
  0x20, 0x20, 0x20, 0x20, 0x7b, 0x0a, 0x20, 0x20, 0x20, 0x20, 0x20, 0x20,
  0x20, 0x20, 0x22, 0x74, 0x69, 0x74, 0x6c, 0x65, 0x22, 0x3a, 0x20, 0x22,
  0x53, 0x74, 0x65, 0x70, 0x20, 0x4f, 0x6e, 0x65, 0x22, 0x2c, 0x0a, 0x20,
  0x20, 0x20, 0x20, 0x20, 0x20, 0x20, 0x20, 0x22, 0x69, 0x74, 0x65, 0x6d,
  0x73, 0x22, 0x3a, 0x20, 0x5b, 0x0a, 0x20, 0x20, 0x20, 0x20, 0x20, 0x20,
  0x20, 0x20, 0x20, 0x20, 0x7b, 0x0a, 0x20, 0x20, 0x20, 0x20, 0x20, 0x20,
  0x20, 0x20, 0x20, 0x20, 0x20, 0x20, 0x22, 0x74, 0x65, 0x78, 0x74, 0x22,
  0x3a, 0x20, 0x22, 0x53, 0x74, 0x61, 0x72, 0x74, 0x20, 0x62, 0x79, 0x20,
  0x75, 0x73, 0x69, 0x6e, 0x67, 0x20, 0x61, 0x6c, 0x6c, 0x20, 0x79, 0x6f,
  0x75, 0x72, 0x20, 0x73, 0x69, 0x67, 0x6e, 0x65, 0x74, 0x20, 0x73, 0x6b,
  0x69, 0x6c, 0x6c, 0x73, 0x3a, 0x22, 0x0a, 0x20, 0x20, 0x20, 0x20, 0x20,
  0x20, 0x20, 0x20, 0x20, 0x20, 0x7d, 0x2c, 0x0a, 0x20, 0x20, 0x20, 0x20,
  0x20, 0x20, 0x20, 0x20, 0x20, 0x20, 0x7b, 0x0a, 0x20, 0x20, 0x20, 0x20,
  0x20, 0x20, 0x20, 0x20, 0x20, 0x20, 0x20, 0x20, 0x22, 0x74, 0x65, 0x78,
  0x74, 0x22, 0x3a, 0x20, 0x22, 0x54, 0x68, 0x65, 0x73, 0x65, 0x20, 0x61,
  0x72, 0x65, 0x20, 0x70, 0x72, 0x65, 0x6c, 0x69, 0x6d, 0x69, 0x6e, 0x61,
  0x72, 0x79, 0x20, 0x74, 0x6f, 0x20, 0x74, 0x68, 0x65, 0x20, 0x72, 0x65,
  0x73, 0x74, 0x20, 0x6f, 0x66, 0x20, 0x74, 0x68, 0x65, 0x20, 0x72, 0x6f,
  0x74, 0x61, 0x74, 0x69, 0x6f, 0x6e, 0x2e, 0x20, 0x59, 0x6f, 0x75, 0x20,
  0x63, 0x61, 0x6e, 0x20, 0x74, 0x61, 0x6b, 0x65, 0x20, 0x79, 0x6f, 0x75,
  0x72, 0x20, 0x74, 0x69, 0x6d, 0x65, 0x20, 0x61, 0x63, 0x74, 0x69, 0x76,
  0x61, 0x74, 0x69, 0x6e, 0x67, 0x20, 0x65, 0x61, 0x63, 0x68, 0x20, 0x6f,
  0x6e, 0x65, 0x2c, 0x20, 0x61, 0x73, 0x20, 0x74, 0x68, 0x65, 0x20, 0x62,
  0x75, 0x66, 0x66, 0x20, 0x66, 0x72, 0x6f, 0x6d, 0x6c, 0x61, 0x73, 0x74,
  0x73, 0x20, 0x71, 0x75, 0x69, 0x74, 0x65, 0x20, 0x61, 0x20, 0x6c, 0x6f,
  0x6e, 0x67, 0x20, 0x74, 0x69, 0x6d, 0x65, 0x2e, 0x22, 0x0a, 0x20, 0x20,
  0x20, 0x20, 0x20, 0x20, 0x20, 0x20, 0x20, 0x20, 0x7d, 0x2c, 0x0a, 0x20,
  0x20, 0x20, 0x20, 0x20, 0x20, 0x20, 0x20, 0x20, 0x20, 0x7b, 0x0a, 0x20,
  0x20, 0x20, 0x20, 0x20, 0x20, 0x20, 0x20, 0x20, 0x20, 0x20, 0x20, 0x22,
  0x74, 0x65, 0x78, 0x74, 0x22, 0x3a, 0x20, 0x22, 0x53, 0x74, 0x61, 0x72,
  0x74, 0x20, 0x63, 0x6f, 0x6d, 0x62, 0x61, 0x74, 0x20, 0x77, 0x69, 0x74,
  0x68, 0x61, 0x6e, 0x64, 0x20, 0x66, 0x6f, 0x6c, 0x6c, 0x6f, 0x77, 0x20,
  0x75, 0x70, 0x20, 0x77, 0x69, 0x74, 0x68, 0x41, 0x75, 0x74, 0x6f, 0x20,
  0x41, 0x74, 0x74, 0x61, 0x63, 0x6b, 0x73, 0x2e, 0x22, 0x0a, 0x20, 0x20,
  0x20, 0x20, 0x20, 0x20, 0x20, 0x20, 0x20, 0x20, 0x7d, 0x2c, 0x0a, 0x20,
  0x20, 0x20, 0x20, 0x20, 0x20, 0x20, 0x20, 0x20, 0x20, 0x7b, 0x0a, 0x20,
  0x20, 0x20, 0x20, 0x20, 0x20, 0x20, 0x20, 0x20, 0x20, 0x20, 0x20, 0x22,
  0x74, 0x65, 0x78, 0x74, 0x22, 0x3a, 0x20, 0x22, 0x55, 0x73, 0x65, 0x61,
  0x67, 0x61, 0x69, 0x6e, 0x20, 0x61, 0x66, 0x74, 0x65, 0x72, 0x20, 0x74,
  0x68, 0x65, 0x43, 0x6f, 0x6f, 0x6c, 0x64, 0x6f, 0x77, 0x6e, 0x69, 0x73,
  0x20, 0x68, 0x61, 0x6c, 0x66, 0x77, 0x61, 0x79, 0x20, 0x64, 0x6f, 0x6e,
  0x65, 0x2c, 0x20, 0x6f, 0x72, 0x20, 0x61, 0x73, 0x20, 0x73, 0x6f, 0x6f,
  0x6e, 0x20, 0x61, 0x73, 0x20, 0x79, 0x6f, 0x75, 0x20, 0x68, 0x61, 0x76,
  0x65, 0x20, 0x61, 0x20, 0x6e, 0x65, 0x77, 0x43, 0x68, 0x61, 0x72, 0x67,
  0x65, 0x69, 0x66, 0x20, 0x79, 0x6f, 0x75, 0x20, 0x72, 0x75, 0x6e, 0x20,
  0x6f, 0x75, 0x74, 0x2e, 0x22, 0x0a, 0x20, 0x20, 0x20, 0x20, 0x20, 0x20,
  0x20, 0x20, 0x20, 0x20, 0x7d, 0x0a, 0x20, 0x20, 0x20, 0x20, 0x20, 0x20,
  0x20, 0x20, 0x5d, 0x0a, 0x20, 0x20, 0x20, 0x20, 0x20, 0x20, 0x7d, 0x2c,
  0x0a, 0x20, 0x20, 0x20, 0x20, 0x20, 0x20, 0x7b, 0x0a, 0x20, 0x20, 0x20,
  0x20, 0x20, 0x20, 0x20, 0x20, 0x22, 0x74, 0x69, 0x74, 0x6c, 0x65, 0x22,
  0x3a, 0x20, 0x22, 0x53, 0x74, 0x65, 0x70, 0x20, 0x54, 0x77, 0x6f, 0x22,
  0x2c, 0x0a, 0x20, 0x20, 0x20, 0x20, 0x20, 0x20, 0x20, 0x20, 0x22, 0x69,
  0x74, 0x65, 0x6d, 0x73, 0x22, 0x3a, 0x20, 0x5b, 0x0a, 0x20, 0x20, 0x20,
  0x20, 0x20, 0x20, 0x20, 0x20, 0x20, 0x20, 0x7b, 0x0a, 0x20, 0x20, 0x20,
  0x20, 0x20, 0x20, 0x20, 0x20, 0x20, 0x20, 0x20, 0x20, 0x22, 0x74, 0x65,
  0x78, 0x74, 0x22, 0x3a, 0x20, 0x22, 0x41, 0x63, 0x74, 0x69, 0x76, 0x61,
  0x74, 0x65, 0x77, 0x68, 0x65, 0x6e, 0x65, 0x76, 0x65, 0x72, 0x20, 0x61,
  0x76, 0x61, 0x69, 0x6c, 0x61, 0x62, 0x6c, 0x65, 0x20, 0x74, 0x6f, 0x20,
  0x72, 0x65, 0x66, 0x72, 0x65, 0x73, 0x68, 0x20, 0x79, 0x6f, 0x75, 0x72,
  0x62, 0x75, 0x66, 0x66, 0x2e, 0x22, 0x0a, 0x20, 0x20, 0x20, 0x20, 0x20,
  0x20, 0x20, 0x20, 0x20, 0x20, 0x7d, 0x2c, 0x0a, 0x20, 0x20, 0x20, 0x20,
  0x20, 0x20, 0x20, 0x20, 0x20, 0x20, 0x7b, 0x0a, 0x20, 0x20, 0x20, 0x20,
  0x20, 0x20, 0x20, 0x20, 0x20, 0x20, 0x20, 0x20, 0x22, 0x74, 0x65, 0x78,
  0x74, 0x22, 0x3a, 0x20, 0x22, 0x46, 0x6f, 0x72, 0x20, 0x74, 0x68, 0x69,
  0x73, 0x20, 0x73, 0x74, 0x65, 0x70, 0x20, 0x79, 0x6f, 0x75, 0x20, 0x73,
  0x68, 0x6f, 0x75, 0x6c, 0x64, 0x20, 0x61, 0x64, 0x64, 0x20, 0x69, 0x6e,
  0x20, 0x74, 0x68, 0x65, 0x20, 0x66, 0x6f, 0x6c, 0x6c, 0x6f, 0x77, 0x69,
  0x6e, 0x67, 0x20, 0x73, 0x6b, 0x69, 0x6c, 0x6c, 0x73, 0x3a, 0x22, 0x0a,
  0x20, 0x20, 0x20, 0x20, 0x20, 0x20, 0x20, 0x20, 0x20, 0x20, 0x7d, 0x2c,
  0x0a, 0x20, 0x20, 0x20, 0x20, 0x20, 0x20, 0x20, 0x20, 0x20, 0x20, 0x7b,
  0x0a, 0x20, 0x20, 0x20, 0x20, 0x20, 0x20, 0x20, 0x20, 0x20, 0x20, 0x20,
  0x20, 0x22, 0x74, 0x65, 0x78, 0x74, 0x22, 0x3a, 0x20, 0x22, 0x61, 0x64,
  0x64, 0x73, 0x20, 0x61, 0x20, 0x73, 0x74, 0x61, 0x63, 0x6b, 0x20, 0x6f,
  0x66, 0x2c, 0x20, 0x62, 0x75, 0x74, 0x20, 0x69, 0x73, 0x20, 0x61, 0x20,
  0x70, 0x72, 0x69, 0x6f, 0x72, 0x69, 0x74, 0x79, 0x20, 0x73, 0x6b, 0x69,
  0x6c, 0x6c, 0x2e, 0x20, 0x42, 0x65, 0x77, 0x61, 0x72, 0x65, 0x20, 0x6e,
  0x6f, 0x74, 0x20, 0x74, 0x6f, 0x20, 0x69, 0x6e, 0x74, 0x65, 0x72, 0x72,
  0x75, 0x70, 0x74, 0x20, 0x6f, 0x74, 0x68, 0x65, 0x72, 0x20, 0x73, 0x6b,
  0x69, 0x6c, 0x6c, 0x20, 0x63, 0x61, 0x73, 0x74, 0x73, 0x20, 0x77, 0x69,
  0x74, 0x68, 0x20, 0x69, 0x74, 0x2e, 0x22, 0x0a, 0x20, 0x20, 0x20, 0x20,
  0x20, 0x20, 0x20, 0x20, 0x20, 0x20, 0x7d, 0x2c, 0x0a, 0x20, 0x20, 0x20,
  0x20, 0x20, 0x20, 0x20, 0x20, 0x20, 0x20, 0x7b, 0x0a, 0x20, 0x20, 0x20,
  0x20, 0x20, 0x20, 0x20, 0x20, 0x20, 0x20, 0x20, 0x20, 0x22, 0x74, 0x65,
  0x78, 0x74, 0x22, 0x3a, 0x20, 0x22, 0x67, 0x72, 0x61, 0x6e, 0x74, 0x73,
  0x61, 0x6e, 0x64, 0x20, 0x61, 0x70, 0x70, 0x6c, 0x69, 0x65, 0x73, 0x74,
  0x6f, 0x20, 0x79, 0x6f, 0x75, 0x72, 0x20, 0x74, 0x61, 0x72, 0x67, 0x65,
  0x74, 0x2e, 0x20, 0x54, 0x68, 0x69, 0x73, 0x20, 0x69, 0x73, 0x20, 0x61,
  0x20, 0x73, 0x75, 0x62, 0x73, 0x74, 0x61, 0x6e, 0x74, 0x69, 0x61, 0x6c,
  0x44, 0x61, 0x6d, 0x61, 0x67, 0x65, 0x62, 0x75, 0x66, 0x66, 0x2c, 0x20,
  0x73, 0x6f, 0x20, 0x69, 0x74, 0x20, 0x69, 0x73, 0x20, 0x6f, 0x6e, 0x65,
  0x20, 0x6f, 0x66, 0x20, 0x79, 0x6f, 0x75, 0x72, 0x20, 0x6d, 0x6f, 0x73,
  0x74, 0x20, 0x69, 0x6d, 0x70, 0x6f, 0x72, 0x74, 0x61, 0x6e, 0x74, 0x20,
  0x73, 0x6b, 0x69, 0x6c, 0x6c, 0x73, 0x2e, 0x22, 0x0a, 0x20, 0x20, 0x20,
  0x20, 0x20, 0x20, 0x20, 0x20, 0x20, 0x20, 0x7d, 0x2c, 0x0a, 0x20, 0x20,
  0x20, 0x20, 0x20, 0x20, 0x20, 0x20, 0x20, 0x20, 0x7b, 0x0a, 0x20, 0x20,
  0x20, 0x20, 0x20, 0x20, 0x20, 0x20, 0x20, 0x20, 0x20, 0x20, 0x22, 0x74,
  0x65, 0x78, 0x74, 0x22, 0x3a, 0x20, 0x22, 0x42, 0x65, 0x20, 0x73, 0x75,
  0x72, 0x65, 0x20, 0x74, 0x6f, 0x20, 0x75, 0x73, 0x65, 0x20, 0x74, 0x68,
  0x65, 0x73, 0x65, 0x20, 0x73, 0x6b, 0x69, 0x6c, 0x6c, 0x73, 0x20, 0x61,
  0x73, 0x20, 0x6f, 0x66, 0x74, 0x65, 0x6e, 0x20, 0x61, 0x73, 0x20, 0x70,
  0x6f, 0x73, 0x73, 0x69, 0x62, 0x6c, 0x65, 0x2c, 0x20, 0x61, 0x6e, 0x64,
  0x20, 0x63, 0x6f, 0x6e, 0x74, 0x69, 0x6e, 0x75, 0x65, 0x20, 0x77, 0x69,
  0x74, 0x68, 0x61, 0x6e, 0x64, 0x41, 0x75, 0x74, 0x6f, 0x20, 0x41, 0x74,
  0x74, 0x61, 0x63, 0x6b, 0x73, 0x69, 0x6e, 0x20, 0x62, 0x65, 0x74, 0x77,
  0x65, 0x65, 0x6e, 0x2e, 0x22, 0x0a, 0x20, 0x20, 0x20, 0x20, 0x20, 0x20,
  0x20, 0x20, 0x20, 0x20, 0x7d, 0x0a, 0x20, 0x20, 0x20, 0x20, 0x20, 0x20,
  0x20, 0x20, 0x5d, 0x0a, 0x20, 0x20, 0x20, 0x20, 0x20, 0x20, 0x7d, 0x2c,
  0x0a, 0x20, 0x20, 0x20, 0x20, 0x20, 0x20, 0x7b, 0x0a, 0x20, 0x20, 0x20,
  0x20, 0x20, 0x20, 0x20, 0x20, 0x22, 0x74, 0x69, 0x74, 0x6c, 0x65, 0x22,
  0x3a, 0x20, 0x22, 0x53, 0x74, 0x65, 0x70, 0x20, 0x54, 0x68, 0x72, 0x65,
  0x65, 0x22, 0x2c, 0x0a, 0x20, 0x20, 0x20, 0x20, 0x20, 0x20, 0x20, 0x20,
  0x22, 0x69, 0x74, 0x65, 0x6d, 0x73, 0x22, 0x3a, 0x20, 0x5b, 0x0a, 0x20,
  0x20, 0x20, 0x20, 0x20, 0x20, 0x20, 0x20, 0x20, 0x20, 0x7b, 0x0a, 0x20,
  0x20, 0x20, 0x20, 0x20, 0x20, 0x20, 0x20, 0x20, 0x20, 0x20, 0x20, 0x22,
  0x74, 0x65, 0x78, 0x74, 0x22, 0x3a, 0x20, 0x22, 0x4e, 0x6f, 0x77, 0x20,
  0x77, 0x65, 0x27, 0x6c, 0x6c, 0x20, 0x61, 0x64, 0x64, 0x20, 0x69, 0x6e,
  0x20, 0x61, 0x20, 0x73, 0x6b, 0x69, 0x6c, 0x6c, 0x20, 0x63, 0x6f, 0x6d,
  0x62, 0x6f, 0x3a, 0x22, 0x0a, 0x20, 0x20, 0x20, 0x20, 0x20, 0x20, 0x20,
  0x20, 0x20, 0x20, 0x7d, 0x2c, 0x0a, 0x20, 0x20, 0x20, 0x20, 0x20, 0x20,
  0x20, 0x20, 0x20, 0x20, 0x7b, 0x0a, 0x20, 0x20, 0x20, 0x20, 0x20, 0x20,
  0x20, 0x20, 0x20, 0x20, 0x20, 0x20, 0x22, 0x74, 0x65, 0x78, 0x74, 0x22,
  0x3a, 0x20, 0x22, 0x59, 0x6f, 0x75, 0x20, 0x63, 0x61, 0x6e, 0x20, 0x66,
  0x6f, 0x6c, 0x6c, 0x6f, 0x77, 0x20, 0x74, 0x68, 0x69, 0x73, 0x20, 0x75,
  0x70, 0x20, 0x77, 0x69, 0x74, 0x68, 0x20, 0x61, 0x66, 0x6f, 0x72, 0x65,
  0x6d, 0x65, 0x6e, 0x74, 0x69, 0x6f, 0x6e, 0x65, 0x64, 0x20, 0x77, 0x65,
  0x61, 0x70, 0x6f, 0x6e, 0x20, 0x73, 0x6b, 0x69, 0x6c, 0x6c, 0x73, 0x20,
  0x74, 0x6f, 0x20, 0x74, 0x61, 0x6b, 0x65, 0x20, 0x61, 0x64, 0x76, 0x61,
  0x6e, 0x74, 0x61, 0x67, 0x65, 0x20, 0x6f, 0x66, 0x20, 0x74, 0x68, 0x65,
  0x20, 0x65, 0x78, 0x74, 0x72, 0x61, 0x20, 0x64, 0x61, 0x6d, 0x61, 0x67,
  0x65, 0x20, 0x62, 0x75, 0x66, 0x66, 0x73, 0x20, 0x66, 0x72, 0x6f, 0x6d,
  0x20, 0x74, 0x68, 0x69, 0x73, 0x20, 0x63, 0x6f, 0x6d, 0x62, 0x6f, 0x2e,
  0x22, 0x0a, 0x20, 0x20, 0x20, 0x20, 0x20, 0x20, 0x20, 0x20, 0x20, 0x20,
  0x7d, 0x2c, 0x0a, 0x20, 0x20, 0x20, 0x20, 0x20, 0x20, 0x20, 0x20, 0x20,
  0x20, 0x7b, 0x0a, 0x20, 0x20, 0x20, 0x20, 0x20, 0x20, 0x20, 0x20, 0x20,
  0x20, 0x20, 0x20, 0x22, 0x74, 0x65, 0x78, 0x74, 0x22, 0x3a, 0x20, 0x22,
  0x41, 0x73, 0x20, 0x74, 0x68, 0x65, 0x43, 0x6f, 0x6f, 0x6c, 0x64, 0x6f,
  0x77, 0x6e, 0x73, 0x61, 0x72, 0x65, 0x20, 0x6f, 0x6e, 0x20, 0x74, 0x68,
  0x65, 0x20, 0x6c, 0x6f, 0x6e, 0x67, 0x65, 0x72, 0x20, 0x73, 0x69, 0x64,
  0x65, 0x2c, 0x20, 0x79, 0x6f, 0x75, 0x20, 0x64, 0x6f, 0x20, 0x6e, 0x6f,
  0x74, 0x20, 0x6e, 0x65, 0x65, 0x64, 0x20, 0x74, 0x6f, 0x20, 0x77, 0x6f,
  0x72, 0x72, 0x79, 0x20, 0x61, 0x62, 0x6f, 0x75, 0x74, 0x20, 0x63, 0x61,
  0x73, 0x74, 0x69, 0x6e, 0x67, 0x20, 0x74, 0x68, 0x65, 0x73, 0x65, 0x20,
  0x73, 0x6b, 0x69, 0x6c, 0x6c, 0x73, 0x20, 0x6f, 0x75, 0x74, 0x73, 0x69,
  0x64, 0x65, 0x20, 0x6f, 0x66, 0x20, 0x74, 0x68, 0x69, 0x73, 0x20, 0x63,
  0x6f, 0x6d, 0x62, 0x6f, 0x2e, 0x22, 0x0a, 0x20, 0x20, 0x20, 0x20, 0x20,
  0x20, 0x20, 0x20, 0x20, 0x20, 0x7d, 0x0a, 0x20, 0x20, 0x20, 0x20, 0x20,
  0x20, 0x20, 0x20, 0x5d, 0x0a, 0x20, 0x20, 0x20, 0x20, 0x20, 0x20, 0x7d,
  0x2c, 0x0a, 0x20, 0x20, 0x20, 0x20, 0x20, 0x20, 0x7b, 0x0a, 0x20, 0x20,
  0x20, 0x20, 0x20, 0x20, 0x20, 0x20, 0x22, 0x74, 0x69, 0x74, 0x6c, 0x65,
  0x22, 0x3a, 0x20, 0x22, 0x43, 0x72, 0x6f, 0x77, 0x64, 0x20, 0x43, 0x6f,
  0x6e, 0x74, 0x72, 0x6f, 0x6c, 0x22, 0x2c, 0x0a, 0x20, 0x20, 0x20, 0x20,
  0x20, 0x20, 0x20, 0x20, 0x22, 0x69, 0x74, 0x65, 0x6d, 0x73, 0x22, 0x3a,
  0x20, 0x5b, 0x5d, 0x0a, 0x20, 0x20, 0x20, 0x20, 0x20, 0x20, 0x7d, 0x0a,
  0x20, 0x20, 0x20, 0x20, 0x5d, 0x0a, 0x20, 0x20, 0x7d, 0x0a, 0x7d
};
static const size_t sc_rotations_accessibility_json_len = 57107;

